878877;interface/petbattles/petbattlehudatlas.blp
904010;interface/questframe/questmaplogatlas.blp
921230;interface/talentframe/talentframeatlas.blp
922034;interface/common/bluemenuring.blp
922035;interface/common/favoritesicon.blp
922036;interface/buttons/listbuttons.blp
922037;interface/petbattles/mountjournalicons.blp
922389;interface/petbattles/petjournalbigchunks.blp
922390;interface/petbattles/petjournalbits.blp
929716;interface/glues/charactercreate/newcharacternotification.blp
939604;interface/garrison/garrisonbuildingui.blp
939605;interface/garrison/garrisonbuildings1a.blp
939606;interface/garrison/garrisonmapshadowmoon1a.blp
939607;interface/garrison/garrisonmapshadowmoonplots.blp
939608;interface/garrison/garrisonuiatlas.blp
939609;interface/garrison/garrisonuiatlas2.blp
939610;interface/garrison/garrisonuibackground.blp
939611;interface/garrison/garrisonuibackground2.blp
939612;interface/garrison/garrisonmapshadowmoon2a.blp
939613;interface/garrison/garrisonmapshadowmoon3a.blp
940508;interface/garrison/garrbuildingarmory1ainfo.blp
940509;interface/garrison/garrbuildingarmory2ainfo.blp
940510;interface/garrison/garrbuildingarmory3ainfo.blp
940511;interface/garrison/garrbuildingarmory1amap.blp
940512;interface/garrison/garrbuildingarmory2amap.blp
940513;interface/garrison/garrbuildingarmory3amap.blp
940514;interface/garrison/garrbuildingalchemy1ainfo.blp
940515;interface/garrison/garrbuildingalchemy2ainfo.blp
940516;interface/garrison/garrbuildingalchemy3ainfo.blp
940517;interface/garrison/garrbuildingalchemy1amap.blp
940518;interface/garrison/garrbuildingalchemy2amap.blp
940519;interface/garrison/garrbuildingalchemy3amap.blp
947347;interface/playerframe/druideclipse.blp
952638;interface/garrison/garrisoncurrencyicons.blp
952639;interface/garrison/garrisontoast.blp
952656;interface/garrison/garrisonmissionui1.blp
952657;interface/garrison/garrisonmissionui2.blp
952658;interface/garrison/garrisonmissionuihorizontal.blp
952659;interface/garrison/garrisonmissionuiinfoboxbackgroundtile.blp
952660;interface/garrison/garrisonmissionuivertical.blp
953549;interface/garrison/garrisonmissionparchment.blp
954006;interface/garrison/garrbuildingmagetower1ainfo.blp
954007;interface/garrison/garrbuildingmagetower2ainfo.blp
954008;interface/garrison/garrbuildingmagetower3ainfo.blp
955661;interface/garrison/garrbuildingtownhall1ainfo.blp
955662;interface/garrison/garrbuildingtownhall2ainfo.blp
955663;interface/garrison/garrbuildingtownhall3ainfo.blp
955664;interface/garrison/garrbuildingtownhall3amap.blp
955665;interface/garrison/garrbuildingtownhall2amap.blp
955666;interface/garrison/garrbuildingtownhall1amap.blp
955667;interface/garrison/garrbuildingmagetower1amap.blp
955668;interface/garrison/garrbuildingmagetower2amap.blp
955669;interface/garrison/garrbuildingmagetower3amap.blp
955672;interface/garrison/garrbuildinginn1ainfo.blp
955673;interface/garrison/garrbuildinginn1amap.blp
955674;interface/garrison/garrbuildinginn2ainfo.blp
955675;interface/garrison/garrbuildinginn3ainfo.blp
955676;interface/garrison/garrbuildinginn2amap.blp
955677;interface/garrison/garrbuildinginn3amap.blp
955678;interface/garrison/garrbuildingmine1ainfo.blp
955679;interface/garrison/garrbuildingmine2ainfo.blp
955680;interface/garrison/garrbuildingmine3ainfo.blp
955681;interface/garrison/garrbuildingmine1amap.blp
955682;interface/garrison/garrbuildingmine2amap.blp
955683;interface/garrison/garrbuildingmine3amap.blp
955762;interface/garrison/garrbuildingbarracks1amap.blp
955763;interface/garrison/garrbuildingbarracks2amap.blp
955764;interface/garrison/garrbuildingbarracks3amap.blp
955765;interface/garrison/garrbuildingbarracks1ainfo.blp
955766;interface/garrison/garrbuildingbarracks2ainfo.blp
955767;interface/garrison/garrbuildingbarracks3ainfo.blp
955768;interface/garrison/garrisonmissionlocationtannanjungle.blp
955769;interface/garrison/garrbuildingengineering1ainfo.blp
955770;interface/garrison/garrbuildingengineering2ainfo.blp
955771;interface/garrison/garrbuildingengineering3ainfo.blp
955772;interface/garrison/garrbuildingengineering1amap.blp
955773;interface/garrison/garrbuildingengineering2amap.blp
955774;interface/garrison/garrbuildingengineering3amap.blp
959719;interface/questframe/objectivetracker.blp
962472;interface/playerframe/priestshadowui.blp
962479;interface/tooltips/achievementcompare.blp
969828;interface/containerframe/bags.blp
969834;interface/playerframe/monkuiatlas.blp
973338;interface/tradeskillframe/capacitanceuigeneral.blp
973339;interface/tradeskillframe/capacitanceuiblacksmithing.blp
974985;interface/levelup/minortalents.blp
975752;interface/glues/characterselect/characterundelete.blp
978201;interface/garrison/garrisonmapfrostfire1h.blp
978202;interface/garrison/garrisonmapfrostfire2h.blp
978203;interface/garrison/garrisonmapfrostfire3h.blp
979307;interface/garrison/zoneabilitygeneric.blp
981401;interface/garrison/garrbuildingbarn1ainfo.blp
981418;interface/garrison/garrbuildingbarn2ainfo.blp
981428;interface/garrison/garrbuildingbarn3ainfo.blp
981445;interface/garrison/garrbuildingbarn1amap.blp
981447;interface/garrison/garrbuildingbarn2amap.blp
981471;interface/garrison/garrbuildingbarn3amap.blp
982840;interface/garrison/garrisonlandingpage.blp
982841;interface/garrison/garrisonlandingpagemiddletile.blp
983017;interface/garrison/garrbuildingfarm1ainfo.blp
983018;interface/garrison/garrbuildingfarm2ainfo.blp
983019;interface/garrison/garrbuildingfarm3ainfo.blp
983020;interface/garrison/garrbuildingfarm1amap.blp
983021;interface/garrison/garrbuildingfarm2amap.blp
983022;interface/garrison/garrbuildingfarm3amap.blp
983024;interface/garrison/hordegarrisontier1.blp
983055;interface/garrison/garrbuildinglumbermill1ainfo.blp
983056;interface/garrison/garrbuildinglumbermill2ainfo.blp
983057;interface/garrison/garrbuildinglumbermill3ainfo.blp
983058;interface/garrison/garrbuildinglumbermill1amap.blp
983070;interface/garrison/garrbuildinglumbermill2amap.blp
983071;interface/garrison/garrbuildinglumbermill3amap.blp
983072;interface/garrison/garrbuildingsalvageyard1ainfo.blp
983073;interface/garrison/garrbuildingsalvageyard1amap.blp
983077;interface/garrison/garrbuildingsparringarena1ainfo.blp
983078;interface/garrison/garrbuildingsparringarena2ainfo.blp
983079;interface/garrison/garrbuildingsparringarena3ainfo.blp
983080;interface/garrison/garrbuildingsparringarena1amap.blp
983081;interface/garrison/garrbuildingsparringarena2amap.blp
983082;interface/garrison/garrbuildingsparringarena3amap.blp
983163;interface/garrison/garrbuildingstables1ainfo.blp
983164;interface/garrison/garrbuildingstables2ainfo.blp
983165;interface/garrison/garrbuildingstables3ainfo.blp
983166;interface/garrison/garrbuildingstables1amap.blp
983167;interface/garrison/garrbuildingstables2amap.blp
983168;interface/garrison/garrbuildingstables3amap.blp
983169;interface/garrison/garrbuildingstorehouse1ainfo.blp
983170;interface/garrison/garrbuildingstorehouse1amap.blp
983174;interface/garrison/garrbuildingtradingpost1ainfo.blp
983175;interface/garrison/garrbuildingtradingpost2ainfo.blp
983176;interface/garrison/garrbuildingtradingpost3ainfo.blp
983177;interface/garrison/garrbuildingtradingpost1amap.blp
983178;interface/garrison/garrbuildingtradingpost2amap.blp
983179;interface/garrison/garrbuildingtradingpost3amap.blp
984489;interface/garrison/garrisonmonuments.blp
984826;interface/collections/collections.blp
984835;interface/collections/collectionsbackgroundtile.blp
984952;interface/garrison/garrisonlootfx.blp
985877;interface/lfgframe/groupfinder.blp
986189;interface/calendar/calendar.blp
997675;interface/bankframe/bank.blp
999232;interface/lfgframe/lfg.blp
1000173;interface/garrison/garrisonmissiontypeicons.blp
1000176;interface/garrison/garrisonfollowerclassicons.blp
1001820;interface/garrison/garrisonmapfrostfire4h.blp
1001822;interface/garrison/garrisonmapshadowmoon4a.blp
1003737;interface/garrison/alliancegarrisontier1.blp
1005292;interface/garrison/headhunterui.blp
1005293;interface/lootframe/loottoastatlas.blp
1005297;interface/garrison/garrisonmissionlocationfrostfireridge.blp
1006680;interface/garrison/garrbuildingjewelcrafting1ainfo.blp
1006681;interface/garrison/garrbuildingjewelcrafting2ainfo.blp
1006682;interface/garrison/garrbuildingjewelcrafting3ainfo.blp
1006683;interface/garrison/garrbuildingjewelcrafting1amap.blp
1006684;interface/garrison/garrbuildingjewelcrafting2amap.blp
1006685;interface/garrison/garrbuildingjewelcrafting3amap.blp
1006826;interface/garrison/garrbuildingenchanting1ainfo.blp
1006827;interface/garrison/garrbuildingenchanting2ainfo.blp
1006828;interface/garrison/garrbuildingenchanting3ainfo.blp
1006829;interface/garrison/garrbuildingenchanting1amap.blp
1006830;interface/garrison/garrbuildingenchanting2amap.blp
1006831;interface/garrison/garrbuildingenchanting3amap.blp
1006892;interface/garrison/garrbuildingblacksmith1ainfo.blp
1006893;interface/garrison/garrbuildingblacksmith2ainfo.blp
1006894;interface/garrison/garrbuildingblacksmith3ainfo.blp
1006895;interface/garrison/garrbuildingblacksmith1amap.blp
1006896;interface/garrison/garrbuildingblacksmith2amap.blp
1006897;interface/garrison/garrbuildingblacksmith3amap.blp
1006898;interface/garrison/garrbuildingfishing1ainfo.blp
1006899;interface/garrison/garrbuildingfishing2ainfo.blp
1006900;interface/garrison/garrbuildingfishing3ainfo.blp
1006901;interface/garrison/garrbuildingfishing1amap.blp
1006902;interface/garrison/garrbuildingfishing2amap.blp
1006903;interface/garrison/garrbuildingfishing3amap.blp
1008379;interface/garrison/garrbuildingworkshop1ainfo.blp
1008380;interface/garrison/garrbuildingworkshop2ainfo.blp
1008390;interface/garrison/garrbuildingworkshop3ainfo.blp
1008401;interface/garrison/garrbuildingworkshop1amap.blp
1008438;interface/garrison/garrbuildingworkshop2amap.blp
1008441;interface/garrison/garrbuildingworkshop3amap.blp
1008507;interface/garrison/garrbuildingtailoring1ainfo.blp
1008510;interface/garrison/garrbuildingtailoring2ainfo.blp
1008533;interface/garrison/garrbuildingtailoring3ainfo.blp
1008540;interface/garrison/garrbuildingtailoring1amap.blp
1008541;interface/garrison/garrbuildingtailoring2amap.blp
1008542;interface/garrison/garrbuildingtailoring3amap.blp
1008903;interface/garrison/garrbuildinginscription1ainfo.blp
1008904;interface/garrison/garrbuildinginscription2ainfo.blp
1008905;interface/garrison/garrbuildinginscription3ainfo.blp
1008906;interface/garrison/garrbuildinginscription1amap.blp
1008907;interface/garrison/garrbuildinginscription2amap.blp
1008908;interface/garrison/garrbuildinginscription3amap.blp
1009085;interface/garrison/garrbuildingleatherworking1ainfo.blp
1009088;interface/garrison/garrbuildingleatherworking2ainfo.blp
1009089;interface/garrison/garrbuildingleatherworking3ainfo.blp
1009090;interface/garrison/garrbuildingleatherworking1amap.blp
1009091;interface/garrison/garrbuildingleatherworking2amap.blp
1009100;interface/garrison/garrbuildingleatherworking3amap.blp
1014504;interface/garrison/garrbuildingemptyplotsmainfo.blp
1014508;interface/garrison/garrbuildingemptyplotmdainfo.blp
1014511;interface/garrison/garrbuildingemptyplotlgainfo.blp
1015633;interface/garrison/garrbuildingpetstable1ainfo.blp
1015634;interface/garrison/garrbuildingpetstable1amap.blp
1015750;interface/garrison/garrisonmissionlocationgorgrond.blp
1015751;interface/garrison/garrisonmissionlocationnagrand.blp
1015756;interface/garrison/garrisonmissionlocationtalador.blp
1015758;interface/garrison/garrisonmissionlocationshadowmoonvalley.blp
1015775;interface/garrison/garrisonmissionlocationspiresofarak.blp
1015791;interface/garrison/garrisonmissionlocationunderground.blp
1015889;interface/garrison/garrisonmissionlocationtownhorde.blp
1016194;interface/garrison/garrisonmissionlocationtownalliance.blp
1016661;interface/garrison/garrbuildingtailoring1hinfo.blp
1016662;interface/garrison/garrbuildingtailoring1hmap.blp
1016663;interface/garrison/garrbuildingtailoring2hinfo.blp
1016664;interface/garrison/garrbuildingtailoring3hinfo.blp
1016665;interface/garrison/garrbuildingtailoring2hmap.blp
1016666;interface/garrison/garrbuildingtailoring3hmap.blp
1016667;interface/garrison/garrbuildingleatherworking1hinfo.blp
1016668;interface/garrison/garrbuildingleatherworking2hinfo.blp
1016669;interface/garrison/garrbuildingleatherworking3hinfo.blp
1016670;interface/garrison/garrbuildingleatherworking1hmap.blp
1016671;interface/garrison/garrbuildingleatherworking2hmap.blp
1016672;interface/garrison/garrbuildingleatherworking3hmap.blp
1016997;interface/garrison/garrbuildingjewelcrafting1hinfo.blp
1016998;interface/garrison/garrbuildingjewelcrafting2hinfo.blp
1016999;interface/garrison/garrbuildingjewelcrafting3hinfo.blp
1017000;interface/garrison/garrbuildingjewelcrafting1hmap.blp
1017001;interface/garrison/garrbuildingjewelcrafting2hmap.blp
1017003;interface/garrison/garrbuildingjewelcrafting3hmap.blp
1017437;interface/garrison/garrbuildinginscription1hinfo.blp
1017438;interface/garrison/garrbuildinginscription2hinfo.blp
1017439;interface/garrison/garrbuildinginscription3hinfo.blp
1017440;interface/garrison/garrbuildinginscription1hmap.blp
1017441;interface/garrison/garrbuildinginscription2hmap.blp
1017443;interface/garrison/garrbuildinginscription3hmap.blp
1017452;interface/garrison/garrbuildingengineering1hinfo.blp
1017453;interface/garrison/garrbuildingengineering2hinfo.blp
1017454;interface/garrison/garrbuildingengineering3hinfo.blp
1017455;interface/garrison/garrbuildingengineering1hmap.blp
1017456;interface/garrison/garrbuildingengineering2hmap.blp
1017457;interface/garrison/garrbuildingengineering3hmap.blp
1018853;interface/garrison/garrbuildingenchanting1hinfo.blp
1018856;interface/garrison/garrbuildingenchanting2hinfo.blp
1018857;interface/garrison/garrbuildingenchanting3hinfo.blp
1018858;interface/garrison/garrbuildingenchanting1hmap.blp
1018859;interface/garrison/garrbuildingenchanting2hmap.blp
1018860;interface/garrison/garrbuildingenchanting3hmap.blp
1019055;interface/garrison/garrbuildingblacksmith1hinfo.blp
1019056;interface/garrison/garrbuildingblacksmith2hinfo.blp
1019057;interface/garrison/garrbuildingblacksmith3hinfo.blp
1019058;interface/garrison/garrbuildingblacksmith1hmap.blp
1019059;interface/garrison/garrbuildingblacksmith2hmap.blp
1019060;interface/garrison/garrbuildingblacksmith3hmap.blp
1019124;interface/garrison/garrbuildingalchemy1hinfo.blp
1019125;interface/garrison/garrbuildingalchemy2hinfo.blp
1019126;interface/garrison/garrbuildingalchemy3hinfo.blp
1019127;interface/garrison/garrbuildingalchemy1hmap.blp
1019128;interface/garrison/garrbuildingalchemy2hmap.blp
1019129;interface/garrison/garrbuildingalchemy3hmap.blp
1019132;interface/garrison/garrbuildingbarn1hinfo.blp
1019133;interface/garrison/garrbuildingbarn2hinfo.blp
1019134;interface/garrison/garrbuildingbarn3hinfo.blp
1019135;interface/garrison/garrbuildingbarn1hmap.blp
1019136;interface/garrison/garrbuildingbarn2hmap.blp
1019137;interface/garrison/garrbuildingbarn3hmap.blp
1019144;interface/garrison/garrbuildingfishing1hinfo.blp
1019145;interface/garrison/garrbuildingfishing2hinfo.blp
1019146;interface/garrison/garrbuildingfishing3hinfo.blp
1019147;interface/garrison/garrbuildingfishing1hmap.blp
1019148;interface/garrison/garrbuildingfishing2hmap.blp
1019149;interface/garrison/garrbuildingfishing3hmap.blp
1019150;interface/garrison/garrbuildingfarm1hinfo.blp
1019151;interface/garrison/garrbuildingfarm1hmap.blp
1019152;interface/garrison/garrbuildingemptyplotlghinfo.blp
1019153;interface/garrison/garrbuildingemptyplotmdhinfo.blp
1019154;interface/garrison/garrbuildingemptyplotsmhinfo.blp
1019181;interface/splash/splashboost.blp
1019182;interface/splash/splash601.blp
1019183;interface/splash/splash600.blp
1019184;interface/splash/splash.blp
1019279;interface/garrison/garrbuildinginn1hinfo.blp
1019315;interface/garrison/garrbuildinginn2hinfo.blp
1019316;interface/garrison/garrbuildinginn3hinfo.blp
1019317;interface/garrison/garrbuildinginn1hmap.blp
1019319;interface/garrison/garrbuildinginn2hmap.blp
1019322;interface/garrison/garrbuildinginn3hmap.blp
1019357;interface/garrison/garrbuildingtownhall1hinfo.blp
1019358;interface/garrison/garrbuildingtownhall2hinfo.blp
1019359;interface/garrison/garrbuildingtownhall3hinfo.blp
1019360;interface/garrison/garrbuildingtownhall1hmap.blp
1019361;interface/garrison/garrbuildingtownhall2hmap.blp
1019362;interface/garrison/garrbuildingtownhall3hmap.blp
1019367;interface/garrison/garrbuildingstorehouse1hinfo.blp
1019368;interface/garrison/garrbuildingstorehouse1hmap.blp
1019371;interface/garrison/garrbuildingsalvageyard1hinfo.blp
1019372;interface/garrison/garrbuildingsalvageyard1hmap.blp
1019399;interface/garrison/garrbuildingbarracks1hinfo.blp
1019400;interface/garrison/garrbuildingbarracks2hinfo.blp
1019401;interface/garrison/garrbuildingbarracks3hinfo.blp
1019402;interface/garrison/garrbuildingbarracks1hmap.blp
1019403;interface/garrison/garrbuildingbarracks2hmap.blp
1019405;interface/garrison/garrbuildingbarracks3hmap.blp
1019789;interface/garrison/garrbuildingsparringarena1hinfo.blp
1019790;interface/garrison/garrbuildingsparringarena2hinfo.blp
1019791;interface/garrison/garrbuildingsparringarena3hinfo.blp
1019792;interface/garrison/garrbuildingsparringarena1hmap.blp
1019793;interface/garrison/garrbuildingsparringarena2hmap.blp
1019794;interface/garrison/garrbuildingsparringarena3hmap.blp
1019795;interface/garrison/garrbuildingarmory1hinfo.blp
1019796;interface/garrison/garrbuildingarmory2hinfo.blp
1019797;interface/garrison/garrbuildingarmory3hinfo.blp
1019798;interface/garrison/garrbuildingarmory1hmap.blp
1019799;interface/garrison/garrbuildingarmory2hmap.blp
1019800;interface/garrison/garrbuildingarmory3hmap.blp
1019824;interface/garrison/garrbuildingmagetower1hinfo.blp
1019825;interface/garrison/garrbuildingmagetower2hinfo.blp
1019826;interface/garrison/garrbuildingmagetower3hinfo.blp
1019830;interface/garrison/garrbuildingmagetower1hmap.blp
1019831;interface/garrison/garrbuildingmagetower2hmap.blp
1019832;interface/garrison/garrbuildingmagetower3hmap.blp
1019833;interface/garrison/garrbuildingstables1hinfo.blp
1019834;interface/garrison/garrbuildingstables2hinfo.blp
1019835;interface/garrison/garrbuildingstables3hinfo.blp
1019836;interface/garrison/garrbuildingstables1hmap.blp
1019837;interface/garrison/garrbuildingstables2hmap.blp
1019838;interface/garrison/garrbuildingstables3hmap.blp
1019849;interface/garrison/garrbuildingtradingpost1hinfo.blp
1019850;interface/garrison/garrbuildingtradingpost2hinfo.blp
1019851;interface/garrison/garrbuildingtradingpost3hinfo.blp
1019852;interface/garrison/garrbuildingtradingpost1hmap.blp
1019854;interface/garrison/garrbuildingtradingpost2hmap.blp
1019857;interface/garrison/garrbuildingtradingpost3hmap.blp
1019949;interface/garrison/garrbuildingworkshop1hinfo.blp
1019950;interface/garrison/garrbuildingworkshop2hinfo.blp
1019951;interface/garrison/garrbuildingworkshop3hinfo.blp
1019952;interface/garrison/garrbuildingworkshop1hmap.blp
1019953;interface/garrison/garrbuildingworkshop2hmap.blp
1019954;interface/garrison/garrbuildingworkshop3hmap.blp
1020050;interface/garrison/garrbuildingmine1hinfo.blp
1020052;interface/garrison/garrbuildingmine1hmap.blp
1020056;interface/garrison/garrbuildinglumbermill1hinfo.blp
1020057;interface/garrison/garrbuildinglumbermill2hinfo.blp
1020058;interface/garrison/garrbuildinglumbermill3hinfo.blp
1020061;interface/garrison/garrbuildinglumbermill1hmap.blp
1020062;interface/garrison/garrbuildinglumbermill2hmap.blp
1020063;interface/garrison/garrbuildinglumbermill3hmap.blp
1020065;interface/garrison/garrbuildingpetstable1hinfo.blp
1020066;interface/garrison/garrbuildingpetstable1hmap.blp
1029033;interface/garrison/alliancegarrisontier2.blp
1029035;interface/garrison/alliancegarrisontier3.blp
1030215;interface/glues/common/cinematicbuttonsatlas.blp
1030295;interface/glues/accountupgrade/accountupgradebanners.blp
1030382;interface/guildframe/guildlevelring.blp
1035016;interface/garrison/hordegarrisontier2.blp
1035017;interface/garrison/hordegarrisontier3.blp
1036046;interface/garrison/garrisonmapfrostfireplots.blp
1047875;interface/common/search.blp
1048254;interface/garrison/garrisonmissionlocationlistbgs.blp
1059159;interface/garrison/garrisonmissionlocationblackrockmountain.blp
1061072;interface/challenges/challengemodehud.blp
1061073;interface/scenarios/scenarioparts.blp
1064224;interface/garrison/garrisoncachetoast.blp
1065418;interface/helpframe/newplayerexperienceparts.blp
1068154;interface/minimap/minimapclock.blp
1076034;interface/barbershop/barbershop.blp
1089820;interface/durability/deathrecap.blp
1090721;interface/auctionframe/token.blp
1092194;interface/friendsframe/wowsharetextures.blp
1093410;interface/buttons/bluegoldbutton.blp
1093802;interface/levelup/bossbanner.blp
1094008;interface/framegeneral/generalframeinsetborders.blp
1094009;interface/framegeneral/generalframeinsetbordershorizontal.blp
1098846;interface/common/xpbaranim.blp
1100257;interface/splash/splash610.blp
1102559;interface/optionsframe/colorblindsettings.blp
1111217;interface/questframe/talkingheads.blp
1113812;interface/questframe/bonusobjectives.blp
1114519;interface/artifacts/artifacts.blp
1115847;interface/encounterjournal/adventureguide.blp
1116940;interface/transmogrify/transmogrify.blp
1118639;interface/garrison/garrisonmissionuivertical2.blp
1118640;interface/garrison/garrisonshipmissionparchment.blp
1118641;interface/garrison/garrisonmissionlocationtannansea.blp
1118659;interface/garrison/shipyardnavalmap01.blp
1118660;interface/garrison/shipyardnavalmap02.blp
1118722;interface/garrison/shipsgalleonhmission.blp
1118723;interface/garrison/shipsgalleonhmap.blp
1118732;interface/garrison/garrisonshipmapicons.blp
1118740;interface/garrison/shipstrooptransportmission.blp
1118741;interface/garrison/shipstrooptransportmap.blp
1118742;interface/garrison/shipsenemytrooptransportmission.blp
1118745;interface/garrison/shipsdreadnaughtmission.blp
1118746;interface/garrison/shipsdreadnaughtmap.blp
1118747;interface/garrison/shipsenemydreadnaughtmission.blp
1118749;interface/garrison/shipssubmarinehmission.blp
1118750;interface/garrison/shipssubmarinehmap.blp
1118751;interface/garrison/shipsenemysubmarinehmission.blp
1118764;interface/garrison/shipssubmarineamission.blp
1118765;interface/garrison/shipssubmarineamap.blp
1118766;interface/garrison/shipsenemysubmarineamission.blp
1118783;interface/garrison/shipsenemygalleonhmission.blp
1118816;interface/garrison/shipsgalleonamission.blp
1118818;interface/garrison/shipsgalleonamap.blp
1118820;interface/garrison/shipsenemygalleonamission.blp
1119115;interface/garrison/shipscargoshipmission.blp
1119116;interface/garrison/shipscargoshipmap.blp
1119117;interface/garrison/shipsenemycargoshipmission.blp
1119118;interface/garrison/shipscarriermission.blp
1119119;interface/garrison/shipscarriermap.blp
1119120;interface/garrison/shipsenemycarriermission.blp
1121272;interface/minimap/objecticonsatlas.blp
1127036;interface/artifacts/artifactuidemonhunter.blp
1127060;interface/artifacts/artifactuipaladin.blp
1130222;interface/store/shop.blp
1130861;interface/garrison/shipscarrieramission.blp
1130863;interface/garrison/shipscarrieramap.blp
1130864;interface/garrison/shipscarrierhmap.blp
1130865;interface/garrison/shipscarrierhmission.blp
1131292;interface/garrison/garrisonmissionlocationfrostfiresea.blp
1131293;interface/garrison/garrisonmissionlocationshadowmoonsea.blp
1131314;interface/garrison/garrisonmissionlocationnagrandsea.blp
1133995;interface/artifacts/artifactuimagearcane.blp
1137478;interface/garrison/shipsdreadnaughtamission.blp
1137479;interface/garrison/shipsdreadnaughtamap.blp
1137480;interface/garrison/shipsdreadnaughthmission.blp
1137481;interface/garrison/shipsdreadnaughthmap.blp
1137482;interface/garrison/shipsenemydreadnaughthmission.blp
1137483;interface/garrison/shipsenemydreadnaughtamission.blp
1137510;interface/fontstyles/fontstyleparchment.blp
1137512;interface/fontstyles/fontstylebluegradient.blp
1137513;interface/fontstyles/fontstylegarrisons.blp
1137514;interface/fontstyles/fontstyleironhordemetal.blp
1137515;interface/fontstyles/fontstylelegion.blp
1137516;interface/fontstyles/fontstylemetal.blp
1137606;interface/splash/splash620.blp
1137838;interface/artifacts/artifactuideathknightfrost.blp
1137853;interface/artifacts/artifactuiwarrior.blp
1137867;interface/artifacts/artifactuirogue.blp
1137880;interface/artifacts/artifactuidruid.blp
1146909;interface/store/servicesatlas.blp
1237423;interface/artifacts/artifactshorizontal.blp
1237424;interface/artifacts/artifactsvertical.blp
1237599;interface/playerframe/demonhunterbarhorizontal.blp
1239906;interface/garrison/shipsenemycarrieramission.blp
1239907;interface/garrison/shipsenemycarrierhmission.blp
1243535;interface/scenarios/legioninvasion.blp
1243609;interface/scenarios/legioninvasionmap.blp
1249993;interface/pvpframe/pvphonorsystem.blp
1250768;interface/pvpframe/pvphonorsystemhorizontal.blp
1250929;interface/pvpframe/pvpprestigeicons.blp
1251477;interface/playerframe/shamanmaelstrombarhorizontal.blp
1251478;interface/playerframe/druidlunarbarhorizontal.blp
1251711;interface/store/boostpopup.blp
1251991;interface/adventuremap/adventuremap.blp
1252029;interface/playerframe/magearcanecharges.blp
1252243;interface/playerframe/priestinsanitybar.blp
1252268;interface/store/boostpopuplegion.blp
1253496;interface/glues/charactercreate/charactercreate.blp
1253950;interface/artifacts/artifactuishaman.blp
1254001;interface/artifacts/artifactuihunter.blp
1254010;interface/artifacts/artifactuipriest.blp
1254011;interface/artifacts/artifactuimonk.blp
1254012;interface/artifacts/artifactuiwarlock.blp
1259407;interface/store/boostpopupwod.blp
1260227;interface/transmogrify/transmogtoast.blp
1260270;interface/playerframe/playerframefx.blp
1260826;interface/glues/common/legionlogo.blp
1261160;interface/store/shopgames.blp
1261542;interface/transmogrify/transmoghorizontal.blp
1264908;interface/artifacts/artifactforge.blp
1267361;interface/pvpframe/titleprestige.blp
1269412;interface/artifacts/artifactrunes.blp
1270719;interface/adventuremap/adventuremapborder.blp
1270720;interface/adventuremap/adventuremaptilebg.blp
1270728;interface/artifacts/artifactuipriestshadow.blp
1273208;interface/playerframe/classoverlayholypower.blp
1273402;interface/playerframe/classoverlayfury.blp
1273403;interface/playerframe/classoverlaydeathknight.blp
1273404;interface/playerframe/classoverlaycombopoints.blp
1279522;interface/glues/charactercreate/blizzconcc2015.blp
1279523;interface/glues/charactercreate/blizzconcc2015dh.blp
1300837;interface/targetingframe/nameplates.blp
1310401;interface/playerframe/classoverlaywarlockshards.blp
1318750;interface/optionsframe/options.blp
1319046;interface/tradeskillframe/tradeskills.blp
1333023;interface/tradeskillframe/obliterumforge.blp
1336637;interface/challenges/challengemode.blp
1337433;interface/spellbook/glyphiconspellbook.blp
1337560;interface/challenges/challengemoderunes.blp
1337565;interface/lootframe/recipetoast.blp
1339312;interface/questframe/worldquest.blp
1360653;interface/garrison/legionmissionmap.blp
1360692;interface/garrison/orderhalltalentsmage.blp
1360697;interface/garrison/orderhalltalentsdeathknight.blp
1360698;interface/garrison/orderhalltalentsdemonhunter.blp
1360699;interface/garrison/orderhalltalentsdruid.blp
1360700;interface/garrison/orderhalltalentshunter.blp
1360701;interface/garrison/orderhalltalentsmonk.blp
1360710;interface/garrison/orderhalltalentspaladin.blp
1360711;interface/garrison/orderhalltalentspriest.blp
1360713;interface/garrison/orderhalltalentsrogue.blp
1360719;interface/garrison/orderhalltalentsshaman.blp
1360720;interface/garrison/orderhalltalentswarlock.blp
1360721;interface/garrison/orderhalltalentswarrior.blp
1360815;interface/garrison/orderhalltalents.blp
1363154;interface/garrison/legionmissionmaporderhalls.blp
1368285;interface/itemtextframe/book.blp
1368684;interface/garrison/orderhallcommandbarhorizontal.blp
1372870;interface/lootframe/legendarytoast.blp
1377275;interface/buttons/adventureguidemicrobuttonalert.blp
1381649;interface/transmogrify/transmogbackgroundbloodelf.blp
1381650;interface/transmogrify/transmogbackgroundhuman.blp
1381662;interface/transmogrify/transmogbackgrounddraenei.blp
1381663;interface/transmogrify/transmogbackgrounddwarf.blp
1381664;interface/transmogrify/transmogbackgroundgnome.blp
1381665;interface/transmogrify/transmogbackgroundgoblin.blp
1381673;interface/transmogrify/transmogbackgroundnightelf.blp
1381675;interface/transmogrify/transmogbackgroundorc.blp
1381678;interface/transmogrify/transmogbackgroundpandaren.blp
1381679;interface/transmogrify/transmogbackgroundtauren.blp
1381680;interface/transmogrify/transmogbackgroundtroll.blp
1381681;interface/transmogrify/transmogbackgroundundead.blp
1381682;interface/transmogrify/transmogbackgroundworgen.blp
1384099;interface/garrison/legionmission.blp
1388154;interface/garrison/orderhallmissioncompletedeathknight.blp
1388155;interface/garrison/orderhallmissioncompletedemonhunter.blp
1388156;interface/garrison/orderhallmissioncompletedruid.blp
1388157;interface/garrison/orderhallmissioncompletehunter.blp
1388158;interface/garrison/orderhallmissioncompletemage.blp
1388159;interface/garrison/orderhallmissioncompletemonk.blp
1388160;interface/garrison/orderhallmissioncompletepaladin.blp
1388161;interface/garrison/orderhallmissioncompletepriest.blp
1388162;interface/garrison/orderhallmissioncompleterogue.blp
1388163;interface/garrison/orderhallmissioncompleteshaman.blp
1388164;interface/garrison/orderhallmissioncompletewarlock.blp
1388166;interface/garrison/orderhallmissioncompletewarrior.blp
1389451;interface/garrison/orderhalllandingpagedeathknight.blp
1389452;interface/garrison/orderhalllandingpagedemonhunter.blp
1389453;interface/garrison/orderhalllandingpagedruid.blp
1389454;interface/garrison/orderhalllandingpagehunter.blp
1389455;interface/garrison/orderhalllandingpagemage.blp
1389456;interface/garrison/orderhalllandingpagemonk.blp
1389457;interface/garrison/orderhalllandingpagepaladin.blp
1389470;interface/garrison/orderhalllandingpagepriest.blp
1389471;interface/garrison/orderhalllandingpagerogue.blp
1389472;interface/garrison/orderhalllandingpageshaman.blp
1389473;interface/garrison/orderhalllandingpagewarlock.blp
1389474;interface/garrison/orderhalllandingpagewarrior.blp
1390838;interface/garrison/orderhalllandingbuttondeathknight.blp
1390841;interface/garrison/orderhalllandingbuttondemonhunter.blp
1390842;interface/garrison/orderhalllandingbuttondruid.blp
1390843;interface/garrison/orderhalllandingbuttonhunter.blp
1390845;interface/garrison/orderhalllandingbuttonmage.blp
1390846;interface/garrison/orderhalllandingbuttonmonk.blp
1390847;interface/garrison/orderhalllandingbuttonpaladin.blp
1390848;interface/garrison/orderhalllandingbuttonpriest.blp
1390849;interface/garrison/orderhalllandingbuttonrogue.blp
1390850;interface/garrison/orderhalllandingbuttonshaman.blp
1390851;interface/garrison/orderhalllandingbuttonwarlock.blp
1390852;interface/garrison/orderhalllandingbuttonwarrior.blp
1393061;interface/encounterjournal/loottab.blp
1394864;interface/garrison/garrisonfollowerspecicons.blp
1394925;interface/garrison/garrisonmissionlocationazsuna.blp
1395037;interface/garrison/legionmissioncombatallybackground.blp
1395048;interface/garrison/garrisonmissionlocationdalaran.blp
1395049;interface/garrison/garrisonmissionlocationhighmountain.blp
1395051;interface/garrison/garrisonmissionlocationlegion.blp
1395058;interface/garrison/garrisonmissionlocationstormheim.blp
1395059;interface/garrison/garrisonmissionlocationsuramar.blp
1395060;interface/garrison/garrisonmissionlocationvalsharah.blp
1395268;interface/garrison/garrisonmissionlocationlegionlistbgs.blp
1399006;interface/glues/accountupgrade/classtrialthanksframe.blp
1399691;interface/glues/charactercreate/charactercreatemetalframehorizontal.blp
1399693;interface/glues/charactercreate/charactercreatemetalframevertical.blp
1399697;interface/glues/accountupgrade/classtrialtimer.blp
1399780;interface/glues/charactercreate/charactercreateclasstrial.blp
1400895;interface/paperdollinfoframe/paperdollinfopart1.blp
1400896;interface/paperdollinfoframe/paperdollinfopart2.blp
1401662;interface/artifacts/artifactuishadow.blp
1405824;interface/pvpframe/pvpqueuebackgroundalliance.blp
1405825;interface/pvpframe/pvpqueuebackgroundhorde.blp
1412268;interface/questframe/questbackgroundhordealliance.blp
1412307;interface/common/insetshadow.blp
1416467;interface/friendsframe/socialqueuing.blp
1444665;interface/glues/characterselect/glueannouncementpopup.blp
1450460;interface/garrison/mobileappicons.blp
1450462;interface/garrison/classhallbackground.blp
1450463;interface/garrison/classhallinternalbackground.blp
1450464;interface/garrison/classhallframe.blp
1450465;interface/garrison/classhallframe2.blp
1450466;interface/garrison/classhallui.blp
1451401;interface/garrison/classhallmissionlisticons.blp
1455734;interface/taxiframe/taxiassets.blp
1455735;interface/taxiframe/taxiassets2.blp
1486743;interface/splash/splash703.blp
1486744;interface/splash/splash704.blp
1486745;interface/splash/splash705.blp
1489023;interface/paperdoll/inspect.blp
1495388;interface/encounterjournal/loottabbackground.blp
1496043;interface/questframe/autoquest.blp
1498431;interface/garrison/classhalluivertical.blp
1498831;interface/garrison/classhallcombatallybg.blp
1523129;interface/minimap/partyraidblipsv2.blp
1524890;interface/friendsframe/friendslist.blp
1536706;interface/lootframe/pvpratedloottoast.blp
1536801;interface/buttons/128redbutton.blp
1537274;interface/friendsframe/socialqueuingtoast.blp
1538570;interface/macroframe/macropopup.blp
1538571;interface/macroframe/macropopupvertical.blp
1541550;interface/splash/splash710.blp
1566820;interface/transmogrify/transmogsets.blp
1569530;interface/transmogrify/transmogsetsvendor.blp
1575358;interface/paperdollinfoframe/paragonreputation.blp
1579862;interface/legionfall/legionfall.blp
1579863;interface/legionfall/legionfallhorizontal.blp
1585761;interface/characterframe/equipmentmanager.blp
1593052;interface/artifacts/artifactanim.blp
1596434;interface/splash/splash720.blp
1603845;interface/lootframe/mounttoast.blp
1603846;interface/lootframe/pettoast.blp
1604223;interface/artifacts/artifactanim2.blp
1629918;interface/warfront/warfrontprototypesbmap.blp
1630812;interface/playerframe/classoverlaydeathknightrunes.blp
1634385;interface/playerframe/classoverlaydeathknightrunesfill.blp
1634969;interface/playerframe/classoverlaywarlockshards725.blp
1660611;interface/pvpframe/tournamentorganizer.blp
1660626;interface/pvpframe/tournamentorganizer2.blp
1662186;interface/glues/charactercreate/charactercreateicons.blp
1667824;interface/moneyframe/moneyframe.blp
1671295;interface/garrison/talenttreechromie.blp
1671341;interface/worldstateframe/worldstatecapturebar.blp
1671634;interface/splash/splash725.blp
1677861;interface/common/voicechat.blp
1686753;interface/taxiframe/argustaxi.blp
1692887;interface/artifacts/relicforge.blp
1692903;interface/store/simplecheckout.blp
1696321;interface/dressupframe/dressingroomdeathknight.blp
1696335;interface/dressupframe/dressingroomdemonhunter.blp
1696336;interface/dressupframe/dressingroomdruid.blp
1696337;interface/dressupframe/dressingroomhunter.blp
1696338;interface/dressupframe/dressingroommage.blp
1696339;interface/dressupframe/dressingroommonk.blp
1696340;interface/dressupframe/dressingroompaladin.blp
1696341;interface/dressupframe/dressingroompriest.blp
1696342;interface/dressupframe/dressingroomrogue.blp
1696343;interface/dressupframe/dressingroomshaman.blp
1696344;interface/dressupframe/dressingroomwarlock.blp
1696347;interface/dressupframe/dressingroomwarrior.blp
1699066;interface/timer/countdown.blp
1699827;interface/alliedraces/alliedracesunlockingframe.blp
1699828;interface/alliedraces/alliedracesunlockingframemodelbackground.blp
1699829;interface/alliedraces/alliedracesunlockingframecrests.blp
1706035;interface/chatframe/chatframe.blp
1710518;interface/adventuremap/adventuremapparchmenttile.blp
1710841;interface/garrison/garrisonmissionlocationargus.blp
1716290;interface/splash/splash730.blp
1717764;interface/artifacts/relicforgepreviewtraits.blp
1717838;interface/worldmap/argus/argushighlightzoneantoran.blp
1717839;interface/worldmap/argus/argushighlightzonekrokuun.blp
1717840;interface/worldmap/argus/argushighlightzonemacaree.blp
1721024;interface/worldmap/argus/brokenislesargushighlight.blp
1721259;interface/mainmenubar/mainmenubar.blp
1721752;interface/alliedraces/alliedracesunlockingframepart2.blp
1721812;interface/alliedraces/alliedracesunlockingframemodelbackgroundpart2.blp
1721941;interface/store/shopgameupgradesbrownbox.blp
1721942;interface/store/shopgameupgradeslegion.blp
1721943;interface/store/shopgameupgradeslegiondeluxe.blp
1722520;interface/store/shopgameupgrades.blp
1723114;interface/glues/charactercreate/alliedracesallianceandhordebanner.blp
1723831;interface/interface/framegeneral/uiframe.blp
1723832;interface/framegeneral/uiframevertical.blp
1723833;interface/framegeneral/uiframehorizontal.blp
1724799;interface/framegeneral/uiframehires.blp
1724800;interface/framegeneral/uiframehiresvertical.blp
1724801;interface/framegeneral/uiframehireshorizontal.blp
1726295;interface/glues/charactercreate/blizzconcc2017.blp
1729779;interface/targetingframe/playerframe.blp
1729973;interface/targetingframe/targetframe.blp
1730123;interface/targetingframe/targetframerareelite.blp
1730124;interface/targetingframe/targetframerare.blp
1730125;interface/targetingframe/targetframeelite.blp
1730126;interface/targetingframe/unitframeboss.blp
1734278;interface/targetingframe/nameplatefill.blp
1738753;interface/store/shopbundles.blp
1786095;interface/warfront/warfronthud.blp
1823881;interface/questionframe/warboard.blp
1823937;interface/questionframe/warboardbackground.blp
1847088;interface/splash/splash735.blp
1847091;interface/warfront/warfrontmapicons.blp
1847959;interface/store/shopgameupgradeslegiondeluxe2.blp
1847961;interface/store/shopgameupgradeslegion2.blp
1850060;interface/azerite/azerite.blp
1854762;interface/store/boostpopupbfa.blp
1859177;interface/minimap/argusvindicaar.blp
1918532;interface/transmogrify/transmogbackgroundhighmountain.blp
1918535;interface/transmogrify/transmogbackgroundlightforged.blp
1918537;interface/transmogrify/transmogbackgroundnightborne.blp
1918539;interface/transmogrify/transmogbackgroundvoidelf.blp
1940745;interface/azerite/azeritecenterbgranks.blp
1949857;interface/azerite/azeritetitanbgranks.blp
1949859;interface/azerite/azeritetitanbgglowranks.blp
1949861;interface/azerite/azeritegoldringranks.blp
1953314;interface/azerite/azeritebackground.blp
1958313;interface/guildframe/communitiesaddchat.blp
1969120;interface/questframe/objectivewidget.blp
1970143;interface/pvpframe/scoreboard.blp
1981967;interface/guildframe/communities.blp
1982561;interface/widgets/worldstateuitextures.blp
1987789;interface/pvpframe/scoreboardbackgroundislandsalliance.blp
1987792;interface/pvpframe/scoreboardbackgroundislandshorde.blp
2002950;interface/map/mapfogofwar.blp
2006838;interface/warfront/warfrontwidgets.blp
2015282;interface/map/mapfogofwarmaskhardedge.blp
2015284;interface/map/mapfogofwarmasksoftedge.blp
2053904;interface/scenarios/islandsqueue.blp
2055027;interface/transmogrify/transmogbackgroundmaghar.blp
2055041;interface/transmogrify/transmogbackgrounddarkirondwarf.blp
2055293;interface/scenarios/islandsqueuebackground.blp
2060018;interface/garrison/bfamissionlisticons.blp
2060728;interface/warfront/warfrontasseticons.blp
2101171;interface/tradeskillframe/scrappingmachine.blp
2103955;interface/battlefieldframe/battlefieldminimap.blp
2123218;interface/pvpframe/pvpqueue.blp
2127652;interface/azerite/azeritetitanbggearranks.blp
2128641;interface/scenarios/scenariohordealliance.blp
2130707;interface/garrison/talenttreehordealliance.blp
2130730;interface/azerite/azeritereforger.blp
2130975;interface/azerite/azeritetitanbglights.blp
2132421;interface/pvpframe/scoreboardbackgroundwarfrontshorde.blp
2132427;interface/pvpframe/scoreboardbackgroundwarfrontsalliance.blp
2132910;interface/garrison/orderhalllandingbuttonalliance.blp
2132922;interface/garrison/orderhalllandingbuttonhorde.blp
2134158;interface/challenges/challengemodetab.blp
2134184;interface/lfgframe/roleicons.blp
2139053;interface/framegeneral/uiframehorde.blp
2139056;interface/framegeneral/uiframehordevertical.blp
2139059;interface/framegeneral/uiframehordebackground.blp
2139076;interface/framegeneral/uiframebars.blp
2141209;interface/framegeneral/uiframealliance.blp
2142239;interface/framegeneral/uiframeneutral.blp
2142253;interface/framegeneral/uiframealliancebackground.blp
2142318;interface/framegeneral/uiframealliancevertical.blp
2142322;interface/framegeneral/uiframeneutralbackground.blp
2142370;interface/framegeneral/uiframeneutralvertical.blp
2145024;interface/scenarios/islandsqueuedreadchain.blp
2145050;interface/scenarios/islandsqueuemoltencay.blp
2145052;interface/azerite/azeritetooltip.blp
2145058;interface/scenarios/islandsqueuerottingmire.blp
2145060;interface/scenarios/islandsqueueskitteringhollow.blp
2145067;interface/scenarios/islandsqueueungolruins.blp
2145069;interface/scenarios/islandsqueueverdantwilds.blp
2145071;interface/scenarios/islandsqueuewhisperingreef.blp
2147844;interface/azerite/azeritecenterbgmask.blp
2147885;interface/azerite/azeritecenterbgeffect.blp
2147915;interface/garrison/hordebfamissionframe.blp
2147920;interface/garrison/hordebfamissionframe2.blp
2147922;interface/garrison/alliancebfamissionframe.blp
2147926;interface/garrison/alliancebfamissionframe2.blp
2147991;interface/azerite/azeritecenterbgparticles.blp
2148071;interface/azerite/azeritecenterbggold.blp
2149101;interface/azerite/azeritecenterbgfillingmask.blp
2160663;interface/garrison/bfamissioncompletebackgroundalliance.blp
2160666;interface/garrison/bfamissioncompletebackgroundhorde.blp
2167070;interface/garrison/garrisonmissionlocationsilverpineforest.blp
2167077;interface/garrison/garrisonmissionlocationhillsbradfoothills.blp
2167084;interface/garrison/garrisonmissionlocationarathihighlands.blp
2167087;interface/garrison/garrisonmissionlocationazshara.blp
2167090;interface/garrison/garrisonmissionlocationashenvale.blp
2167093;interface/garrison/garrisonmissionlocationdarkshore.blp
2167098;interface/garrison/garrisonmissionlocationdurotar.blp
2167101;interface/garrison/garrisonmissionlocationnorthernbarrens.blp
2167104;interface/garrison/garrisonmissionlocationsouthernbarrens.blp
2167109;interface/garrison/garrisonmissionlocationnazmir.blp
2167112;interface/garrison/garrisonmissionlocationzuldazar.blp
2167115;interface/garrison/garrisonmissionlocationvoldun.blp
2167118;interface/garrison/garrisonmissionlocationstormsong.blp
2167121;interface/garrison/garrisonmissionlocationdrustvar.blp
2167123;interface/garrison/garrisonmissionlocationtiragardesound.blp
2167341;interface/garrison/garrisonmissionlocationbattleforazerothlistbgs.blp
2167717;interface/splash/splash801.blp
2167720;interface/splash/splash801a.blp
2167723;interface/splash/splash801h.blp
2175002;interface/garrison/bfamissionslandingpagehorde.blp
2175005;interface/garrison/bfamissionslandingpagealliance.blp
2175177;interface/encounterjournal/dungeonjournaltierbackgrounds1.blp
2175180;interface/encounterjournal/dungeonjournaltierbackgrounds2.blp
2175183;interface/encounterjournal/dungeonjournaltierbackgrounds3.blp
2175186;interface/encounterjournal/dungeonjournaltierbackgrounds4.blp
2175264;interface/store/expansiontrialpopupbfa.blp
2176586;interface/garrison/talentreealliance.blp
2176589;interface/garrison/talenttreehorde2.blp
2176592;interface/garrison/talenttreealliance2.blp
2176619;interface/pvpframe/scoreboard2.blp
2180811;interface/worldmap/worldmaphighlightcosmic.blp
2198122;interface/garrison/darkwoodframe.blp
2198125;interface/garrison/darkwoodframehorizontal.blp
2202478;interface/framegeneral/uiframeroleicons.blp
2202656;interface/store/shopgametimebundle.blp
2325372;interface/framegeneral/uiframesimplemetal.blp
2325375;interface/framegeneral/uiframesimplemetalvertical.blp
2394219;interface/azerite/azeritegoldringranks2.blp
2394222;interface/azerite/azeritegoldringranks3.blp
2399105;interface/store/shopgameupgradessubscription.blp
2406898;interface/alliedraces/alliedracesunlockingframevertical.blp
2406979;interface/framegeneral/uiframemetal2x.blp
2406984;interface/framegeneral/uiframemetalvertical2x.blp
2406987;interface/framegeneral/uiframemetalhorizontal2x.blp
2442270;interface/azerite/azeritecenterbgmaskrank5.blp
2442273;interface/azerite/azeritegoldringranks4.blp
2442276;interface/azerite/azeritetitanbggearranks2.blp
2442279;interface/azerite/azeritetitanbgglowranks2.blp
2442314;interface/azerite/azeritetitanbgranks2.blp
2442325;interface/azerite/azeritetitanbgranks3.blp
2443037;interface/framegeneral/uiframeiconborder.blp
2443038;interface/framegeneral/uiframeiconmask.blp
2451029;interface/azerite/azeritetitanbgranks31gear.blp
2451068;interface/azerite/azeritetitanbglights2.blp
2460936;interface/common/parchmentpopup.blp
2463872;interface/scenarios/hordeallianceincursions.blp
2466557;interface/garrison/garrisonmissionlocationislands.blp
2470300;interface/pvpframe/scoreboardbackgrounddarkshorewarfrontshorde.blp
2470304;interface/pvpframe/scoreboardbackgrounddarkshorewarfrontsalliance.blp
2470702;interface/raidframe/raidframesummon.blp
2481469;interface/pvpframe/pvpqueuechestalliance.blp
2481472;interface/pvpframe/pvpqueuechesthorde.blp
2490916;interface/splash/splash810.blp
2490922;interface/splash/splash8102.blp
2565625;interface/guildframe/communitiesfinder.blp
2565635;interface/common/commoncheckbox.blp
2576961;interface/scenarios/islandsqueuejorundall.blp
2576964;interface/scenarios/islandsqueuehavenswood.blp
2578740;interface/store/shopbundlelastchancefeatured.blp
2615801;interface/store/shopgametimebundle3.blp
2615803;interface/store/shopgametimebundle2.blp
2736143;interface/transmogrify/transmogbackgroundkultiran.blp
2751166;interface/transmogrify/transmogbackgroundzandalari.blp
2829779;interface/widgets/pvpcapturewidgeticons.blp
2901927;interface/splash/splash815.blp
2903992;interface/pvpframe/pvpscoreboard.blp
2907423;interface/azerite/heartofazeroth.blp
2918637;interface/petbattles/mountequipment.blp
2921656;interface/framegeneral/uiframemarine.blp
2921659;interface/framegeneral/uiframemarinebackground.blp
2921662;interface/framegeneral/uiframemarinevertical.blp
2922100;interface/common/commoniconmask.blp
2923258;interface/friendsframe/friendslistfavorite.blp
2923780;interface/store/shopfeatured.blp
2923990;interface/events/brewfestplates.blp
2957979;interface/azerite/heartofazeroth2.blp
2958680;interface/itemsocketingframe/sockets.blp
2962127;interface/common/commonroundhighlight.blp
2966265;interface/framegeneral/uiframegenericmetal.blp
2966269;interface/framegeneral/uiframegenericmetalvertical.blp
2975691;interface/tooltips/tooltip.blp
2981946;interface/store/shopgametimebundle4.blp
2994347;interface/unitpowerbaralt/queenazsharaencounter.blp
2994896;interface/pvpscoreboard/pvpscoreboardcolumnstats.blp
3007438;interface/loadscreens/loadingscreenassets.blp
3007441;interface/loadscreens/loadingscreenbottomfill.blp
3007444;interface/loadscreens/loadingscreenhorizontal.blp
3007466;interface/loadscreens/loadingscreenleftbackground.blp
3007469;interface/loadscreens/loadingscreenrightbackground.blp
3007474;interface/loadscreens/loadingscreensidefill.blp
3007477;interface/loadscreens/loadingscreenvertical.blp
3009120;interface/azerite/heartofazerothtooltip.blp
3012246;interface/garrison/garrisonmissionlocationmechagon.blp
3012249;interface/garrison/garrisonmissionlocationnazjatar.blp
3014091;interface/splash/splash820.blp
3014096;interface/splash/splash8202.blp
3025298;interface/framegeneral/uiframemechagon.blp
3025300;interface/framegeneral/uiframemechagonbackground.blp
3025304;interface/framegeneral/uiframemechagonvertical.blp
3026061;interface/animations/powerswirlanimation.blp
3032440;interface/reforging/upgradeframehorizontal.blp
3032443;interface/reforging/upgradeframe.blp
3032792;interface/store/shopcard15thanniversary.blp
3033975;interface/scenarios/islandsqueuecrestfall.blp
3033978;interface/scenarios/islandsqueuesnowblossom.blp
3034340;interface/azerite/heartofazeroth3.blp
3046538;interface/auctionframe/auctionhouse.blp
3054898;interface/auctionframe/auctionhousebackgrounds.blp
3055481;interface/helpframe/helptip.blp
3055484;interface/helpframe/helptiparrowmask.blp
3056750;interface/framegeneral/uiframediamondmetal2x.blp
3056755;interface/framegeneral/uiframediamondmetalvertical2x.blp
3058483;interface/framegeneral/uiframediamondmetalheader2x.blp
3061439;interface/characterselection/characterselectionhordeallianceicon.blp
3064322;interface/questsharing/questsharingassets.blp
3070196;interface/recruitafriend/recruitafriend.blp
3070199;interface/store/shopcardblizzcon2019virtualticket.blp
3073147;interface/store/shopcards.blp
3073281;interface/scenarios/battleforazeroththreatsmap.blp
3074451;interface/behaviornotification/uibehaviornotification.blp
3074454;interface/behaviornotification/uibehaviornotificationhorizontal.blp
3074457;interface/behaviornotification/uibehaviornotificationvertical.blp
3151383;interface/uieditoricons/uieditoricons.blp
3151826;interface/buttons/uiframebuttons.blp
3152423;interface/splash/splash825.blp
3166662;interface/mother_talenttree/mothertalenttree.blp
3174636;interface/corrupteditems/corruptedcleansereforger.blp
3176469;interface/corrupteditems/corruptedcharactersheet.blp
3176475;interface/corrupteditems/corruptedinventoryicon.blp
3176481;interface/corrupteditems/corruptedtooltip.blp
3185348;interface/glues/charactercreate/blizzconcc2019.blp
3194385;interface/scenarios/scenarionzoth.blp
3209332;interface/transmogrify/transmogbackgroundvulpera.blp
3209335;interface/transmogrify/transmogbackgroundmechagnome.blp
3257935;interface/splash/splash830.blp
3257939;interface/splash/splash8302.blp
3259978;interface/glues/charactercreate/charactercreatetest.blp
3281887;interface/common/commonsearch.blp
3288061;interface/store/shopcardblizzcon2020virtualticket.blp
3307666;interface/cameraguy/cameraguyassets.blp
3308452;interface/navigation/ingamenavigationui.blp
3431637;interface/jailerstower/uiframejailerstower.blp
3447177;interface/jailerstower/scenariopowerlistjailerstower.blp
3448505;interface/questframe/questlogcampaignheaders.blp
3458578;interface/questframe/questbackgroundshadowlands.blp
3459645;interface/questframe/questcampaignmapicons.blp
3463232;interface/jailerstower/scenariopowerlistjailerstowervertical.blp
3463360;interface/garrison/adventuremissionsframe.blp
3463363;interface/garrison/adventuremissionsframevert.blp
3463366;interface/garrison/adventuremissionsframebg1.blp
3463369;interface/garrison/adventuremissionsframebg2.blp
3463384;interface/garrison/adventuremissionsframehorizontal.blp
3487405;interface/scenarios/scenariojailerstower.blp
3487944;interface/common/commonicons.blp
3488277;interface/common/commonforms.blp
3489247;interface/chromietime/chromietimeui.blp
3491683;interface/questframe/questmaplogcampaignlore.blp
3500068;interface/waypoint/waypoinmappinui.blp
3502458;interface/soulbinds/soulbindsshotsfey.blp
3502464;interface/soulbinds/soulbindsshotsventhyr.blp
3502527;interface/soulbinds/soulbindsshotsnecrolords.blp
3507671;interface/framegeneral/uiframeoribos.blp
3507722;interface/framegeneral/uiframeoribosbackground.blp
3507725;interface/framegeneral/uiframeoribosvertical.blp
3509168;interface/questframe/questframequesticons.blp
3515910;interface/soulbinds/soulbindsbackgrounds.blp
3515913;interface/soulbinds/soulbindsbackgrounds2.blp
3517890;interface/soulbinds/soulbindsassets.blp
3524954;interface/soulbinds/soulbindsvertical.blp
3524957;interface/soulbinds/soulbindshorizontal.blp
3528314;interface/masks/circlemask.blp
3532258;interface/extrabutton/zoneabilitiesshadowlands.blp
3532453;interface/extrabutton/garrzoneabilities.blp
3533320;interface/covenantchoice/covenantchoiceui.blp
3533392;interface/covenantchoice/covenantchoiceofferingskyrian.blp
3533399;interface/covenantchoice/covenantchoiceofferingsventhyr.blp
3533406;interface/covenantchoice/covenantchoicescrollingbackgroundkyrian.blp
3533409;interface/covenantchoice/covenantchoicescrollingbackgroundventhyr.blp
3533413;interface/covenantchoice/covenantchoicescrollingbackgroundnecrolords.blp
3533416;interface/covenantchoice/covenantchoicescrollingbackgroundnightfae.blp
3534438;interface/common/commonbuttons.blp
3539892;interface/soulbinds/soulbindslineverticalmask.blp
3540094;interface/soulbinds/soulbindslinediagonalclosemask.blp
3540097;interface/soulbinds/soulbindslinediagonalfarmask.blp
3546362;interface/covenantsanctum/covenantsanctumui.blp
3546365;interface/covenantsanctum/covenantsanctumkyrian.blp
3546880;interface/garrison/orderhalllandingbuttoncovenants.blp
3550879;interface/framegeneral/uiframekyrian.blp
3550882;interface/framegeneral/uiframekyrianbackground.blp
3550885;interface/framegeneral/uiframekyrianvertical.blp
3552990;interface/glues/charactercreate/charactercreatestartingzones1.blp
3553247;interface/glues/charactercreate/charactercreatestartingzones2.blp
3553268;interface/glues/charactercreate/charactercreatestartingzones3.blp
3553272;interface/glues/charactercreate/charactercreatestartingzones4.blp
3553331;interface/glues/charactercreate/charactercreatestartingzones5.blp
3553334;interface/glues/charactercreate/charactercreatestartingzonesexilesreach.blp
3554762;interface/aubrietestingatlas/aubrietestingatlas.blp
3562818;interface/covenantchoice/covenantchoiceuimask.blp
3566441;interface/animachannelingdevice/animachannelingdevice.blp
3566465;interface/animachannelingdevice/animachannelingdevicevertical.blp
3573773;interface/garrison/garrisonmissionlocationardenweald.blp
3573776;interface/garrison/garrisonmissionlocationbastion.blp
3573779;interface/garrison/garrisonmissionlocationmaldraxxus.blp
3573782;interface/garrison/garrisonmissionlocationrevendreth.blp
3573891;interface/questframe/callings.blp
3575404;interface/glues/charactercreate/charactercreatedropdown.blp
3581673;interface/garrison/shadowlandslandingpage.blp
3583300;interface/pvpframe/pvpseparation.blp
3584377;interface/mixingpoolbar/mixingpoolbar.blp
3586251;interface/covenantsanctum/covenantsanctumventhyr.blp
3586254;interface/covenantsanctum/covenantsanctumnightfae.blp
3595324;interface/gossipframe/campaigngossipicons.blp
3605349;interface/masks/circlemaskscalable.blp
3610100;interface/soulbinds/soulbindsshotskyrian.blp
3614246;interface/weeklyreward/weeklyrewardui.blp
3634708;interface/framegeneral/uiframenightfae.blp
3634710;interface/framegeneral/uiframenightfaevertical.blp
3634712;interface/framegeneral/uiframenightfaebackground.blp
3634714;interface/framegeneral/uiframeventhyr.blp
3634716;interface/framegeneral/uiframeventhyrvertical.blp
3634718;interface/framegeneral/uiframeventhyrbackground.blp
3634720;interface/framegeneral/uiframenecrolord.blp
3634722;interface/framegeneral/uiframenecrolordvertical.blp
3634724;interface/framegeneral/uiframenecrolordbackground.blp
3636375;interface/runecarving/runecarvingui.blp
3636397;interface/runecarving/runecarvingtooltip.blp
3638173;interface/targetingframe/unitframeicons.blp
3640932;interface/questframe/newplayerguidesignup.blp
3640934;interface/covenantsanctum/covenantsanctumnecrolord.blp
3641160;interface/covenantchoice/covenantchoiceofferingsnightfae.blp
3641162;interface/covenantchoice/covenantchoiceofferingsnecrolords.blp
3691471;interface/jailerstower/eyeofthejailer.blp
3720955;interface/pvpframe/pvpqueuechestgreatvault.blp
3721466;interface/garrison/adventuremissionbackgroundshadow.blp
3722234;interface/soulbinds/soulbindslinespirits.blp
3723496;interface/scenarios/scenarioembercourt.blp
3730393;interface/jailerstower/wayfinderjailerstower.blp
3730396;interface/jailerstower/wayfindertierbackgroundsjailerstower.blp
3735314;interface/soulbinds/soulbindsconduiticonborder.blp
3738379;interface/garrison/adventuremissionsframeparchment.blp
3743728;interface/covenantchoice/covenantchoicecelebration.blp
3743740;interface/garrison/shadowlandsmissionlandingpagebackgroundkyrian.blp
3743742;interface/garrison/shadowlandsmissionlandingpagebackgroundventhyr.blp
3743744;interface/garrison/shadowlandsmissionlandingpagebackgroundnightfae.blp
3743746;interface/garrison/shadowlandsmissionlandingpagebackgroundnecrolord.blp
3747951;interface/store/shopnewplayerexperience.blp
3750070;interface/store/interstitialnewplayerexperience.blp
3750798;interface/soulbinds/soulbindsconduitcollectionsiconmask.blp
3752255;interface/scenarios/scenariokyrian.blp
3753526;interface/soulbinds/soulbindsconduitpendinganimationmask.blp
3761343;interface/framegeneral/uiframegenericmetal2.blp
3761345;interface/framegeneral/uiframegenericmetal2vertical.blp
3761905;interface/quickkeybind/quickkeybindui.blp
3761915;interface/quickkeybind/quickkeybindvertical.blp
3774150;interface/encounterjournal/dungeonjournal.blp
3775278;interface/glues/characterselect/glueannouncementpopupbackground.blp
3794129;interface/animachannelingdevice/animachannelingdevicelineanima.blp
3794769;interface/credits/creditsscreenassets.blp
3794799;interface/credits/creditsscreenbackground1bc.blp
3794855;interface/credits/creditsscreenbackground6legion.blp
3794893;interface/credits/creditsscreenbackground8shadowlands.blp
3794944;interface/credits/creditsscreenkeyart1bc.blp
3794988;interface/credits/creditsscreenkeyart6legion.blp
3795023;interface/credits/creditsscreenkeyart8shadowlands.blp
3795571;interface/garrison/adventuremissionsframe2.blp
3798337;interface/animachannelingdevice/animachannelingdevicelineverticalmask.blp
3801271;interface/animachannelingdevice/animachannelingdevicelinereinforceverticalmask.blp
3804588;interface/credits/creditsscreenkeyart0wow.blp
3804618;interface/credits/creditsscreenbackground0wow.blp
3804665;interface/credits/creditsscreenkeyart2wotlk.blp
3804676;interface/credits/creditsscreenbackground2wotlk.blp
3804679;interface/credits/creditsscreenkeyart3cataclysm.blp
3804682;interface/credits/creditsscreenbackground3cataclysm.blp
3804685;interface/credits/creditsscreenkeyart4mop.blp
3804688;interface/credits/creditsscreenbackground4mop.blp
3804693;interface/credits/creditsscreenkeyart5wod.blp
3804696;interface/credits/creditsscreenbackground5wod.blp
3804699;interface/credits/creditsscreenbackground7bfa.blp
3804702;interface/credits/creditsscreenkeyart7bfa.blp
3813080;interface/questframe/questbackgroundparchment.blp
3813339;interface/questframe/questlogcallingsheader.blp
3813345;interface/splash/splash901.blp
3813348;interface/splash/splash902.blp
3816248;interface/garrison/adventuremissionslist.blp
3818767;interface/questframe/questbackgroundshadowlandsbastion.blp
3818829;interface/questframe/questbackgroundshadowlandsmaldraxxus.blp
3818859;interface/questframe/questbackgroundshadowlandsrevendreth.blp
3818912;interface/questframe/questbackgroundshadowlandscovenantskyrian.blp
3818928;interface/questframe/questbackgroundshadowlandscovenantsnecrolords.blp
3818997;interface/questframe/questbackgroundshadowlandscovenantsventhyr.blp
3833674;interface/garrison/queensconservatory.blp
3848054;interface/questframe/callingshighlight.blp
3848062;interface/questframe/questbackgroundshadowlandsardenweald.blp
3848064;interface/questframe/questbackgroundshadowlandscovenantsnightfae.blp
3848066;interface/questframe/questbackgroundshadowlandsoribos.blp
3855898;interface/garrison/garrisonmissionlocationmaw.blp
3856481;interface/buttons/128goldredbutton.blp
3884129;interface/lfgframe/lfgdungeontoast.blp
3888633;interface/taxiframe/bastiontaxi.blp
3891059;interface/tooltips/chatbubble.blp
3891062;interface/tooltips/chatbubblevertical.blp
3892705;interface/containerframe/cosmeticiconborder.blp
3893175;interface/covenantrenown/covenantrenownui.blp
3893178;interface/covenantrenown/covenantrenownventhyr.blp
3893181;interface/covenantrenown/covenantrenownnightfae.blp
3893184;interface/covenantrenown/covenantrenownnecrolord.blp
3893187;interface/covenantrenown/covenantrenownkyrian.blp
3893512;interface/covenantrenown/covenantrenownhexagonmask.blp
3894493;interface/covenantrenown/covenantrenownscrollmask.blp
3920325;interface/soulbinds/soulbindsbackgroundfxmask.blp
3920342;interface/soulbinds/soulbindsbackgroundfx.blp
3948795;interface/covenantsanctum/covenantsanctumreservoirtiles.blp
3949595;interface/store/shopbundlecelebrationcollection.blp
3949622;interface/covenantsanctum/covenantsanctumreservoirtiles2.blp
3996848;interface/garrison/adventuremissionslistmaw.blp
4000331;interface/levelup/levelupui.blp
4005514;interface/garrison/adventuremissionsboardmaw.blp
4008100;interface/buttons/scrollbarproportionalvertical.blp
4032003;interface/buttons/scrollbarproportional.blp
4033725;interface/buttons/scrollbarproportionalhorizontal.blp
4035524;interface/achievementframe/achievementtoast.blp
4050213;interface/soulbinds/soulbindsenhancedconduitmask.blp
4070896;interface/animcreate/animcreateicons.blp
4071450;interface/runecarving/runecarvingventhyrsigilmask.blp
4071453;interface/runecarving/runecarvingkyriansigilmask.blp
4071456;interface/runecarving/runecarvingnecrolordsigilmask.blp
4071459;interface/runecarving/runecarvingnightfaesigilmask.blp
4072825;interface/jailerstower/scoreboardjailerstower.blp
4074825;interface/jailerstower/scoreboardjailerstowergemmask.blp
4087465;interface/jailerstower/scorebarjailerstower.blp
4095174;interface/jailerstower/talenttreejailerstower.blp
4185447;interface/tooltips/uiframetooltip.blp
4185455;interface/tooltips/uiframetooltipbackground.blp
4185474;interface/tooltips/uiframetooltipvertical.blp
4185482;interface/glues/common/uiframetooltipglues.blp
4185485;interface/glues/common/uiframetooltipgluesvertical.blp
4185487;interface/glues/common/uiframetooltipgluesbackground.blp
4185749;interface/glues/common/uiframegluestextpanel.blp
4185755;interface/glues/common/uiframegluestextpanelvertical.blp
4185778;interface/splash/splash910.blp
4187221;interface/characterframe/uiframecharacterparty.blp
4187254;interface/characterframe/uiframecharacterpartybackground.blp
4187257;interface/characterframe/uiframecharacterpartyvertical.blp
4187261;interface/buttons/uiframesliderbar.blp
4187278;interface/buttons/uiframesliderbarvertical.blp
4187281;interface/buttons/uiframesliderbarbackground.blp
4188844;interface/friendsframe/uiframefriendtoast.blp
4188847;interface/friendsframe/uiframefriendstoastvertical.blp
4188850;interface/friendsframe/uiframefriendstoastbackground.blp
4190179;interface/tutorialframe/uiframetutorialglow.blp
4190182;interface/tutorialframe/uiframetutorialglowvertical.blp
4190634;interface/dialogframe/uiframedialogbox.blp
4190636;interface/dialogframe/uiframedialogboxvertical.blp
4190639;interface/dialogframe/uiframedialogboxbackground.blp
4190829;interface/achievementframe/uiframeachievementwood.blp
4190831;interface/achievementframe/uiframeachievementwoodvertical.blp
4190843;interface/arenaenemyframe/uiframearena.blp
4190845;interface/arenaenemyframe/uiframearenavertical.blp
4191596;interface/splash/splash9102.blp
4191854;interface/extrabutton/extrabuttontorghast.blp
4200162;interface/spellbook/uiframetabsspellbook.blp
4211373;interface/azerite/azeritetooltipvertical.blp
4211375;interface/azerite/azeritetooltipbackground.blp
4211377;interface/corrupteditems/corruptedtooltipvertical.blp
4211393;interface/corrupteditems/corruptedtooltipbackground.blp
4211460;interface/runecarving/runecarvingtooltipvertical.blp
4211466;interface/runecarving/runecarvingtooltipbackground.blp
4216960;interface/questframe/friendship.blp
4216982;interface/ingamelanguagues/ingamelanguagesprogenitor.blp
4221532;interface/questframe/questbackgroundshadowlandssecretsofthefirstones.blp
4224626;interface/ingamelanguagues/ingamelanguagesprogenitorwhite.blp
4224629;interface/ingamelanguagues/ingamelanguagesprogenitorblack.blp
4226387;interface/ingamelanguagues/ingamelanguagesprogenitorbroadcastyellow.blp
4226390;interface/ingamelanguagues/ingamelanguagesprogenitorblackdarkbrown.blp
4235374;interface/gmchat/uiframegmchat.blp
4235379;interface/gmchat/uiframegmchatvertical.blp
4235889;interface/dressupframe/dressingroom.blp
4235929;interface/lootframe/cosmetictoast.blp
4236523;interface/store/shopbundles915.blp
4236961;interface/reforging/itemupgrade.blp
4237069;interface/tradeskillframe/legendaryscrapper.blp
4238139;interface/reforging/itemupgradefxmaskdecormica.blp
4238189;interface/reforging/itemupgradefxmaskdecorlines.blp
4238204;interface/reforging/itemupgradefxdecorlinesglow.blp
4238249;interface/store/shopmbpbundle.blp
4238849;interface/clickcast/clickcast.blp
4239633;interface/store/shopgametimebundlelunarnewyear.blp
4239639;interface/reforging/itemupgradetooltipfullmask.blp
4239643;interface/reforging/itemupgradetooltipmask.blp
4239645;interface/reforging/itemupgradefxtooltipglowvertical.blp
4239647;interface/reforging/itemupgradeframedecor.blp
4239760;interface/reforging/itemupgradefxtooltipglow.blp
4240724;interface/taxiframe/progenitortaxi.blp
4255513;interface/store/shopbundles9152.blp
4283880;interface/store/shopbundlesnt915.blp
4287483;interface/splash/splash915.blp
4292177;interface/garrison/talenttreecypher.blp
4306880;interface/widgets/unitpowerbarwidget.blp
4328586;interface/extrabutton/extrabuttoncypher.blp
4329247;interface/store/perks.blp
4329828;interface/playerchoice/cyphertalentplayerchoice.blp
4329830;interface/playerchoice/cyphertalentplayerchoicefxbuttonmask.blp
4329832;interface/playerchoice/cyphertalentplayerchoicefxglowmask.blp
4329834;interface/playerchoice/cyphertalentplayerchoicefxiconmask.blp
4329836;interface/playerchoice/cyphertalentplayerchoicefxlinemask.blp
4329838;interface/playerchoice/cyphertalentplayerchoiceverticaltile.blp
4331660;interface/store/perksvertical.blp
4331838;interface/buttons/minimalscrollbarproportional.blp
4332072;interface/buttons/minimalscrollbarvertical.blp
4336006;interface/buttons/dropdown.blp
4336332;interface/widgets/cosmicenergybar.blp
4352554;interface/widgets/widgetstatusbar.blp
4371348;interface/reforging/cyphersetitemupgrade.blp
4390922;interface/taxiframe/progenitorobelisktaxi.blp
4391622;interface/extrabutton/extrabuttongeneric.blp
4417031;interface/professions/professions.blp
4419136;interface/splash/splash920.blp
4419138;interface/splash/splash9202.blp
4485862;interface/widgets/cosmicenergybarsparkmask.blp
4489300;interface/cursor/uicursor2x.blp
4496242;interface/common/commonbuttonsdropdown.blp
4499236;interface/store/perksactivities.blp
4500260;interface/buttons/scrollbarproportionalclassic.blp
4505182;interface/castingbar/uicastingbar.blp
4505194;interface/castingbar/uicastingbar2x.blp
4544398;interface/store/shopbundles925m64.blp
4544403;interface/store/shopbundles925m68.blp
4546803;interface/gmchat/uiframegmchatwatermark.blp
4547575;interface/credits/creditsscreenkeyart9dragonflight.blp
4547578;interface/credits/creditsscreenbackground9dragonflight.blp
4549096;interface/castingbar/uicastingbarstandardflipbook.blp
4549775;interface/castingbar/uicastingbarfx.blp
4549874;interface/castingbar/uicastingbarcraftmask.blp
4550035;interface/castingbar/uicastingbarfullmask.blp
4550359;interface/castingbar/uicastingbarstandardenergymask.blp
4550462;interface/castingbar/uicastingbarchannelmask.blp
4553278;interface/splash/splash925.blp
4553281;interface/splash/splash9252.blp
4554359;interface/editmode/editmodeui.blp
4554383;interface/editmode/editmodeuihighlightbackground.blp
4554386;interface/editmode/editmodeuiselectedbackground.blp
4554389;interface/editmode/editmodeuivertical.blp
4556093;interface/talentframe/talents.blp
4559068;interface/chatframe/uichaticon.blp
4559107;interface/friendsframe/battlenetclienticon.blp
4567914;interface/buttons/minimalsliderbar.blp
4571485;interface/options/optionsexpandlistbutton.blp
4613342;interface/hud/uiactionbar.blp
4613345;interface/hud/uiexperiencebar.blp
4613348;interface/hud/uiactionbarvertical.blp
4614134;interface/common/minimalcheckbox.blp
4615740;interface/hud/uiactionbarbackground.blp
4615764;interface/hud/uiactionbar2x.blp
4615769;interface/hud/uiactionbarvertical2x.blp
4615784;interface/hud/uiexperiencebar2x.blp
4616456;interface/hud/uigroupfinderflipbook.blp
4618651;interface/hud/uiminimap.blp
4618654;interface/hud/uiminimapvertical.blp
4618657;interface/hud/uiminimapbackground.blp
4618660;interface/hud/uiminimapdownbackground.blp
4618663;interface/hud/uicalendar.blp
4618666;interface/hud/uiminimap2x.blp
4618669;interface/hud/uiminimapbackground2x.blp
4618672;interface/hud/uiminimapdownbackground2x.blp
4618675;interface/hud/uiminimapvertical2x.blp
4619240;interface/hud/uiminimapmask.blp
4619252;interface/hud/uiminimapmask2x.blp
4619660;interface/questframe/questbackgroundprofessionskinning.blp
4619696;interface/questframe/questbackgroundprofessiontailoring.blp
4619864;interface/questframe/questbackgroundprofessionalchemy.blp
4619867;interface/questframe/questbackgroundprofessionblacksmithing.blp
4619870;interface/questframe/questbackgroundprofessioncooking.blp
4619873;interface/questframe/questbackgroundprofessionenchanting.blp
4619876;interface/questframe/questbackgroundprofessionengineering.blp
4619879;interface/questframe/questbackgroundprofessionfishing.blp
4619882;interface/questframe/questbackgroundprofessionherbalism.blp
4619885;interface/questframe/questbackgroundprofessioninscription.blp
4619888;interface/questframe/questbackgroundprofessionjewelcrafting.blp
4619890;interface/questframe/questbackgroundprofessionleatherworking.blp
4619892;interface/questframe/questbackgroundprofessionmining.blp
4624242;interface/hud/uiactionbarfxx2.blp
4624259;interface/hud/uiactionbarfxprocmaskx2.blp
4624272;interface/cursor/uicampaignquestcursor2x.blp
4624362;interface/hud/uiactionbarcastingmaskx2.blp
4624365;interface/hud/uiactionbarfxcastendmaskx2.blp
4625448;interface/professions/professionbackgroundartblacksmithing.blp
4625450;interface/professions/professionbackgroundartalchemy.blp
4626004;interface/talentframe/specialization.blp
4626025;interface/talentframe/specializationclassthumbnails.blp
4626072;interface/hud/uiactionbariconframemask.blp
4626279;interface/professions/professionsskillbarmask.blp
4627473;interface/cursor/uiitemcursor2x.blp
4627497;interface/professions/professionbackgroundarttailoring.blp
4631290;interface/talentframe/talentsclassbackgrounddeathknight1.blp
4631293;interface/talentframe/talentsclassbackgrounddeathknight2.blp
4631296;interface/talentframe/talentsclassbackgrounddemonhunter.blp
4631299;interface/talentframe/talentsclassbackgrounddruid1.blp
4631304;interface/talentframe/talentsclassbackgrounddruid2.blp
4631307;interface/talentframe/talentsclassbackgroundevoker.blp
4631310;interface/talentframe/talentsclassbackgroundhunter1.blp
4631313;interface/talentframe/talentsclassbackgroundhunter2.blp
4631318;interface/talentframe/talentsclassbackgroundmage1.blp
4631321;interface/talentframe/talentsclassbackgroundmage2.blp
4631324;interface/talentframe/talentsclassbackgroundmonk1.blp
4631329;interface/talentframe/talentsclassbackgroundmonk2.blp
4631337;interface/talentframe/talentsclassbackgroundpaladin1.blp
4631340;interface/talentframe/talentsclassbackgroundpaladin2.blp
4631348;interface/talentframe/talentsclassbackgroundpriest1.blp
4631371;interface/talentframe/talentsclassbackgroundpriest2.blp
4631374;interface/talentframe/talentsclassbackgroundrogue1.blp
4631377;interface/talentframe/talentsclassbackgroundrogue2.blp
4631381;interface/talentframe/talentsclassbackgroundshaman1.blp
4631383;interface/talentframe/talentsclassbackgroundshaman2.blp
4631386;interface/talentframe/talentsclassbackgroundwarlock1.blp
4631389;interface/talentframe/talentsclassbackgroundwarlock2.blp
4631392;interface/talentframe/talentsclassbackgroundwarrior1.blp
4631395;interface/talentframe/talentsclassbackgroundwarrior2.blp
4631562;interface/hud/uievokeressence.blp
4631565;interface/hud/uievokeressence2x.blp
4631591;interface/hud/uiunitframe.blp
4633068;interface/talentframe/talentsmasknodecircle.blp
4633071;interface/talentframe/talentsmasknodechoice.blp
4635671;interface/questframe/questlogcampaignheadersdragonflight.blp
4635827;interface/questframe/questbackgrounddragonflightwalkingshore.blp
4635880;interface/questframe/questbackgrounddragonflightohnplains.blp
4636004;interface/questframe/questbackgrounddragonflightazurespan.blp
4636060;interface/questframe/questbackgrounddragonflightdracthyrawaken.blp
4636063;interface/questframe/questbackgrounddragonflightthaldraszus.blp
4636066;interface/questframe/questbackgrounddragonflightdragonflight.blp
4636184;interface/barbershop/dragonridingcustomization.blp
4636998;interface/talentframe/talentsarrowline.blp
4638369;interface/talentframe/talentsmasknodechoiceflyout.blp
4641164;interface/talentframe/talentsmasknodechoicehalf.blp
4642466;interface/hud/uiunitframe2x.blp
4659635;interface/hud/uiunitframerestingflipbook.blp
4659666;interface/professions/professionbackgroundart.blp
4671747;interface/professions/professionbackgroundartcooking.blp
4672345;interface/majorfactions/majorfactionsicons.blp
4675866;interface/professions/professionsspecializationdiallinemaskouter.blp
4677142;interface/professions/professionsspecializationdialedgemask.blp
4680792;interface/hud/uiunitframetargethealthmask.blp
4680795;interface/hud/uiunitframetargetmanamask.blp
4681512;interface/hud/uipartyframe.blp
4682541;interface/hud/uiunitframeplayerportraitmask.blp
4683154;interface/professions/professionsfxblacksmithing.blp
4687047;interface/professions/professionsspecializationdialfillmask.blp
4687507;interface/professions/professionsfxblacksmithingdialfill.blp
4691158;interface/hud/uipartyframeportraitoffmanamask.blp
4691161;interface/hud/uipartyframeportraitoffhealthmask.blp
4691255;interface/containerframe/bagslots2x.blp
4693223;interface/professions/professionsfxenchanting.blp
4693227;interface/professions/professionsfxenchantingdialfill.blp
4693230;interface/professions/professionsfxtailoring.blp
4693233;interface/professions/professionsfxtailoringdialfill.blp
4693237;interface/professions/professionsfxjewelcrafting.blp
4693240;interface/professions/professionsfxjewelcraftingdialfill.blp
4694314;interface/scenarios/scenariodragonflight.blp
4695774;interface/scenario/scoreboarddragonflight.blp
4696956;interface/professions/professionsfxalchemy.blp
4696968;interface/professions/professionsfxalchemydialfill.blp
4696971;interface/professions/professionsfxleatherworking.blp
4696974;interface/professions/professionsfxleatherworkingdialfill.blp
4697252;interface/widgets/dragonridingwidgets.blp
4697851;interface/hud/uiunitframeplayerhealthmask.blp
4697854;interface/hud/uiunitframeplayermanamask.blp
4698972;interface/buttons/redbutton2x.blp
4699152;interface/framegeneral/uiframedragonflight.blp
4699279;interface/framegeneral/uiframedragonflightbackground.blp
4699292;interface/framegeneral/uiframedragonflightvertical.blp
4700695;interface/framegeneral/uiframebackground.blp
4700716;interface/lootframe/lootframe.blp
4700728;interface/quickkeybind/quickkeybindui2x.blp
4701874;interface/containerframe/bagsitemslot2x.blp
4701877;interface/common/commoncoinbox.blp
4701880;interface/common/commoncurrencybox.blp
4703464;interface/professions/professionsqualityicons.blp
4703659;interface/hud/uiunitframeboss.blp
4703662;interface/hud/uiunitframeboss2x.blp
4703779;interface/garrison/talenttreecentaur.blp
4707839;interface/framegeneral/uiframetabs.blp
4707858;interface/talentframe/specialization2.blp
4708813;interface/hud/uimicromenu2x.blp
4713666;interface/dressupframe/dressingroomevoker.blp
4715163;interface/hud/uiwarlocksoulshard.blp
4715166;interface/hud/uiwarlocksoulshard2x.blp
4719244;interface/hud/uipaladinholypower2x.blp
4719247;interface/hud/uipaladinholypower.blp
4721838;interface/transmogrify/transmogbackgrounddracthyr.blp
4722478;interface/professions/professionbackgroundartengineering.blp
4722778;interface/talentframe/talentsanimationsmaskfull.blp
4723109;interface/talentframe/talentsanimationssheen.blp
4723112;interface/professions/professionbackgroundartjewelcrafting.blp
4723119;interface/professions/professionbackgroundartinscription.blp
4723154;interface/professions/professionbackgroundartleatherworking.blp
4723159;interface/professions/professionbackgroundartherbalism.blp
4723189;interface/professions/professionbackgroundartmining.blp
4723308;interface/professions/professionbackgroundartskinning.blp
4723316;interface/professions/professionbackgroundartfishing.blp
4723320;interface/professions/professionbackgroundartenchanting.blp
4723325;interface/professions/professionspecializationbackgroundartblacksmithing.blp
4723331;interface/professions/professionspecializationbackgroundartalchemy.blp
4723334;interface/professions/professionspecializationbackgroundartcooking.blp
4723337;interface/professions/professionspecializationbackgroundartenchanting.blp
4723340;interface/professions/professionspecializationbackgroundartengineering.blp
4723343;interface/professions/professionspecializationbackgroundartfishing.blp
4723346;interface/professions/professionspecializationbackgroundartherbalism.blp
4723349;interface/professions/professionspecializationbackgroundartinscription.blp
4723352;interface/professions/professionspecializationbackgroundartjewelcrafting.blp
4723355;interface/professions/professionspecializationbackgroundartleatherworking.blp
4723358;interface/professions/professionspecializationbackgroundartskinning.blp
4723361;interface/professions/professionspecializationbackgroundarttailoring.blp
4723364;interface/professions/professionspecializationbackgroundartmining.blp
4723389;interface/professions/professionsqualityt1.blp
4723392;interface/professions/professionsqualitytier2.blp
4723395;interface/professions/professionsqualityt3.blp
4723398;interface/professions/professionsqualitytier4.blp
4723401;interface/professions/professionsqualityt5.blp
4723680;interface/ garrison/dragonflightlandingpage.blp
4723682;interface/garrison/uiframedragonflightbackgroundlight.blp
4723960;interface/garrison/talenttreeexpedition.blp
4726163;interface/talentframe/talentsanimationsmaskfiligree.blp
4726182;interface/talentframe/talentsanimationsmaskspecart.blp
4726196;interface/covenantrenown/dragonflightmajorfactionscentaurbackground.blp
4726199;interface/covenantrenown/dragonflightmajorfactionsvaldrakkenbackground.blp
4726203;interface/covenantrenown/dragonflightmajorfactionstuskarrbackground.blp
4726580;interface/covenantrenown/dragonflightmajorfactionscentaur.blp
4726583;interface/covenantrenown/dragonflightmajorfactionsvaldrakken.blp
4726586;interface/covenantrenown/dragonflightmajorfactionstuskarr.blp
4726588;interface/covenantrenown/dragonflightmajorfactionsexpedition.blp
4730866;interface/widgets/dragonridingvigorwidgets.blp
4731066;interface/professions/professionsspecializationarrowline.blp
4731572;interface/talentframe/talentsanimationsmasknodesheensquare.blp
4731579;interface/talentframe/talentsanimationsmasknodesheencircle.blp
4731582;interface/talentframe/talentsanimationsmasknodesheenchoice.blp
4731585;interface/talentframe/talentsanimationsmasknodesheenchoiceflyoutcircle.blp
4731588;interface/talentframe/talentsanimationsmasknodesheenchoiceflyoutsquare.blp
4731887;interface/containerframe/bagsitembankslot2x.blp
4732062;interface/talentframe/talentsanimationsmaskspecartmid.blp
4732064;interface/talentframe/talentsanimations2.blp
4733159;interface/masks/squaremask.blp
4734080;interface/splash/splash1001.blp
4734083;interface/splash/splash1002.blp
4734086;interface/splash/splash1003.blp
4734089;interface/widgets/dragonridingvigorwidgetmask.blp
4734097;interface/professions/professionspecializationminidialarttailoring.blp
4734100;interface/professions/professionspecializationminidialartblacksmithing.blp
4734102;interface/professions/professionspecializationminidialartinscription.blp
4734106;interface/professions/professionspecializationminidialartalchemy.blp
4734108;interface/professions/professionspecializationminidialartleatherworking.blp
4734111;interface/professions/professionspecializationminidialartenchanting.blp
4734114;interface/professions/professionspecializationminidialartjewelcrafting.blp
4734118;interface/professions/professionspecializationminidialartherbalism.blp
4734120;interface/professions/professionspecializationminidialartmining.blp
4734131;interface/professions/professionspecializationminidialartskinning.blp
4734154;interface/professions/tabdividertop.blp
4734301;interface/talentframe/talentsanimations3.blp
4734349;interface/talentframe/talentsanimationsmaskfiligreeactivate.blp
4737298;interface/hud/uipartyframeportraitonmanamask.blp
4737301;interface/hud/uipartyframeportraitonhealthmask.blp
4741460;interface/talentframe/talentsanimations4.blp
4742623;interface/questframe/questbackgroundtradingpost.blp
4742693;interface/majorfactions/majorfactioncelebration.blp
4743725;interface/hud/uimonkchi2x.blp
4744156;interface/hud/uimonkchi.blp
4746629;interface/garrison/orderhalllandingbuttondragonflight.blp
4748832;interface/covenantrenown/dragonflightmajorfactionsexpeditionbackground.blp
4755324;interface/gamepad/gamepadgeneric.blp
4755336;interface/gamepad/gamepadltr.blp
4755339;interface/gamepad/gamepadrev.blp
4755342;interface/gamepad/gamepadshp.blp
4755345;interface/professions/tabdividertophighlight.blp
4755699;interface/professions/professionspecializationminidialartengineering.blp
4757727;interface/store/shopbundles1000a32.blp
4760657;interface/taxiframe/ancientwaygatetaxi.blp
4763775;interface/garrison/talenttreedragonriding.blp
4764688;interface/hud/uiguildbanner.blp
4764691;interface/hud/uiguildbanner2x.blp
4821657;interface/recruitafriend/recruitafriendv2assets.blp
4822549;interface/playerchoice/genericplayerchoice.blp
4824798;interface/hud/uipartyframeportraitonvehiclemanamask.blp
4828108;interface/recruitafriend/recruitafriendv3assets.blp
4853479;interface/professions/craftingorders.blp
4861471;interface/extrabutton/extrabuttonstorm.blp
4861554;interface/common/commonloadingspinnercircle.blp
4863762;interface/splash/splash1004.blp
4869601;interface/hud/uiunitframeminusmobhealthmask.blp
4869604;interface/hud/uipartyframeportraitonvehiclehealthmask.blp
4869607;interface/majorfactions/majorfactionemissary.blp
4871241;interface/store/shopbundles1002t27.blp
4871319;interface/store/shopbundles1002h71.blp
4872225;interface/professions/professionsfxmining.blp
4872258;interface/store/perksactivitiesmask.blp
4872261;interface/professions/professionsfxcooking.blp
4872264;interface/professions/professionsfxinscription.blp
4872267;interface/professions/professionsfxskinning.blp
4872270;interface/professions/professionsfxherbalism.blp
4872851;interface/splash/completiondialogdragonflightcampaign.blp
4876498;interface/hud/uideathknightrunes2x.blp
4876501;interface/hud/uideathknightrunes.blp
4880063;interface/extrabutton/extrabuttonair.blp
4880066;interface/extrabutton/extrabuttonfire.blp
4880069;interface/extrabutton/extrabuttonwater.blp
4881558;interface/professions/professionsfxengineering.blp
4881561;interface/professions/professionsfxengineeringdialfill.blp
4881598;interface/professions/professionsfxherbalismdialfill.blp
4881612;interface/professions/professionsfxfishing.blp
4881615;interface/professions/professionsfxinscriptiondialfill.blp
4881619;interface/professions/professionsfxminingdialfill.blp
4881622;interface/professions/professionsfxskinningdialfill.blp
4883270;interface/hud/uidruidcombopoints2x.blp
4883273;interface/hud/uidruidcombopoints.blp
4891904;interface/cursor/uiinteractcursor2x.blp
4898391;interface/store/perksactivitiesdecormask.blp
4898396;interface/store/perksfreeze.blp
4899746;interface/store/perkslistmask.blp
4900225;interface/ingamelanguagues/ingamelanguagesfurbolgwhite.blp
4900228;interface/ingamelanguagues/ingamelanguagesfurbolgdarkbrown.blp
4900249;interface/ingamelanguagues/ingamelanguagesfurbolgblack.blp
4900519;interface/store/perkscurrencyglow.blp
4901703;interface/store/perkslistdecalmask.blp
4902602;interface/hud/uiroguecombopoints2x.blp
4902605;interface/hud/uiroguecombpoints.blp
4919364;interface/mount/motionsicknesspart1.blp
4919367;interface/mount/motionsicknesspart2.blp
4925543;interface/store/shopbundles1002p74.blp
4927890;interface/common/commonbuttongreenglow.blp
4952341;interface/common/commonbuttongreenglowhorizontal.blp
4954108;interface/cursor/uilockcursor2x.blp
4956404;interface/widgets/stormcapturebar.blp
4991961;interface/dialognew/uidialognew.blp
4996468;interface/splash/splash1005.blp
5003191;interface/professions/professionspecializationpreviewartblacksmithing.blp
5004168;interface/professions/professionspecializationpreviewarttailoring.blp
5004172;interface/professions/professionspecializationpreviewartalchemy.blp
5004174;interface/professions/professionspecializationpreviewartenchanting.blp
5004177;interface/professions/professionspecializationpreviewartengineering.blp
5004180;interface/professions/professionspecializationpreviewartherbalism.blp
5004183;interface/professions/professionspecializationpreviewartinscription.blp
5004186;interface/professions/professionspecializationpreviewartjewelcrafting.blp
5004235;interface/professions/professionspecializationpreviewartleatherworking.blp
5004238;interface/professions/professionspecializationpreviewartmining.blp
5004241;interface/professions/professionspecializationpreviewartskinning.blp
5005800;interface/professions/professionspecializationpreviewpips.blp
5008295;interface/cursor/uibuycursor2x.blp
5008297;interface/cursor/uicastcursor2x.blp
5008300;interface/cursor/uilootallcursor2x.blp
5008302;interface/cursor/uimailcursor2x.blp
5008304;interface/cursor/uitrainercursor2x.blp
5012717;interface/framegeneral/graphicsectiontabframe.blp
5012720;interface/framegeneral/graphicsectiontabframevertical.blp
5013775;interface/hud/uiexperiencebarfxmask2x.blp
5014178;interface/hud/uiexperiencebarfxblue2x.blp
5014219;interface/hud/uiexperiencebarfxgreen2x.blp
5014232;interface/hud/uiexperiencebarfxpurple2x.blp
5014235;interface/hud/uiexperiencebarfxred2x.blp
5014246;interface/hud/uiexperiencebarfxsand2x.blp
5042001;interface/hud/uimagearcanecharge2x.blp
5045210;interface/hud/uimagearcanecharge.blp
5048257;interface/store/shopbundles1005b06.blp
5053566;interface/questframe/questbackgrounddragonflightzaralekcavern.blp
5053599;interface/splash/splash1007.blp
5094125;interface/professions/professionsminimizedview.blp
5098426;interface/taxiframe/cavetaxi.blp
5104071;interface/covenantrenown/dragonflightmajorfactionsniffenbackground.blp
5104078;interface/covenantrenown/dragonflightmajorfactionsniffen.blp
5142784;interface/buttons/minimalscrollbarsmallvertical.blp
5142787;interface/buttons/minimalscrollbarsmallproportional.blp
5143719;interface/hud/uiunitframehorizontal.blp
5144766;interface/minimap/mapfyrakkevent.blp
5145742;interface/hud/uiactionbartargetingmaskx2.blp
5145744;interface/hud/uiactionbarinterruptmaskx2.blp
5147221;interface/hud/uicommonopacitybackground.blp
5147228;interface/hud/uicommonopacitybackgroundvertical.blp
5147236;interface/hud/uicommonopacitybackgroundcenter.blp
5148876;interface/lootframe/lootrollframe.blp
5148916;interface/cursor/uilegendaryquestcursor2x.blp
5148931;interface/questframe/questlegendarymapicons.blp
5148964;interface/gossipframe/legendarygossipicons.blp
5151356;interface/questframe/questlogquesttypeicons.blp
5153019;interface/questframe/questlogcampaignheadersexilesreach.blp
5153022;interface/questframe/questbackgroundexilesreach.blp
5154074;interface/hud/uiunitframehighcontrast.blp
5154329;interface/store/shopbundles1007y46.blp
5154332;interface/store/shopbundles1007y47.blp
5159888;interface/cursor/uipickupcursor2x.blp
5160904;interface/splash/splash1010.blp
5160907;interface/splash/splash10102.blp
5161789;interface/lootframe/lootrollsanimation.blp
5171843;interface/lfgframe/uilfgprompts.blp
5174686;interface/hud/uievokerebonmight.blp
5174689;interface/hud/uievokerebonmight2x.blp
5179179;interface/talentframe/talentsclassbackgroundevoker2.blp
5193783;interface/store/shopbundles1010gs1.blp
5196718;interface/cursor/uiopenhandcursor2x.blp
5196721;interface/cursor/uiquestinteractcursor2x.blp
5199404;interface/hud/uiactionbarfx.blp
5199409;interface/hud/uiactionbarfxcastendmask.blp
5199418;interface/hud/uiactionbarinterruptmask.blp
5199425;interface/hud/uiactionbartargetingmask.blp
5201351;interface/hud/uiminimapmail.blp
5201666;interface/cursor/uiimportantquestcursor2x.blp
5201669;interface/questframe/questimportantmapicons.blp
5201675;interface/gossipframe/importantgossipicons.blp
5201892;interface/glues/characterupdatepanel.blp
5201895;interface/framegeneral/characterupdateinnerframe.blp
5201898;interface/framegeneral/characterupdateinnerframevertical.blp
5201901;interface/framegeneral/characterupdateinnerframeselectedvertical.blp
5201904;interface/framegeneral/characterupdateinnerframeselected.blp
5204801;interface/cursor/uitrackcursor2x.blp
5204928;interface/hud/uiminimapmail2x.blp
5215295;interface/radialwheel/uipingsystem.blp
5215694;interface/radialwheel/uiradialwheel.blp
5216552;interface/characterselection/characterselectionassets.blp
5220977;interface/challenges/challengemodemedals.blp
5221755;interface/store/shopbundles1015j95.blp
5222222;interface/merchantframe/merchant.blp
5222583;interface/radialwheel/uipingsystem2x.blp
5222590;interface/radialwheel/uiradialwheel2x.blp
5224859;interface/cursor/uiopenhandglowcursor2x.blp
5224930;interface/playerchoice/genericplayerchoicegoldmask.blp
5224933;interface/playerchoice/genericplayerchoicesilvermask.blp
5224936;interface/playerchoice/genericplayerchoiceiconmask.blp
5224939;interface/playerchoice/genericplayerchoicetitanlinesmask.blp
5225358;interface/playerchoice/genericplayerchoicetitanlinesverticaltile.blp
5227822;interface/playerchoice/genericplayerchoicebuttonhighlightmask.blp
5228478;interface/hud/uiactionbarfxstackcooldown.blp
5228950;interface/hud/uimicromenuportraitmask2x.blp
5244786;interface/picture/secretsoazerothtuskarrmonument.blp
5245580;interface/splash/splash1015.blp
5245923;interface/hud/uiunitframeclassicons2x.blp
5246135;interface/store/shopvc2.blp
5246138;interface/store/shopvc3.blp
5246146;interface/store/shopvc4.blp
5246148;interface/store/shopvc5.blp
5246150;interface/store/shopvc6.blp
5246152;interface/store/shopvc7.blp
5246159;interface/store/shopvc8.blp
5246180;interface/store/shopvc9.blp
5246191;interface/store/shopvc10.blp
5246201;interface/store/shopvc11.blp
5246209;interface/store/shopvc12.blp
5246211;interface/store/shopvc13.blp
5246213;interface/store/shopvc14.blp
5246215;interface/store/shopvc15.blp
5246217;interface/store/shopvc16.blp
5246219;interface/store/shopvc17.blp
5262907;interface/buttons/redbuttons.blp
5278581;interface/store/shopbundles1015wsg7.blp
5279599;interface/store/shopbundles1015dk33.blp
5279606;interface/store/shopbundles1015fm24.blp
5279615;interface/store/shopbundles1015ku72.blp
5279669;interface/store/shopbundles1015cf67.blp
5320671;interface/questframe/questtracker.blp
5320674;interface/questframe/questtracker2x.blp
5320914;interface/questframe/questmapicons.blp
5320937;interface/questframe/questmapicons2x.blp
5321198;interface/hud/uiunitframeplayerportraitmask2x.blp
5321212;interface/hud/uiunitframetargethealthmask2x.blp
5321215;interface/hud/uiunitframeplayerhealthmask2x.blp
5321218;interface/hud/uiunitframeplayermanamask2x.blp
5321221;interface/hud/uiunitframetargetmanamask2x.blp
5321224;interface/hud/uiunitframeminusmobhealthmask2x.blp
5322736;interface/lootframe/lootgreatvault.blp
5332806;interface/picture/secretsoazerothohnahrastatue.blp
5333935;interface/questframe/questimportantmapicons2x.blp
5334458;interface/widgets/dragonridingsgvigorwidget2x.blp
5334461;interface/widgets/dragonridingsgvigorwidgetmask.blp
5334713;interface/widgets/genericwidgetbar.blp
5340525;interface/questframe/questbackgrounddragonflightemeralddream.blp
5340912;interface/barbershop/dragonridingsgicon.blp
5343807;interface/questframe/dreamsurgehighlight.blp
5347561;interface/cursor/uipingcursor2x.blp
5353645;interface/radialwheel/uipingsystemtutorial.blp
5364368;interface/splash/splash1017.blp
5367713;interface/store/shopbundles1017rf68.blp
5368788;interface/store/shopbundles1017h35.blp
5368795;interface/store/shopbundles1017lb74.blp
5368798;interface/store/shopbundles1017ro64.blp
5368857;interface/store/shopbundles1017hto12.blp
5370151;interface/questframe/questbannernotification.blp
5370167;interface/questframe/questbannernotification2x.blp
5376505;interface/cursor/uiwrapperquestcursor2x.blp
5376508;interface/cursor/uirepeatablequestcursor2x.blp
5382316;interface/gossipframe/repeatablegossipicons.blp
5382319;interface/gossipframe/wrappergossipicons.blp
5382450;interface/questframe/questrepeatablemapicons.blp
5382453;interface/questframe/questwrappermapicons.blp
5382884;interface/store/perksthemewinterveil.blp
5385291;interface/masks/transparentsquaremask.blp
5386818;interface/questframe/questrepeatablemapicons2x.blp
5386822;interface/questframe/questwrappermapicons2x.blp
5389679;interface/covenantrenown/dragonflightmajorfactionsdreambackground.blp
5389682;interface/covenantrenown/dragonflightmajorfactionsdream.blp
5390329;interface/common/commondropdown.blp
5400310;interface/uitools/uitools.blp
5410910;interface/hud/uidemonhunterfury.blp
5410913;interface/hud/uidemonhunterfury2x.blp
5410916;interface/hud/uidruidastralpower.blp
5410919;interface/hud/uidruidastralpower2x.blp
5410922;interface/hud/uishamanmaelstrom.blp
5410927;interface/hud/uishamanmaelstrom2x.blp
5412318;interface/hud/uipriestinsanity2x.blp
5412376;interface/hud/uimonkstagger2x.blp
5412379;interface/common/commondropdown2x.blp
5412382;interface/hud/uimonkstagger.blp
5412416;interface/questframe/questlegendarymapicons2x.blp
5412495;interface/hud/uipriestinsanity.blp
5412773;interface/hud/uiclassresourcebarmask.blp
5412776;interface/hud/uiclassresourcebarmask2x.blp
5413429;interface/hud/uipendingspinnera.blp
5423563;interface/questframe/questinprogressicons.blp
5423566;interface/questframe/questinprogressicons2x.blp
5454851;interface/common/optionslanguages.blp
5456202;interface/questframe/questbackgroundshadow.blp
5456764;interface/hud/uihudwowlabsitembelt.blp
5456845;interface/hud/uiwowlabsminimapvoidtextures.blp
5456848;interface/glues/uiwowlabsqueuewidget.blp
5456851;interface/hud/uiwowlabscurrencycontainer.blp
5456854;interface/hud/uiwowlabslevelup.blp
5456857;interface/hud/uiiconswowlabsspelltypes.blp
5456860;interface/hud/uiiconswowlabssquadsize.blp
5456927;interface/hud/uiwowlabsabilityrarity.blp
5456932;interface/hud/uiwowlabsspectatormode.blp
5456935;interface/hud/uiwowlabsactionbar.blp
5464939;interface/lootframe/lootrolls100.blp
5479552;interface/dialogframe/colorpicker.blp
5485977;interface/store/shopbundles1020rx1.blp
5485980;interface/store/shopbundles1020mq1.blp
5485983;interface/store/shopbundles1020ba1.blp
5485996;interface/store/shopbundles1020az1.blp
5486644;interface/splash/splash1020.blp
5486651;interface/splash/splash10202.blp
5502842;interface/spellbook/spellbookbackgrounddruid.blp
5506565;interface/spellbook/spellbookelements.blp
5524932;interface/hud/uigroupmanager2x.blp
5524935;interface/hud/uigroupmanager.blp
5534021;interface/common/commonbuttontertiary.blp
5534024;interface/common/commonbuttontertiary2x.blp
5548240;interface/glues/common/cinematicbuttonslargeatlas.blp
5548548;interface/hud/uiactionbarframe2x.blp
5550111;interface/hud/uiactionbarautocastmaskx2.blp
5550114;interface/hud/uiactionbarautocastmask.blp
5550332;interface/splash/splash1025.blp
5551744;interface/petstableframe/hunterpetstable.blp
5567029;interface/store/shopfullcardgeneric1.blp
5583385;interface/widgets/mappinwidget.blp
5607429;interface/covenantrenown/dragonflightmajorfactionsplunderstormbackground.blp
5607489;interface/covenantrenown/dragonflightmajorfactionsplunderstorm.blp
5607571;interface/framegeneral/uiframeplunderstorm.blp
5607574;interface/framegeneral/uiframeplunderstormvertical.blp
5607602;interface/hud/uiwowlabsminimapvoidtextureslighting.blp
5633777;interface/store/shopbundles1025tw1.blp
5633788;interface/store/shopbundles1025mu1.blp
5633790;interface/store/shopbundles1025dr1.blp
5648070;interface/glues/characterselect/uicharacterselectglues.blp
5648073;interface/glues/characterselect/uicharacterselectglues2x.blp
5650059;interface/cursor/uigearenchantcursor2x.blp
5656510;interface/hud/plunderstormglues2.blp
5662682;interface/hud/plunderstormpartyhealthbarmask.blp
5666025;interface/gossipframe/inprogressgossipicons.blp
5680790;interface/hud/plunderstormplayerhealthbarmask.blp
5680793;interface/hud/plunderstormplayerhealthbarmask2x.blp
5684744;interface/questframe/questlogframe.blp
5684755;interface/questframe/questlogbackground.blp
5684767;interface/questframe/questlogframe2x.blp
5684770;interface/questframe/questlogbackground2x.blp
5688789;interface/splash/splash10262.blp
5700715;interface/store/perksthemepirateday.blp
5703593;interface/credits/creditsscreenkeyart10thewarwithin.blp
5703596;interface/credits/creditsscreenbackground10thewarwithin.blp
5708591;interface/questframe/questlogcampaignheaderspandaria.blp
5708636;interface/questframe/questbackgroundpandaria.blp
5730457;interface/questframe/questbackgrounddragonflight1027.blp
5735000;interface/characterselection/timerunningglues.blp
5735541;interface/framegeneral/uiframechamfered.blp
5735970;interface/scenarios/scenarioevergreen.blp
5735973;interface/scenarios/scenarioevergreen2x.blp
5736907;interface/questframe/questmaplogcampaignlore2x.blp
5738203;interface/store/shopbundles1026gr45.blp
5738893;interface/splash/splash1026.blp
5740021;interface/talentframe/talentsheroclassicons.blp
5740328;interface/splash/completiondialogwarwithincampaign.blp
5740409;interface/talentframe/talentsheroclass.blp
5747232;interface/framegeneral/uiframebossportrait.blp
5747235;interface/framegeneral/uiframebossportrait2x.blp
5747583;interface/store/perksthemepiratedaynineslice.blp
5752111;interface/common/commonmasksemicircleleft.blp
5752114;interface/common/commonmasksemicircleright.blp
5755612;interface/characterselection/timerunningfxflipbook.blp
5755614;interface/characterselection/timerunningfx.blp
5755628;interface/characterselection/timerunningfxbuttonmask.blp
5756295;interface/hud/minimapfilter.blp
5757702;interface/common/commonmaskcircle.blp
5758112;interface/characterselection/timerunningfxframemask.blp
5761492;interface/characterselection/timerunningfxfixedsizeframemask.blp
5766526;interface/garrison/orderhalllandingbuttonwarwithin.blp
5772713;interface/characterselection/timerunningfxactiveeventmask.blp
5779392;interface/bankframe/bankframevertical.blp
5782246;interface/bankframe/bankframe.blp
5782252;interface/bankframe/bankframebackground.blp
5790026;interface/talentframe/talentsanimationsmasknodesheenheroclassmainpanering.blp
5793171;interface/hud/uiunitframeplayertemphplossdividermask.blp
5793174;interface/hud/uiunitframeplayertemphplossdividermask2x.blp
5794906;interface/spellbook/spellbookelementsiconsheenmask.blp
5796957;interface/questframe/questbackgroundthewarwithinstorm.blp
5797157;interface/questframe/questbackgroundthewarwithincandle.blp
5797189;interface/questframe/questbackgroundthewarwithinflame.blp
5797234;interface/questframe/questbackgroundthewarwithinweb.blp
5803605;interface/questframe/questlogcampaignheadersthewarwithin.blp
5834697;interface/spellbook/spellbookbackgroundevergreen.blp
5840192;interface/splash/splash10271.blp
5841401;interface/splash/splash1027.blp
5854942;interface/grouporganizer/uigrouporganizer.blp
5854945;interface/grouporganizer1x/uigrouporganizer1x.blp
5855104;interface/warbands/uiwarbandsicons.blp
5855107;interface/warbands/uiwarbandsicons2x.blp
5868087;interface/garrison/delvescompanionpanel.blp
5868378;interface/store/shopbundles1027cm40.blp
5873682;interface/framegeneral/uiframethewarwithin.blp
5873945;interface/store/shopbundles1027fp27.blp
5873976;interface/store/shopbundles1027ap27.blp
5874260;interface/framegeneral/uiframethewarwithinbackground.blp
5875463;interface/characterselection/timerunningfxtophudmask.blp
5882640;interface/common/currencywindow.blp
5882643;interface/delves/110delvesentrancebackgrounds.blp
5882646;interface/delves/scenariodelves.blp
5882648;interface/delves/scenariodelves2x.blp
5891205;interface/professions/professionsfxgearaugmentation.blp
5891207;interface/professions/professionsfxgearaugmentationmask.blp
5891357;interface/store/uitokens.blp
5891360;interface/store/uitokens2x.blp
5891941;interface/store/uivas.blp
5891944;interface/store/uivas2x.blp
5898979;interface/delves/delvesdashboard.blp
5899865;interface/masks/progressbardiamondpipmask.blp
5899876;interface/spellbook/spellbookelementsiconmask.blp
5900924;interface/store/shopbundles1027murlocrompergreen.blp
5901455;interface/store/shopbundles1027mrlgrlpack.blp
5901972;interface/store/shopbundles1100welcometoazeroth14day.blp
5901975;interface/store/shopbundles1100welcometoazeroth60day.blp
5901978;interface/store/shopbundles1100welcometoazeroth90day.blp
5903054;interface/photosensitivitywarning/photosensitivitybackground.blp
5904915;interface/transmogrify/transmogbackgroundearthen.blp
5907240;interface/extrabutton/extrabuttonnerubian.blp
5907428;interface/talentframe/talentsanimationsmasknodesheenheroclassbackplatefull.blp
5907435;interface/photosensitivitywarning/photosensitivitywarningparchment.blp
5911407;interface/delves/delvesentranceui.blp
5911899;interface/glues/gearupdate/uigearupdate.blp
5911902;interface/glues/gearupdate/uigearupdate2x.blp
5912346;interface/delves/delvesbountifulanimation.blp
5912725;interface/widgets/radiantechoes.blp
5917397;interface/delves/delvescuriosiconborder.blp
5922242;interface/spellbook/spellbookelementsautocastmask.blp
5922431;interface/store/perksthemehallowsend.blp
5930260;interface/covenantrenown/thewarwithinmajorfactionsstormbackground.blp
5930263;interface/covenantrenown/thewarwithinmajorfactionsstorm.blp
5930301;interface/majorfactions/thewarwithinmajorfactionsicons.blp
5930314;interface/majorfactions/thewarwithinmajorfactionscelebration.blp
5931776;interface/covenantrenown/thewarwithinmajorfactionscandle.blp
5931797;interface/covenantrenown/thewarwithinmajorfactionscandlebackground.blp
5931808;interface/covenantrenown/thewarwithinmajorfactionsflamebackground.blp
5931813;interface/covenantrenown/thewarwithinmajorfactionsflame.blp
5931849;interface/covenantrenown/thewarwithinmajorfactionswebbackground.blp
5931967;interface/covenantrenown/thewarwithinmajorfactionsweb.blp
5932322;interface/garrison/thewarwithinlandingpage.blp
5932329;interface/garrison/thewarwithinlandingpagebackground.blp
5933889;interface/buttons/128redbuttonpart2.blp
5937141;interface/minimap/uieventpoiicons.blp
5937395;interface/store/shopcardgenericgreen.blp
5937397;interface/store/shopcardgenericbluesky.blp
5937400;interface/store/shopcardgenericdarkred.blp
5937403;interface/store/shopcardgenericforest.blp
5937406;interface/store/shopcardgenericpurpletrees.blp
5937409;interface/store/shopcardgenericsnowy.blp
5937424;interface/store/shopcardgenericwater.blp
5937429;interface/store/shopcardgenerictradingpost.blp
5946378;interface/splash/splash1100.blp
5946380;interface/questframe/questcampaignmapicons2x.blp
5946387;interface/minimap/uieventpoiicons2x.blp
5948234;interface/weeklyreward/evergreenweeklyrewardui.blp
6006445;interface/cursor/uiattackcursor2x.blp
6006905;interface/scenarios/scenariothewarwithin.blp
6006908;interface/scenarios/scenariothewarwithin2x.blp
6008880;interface/store/shopbundles1027july20246monthsubbundle.blp
6008883;interface/store/shopbundles1027july202412monthsubbundle.blp
6008946;interface/weeklyreward/evergreenweeklyrewarduioverlaymask.blp
6008949;interface/weeklyreward/evergreenweeklyrewarduiselectionmask.blp
6009167;interface/cursor/uiquestcursor2x.blp
6012160;interface/lootframe/lootgreatvaultfx.blp
6018360;interface/lootframe/lootgreatvaultfxpart2.blp
6022839;interface/encounterjournal/dungeonjournaltierbackgrounds5.blp
6026310;interface/store/shopbundles1100cosmicweaponscache.blp
6027050;interface/store/shopbundles1102travelingrepairbear.blp
6031822;interface/splash/splash1100release.blp
6031825;interface/splash/splash11001.blp
6033665;interface/cursor/openhandcursor2x.blp
6033710;interface/store/shopbundlescn1100yearlydeluxe.blp
6033891;interface/splash/completiondialogwarwithinpact.blp
6067148;interface/store/shopbundles1100annualessencegiftpack.blp
6074836;interface/cursor/crosshair/uiwrapperquestcrosshair2x.blp
6074839;interface/cursor/crosshair/uirecurringquestcrosshair2x.blp
6074842;interface/cursor/crosshair/uiquestcrosshair2x.blp
6074857;interface/cursor/crosshair/uilegendaryquestcrosshair2x.blp
6074860;interface/cursor/crosshair/uiimportantquestcrosshair2x.blp
6074863;interface/cursor/crosshair/uicampaignquestcrosshair2x.blp
6075016;interface/cursor/crosshair/uimailcrosshair2x.blp
6075027;interface/cursor/uitaxicursor2x.blp
6075030;interface/cursor/crosshair/uitaxicrosshair2x.blp
6075035;interface/cursor/crosshair/uitrainercrosshair2x.blp
6075043;interface/cursor/crosshair/uibuycrosshair2x.blp
6075055;interface/cursor/crosshair/uiinteractcrosshair2x.blp
6075058;interface/cursor/crosshair/uipickupcrosshair2x.blp
6075065;interface/cursor/crosshair/uiquestinteractcrosshair2x.blp
6075088;interface/cursor/crosshair/uiattackcrosshair2x.blp
6075270;interface/cursor/crosshair/openhandcrosshair2x.blp
6075273;interface/cursor/crosshair/uiopenhandcrosshair2x.blp
6075276;interface/cursor/crosshair/uiopenhandglowcrosshair2x.blp
6075457;interface/cursor/uipicklockcursor2x.blp
6075466;interface/cursor/crosshair/uipicklockcrosshair2x.blp
6075469;interface/cursor/crosshair/uilockcrosshair2x.blp
6080727;interface/questframe/questbackgroundthewarwithinrocket.blp
6099982;interface/store/shopbundles1102ghastlycharger.blp
6116514;interface/cursor/crosshair/uilootallcrosshair2x.blp
6116529;interface/cursor/crosshair/uicastcrosshair2x.blp
6116532;interface/cursor/crosshair/uicrosshair2x.blp
6116631;interface/cursor/crosshair/uigearenchantcrosshair2x.blp
6119898;interface/cursor/uirepairnpccursor2x.blp
6119901;interface/cursor/crosshair/uirepairnpccrosshair2x.blp
6119904;interface/cursor/uirepaircursor2x.blp
6119907;interface/cursor/crosshair/uirepaircrosshair2x.blp
6119960;interface/cursor/uitransmogrifycursor2x.blp
6119963;interface/cursor/crosshair/uitransmogrifycrosshair2x.blp
6119968;interface/cursor/uivehiclecursor2x.blp
6119971;interface/cursor/crosshair/uivehiclecrosshair2x.blp
6126723;interface/questframe/questlogquesttypeicons2x.blp
6152823;interface/hud/uiworldmaparrow2x.blp
6152859;interface/cursor/uiinnkeepercursor2x.blp
6152862;interface/cursor/crosshair/uiinnkeepercrosshair2x.blp
6156205;interface/store/perkstheme20thanniversary.blp
6156351;interface/store/perksthemeloveisintheair.blp
6158300;interface/cursor/uicrosshairscursor2x.blp
6158302;interface/crosshair/uicrosshairscrosshair2x.blp
6158309;interface/cursor/uidirectionscursor2x.blp
6158312;interface/crosshair/uispeakcrosshair2x.blp
6158314;interface/crosshair/uidirectionscrosshair2x.blp
6158317;interface/cursor/uispeakcursor2x.blp
6158776;interface/splash/splash11052.blp
6161842;interface/cursor/uistablemastercursor2x.blp
6161863;interface/cursor/crosshair/uistablemastercrosshair2x.blp
6188645;interface/store/uisubsupgradebanner.blp
6188888;interface/store/uisubsupgradebanner2x.blp
6215850;interface/store/shopbundles1102yearofazeroth2024.blp
6215859;interface/store/shopbundles1105winterwitch.blp
6218723;interface/gamepad/gamepadtargetingradialhalfcirclemask.blp
6227249;interface/gamepad/gamepadmenus.blp
6227333;interface/gamepad/gamepadindicators.blp
6227336;interface/gamepad/gamepadingame.blp
6234930;interface/widgets/genericwidgetbar111raidmugzee.blp
6235071;interface/widgets/widgetstatusbar111raidpromoter.blp
6237485;interface/store/shopbundles1105revenibelincharitypet.blp
6237634;interface/store/shopbundles1105anniversarybrutosaur.blp
6238483;interface/gamepad/gamepadconsolebuttons.blp
6252693;interface/covenantrenown/thewarwithinmajorfactionsrocketbackground.blp
6252696;interface/covenantrenown/thewarwithinmajorfactionsrocket.blp
6256022;interface/hud/uimapdropplunderstorm.blp
6310284;interface/hud/uiplunderstormtopmenu.blp
6310501;interface/store/shopbundles1105brutosaurbundle.blp
6320240;interface/housing/housingitemcategorynavigation.blp
6320692;interface/housing/housingitemcategorynavigation2x.blp
6325339;interface/lootframe/housingitemtoast2x.blp
6325342;interface/lootframe/housingitemtoast.blp
6339110;interface/delves/111delvesentrancebackgrounds.blp
6351645;interface/covenantrenown/thewarwithinmajorfactionsstarsbackground.blp
6351802;interface/covenantrenown/thewarwithinmajorfactionsstars.blp
6354257;interface/splash/splash1107.blp
6355780;interface/widgets/scorebar111raidjunkyard.blp
6356253;interface/housing/housechestcontainer2x.blp
6356256;interface/housing/housechestcontainer.blp
6360427;interface/questframe/eventscheduler.blp
6360430;interface/questframe/eventscheduler2x.blp
6368253;interface/store/newshop.blp
6375814;interface/collections/uicampcollection.blp
6375817;interface/collections/uicampcollection2x.blp
6380639;interface/hud/uiunitframehorizontal2x.blp
6393129;interface/cursor/uitrackcrosshair2x.blp
6402484;interface/store/perksthemenoblegarden.blp
6403406;interface/questframe/questlogcampaignheaderslorewalking.blp
6403817;interface/scenarios/scenariolorewalking.blp
6403824;interface/scenarios/scenariolorewalking2x.blp
6405990;interface/store/shopbundles1107cnpandateleportpet.blp
6427438;interface/store/shopbundles1107365subbundleapac.blp
6428712;interface/store/shopbundles110712mosubbundle.blp
6437722;interface/housing/housingdyetemplate.blp
6438303;interface/store/perksthemetrialofstyle.blp
6438376;interface/store/shopbundles1107cn365dayssubbundle.blp
6438383;interface/store/perksthemehordevsalliance.blp
6438677;interface/splash/splash1110.blp
6438680;interface/splash/splash11102.blp
6439172;interface/store/shopbundles1107180dayssubbundleapac.blp
6439267;interface/store/shopbundles11076monthssubbundle.blp
6447509;interface/store/shopbundles1107180dayssubbundlecn.blp
6637908;interface/store/perksthemechildrensweek.blp
6642680;interface/store/shopbundles1107witchbroombundle.blp
6648988;interface/housing/housingroomicons.blp
6653697;interface/housing/housingdecorabilitybar.blp
6653876;interface/housing/housingdecorabilityicons2x.blp
6653881;interface/housing/housingdecorabilityicons.blp
6654376;interface/housing/housingdecorcontrols2x.blp
6654379;interface/housing/housingdecorcontrols.blp
6660921;interface/covenantrenown/thewarwithinmajorfactionsnightfall.blp
6660934;interface/covenantrenown/thewarwithinmajorfactionsnightfallbackground.blp
6670119;interface/store/shopbundles1110opulenttransmogbundle.blp
6670792;interface/store/shopbundles1110redpandamountmegabundle.blp
6685874;interface/hud/uicooldownmanagerfx.blp
6693422;interface/hud/uicooldownmanagerfx2x.blp
6704514;interface/hud/uicooldownmanager.blp
6707800;interface/hud/uicooldownmanagermask.blp
6710206;interface/store/shopbundles1107moppreorder.blp
6714563;interface/hud/uirotationhelper.blp
6715404;interface/store/perkssquaregoldmask.blp
6717956;interface/dastardlyduo/dastardlyduo.blp
6717959;interface/dastardlyduo/dastardlyduo2x.blp
6718260;interface/store/shopbundles1110moppreorderbundleshaheroic.blp
6718269;interface/store/shopbundles1107moppreordershaheroic.blp
6718444;interface/cursor/uibroomcursor2x.blp
6718453;interface/cursor/uipalettecursor2x.blp
6718763;interface/dougtestatlas/dougtestatlas.blp
6725697;interface/shop/catalogshop.blp
6725700;interface/shop/catalogshoptempcards.blp
6725703;interface/shop/catalogshoptempbg1.blp
6725706;interface/shop/catalogshoptempbg2.blp
6726947;interface/cursor/uiresizecursor2x.blp
6726950;interface/curosr/crosshair/uiresizecrosshair2x.blp
6727007;interface/scenarios/scenario0nzoth2x.blp
6727026;interface/cursor/uigrabbinghandcursor2x.blp
6727029;interface/cursor/crosshair/uigrabbinghandcrosshair2x.blp
6727032;interface/cursor/uiholdinghandcursor2x.blp
6727202;interface/cursor/crosshair/uiholdinghandcrosshair2x.blp
6731321;interface/lfgframe/groupfindervanillastyle.blp
6736668;interface/splash/splash1115.blp
6739577;interface/hud/uicooldownmanager2x.blp
6777833;interface/shop/catalogshoptempbgguide.blp
6783554;interface/splash/splash11152.blp
6783768;interface/barbershop/chihuahuabarbershopicon.blp
6789878;interface/garrison/talenttreehorrificvision.blp
6794850;interface/buttons/redbuttonretail.blp
6794983;interface/buttons/128redbutton9sliced.blp
6795001;interface/buttons/redbuttonclassic.blp
6795677;interface/dialogframe/uiframediamondmetalclassicborder.blp
6795680;interface/dialogframe/uiframediamondmetalborder.blp
6838828;interface/cursor/uiinspectcursor2x.blp
6838848;interface/cursor/crosshair/uiinspectcrosshair2x.blp
6839810;interface/dialogframe/uiframedialogboxbackgrounddark.blp
6840672;interface/store/perksthememidsummerfestival.blp
6843928;interface/questframe/questbackgroundthewarwithinfist.blp
6851310;interface/dialogframe/uiframediamondmetalborder2x.blp
6855743;interface/store/shopbundles1115springsupreme.blp
6855761;interface/store/shopbundles1115greenfireset.blp
6867082;interface/garrison/talenttreetitanconsole.blp
6870745;interface/glues/characterselect/uicharacterselectgluesgrayscale.blp
6870770;interface/glues/characterselect/uicharacterselectgluesgrayscale2x.blp
6875169;interface/housing/housingdashboardinitiativespanel.blp
6875179;interface/housing/housingdashboardinitiativesbackgroundelwynn.blp
6875183;interface/housing/housingdashboardinitiativesbackgroundelwynn2x.blp
6875186;interface/housing/housingdashboardinitiativespanel2x.blp
6877660;interface/questframe/questlogcampaignheaderswowlegion.blp
6877666;interface/questframe/questbackgroundwowlegion.blp
6877669;interface/store/shopbundles1115playeracquisitionsku.blp
6877782;interface/store/shopbundles1115medivhcrowmount.blp
6891034;interface/housing/housingdashboardinitiativesbackgrounddurotar.blp
6891038;interface/housing/housingdashboardinitiativesbackgrounddurotar2x.blp
6891182;interface/store/perksthemebrewfest.blp
6892828;interface/housing/housingdashboardinitiativesdividervert.blp
6914202;interface/cursor/uidrivercursor2x.blp
6914207;interface/cursor/crosshair/uidrivercrosshair2x.blp
6917685;interface/covenantrenown/thewarwithinmajorfactionskaresh.blp
6917688;interface/covenantrenown/thewarwithinmajorfactionskareshbackground.blp
6934224;interface/shop/catalogshoptempbgmapred.blp
6934259;interface/shop/catalogshoptempbgmapmagenta.blp
6934276;interface/shop/catalogshoptempbgmappurple.blp
6934279;interface/shop/catalogshoptempbgmapblue.blp
6934282;interface/shop/catalogshoptempbgmapteal.blp
6934286;interface/shop/catalogshoptempbgmapgreen.blp
6935603;interface/shop/catalogshoptempbgloading.blp
6938224;interface/shop/catalogshopfx.blp
6940170;interface/shop/catalogshopfxtoastmask.blp
6984619;interface/shop/catalogshopwidecardbg.blp
6989899;interface/framegeneral/uiframelegionartifact.blp
6992986;interface/hud/combatassistantsinglebutton.blp
6992989;interface/hud/combatassistantsinglebutton2x.blp
6992992;interface/hud/combatassistanthighlight.blp
6992995;interface/hud/combatassistanthighlight2x.blp
6992998;interface/hud/combatassistantsinglebuttonmask.blp
6993001;interface/hud/combatassistantsinglebuttonmask2x.blp
6997756;interface/questframe/questbackgroundthewarwithinplanet.blp
7012485;interface/housing/housingwoodframe.blp
7012488;interface/housing/housingwoodframe2x.blp
7012560;interface/housing/housefinderpanel2x.blp
7013569;interface/housing/housefinderpanel.blp
7065392;interface/shop/catalogshoploadingscreen.blp
7082445;interface/delves/112delvesentrancebackgrounds.blp
7083276;interface/lootframe/housingitemtoastfxflipbook.blp
7083747;interface/lootframe/housingitemtoastmask.blp
7116350;interface/shop/modelsceneeditortool.blp
7117548;interface/splash/splash1117.blp
7117980;interface/framegeneral/uiframedelvesnotificationframe.blp
7117987;interface/framegeneral/uiframedelvesnotificationframe2x.blp
7129606;interface/lfgframe/uilfgprogressbar.blp
7129608;interface/lfgframe/uilfgprogressbar2x.blp
7129611;interface/store/shopbundles11176monthsubrefresh.blp
7129663;interface/store/shopbundles1117180daysubrefresh.blp
7129729;interface/store/shopbundles111712monthsubrefresh.blp
7129738;interface/store/shopbundles111736daysubrefreshapac.blp
7129791;interface/store/shopbundles1117swimsuittransmog.blp
7141562;interface/shop/catalogshoploadingscreensparkleflipbook.blp
7141649;interface/shop/catalogshoploadingscreenmask.blp
7143238;interface/lemixartifact/lemixartifact.blp
7149548;interface/gamepad/woodtile.blp
7152002;interface/common/commonbuttonassets.blp
7152005;interface/common/commonbuttonassets2x.blp
7152458;interface/housing/housechestitemmask.blp
7154167;interface/housing/woodframebasicbackground.blp
7154224;interface/housing/housingcornerstonebackground.blp
7163692;interface/gamepad/gamepadmapbackgroundtile.blp
7163693;interface/gamepad/gamepadmapmask.blp
7163699;interface/gamepad/gamepadactionbarsquaretargetmask.blp
7163700;interface/gamepad/gamepadactionbarsquareinterruptmask.blp
7163701;interface/gamepad/gamepadactionbarcirculartargetmask.blp
7163702;interface/gamepad/gamepadactionbarcircularinterruptmask.blp
7163726;interface/housing/woodframepanel.blp
7163812;interface/housing/housechestcontainerhighlightflipbook.blp
7163814;interface/housing/housechestcontainerhighlightflipbook2x.blp
7163968;interface/gamepad/gamepadactionbarcastendmask.blp
7163970;interface/gamepad/gamepadactionbarcircularcastendmask.blp
7164090;interface/housing/housingdashboardinitiativesfxflipbook2x.blp
7164119;interface/housing/housingdashboardinitiativespipflipbook2x.blp
7164262;interface/housing/housingdashboardinitiativespipflipbook.blp
7164282;interface/housing/housingdashboardinitiativesfxflipbook.blp
7170840;interface/housing/housingkioskstartbackground.blp
7183976;interface/housing/housingkioskendbackground.blp
7184018;interface/housing/housingbasicpanel.blp
7184694;interface/housing/housingbasicpanel2x.blp
7193898;interface/housing/housingbasicpanelstonebackground.blp
7193900;interface/housing/housingbasicpanelstonebackground2x.blp
7193951;interface/gamepad/gamepadmapframe.blp
7194186;interface/housing/housingdashboardinitiativesbarflipbook2x.blp
7194286;interface/prey/preythreatindicator.blp
7195971;interface/housing/housingdashboardinitiativesbarflipbook.blp
7197171;interface/shop/catalogshopbgmaptoys.blp
7214345;interface/shop/catalogshopbgenvironmentmagical.blp
7214375;interface/shop/catalogshopbgenvironmentgrass.blp
7214383;interface/shop/catalogshopbgenvironmentlava.blp
7214385;interface/shop/catalogshopbgenvironmentsnow.blp
7232414;interface/store/shopbundles1117888bundlecn.blp
7232418;interface/store/shopbundles1117180subcn.blp
7232465;interface/store/shopbundles1117365daysubcn.blp
7235517;interface/splash/splash112.blp
7235527;interface/splash/splash1122.blp
7239049;interface/store/wowtokengold2x.blp
7239051;interface/store/wowtokengold.blp
7241108;interface/shop/catalogshopheadermenu.blp
7241110;interface/shop/catalogshopheadermenu2x.blp
7241122;interface/hud/uinameplates.blp
7241129;interface/hud/uinameplatesmask.blp
7241931;interface/covenantrenown/thewarwithinmajorfactionsmanaforgevandals.blp
7241933;interface/covenantrenown/thewarwithinmajorfactionsmanaforgevandalsbackground.blp
7242852;interface/housing/houseupgradepanel.blp
7242868;interface/housing/houseupgradepanel2x.blp
7242870;interface/credits/creditsscreenkeyart11midnight.blp
7242873;interface/credits/creditsscreenbackground11midnight.blp
7257690;interface/questframe/questbackgroundthewarwithinarator.blp
7259256;interface/barbershop/dragonridingcustomizationpanthera.blp
7259716;interface/barbershop/dragonridingcustomizationpantheraironhorde.blp
7259854;interface/shop/catalogshopfxtokenrays.blp
7263653;interface/housing/housingdecorabilitybarfx.blp
7266217;interface/housing/housingdecorabilitybarfxhorzmovemask.blp
7266219;interface/housing/housingdecorabilitybarfxrotatemask.blp
7266221;interface/housing/housingdecorabilitybarfxscalemask.blp
7273951;interface/housing/houseupgradepanelfx2x.blp
7274206;interface/shop/catalogshopmountcategoryicons2x.blp
7274304;interface/shop/catalogshopmountcategoryicons.blp
7278003;interface/widgets/commonuiwidget.blp
7278154;interface/shop/catalogshopcameracontrolicons2x.blp
7278156;interface/shop/catalogshopcameracontrolicons.blp
7287923;interface/housing/housingmarkethearthsteelicons.blp
7289697;interface/cdm/cdmadvanced.blp
7291407;interface/delves/120delvesentrancebackgrounds.blp
7291558;interface/housing/housingdashboardbackgroundwelcome2x.blp
7291562;interface/housing/housingdashboardbackgroundwelcome.blp
7291565;interface/housing/housingdashboardbackgroundempty2x.blp
7291613;interface/housing/housingdashboardbackgroundempty.blp
7296099;interface/housing/houseupgradepanelfx.blp
7300391;interface/housing/housingdecorabilitybarfxscalefreeplacementmask.blp
7300394;interface/housing/housingdecorabilitybarfxsnapmask.blp
7300397;interface/housing/housingdecorabilitybarfxscalefreeplacementmask2x.blp
7300404;interface/housing/housingdecorabilitybarfxhorzmovemask2x.blp
7300414;interface/housing/housingdecorabilitybarfxrotatemask2x.blp
7300416;interface/housing/housingdecorabilitybarfxscalemask2x.blp
7300426;interface/housing/housingdecorabilitybarfxsnapmask2x.blp
7304549;interface/tooltip/tooltiplabel.blp
7312138;interface/shop/catalogshopproductlogos.blp
7312237;interface/shop/catalogshopproductlogos2x.blp
7318371;interface/framegeneral/uiframemidnight.blp
7318373;interface/framegeneral/uiframemidnightbackground.blp
7318898;interface/splash/completiondialogmidnightcampaign.blp
7318904;interface/scenarios/scenariomidnight2x.blp
7318906;interface/scenarios/scenariomidnight.blp
7320092;interface/scenarios/scenarioevergreenwidget.blp
7320098;interface/scenarios/scenarioevergreenwidget2x.blp
7320240;interface/housing/housingcelebratorytoast.blp
7320242;interface/housing/housingcelebratorytoastsheenmask.blp
7320502;interface/prey/uiprey.blp
7320504;interface/prey/uiprey2x.blp
7320640;interface/shop/catalogshopwowsubicons.blp
7320642;interface/shop/catalogshopwowsubicons2x.blp
7322229;interface/housing/housingcelebratorytoastraysmask.blp
7323575;interface/talentframe/talentsclassbackgrounddemonhunterdevourer.blp
7324228;interface/housing/housingcelebratorytoastflipbook.blp
7324260;interface/housing/housingcelebratorytoastrevealmask.blp
7324299;interface/housing/exteriorcustomization.blp
7331466;interface/hud/uidevourerdemonhunterresourcebars.blp
7331473;interface/hud/uidevourerdemonhunterresourcebars2x.blp
7333277;interface/characterselection/timerunningglueslegion.blp
7336950;interface/housing/housingmapicons2x.blp
7336958;interface/housing/housingmapicons.blp
7337158;interface/housing/houseupgradepanelbarmask2x.blp
7337251;interface/housing/houseupgradepanelbarmask.blp
7337944;interface/shop/catalogshophousingcategoryicons2x.blp
7341277;interface/store/shopbundles1120midnightnonexpansionbase.blp
7341468;interface/store/shopbundles1120midnightnonexpansionheroic.blp
7341490;interface/store/shopbundles1120midnightnonexpansionepic.blp
7341493;interface/store/shopbundles1120midnightnonexpansionheroicapac.blp
7341800;interface/store/shopbundles1120midnightnonexpansionepicapac.blp
7341818;interface/store/shopbundles1120midnightnonexpansionsmallbase.blp
7342204;interface/store/shopbundles1120midnightnonexpansionsmallheroic.blp
7342413;interface/store/shopbundles1120midnightnonexpansionsmallepic.blp
7342415;interface/store/shopbundles1120midnightnonexpansionsmallheroicapac.blp
7342431;interface/store/shopbundles1120midnightnonexpansionsmallepicapac.blp
7342548;interface/store/shopbundles1120midnightnonexpansionhalfbase.blp
7342579;interface/store/shopbundles1120midnightnonexpansionhalfheroic.blp
7342581;interface/store/shopbundles1120midnightnonexpansionhalfepic.blp
7342586;interface/store/shopbundles1120midnightnonexpansionhalfheroicapac.blp
7342956;interface/store/shopbundles1120midnightnonexpansionhalfepicapac.blp
7343130;interface/store/shopbundles1120midnightnonexpansionbaseheroic.blp
7343570;interface/store/shopbundles1120midnightnonexpansionbaseepic.blp
7343572;interface/store/shopbundles1120midnightnonexpansionhalfbaseheroic.blp
7343589;interface/store/shopbundles1120midnightnonexpansionhalfbaseepic.blp
7343627;interface/store/shopbundles1120midnightnonexpansionlargebaseheroic.blp
7343648;interface/store/shopbundles1120midnightnonexpansionlargebaseepic.blp
7343859;interface/store/shopbundles1120midnightnonexpansionlargeepic.blp
7343945;interface/store/shopbundles1120midnightnonexpansionsmallbaseheroic.blp
7344005;interface/store/shopbundles1120midnightnonexpansionsmallbaseepic.blp
7344034;interface/store/shopbundles1120midnightnonexpansionlargeheroicepic.blp
7344062;interface/store/shopbundles1120midnightnonexpansionlargeheroicapac.blp
7344141;interface/store/shopbundles1120midnightnonexpansionlargeepicapac.blp
7344147;interface/store/shopbundles1120midnightnonexpansionlargebase.blp
7344149;interface/store/shopbundles1120midnightnonexpansionlargeheroic.blp
7344155;interface/store/shopbundles1120midnightnonexpansionsmallheroicepic.blp
7344222;interface/store/shopbundles1120midnightnonexpansionheroicepic.blp
7344226;interface/store/shopbundles1120midnightnonexpansionhalfheroicepic.blp
7344437;interface/transmogrify/uitransmogrify.blp
7344439;interface/transmogrify/uitransmogrify2x.blp
7344956;interface/housing/housingcatalogpanel.blp
7344960;interface/housing/housingcatalogpanel2x.blp
7345792;interface/shop/catalogshophousingcategoryicons.blp
7350791;interface/encounterjournal/adventureguidetutorials.blp
7353099;interface/store/shopbundles1120spiritplumemegabundle.blp
7353785;interface/shop/catalogshopwidecardmask.blp
7357546;interface/transmogrify/uitransmogrifylocationbackground.blp
7361255;interface/housing/housinglayouteditor2x.blp
7361809;interface/housing/housinglayouteditor.blp
7367529;interface/shop/catalogshop128redbutton.blp
7367531;interface/shop/catalogshop128goldredbutton.blp
7367534;interface/shop/catalogshopminimalscrollbarvertical.blp
7368705;interface/common/commoncurrencyboxassets.blp
7368707;interface/common/commoncurrencyboxassets2x.blp
7370725;interface/shop/catalogshopcarouselbuttonicons2x.blp
7370727;interface/shop/catalogshopcarouselbuttonicons.blp
7370730;interface/shop/catalogshopcarouselframes.blp
7374549;interface/gamepad/uiunitframeplayeronpartyhealthmask2x.blp
7374553;interface/gamepad/uiunitframeplayeronpartymanamask2x.blp
7380706;interface/cursor/crosshair/uipalettecrosshair2x.blp
7382286;interface/cursor/crosshair/uibroomcrosshair2x.blp
7382987;interface/housing/housinguiadvancedmodescale2x.blp
7382990;interface/housing/housinguiadvancedmodescale.blp
7384241;interface/shop/catalogshopunavailablemurloc.blp
7384244;interface/shop/catalogshopunavailableempty.blp
7384774;interface/shop/catalogshopfgmidnightexpansionepic.blp
7384776;interface/shop/catalogshopfgmidnightexpansionheroic.blp
7384778;interface/shop/catalogshopfgmidnightexpansionbase.blp
7385629;interface/housing/housingbulletinboardpanel2x.blp
7385647;interface/housing/housingbulletinboardpanel.blp
7386081;interface/housing/housinglayouteditorfx.blp
7386088;interface/housing/housinglayouteditorfx2x.blp
7386125;interface/housing/housinglayouteditorfxmask.blp
7386194;interface/housing/housinglayouteditorfxmask2x.blp
7388889;interface/housing/housinguiwoodsign2x.blp
7389035;interface/housing/housinguiwoodsign.blp
7389773;interface/hud/uicombattimeline2x.blp
7389803;interface/hud/uicombattimeline.blp
7390350;interface/hud/uicombattimelinemask2x.blp
7390391;interface/hud/uicombattimelinemask.blp
7393789;interface/hud/uicombattimelinehighlightmask.blp
7393791;interface/hud/uicombattimelinehighlightmask2x.blp
7406903;interface/shop/catalogshoptendericons.blp
7406907;interface/shop/catalogshoptendericons2x.blp
7406912;interface/shop/catalogshopbundleicons.blp
7406916;interface/shop/catalogshopbundleicons2x.blp
7409731;interface/shop/catalogshopwidecardmidnightepic.blp
7409733;interface/shop/catalogshopwidecardmidnightheroic.blp
7409735;interface/shop/catalogshopwidecardmidnightbase.blp
7409737;interface/shop/catalogshopwidecardmidnightheroicapac.blp
7409739;interface/shop/catalogshopwidecardmidnightepicapac.blp
7409741;interface/shop/catalogshopwidecardmidnightbaseapac.blp
7411001;interface/shop/catalogshopwidecardmidnightbaseheroic.blp
7411004;interface/shop/catalogshopwidecardmidnightbaseepic.blp
7411006;interface/shop/catalogshopwidecardmidnightheroicepic.blp
7413774;interface/shop/catalogshopwidecardsubbundles.blp
7426749;interface/shop/catalogshopwidecardmopclassicshabundles.blp
7427044;interface/shop/catalogshopfgmidnightexpansionbaseheroic.blp
7427061;interface/shop/catalogshopfgmidnightexpansionheroicepic.blp
7427063;interface/shop/catalogshopfgmidnightexpansionbaseepic.blp
7428036;interface/housing/housingsimplepanel2x.blp
7428047;interface/housing/housingsimplepanel.blp
7428052;interface/housing/housingtargetviewhousespanel2x.blp
7428054;interface/housing/housingtargetviewhousespanel.blp
7429653;interface/housing/uiminimaphousingindoor.blp
7429659;interface/shop/catalogshopfgmopepicbundle.blp
7429661;interface/shop/catalogshopfgmopheroicepicbundle.blp
7431118;interface/housing/housingsimplewoodframe.blp
7431493;interface/shop/catalogshopwowgametimeicons.blp
7431495;interface/shop/catalogshopwowgametimeicons2x.blp
7439086;interface/shop/catalogshopfgsubbundle6mo.blp
7439092;interface/shop/catalogshopfgsubbundle12mo.blp
7441428;interface/prey/uipreymask.blp
7441453;interface/prey/uipreymask2x.blp
7446932;interface/majorfactions/midnightmajorfactionsicons.blp
7447853;interface/housing/housingstonehousesketchbackground2x.blp
7447855;interface/housing/housingstonehousesketchbackground.blp
7455660;interface/store/shopbundles1125bloodqueenbundle.blp
7455830;interface/store/shopbundles1125amethystfelfirepack.blp
7461352;interface/store/shopbundles1125yearofazeroth2025.blp
7464534;interface/hud/combatassistanthighlightsingleframe.blp
7467202;interface/gamepad/gamepadactionbarsquareautocastmask.blp
7467207;interface/gamepad/gamepadactionbarcircularautocastmask.blp
7467535;interface/splash/splash1127.blp
7486929;interface/journeys/journeysframe.blp
7486942;interface/journeys/journeysframe2x.blp
7486947;interface/journeys/journeysframebackground.blp
7486949;interface/journeys/journeysframebackground2x.blp
7486951;interface/journey/journeysframeencountersbutton.blp
7486954;interface/journeys/journeysframeencountersbutton2x.blp
7487328;interface/professions/professionsquality12tier1.blp
7487369;interface/professions/professionsquality12tier2.blp
7487371;interface/professions/professions12.blp
7494373;interface/hud/uicombattimelinewarningicons.blp
7498608;interface/housing/housingitemwoodiconframe.blp
7499492;interface/shop/catalogshopwidecardyoa2025bundles.blp
7499557;interface/hud/uidamagemeters2x.blp
7499559;interface/hud/uidamagemeters.blp
7499602;interface/shop/catalogshopfg12monthearlyhousingaccess.blp
7499604;interface/shop/catalogshopfg6monthearlyhousingaccess.blp
7499606;interface/shop/catalogshopfg365daysub.blp
7506092;interface/questframe/questlogcampaignheadersmidnight.blp
7506329;interface/questframe/questbackgroundmidnightsky.blp
7507510;interface/housing/housingmapalerts.blp
7508707;interface/housing/housinghotkeys2x.blp
7508739;interface/housing/housinghotkeys.blp
7508997;interface/transmogrify/uitransmogrifyflipbookseta.blp
7509149;interface/transmogrify/uitransmogrifyflipbooksetb.blp
7509175;interface/transmogrify/uitransmogrifyflipbookseta2x.blp
7509201;interface/transmogrify/uitransmogrifyflipbooksetb2x.blp
7514883;interface/transmogrify/uitransmogrifyflipbooksetc.blp
7514885;interface/transmogrify/uitransmogrifyflipbooksetc2x.blp
7517520;interface/scenarios/scoreboardmidnight.blp
7518368;interface/common/commondropdownsettings2x.blp
7518377;interface/common/commondropdownsettings.blp
7520369;interface/splash/splash1200.blp
7522791;interface/shop/catalogshophearthsteelicons.blp
7522793;interface/shop/catalogshophearthsteelicons2x.blp
7523984;interface/common/commonsearchbar.blp
7524021;interface/common/commonsearchbar2x.blp
7524286;interface/shop/catalogshopwidecardplaceholder.blp
7525545;interface/housing/housingartisanalroomicons.blp
7525967;interface/barbershop/dragonridingcustomizationcompanionroc.blp
7526019;interface/raidframe/raidframe.blp
7531969;interface/talentframe/talentsanimationsmasknodesheenheroclassbackplatefullexpanded.blp
7532035;interface/talentframe/talentsanimationsmasknodesheenlargecircle.blp
7532037;interface/talentframe/talentsanimationmasknodesheenlargesquare.blp
7532039;interface/talentframe/talentsanimationmasknodesheensmallcircle.blp
7532041;interface/talentframe/talentsmaskapexnodelargecircle.blp
7532043;interface/talentframe/talentsmaskapexnodelargesquare.blp
7532046;interface/talentframe/talentsmaskapexnodesmallcircle.blp
7532048;interface/talentframe/talentsprogress.blp
7532050;interface/talentframe/talentsprogressactive.blp
7532584;interface/shop/catalogshopwidecardbrutosaurcomebackrow.blp
7535872;interface/transmogrify/uitransmogrifysetb.blp
7535874;interface/transmogrify/uitransmogrifysetb2x.blp
7538133;interface/shop/catalogshopwidecardkrtwrecurringsubs.blp
7539017;interface/raidframe/raidframeabsorbfill.blp
7539063;interface/raidframe/raidframeabsorboverlay.blp
7539065;interface/raidframe/raidframedispelfill.blp
7539067;interface/raidframe/raidframehorizontal.blp
7539069;interface/raidframe/raidframehpbg.blp
7539072;interface/raidframe/raidframehpfill.blp
7539076;interface/raidframe/raidframeshieldfill.blp
7539079;interface/raidframe/raidframeshieldoverlay.blp
7539090;interface/raidframe/raidframevertical.blp
7542722;interface/shop/catalogshopwidecardbrutosaurcomebackcn.blp
7543089;interface/shop/catalogshopfg2000tender.blp
7546973;interface/shop/catalogshopwidecardburningcrusadeclassicanniversaryedition.blp
7549708;interface/questframe/questbackgroundmidnightlight.blp
7551598;interface/hud/uicooldownmanagerdebuffframes.blp
7551600;interface/hud/uicooldownmanagerdebuffframes2x.blp
7552248;interface/shop/catalogshopfg30daygametime.blp
7552325;interface/hud/uicooldownmanagerpandemicmask.blp
7552328;interface/hud/uicooldownmanagerpandemicmask2x.blp
7552408;interface/shop/catalogshopfg30daygametimepreview.blp
7553101;interface/hud/uicooldownmanagerpandemicbarmask.blp
7553107;interface/hud/uicooldownmanagerpandemicbarmask2x.blp
7553349;interface/hud/uidebuffframes.blp
7558849;interface/framegeneral/uiframeexpanded.blp
7568366;interface/shop/catalogshopfg180daygametime.blp
7568376;interface/shop/catalogshopfg500tender.blp
7568378;interface/shop/catalogshopfg1000tender.blp
7568380;interface/shop/catalogshopfg1500tender.blp
7568671;interface/raidframe/raidframeants.blp
7570997;interface/shop/catalogshopvirtualcurrencymenubackground.blp
7577153;interface/tutorialframe/uitutorialtemplate.blp
7577832;interface/majorfaction/evergreentoastcelebration.blp
7577834;interface/majorfaction/evergreentoastcelebrationmask.blp
7582803;interface/hud/uidebuffframes2x.blp
7637874;interface/tutorialframe/uitutorialnameplates.blp
7639743;interface/splash/splash1201.blp
7639745;interface/splash/splash12012.blp
7644228;interface/shop/catalogshophearthsteelfx2x.blp
7644230;interface/shop/catalogshophearthsteelfx.blp
7644232;interface/shop/catalogshophearthsteelfxxlmask01.blp
7644234;interface/shop/catalogshophearthsteelfxxlmask02.blp
7644236;interface/shop/catalogshophearthsteelfxxlmask03.blp
7644238;interface/shop/catalogshophearthsteelfxxxlmask01.blp
7644240;interface/shop/catalogshophearthsteelfxxxlmask02.blp
7645759;interface/shop/catalogshophearthsteelfxflipbook2x.blp
7645826;interface/shop/catalogshophearthsteelfxflipbook.blp
7649145;interface/shop/catalogshopfxclockiconmask.blp
7649147;interface/shop/catalogshopfxsaletagmask.blp
7653552;interface/friends/uifriends.blp
7653554;interface/friends/uifriends2x.blp
7655736;interface/hud/uinameplateslevelindicator.blp
7655812;interface/hud/uinameplateslevelindicator2x.blp
7658229;interface/raidframe/raidframehpbgwhite.blp
7678309;interface/scenarios/uiscenariochallenge.blp
7680114;interface/scenarios/uiscenariochallenge2x.blp
7681052;interface/questframe/questbackgroundmidnightlegacyoftheamani.blp
7703585;interface/covenantrenown/uijourneysdelverewardiconoctagonmask.blp
7703587;interface/covenantrenown/uijourneysdelverewardiconringmask.blp
7703610;interface/covenantrenown/uijourneysdelverewardiconsquaremask.blp
7704507;interface/cursor/uiaxecursor2x.blp
7704509;interface/cursor/crosshair/uiaxecrosshair2x.blp
7707413;interface/widgets/pvpmidnight.blp
7711817;interface/shop/catalogshopfg700tender.blp
7725419;interface/covenantrenown/uijourneysscrollmask.blp
7725423;interface/covenantrenown/uijourneysscrollmask2x.blp
7734493;interface/hud/uiexperiencebarcamelot.blp
7734494;interface/hud/uiexperiencebarcamelot2x.blp
7738267;interface/shop/catalogshopcarouselscrollviewmask.blp
7741880;interface/scenarios/ritualsitesentryui.blp
7741897;interface/scenarios/ritualsitesentryui2x.blp
7741899;interface/scenarios/ritualsitesentryuibackgrounddaggerspine.blp
7741901;interface/scenarios/ritualsitesentryuibackgroundbrokenthrone.blp
7744090;interface/questframe/questbackgroundprofessionpoisons.blp
7744092;interface/questframe/questbackgroundprofessionfirstaid.blp
7744227;interface/professions/professionspecializationbackgroundartpoisons.blp
7744229;interface/professions/professionspecializationbackgroundartfirstaid.blp
7745442;interface/shop/catalogshopcarouselframesmask.blp
7745995;interface/shop/catalogshopfghearthsteel100.blp
7745997;interface/shop/catalogshopfghearthsteel500.blp
7745999;interface/shop/catalogshopfghearthsteel1000.blp
7746001;interface/shop/catalogshopfghearthsteel1500.blp
7746003;interface/shop/catalogshopfghearthsteel2000.blp
7746005;interface/shop/catalogshopfghearthsteel2500.blp
7746007;interface/shop/catalogshopfghearthsteel5000.blp
7746009;interface/shop/catalogshopfghearthsteel10000.blp
7746247;interface/shop/catalogshophearthsteelcurrencycountlicons.blp
7746249;interface/shop/catalogshophearthsteelcurrencycounticons2x.blp
7787459;interface/shop/catalogshophearthsteelfxxlmask04.blp
7787514;interface/shop/catalogshophearthsteelfxlgmask2x.blp
7787516;interface/shop/catalogshophearthsteelfxxlmask042x.blp
7787518;interface/shop/catalogshophearthsteelfxlgmask.blp
7787533;interface/shop/catalogshophearthsteelfxxxlmask032x.blp
7787535;interface/shop/catalogshophearthsteelfxxxlmask03.blp
7791861;interface/cursor/uiwildpetscursor2x.blp
7792096;interface/scenarios/ritualsitesmapicon.blp
7792321;interface/talentframe/talentbackgroundpriest.blp
7798225;interface/splash/splash1205.blp
7802240;interface/scenarios/showdownsworldtierbackgroundnaigtal.blp
7802242;interface/scenarios/showdownsworldtierbackgroundval.blp
7807951;interface/talentframe/talentbackgroundwarrior.blp
7808058;interface/talentframe/talentbackgroundwarlock.blp
7808136;interface/talentframes/talentbackgroundshaman.blp
7808137;interface/talentframe/talentbackgroundhunter.blp
7808138;interface/talentframe/talentbackgroundpaladin.blp
7808139;interface/talentframe/talentbackgroundrogue.blp
7808140;interface/talentframe/talentbackgroundmage.blp
7808141;interface/talentframe/talentbackgrounddruid.blp
7824803;interface/scenarios/uithemedscenario.blp
7824805;interface/scenarios/uithemedscenario2x.blp
7829201;interface/raidframe/raidframemaximumhealthreductionoverlay.blp
7830584;interface/garrison/orderhalllandingbuttonmidnight.blp
7833503;interface/garrison/talenttreepowersystem.blp
7864813;interface/hud/uiunitframebosscenter.blp
7864818;interface/hud/uiunitframebosscenter2x.blp
7873402;interface/shop/catalogshophearthsteelfxflipbooklg2x.blp
7873431;interface/shop/catalogshophearthsteelfxflipbooklg.blp
7876410;interface/housing/housingshowcasepanel.blp
7876432;interface/housing/housingshowcasepanel2x.blp
7878462;interface/shop/catalogshopmysteryproducticons.blp
7878464;interface/shop/catalogshopmysteryproducticons2x.blp
7889057;interface/delves/lairentrancebackground.blp
7939244;interface/framegeneral/uiframeexpandedmask.blp
7948326;interface/hud/uiactionbar2xc60.blp
7948328;interface/hud/uiactionbarc60.blp
7951648;interface/common/commondropdownsharetochat.blp
7951658;interface/common/commondropdownsharetochat2x.blp
7958132;interface/cursor/uicursorbastionteleporter2x.blp
7958133;interface/cursor/uicursordisarmtrap2x.blp
7958135;interface/cursor/uicursorengineerskin2x.blp
7958139;interface/cursor/uicursorfishing2x.blp
7958141;interface/cursor/uicursorgather2x.blp
7958143;interface/cursor/uicursorgunner2x.blp
7958145;interface/cursor/uicursormappin2x.blp
7958147;interface/cursor/uicursormine2x.blp
7958149;interface/cursor/uicursormissions2x.blp
7958151;interface/cursor/uicursormove2x.blp
7958153;interface/cursor/uicursorpetbattlegreen2x.blp
7958155;interface/cursor/uicursorpetbattleyellow2x.blp
7958157;interface/cursor/uicursorpetting2x.blp
7958159;interface/cursor/uicursorpvp2x.blp
7958161;interface/cursor/uicursorreforge2x.blp
7958163;interface/cursor/uicursorsawblade2x.blp
7958165;interface/cursor/uicursorsizeleft2x.blp
7958192;interface/cursor/uicursorsizeright2x.blp
7958194;interface/cursor/uicursorskin2x.blp
7958196;interface/cursor/uicursorskinalliance2x.blp
7958198;interface/cursor/uicursorskinhorde2x.blp
7958200;interface/cursor/uicursorthumbsup2x.blp
7958202;interface/cursor/uicursorworkorders2x.blp
7958206;interface/cursor/crosshair/uicrosshairbastionteleporter2x.blp
7958209;interface/cursor/crosshair/uicrosshairdisarmtrap2x.blp
7958211;interface/uicrosshairengineerskin2x/uicrosshairengineerskin2x.blp
7958213;interface/cursor/crosshair/uicrosshairfishing2x.blp
7958221;interface/cursor/crosshair/uicrosshairgather2x.blp
7958223;interface/cursor/crosshair/uicrosshairgunner2x.blp
7958225;interface/cursor/crosshair/uicrosshairmappin2x.blp
7958227;interface/cursor/crosshair/uicrosshairmine2x.blp
7958571;interface/cursor/crosshair/uicrosshairmissions2x.blp
7958573;interface/cursor/crosshair/uicrosshairmove2x.blp
7958575;interface/cursor/crosshair/uicrosshairpetbattlegreen2x.blp
7958577;interface/cursor/crosshair/uicrosshairpetbattleyellow2x.blp
7958579;interface/cursor/crosshair/uicrosshairpetting2x.blp
7958581;interface/cursor/crosshair/uicrosshairpvp2x.blp
7958583;interface/cursor/crosshair/uicrosshairreforge2x.blp
7958585;interface/cursor/crosshair/uicrosshairsawblade2x.blp
7958587;interface/cursor/crosshair/uicrosshairsizeleft2x.blp
7958589;interface/cursor/crosshair/uicrosshairsizeright2x.blp
7958594;interface/cursor/crosshair/uicrosshairskin2x.blp
7958603;interface/cursor/crosshair/uicrosshairskinalliance2x.blp
7958610;interface/cursor/crosshair/uicrosshairskinhorde2x.blp
7958619;interface/cursor/crosshair/uicrosshairthumbsup2x.blp
7958632;interface/cursor/crosshair/uicrosshairworkorders2x.blp
7959502;interface/cursor/crosshair/uicrosshairarchitect2x.blp
7959537;interface/cursor/uicursorarchitect2x.blp
7960142;interface/hud/uiradialmenuc60.blp
7975901;interface/gamepad/gamepadflyoutradialcardinalmask.blp
7975902;interface/gamepad/gamepadflyoutradialdiagonalmask.blp
7975903;interface/gamepad/gamepadflyoutradialquadmask.blp
7976009;interface/credits/creditsscreenbackground0wowc60.blp
7976011;interface/credits/creditsscreenkeyart0wowc60.blp
8026705;interface/hud/uiminimapc60.blp
8026708;interface/hud/uiminimap2xc60.blp
8033667;interface/common/commonsidetab2x.blp
8033669;interface/common/commonsidetab.blp
8033671;interface/common/commonbuttonlist2x.blp
8033673;interface/common/commonbuttonlist.blp
8036204;interface/hud/uiunitframec60.blp
8036209;interface/hud/uiunitframe2xc60.blp
8040086;interface/housing/housingcommonicons2x.blp
8040088;interface/housing/housingcommonicons.blp
8063723;interface/buttons/128redbuttonc60.blp
8064267;interface/buttons/128redbuttonpart2c60.blp
8064269;interface/glues/characterselect/uicharacterselectglues2xc60.blp
8064271;interface/glues/characterselect/uicharacterselectgluesc60.blp
8069100;interface/buttons/minimalscrollbarsmallproportionalc60.blp
8069102;interface/buttons/minimalscrollbarproportionalc60.blp
8069104;interface/buttons/minimalscrollbarsmallverticalc60.blp
8069106;interface/common/commonbuttontertiary2xc60.blp
8069108;interface/common/commonbuttontertiaryc60.blp
8069110;interface/common/commondropdown2xc60.blp
8069112;interface/common/commondropdownc60.blp
8069114;interface/framegeneral/uiframemetalvertical2xc60.blp
8069116;interface/framegeneral/uiframemetal2xc60.blp
8069118;interface/framegeneral/uiframemetalhorizontal2xc60.blp
8069120;interface/framegeneral/uiframediamondmetal2xc60.blp
8069122;interface/framegeneral/uiframediamondmetalvertical2xc60.blp
8069124;interface/framegeneral/uiframediamondmetalheader2xc60.blp
8069126;interface/dialogframe/uiframediamondmetalborderc60.blp
8069128;interface/dialogframe/uiframediamondmetalborder2xc60.blp
8070606;interface/tooltips/uiframetooltipc60.blp
8070608;interface/tooltips/uiframetooltipbackgroundc60.blp
8070610;interface/tooltips/uiframetooltipverticalc60.blp
8070625;interface/glues/common/uiframetooltipgluesbackgroundc60.blp
8070627;interface/glues/common/uiframetooltipgluesc60.blp
8070629;interface/glues/common/uiframetooltipgluesverticalc60.blp
8086351;interface/framegeneral/graphicsectiontabframec60.blp
8086393;interface/framegeneral/graphicsectiontabframeverticalc60.blp
8086434;interface/buttons/minimalsliderbarc60.blp
8086468;interface/optionsframe/optionsc60.blp
8086474;interface/common/minimalcheckboxc60.blp
8086476;interface/shop/catalogshopc60.blp
8086478;interface/buttons/minimalscrollbarverticalc60.blp
8107305;interface/buttons/redbuttons2xc60.blp
8107307;interface/buttons/redbuttonsc60.blp
8116691;interface/spellbook/spellbookelementsc60.blp
8116696;interface/spellbook/spellbookbackgroundpageleftc60.blp
8116698;interface/spellbook/spellbookbackgroundpagerightc60.blp
8116700;interface/spellbook/spellbooktabsc60.blp
8116702;interface/spellbook/spellbooktabsc602x.blp
8116735;interface/talentframe/talentsc60.blp
8116737;interface/talentframe/talents2xc60.blp
8116745;interface/hud/uipartyframec60.blp
8117690;interface/common/commonbuttonsc60.blp
8118792;interface/containerframe/bagsitembankslot2xc60.blp
8118796;interface/bankframe/bankframebackgroundc60.blp
8119721;interface/hud/uiactionbarvertical2xc60.blp
8124215;interface/common/commonsidetab2xc60.blp
8124217;interface/common/commonsidetabc60.blp
8124219;interface/common/commonbuttonlist2xc60.blp
8124221;interface/common/commonbuttonlistc60.blp
8124459;interface/common/commoninsideframe2xc60.blp
8124462;interface/common/commoninsideframec60.blp
8126933;interface/store/uitokensc60.blp
8126935;interface/store/uitokens2xc60.blp
8129326;interface/gamepad/gamepadmenuicons.blp
8141489;interface/hud/uiexperiencebarc60.blp
8143695;interface/hud/uiexperiencebar2xc60.blp
8154526;interface/hud/uiactionbarframe2xc60.blp
8154542;interface/hud/uiactionbarverticalc60.blp
8164401;interface/professions/professiontrainerbackgroundc60.blp
8164414;interface/professions/professioncardbackgroundgenericc60.blp
8164416;interface/professions/professioncardbackgroundalchemyc60.blp
8164418;interface/professions/professioncardbackgroundblacksmithingc60.blp
8164420;interface/professions/professioncardbackgroundcookingc60.blp
8164423;interface/professions/professioncardbackgroundenchantingc60.blp
8164435;interface/professions/professioncardbackgroundengineeringc60.blp
8164440;interface/professions/professioncardbackgroundfirstaidc60.blp
8164442;interface/professions/professioncardbackgroundfishingc60.blp
8164444;interface/professions/professioncardbackgroundherbalismc60.blp
8164446;interface/professions/professioncardbackgroundleatherworkingc60.blp
8164449;interface/professions/professioncardbackgroundlockpickingc60.blp
8164451;interface/professions/professioncardbackgroundminingc60.blp
8164458;interface/professions/professioncardbackgroundpoisonsc60.blp
8164461;interface/professions/professioncardbackgroundresearchc60.blp
8164463;interface/professions/professioncardbackgroundskinningc60.blp
8164465;interface/professions/professioncardbackgroundtailoringc60.blp
8165536;interface/hud/uinameplateslevelindicator2xc60.blp
8165538;interface/hud/uinameplateslevelindicatorc60.blp
8165540;interface/hud/uicooldownmanager2xc60.blp
8165542;interface/hud/uicooldownmanagerc60.blp
8166352;interface/professions/professioncardbackgroundtailoring2xc60.blp
8166354;interface/professions/professioncardbackgroundskinning2xc60.blp
8166356;interface/professions/professioncardbackgroundresearch2xc60.blp
8166358;interface/professions/professioncardbackgroundpoisons2xc60.blp
8166360;interface/professions/professioncardbackgroundmining2xc60.blp
8166362;interface/professions/professioncardbackgroundlockpicking2xc60.blp
8166364;interface/professions/professioncardbackgroundleatherworking2xc60.blp
8166366;interface/professions/professioncardbackgroundherbalism2xc60.blp
8166368;interface/professions/professioncardbackgroundgeneric2xc60.blp
8166370;interface/professions/professioncardbackgroundfishing2xc60.blp
8166372;interface/professions/professioncardbackgroundfirstaid2xc60.blp
8166374;interface/professions/professioncardbackgroundengineering2xc60.blp
8166376;interface/professions/professioncardbackgroundenchanting2xc60.blp
8166378;interface/professions/professioncardbackgroundcooking2xc60.blp
8166380;interface/professions/professioncardbackgroundblacksmithing2xc60.blp
8166382;interface/professions/professioncardbackgroundalchemy2xc60.blp
8166386;interface/spellbook/spellbookbackgroundpagecondensedc60.blp
8166388;interface/spellbook/spellbookbackgroundpagecondensed2xc60.blp
8168849;interface/framegeneral/uiframetabsc60.blp
8175455;interface/paperdollinfoframe/paperdollinfopart2c60.blp
8175457;interface/paperdollinfoframe/paperdollinfopart1c60.blp
8175459;interface/paperdollinfoframe/paperdollinfopart12xc60.blp
8175461;interface/paperdollinfoframe/paperdollinfopart22xc60.blp
8176596;interface/professions/professionsfxskinningc60.blp
8176598;interface/professions/professionsfxenchantingc60.blp
8176600;interface/professions/professionsfxalchemyc60.blp
8187590;interface/hud/uiminimapmaskgeneralc60.blp
8187737;interface/containerframe/bagsitemslot2xc60.blp
8188339;interface/bankframe/bankframepanel2xc60.blp
8188342;interface/bankframe/bankframepanelc60.blp
8198947;interface/framegeneral/uicommonbackgrounds.blp
8199012;interface/minimap/objecticonsatlasc60.blp
8200220;interface/glues/charactercreate/charactercreateiconsc60.blp
8200846;interface/hud/uimicromenuc602x.blp
8215416;interface/professions/professionsfxlockpickingc60.blp
8215421;interface/professions/professionsfxresearchc60.blp
8215423;interface/professions/professionsfxpoisonsc60.blp
8215428;interface/professions/professionsfxfirstaidc60.blp
8244541;interface/hud/uiunitframebossc60.blp
8244544;interface/hud/uiunitframebossc602x.blp
8244963;interface/gamepad/gamepadflyoutradial2x.blp
8244964;interface/gamepad/gamepadflyoutradial.blp
8244965;interface/gamepad/gamepadflyoutradialcircularmask.blp
8244966;interface/gamepad/gamepadflyoutradialcircularmask2x.blp
8244968;interface/gamepad/gamepadflyoutradialcircularpushedmask2x.blp
8244969;interface/gamepad/gamepadflyoutradialcircularpushedmask.blp
8244971;interface/gamepad/gamepadflyoutradialsquaremask2x.blp
8244972;interface/gamepad/gamepadflyoutradialsquaremask.blp
8244974;interface/gamepad/gamepadflyoutradialsquarepushedmask.blp
8244975;interface/gamepad/gamepadflyoutradialsquarepushedmask2x.blp
8245172;interface/common/commonframedivider2xc60.blp
8245174;interface/common/commonframedividerc60.blp
8254784;interface/common/commonsidetabmaskc60.blp
8254786;interface/common/commonsidetabmask2xc60.blp
8260962;interface/gamepad/gamepadmenuiconsc60.blp
8260979;interface/gamepad/gamepadactionbariconsc60.blp
8261163;interface/common/commonstatbarc60.blp
8261265;interface/common/commonstatbar2xc60.blp
8261287;interface/common/commonstatbarmaskc60.blp
8261289;interface/common/commonstatbarmask2xc60.blp
8261942;interface/gamepad/gamepadactionbar.blp
8268353;interface/questframe/questtracker2xc60.blp
8268356;interface/questframe/questtrackerc60.blp
8269223;interface/gamepad/gamepadactionbarfocusc60.blp
8280390;interface/gamepad/gamepaduiframefocus2xc60.blp
8280392;interface/gamepad/gamepaduiframefocusc60.blp
8311977;interface/castingbar/uicastingbarc60.blp
8311982;interface/castingbar/uicastingbar2xc60.blp
8315582;interface/common/commonicons2x.blp
8344057;interface/castingbar/uicastingbarfxc60.blp
8365724;interface/lfgframe/uilfgpromptsc60.blp
8373327;interface/lfgframe/groupfinderc60.blp
8373329;interface/lfgframe/uilfgprompts2xc60.blp
8373331;interface/lfgframe/groupfinder2xc60.blp
8395116;interface/gamepad/gamepadtargetingactions.blp
8416251;interface/friends/uifriends2xc60.blp
8416269;interface/friends/uifriendsc60.blp
8418118;interface/hud/uigroupfinderflipbookc60.blp
8418120;interface/hud/uigroupfinderflipbook2xc60.blp
8424995;interface/dressupframe/dressingroomc60.blp
8426725;interface/common/commoninternaltabc60.blp
8426727;interface/common/commoninternaltab2xc60.blp
8426737;interface/collections/collectionsc60.blp
8426739;interface/collections/collections2xc60.blp
8426741;interface/collections/collectionsbackgroundc60.blp
8426743;interface/collections/collectionsbackground2xc60.blp
8426745;interface/collections/collections3dbackgroundc60.blp
8426747;interface/collections/collections3dbackground2xc60.blp
8430026;interface/macroframe/macropopupc60.blp
8430048;interface/macroframe/macropopupverticalc60.blp
8430184;interface/hud/uigroupmanagerc60.blp
8430628;interface/hud/uigroupmanager2xc60.blp
8449700;interface/hud/uinameplatesc60.blp
8450817;interface/store/uisubsupgradebanner2xc60.blp
8450819;interface/store/uisubsupgradebannerc60.blp
8450821;interface/common/commonbuttonassets2xc60.blp
8450823;interface/common/commonbuttonassetsc60.blp
8460543;interface/gamepad/gamepadbagcomponents.blp
