[  0.000s] [startup] wow-sim process started pid=142598
[  0.000s] Resource limits: 2 CPU core(s)
[  0.000s] [Startup] WowLuaEnv::new begin
[  0.002s] [Startup] SimState::default complete in 2.27ms
[  0.003s] [Startup] rilua VM created in 108.39µs
[  0.003s] [Startup] builtin frames initialized in 92.70µs
[  0.003s] [Startup] template registry cleared in 13.22µs
[  0.003s] [Startup] intrinsic templates registered in 13.63µs
[  0.003s] [Startup] initial app_data lua handle installed in 951.00ns
[  0.174s] [Startup] init_lua_state complete in 171.18ms
[  0.174s] [Startup] final app_data lua handle installed in 281.00ns
[  0.174s] [Startup] initial screen globals installed in 130.10µs
[  0.174s] [Startup] WowLuaEnv::new complete
[  0.174s] [Startup] screen size set to 1600x1200 in 55.05µs
[  0.174s] [Startup] WowFontSystem::new begin casc=false
[  0.182s] [Startup] font system fallback loaded in 7.93ms
[  0.182s] [Startup] cosmic font system built in 9.27µs
[  0.182s] [Startup] swash cache created in 2.80µs
[  0.182s] [Startup] WowFontSystem::new complete in 7.98ms
[  0.182s] [Startup] font system created in 7.98ms
ALSA lib confmisc.c:855:(parse_card) [error.core] cannot find card '0'
ALSA lib conf.c:5211:(_snd_config_evaluate) [error.core] function snd_func_card_inum returned error: No such file or directory
ALSA lib confmisc.c:422:(snd_func_concat) [error.core] error evaluating strings
ALSA lib conf.c:5211:(_snd_config_evaluate) [error.core] function snd_func_concat returned error: No such file or directory
ALSA lib confmisc.c:1342:(snd_func_refer) [error.core] error evaluating name
ALSA lib conf.c:5211:(_snd_config_evaluate) [error.core] function snd_func_refer returned error: No such file or directory
ALSA lib conf.c:5734:(snd_config_expand) [error.core] Evaluate error: No such file or directory
ALSA lib pcm.c:2722:(snd_pcm_open_noupdate) [error.pcm] Unknown PCM default
[  0.183s] Sound: no audio device available
[  0.183s] [Startup] begin stop GC
[  0.183s] [Startup] end stop GC in 240.00ns
[  0.183s] [Startup] begin configure saved variables
[  0.183s] SavedVariables loading disabled
[  0.183s] [Startup] end configure saved variables in 1.49µs
[  0.183s] [Startup] begin load keybindings
[  0.183s] [Startup] end load keybindings in 151.00ns
[  0.183s] [Startup] begin configure edit mode cache
[  0.183s] EditMode cache source (read-only): 50868465#2 @ Burning Blade/Haky
[  0.183s] [Startup] end configure edit mode cache in 40.84µs
[  0.183s] [Startup] begin read ServerSnapshot edit mode layout
[  0.183s] [Startup] end read ServerSnapshot edit mode layout in 40.00ns
[  0.183s] [Startup] begin load edit mode cache
[  0.183s] Loaded EditMode layout cache from WTF
[  0.183s] [Startup] end load edit mode cache in 45.46µs
[  0.183s] [Startup] begin load ServerSnapshot character state
[  0.183s] [Startup] end load ServerSnapshot character state in 50.00ns
[  0.183s] [Startup] begin load Blizzard addons
[  0.193s] Loading 291 Blizzard addons...
[  3.329s] Blizzard addons loaded in 3.15s (io=7.36ms xml=174.31ms xmlproc=2.06s frames⊂xmlproc=2.04s lua=608.05ms [compile=501.62ms call=106.44ms] gc=deferred, bytecode cache: 0/1569 hits (0%, lookup_miss=0 replay_fail=0 stored=0 store_fail=0))
  frame breakdown: setup=1.03s finalize=2.49s (2482 frames)
  setup: code_build=10.71ms exec_lua=1.02s props=9.27ms
  finalize: layers=83.69ms (1151 tex, 689 fs) anim=22.56ms button=50.22ms lifecycle=813.95ms (1761 fires)
[  3.329s] [Startup] end load Blizzard addons in 3.15s
[  3.329s] [Startup] begin prepare chat frame for third-party addons
[  3.330s] [Startup] end prepare chat frame for third-party addons in 1.04ms
[  3.330s] [Startup] begin apply post-Blizzard load workarounds
[  3.330s] [Startup] applying post-load workarounds
[  3.330s] [Startup] apply_post_load_workarounds: begin
[  3.330s] [Workarounds] starting patch_edit_mode_manager
[  3.331s] [Workarounds] finished patch_edit_mode_manager in 502.64µs
[  3.331s] [Workarounds] starting init_edit_mode_layout
[  3.331s] [EditMode] starting setup_layout_info
[  3.338s] [EditMode] finished setup_layout_info in 7.53ms
[  3.338s] [EditMode] starting apply_system_anchors
[  3.526s] [EditMode] finished apply_system_anchors in 187.87ms
[  3.526s] [EditMode] starting finalize_action_bar_positions
[  3.529s] [EditMode] finished finalize_action_bar_positions in 2.86ms
[  3.529s] [EditMode] starting invoke_anchor_changed_hooks
[  3.530s] [EditMode] finished invoke_anchor_changed_hooks in 614.20µs
[  3.530s] [EditMode] starting fix_action_bar_nan_size
[  3.530s] [EditMode] finished fix_action_bar_nan_size in 67.59µs
[  3.530s] [EditMode] starting fix_action_bar_scale
[  3.530s] [EditMode] finished fix_action_bar_scale in 6.34µs
[  3.530s] [Workarounds] finished init_edit_mode_layout in 199.06ms
[  3.530s] [Workarounds] starting patch_ui_parent_panel_toggles
[  3.530s] [Workarounds] finished patch_ui_parent_panel_toggles in 330.06µs
[  3.530s] [Workarounds] starting patch_uiparent_onupdate_worklists
[  3.530s] [Workarounds] finished patch_uiparent_onupdate_worklists in 143.02µs
[  3.530s] [Workarounds] starting init_chat_type_colors
[  3.531s] [Workarounds] finished init_chat_type_colors in 199.56µs
[  3.531s] [Workarounds] starting patch_chat_voice_button_surface
[  3.531s] [Workarounds] finished patch_chat_voice_button_surface in 181.79µs
[  3.531s] [Workarounds] starting patch_item_socketing_tooltips
[  3.531s] [Workarounds] finished patch_item_socketing_tooltips in 89.97µs
[  3.531s] [Workarounds] starting patch_character_select_selected_name
[  3.531s] [Workarounds] finished patch_character_select_selected_name in 44.99µs
[  3.531s] [Workarounds] starting patch_character_create_defaults
[  3.531s] [Workarounds] finished patch_character_create_defaults in 326.98µs
[  3.531s] [Workarounds] starting patch_character_frame_title_refresh
[  3.541s] [Workarounds] finished patch_character_frame_title_refresh in 9.35ms
[  3.541s] [Workarounds] starting patch_vignette_pin_template
[  3.541s] [Workarounds] finished patch_vignette_pin_template in 166.59µs
[  3.541s] [Workarounds] starting patch_fog_of_war_pin_mixin
[  3.541s] [Workarounds] finished patch_fog_of_war_pin_mixin in 415.43µs
[  3.541s] [Workarounds] starting patch_map_exploration_pin_mixin
[  3.550s] [Workarounds] finished patch_map_exploration_pin_mixin in 9.18ms
[  3.550s] [Workarounds] starting patch_map_canvas_data_provider_attachment
[  3.550s] [Workarounds] finished patch_map_canvas_data_provider_attachment in 139.11µs
[  3.550s] [Workarounds] starting ensure_adventure_map_frame_surface
[  3.551s] [Workarounds] finished ensure_adventure_map_frame_surface in 554.05µs
[  3.551s] [Workarounds] starting patch_action_bar_button_event_fanout
[  3.551s] [Workarounds] finished patch_action_bar_button_event_fanout in 120.79µs
[  3.551s] [Workarounds] starting patch_paging_controls_page_text
[  3.551s] [Workarounds] finished patch_paging_controls_page_text in 44.29µs
[  3.551s] [Workarounds] starting patch_talent_edge_frame_level_sync
[  3.551s] [Workarounds] finished patch_talent_edge_frame_level_sync in 31.74µs
[  3.551s] [Workarounds] starting patch_catalog_shop_product_card_defaults
[  3.551s] [Workarounds] finished patch_catalog_shop_product_card_defaults in 68.62µs
[  3.551s] [Workarounds] starting patch_game_time_defaults
[  3.551s] [Workarounds] finished patch_game_time_defaults in 7.60µs
[  3.551s] [Workarounds] starting patch_tooltip_nineslice_surface
[  3.551s] [Workarounds] finished patch_tooltip_nineslice_surface in 46.55µs
[  3.551s] [Workarounds] starting patch_container_frame_token_tracker
[  3.551s] [Workarounds] finished patch_container_frame_token_tracker in 42.91µs
[  3.551s] [Workarounds] starting patch_achievement_display_set_achievements
[  3.551s] [Workarounds] finished patch_achievement_display_set_achievements in 8.15µs
[  3.551s] [Workarounds] starting patch_housing_dashboard_preload
[  3.552s] [Workarounds] finished patch_housing_dashboard_preload in 175.26µs
[  3.552s] [Workarounds] starting patch_lfg_lock_list
[  3.552s] [Workarounds] finished patch_lfg_lock_list in 40.03µs
[  3.552s] [Workarounds] starting patch_auction_house_browse_results_event
[  3.552s] [Workarounds] finished patch_auction_house_browse_results_event in 69.69µs
[  3.552s] [Workarounds] starting patch_auction_house_search_context_aliases
[  3.552s] [Workarounds] finished patch_auction_house_search_context_aliases in 31.99µs
[  3.552s] [Workarounds] starting patch_auth_challenge_frame_parent
[  3.552s] [Workarounds] finished patch_auth_challenge_frame_parent in 75.21µs
[  3.552s] [Workarounds] starting patch_settings_surface_defaults
[  3.552s] [Workarounds] finished patch_settings_surface_defaults in 379.01µs
[  3.552s] [Workarounds] starting patch_settings_canvas_layout_visibility
[  3.552s] [Workarounds] finished patch_settings_canvas_layout_visibility in 116.20µs
[  3.552s] [Startup] apply_post_load_workarounds: workarounds complete
[  3.658s] [Startup] apply_post_load_workarounds: globals restored
[  3.659s] [Startup] apply_post_load_workarounds: patch 12.1 compatibility restored
[  3.659s] [Startup] apply_post_load_workarounds: seterrorhandler restored
[  3.659s] [Startup] post-load workarounds complete in 328.98ms
[  3.659s] [Startup] end apply post-Blizzard load workarounds in 328.99ms
[  3.659s] [Startup] begin load third-party addons
[  3.689s] Loading 9 Blizzard addon dependencies for third-party addons...
[  3.862s] Loading 48 addons...
Lua error: @/home/osso/.worktrees/wow-ui-sim-p510-page/data/patch-api/evidence/5.1.0-session-2026-10-08/addon-snapshot/AdvancedInterfaceOptions/cvars.lua: Lua error: ...-10-08/addon-snapshot/AdvancedInterfaceOptions/cvars.lua:1165: attempt to call local '(for state)' (a nil value)
stack traceback:
	(string):1: in main chunk
Lua error: Lua Error: @/home/osso/.worktrees/wow-ui-sim-p510-page/data/patch-api/evidence/5.1.0-session-2026-10-08/addon-snapshot/AdvancedInterfaceOptions/cvars.lua: Lua error: ...-10-08/addon-snapshot/AdvancedInterfaceOptions/cvars.lua:1165: attempt to call local '(for state)' (a nil value)
stack traceback:
	(string):1: in main chunk
[Interface/AddOns/Blizzard_ScriptErrors/Blizzard_ScriptErrors.lua]:59: in function 'GetErrorData'
[Interface/AddOns/Blizzard_ScriptErrors/Blizzard_ScriptErrors.lua]:72: in function <[Interface/AddOns/Blizzard_ScriptErrors/Blizzard_ScriptErrors.lua]:71>

Lua error: @/home/osso/.worktrees/wow-ui-sim-p510-page/data/patch-api/evidence/5.1.0-session-2026-10-08/addon-snapshot/AdvancedInterfaceOptions/browser.lua: Lua error: ...0-08/addon-snapshot/AdvancedInterfaceOptions/browser.lua:2: attempt to call method 'Eve' (a nil value)
stack traceback:
	(string):1: in main chunk
Lua error: Lua Error: @/home/osso/.worktrees/wow-ui-sim-p510-page/data/patch-api/evidence/5.1.0-session-2026-10-08/addon-snapshot/AdvancedInterfaceOptions/browser.lua: Lua error: ...0-08/addon-snapshot/AdvancedInterfaceOptions/browser.lua:2: attempt to call method 'Eve' (a nil value)
stack traceback:
	(string):1: in main chunk
[Interface/AddOns/Blizzard_ScriptErrors/Blizzard_ScriptErrors.lua]:59: in function 'GetErrorData'
[Interface/AddOns/Blizzard_ScriptErrors/Blizzard_ScriptErrors.lua]:72: in function <[Interface/AddOns/Blizzard_ScriptErrors/Blizzard_ScriptErrors.lua]:71>

Lua error: @/home/osso/.worktrees/wow-ui-sim-p510-page/data/patch-api/evidence/5.1.0-session-2026-10-08/addon-snapshot/AdvancedInterfaceOptions/basicOptions.lua: Lua error: ...addon-snapshot/AdvancedInterfaceOptions/basicOptions.lua:2: attempt to call method 'Eve' (a nil value)
stack traceback:
	(string):1: in main chunk
Lua error: Lua Error: @/home/osso/.worktrees/wow-ui-sim-p510-page/data/patch-api/evidence/5.1.0-session-2026-10-08/addon-snapshot/AdvancedInterfaceOptions/basicOptions.lua: Lua error: ...addon-snapshot/AdvancedInterfaceOptions/basicOptions.lua:2: attempt to call method 'Eve' (a nil value)
stack traceback:
	(string):1: in main chunk
[Interface/AddOns/Blizzard_ScriptErrors/Blizzard_ScriptErrors.lua]:59: in function 'GetErrorData'
[Interface/AddOns/Blizzard_ScriptErrors/Blizzard_ScriptErrors.lua]:72: in function <[Interface/AddOns/Blizzard_ScriptErrors/Blizzard_ScriptErrors.lua]:71>

Lua error: IO error reading /home/osso/.worktrees/wow-ui-sim-p510-page/data/patch-api/evidence/5.1.0-session-2026-10-08/addon-snapshot/AstralKeys/Libs/LibStub/LibStub.lua: No such file or directory (os error 2)
stack traceback:
	(string):1: in main chunk
Lua error: Lua Error: IO error reading /home/osso/.worktrees/wow-ui-sim-p510-page/data/patch-api/evidence/5.1.0-session-2026-10-08/addon-snapshot/AstralKeys/Libs/LibStub/LibStub.lua: No such file or directory (os error 2)
stack traceback:
	(string):1: in main chunk
[Interface/AddOns/Blizzard_ScriptErrors/Blizzard_ScriptErrors.lua]:59: in function 'GetErrorData'
[Interface/AddOns/Blizzard_ScriptErrors/Blizzard_ScriptErrors.lua]:72: in function <[Interface/AddOns/Blizzard_ScriptErrors/Blizzard_ScriptErrors.lua]:71>

Lua error: @/home/osso/.worktrees/wow-ui-sim-p510-page/data/patch-api/evidence/5.1.0-session-2026-10-08/addon-snapshot/AstralKeys/Dialog.lua: Lua error: .../addon-snapshot/AstralKeys/Localization/Localization.lua:17: stack overflow
stack traceback:
	(string):1: in main chunk
Lua error: Lua Error: @/home/osso/.worktrees/wow-ui-sim-p510-page/data/patch-api/evidence/5.1.0-session-2026-10-08/addon-snapshot/AstralKeys/Dialog.lua: Lua error: .../addon-snapshot/AstralKeys/Localization/Localization.lua:17: stack overflow
stack traceback:
	(string):1: in main chunk
[Interface/AddOns/Blizzard_ScriptErrors/Blizzard_ScriptErrors.lua]:59: in function 'GetErrorData'
[Interface/AddOns/Blizzard_ScriptErrors/Blizzard_ScriptErrors.lua]:72: in function <[Interface/AddOns/Blizzard_ScriptErrors/Blizzard_ScriptErrors.lua]:71>

Lua error: @/home/osso/.worktrees/wow-ui-sim-p510-page/data/patch-api/evidence/5.1.0-session-2026-10-08/addon-snapshot/AstralKeys/Communications.lua: Lua error: ...-2026-10-08/addon-snapshot/AstralKeys/Communications.lua:252: attempt to index global 'AstralEvents' (a nil value)
stack traceback:
	(string):1: in main chunk
Lua error: Lua Error: @/home/osso/.worktrees/wow-ui-sim-p510-page/data/patch-api/evidence/5.1.0-session-2026-10-08/addon-snapshot/AstralKeys/Communications.lua: Lua error: ...-2026-10-08/addon-snapshot/AstralKeys/Communications.lua:252: attempt to index global 'AstralEvents' (a nil value)
stack traceback:
	(string):1: in main chunk
[Interface/AddOns/Blizzard_ScriptErrors/Blizzard_ScriptErrors.lua]:59: in function 'GetErrorData'
[Interface/AddOns/Blizzard_ScriptErrors/Blizzard_ScriptErrors.lua]:72: in function <[Interface/AddOns/Blizzard_ScriptErrors/Blizzard_ScriptErrors.lua]:71>

Lua error: @/home/osso/.worktrees/wow-ui-sim-p510-page/data/patch-api/evidence/5.1.0-session-2026-10-08/addon-snapshot/AstralKeys/Lists/Friends.lua: Lua error: ...n-2026-10-08/addon-snapshot/AstralKeys/Lists/Friends.lua:75: attempt to index global 'AstralEvents' (a nil value)
stack traceback:
	(string):1: in main chunk
Lua error: Lua Error: @/home/osso/.worktrees/wow-ui-sim-p510-page/data/patch-api/evidence/5.1.0-session-2026-10-08/addon-snapshot/AstralKeys/Lists/Friends.lua: Lua error: ...n-2026-10-08/addon-snapshot/AstralKeys/Lists/Friends.lua:75: attempt to index global 'AstralEvents' (a nil value)
stack traceback:
	(string):1: in main chunk
[Interface/AddOns/Blizzard_ScriptErrors/Blizzard_ScriptErrors.lua]:59: in function 'GetErrorData'
[Interface/AddOns/Blizzard_ScriptErrors/Blizzard_ScriptErrors.lua]:72: in function <[Interface/AddOns/Blizzard_ScriptErrors/Blizzard_ScriptErrors.lua]:71>

Lua error: @/home/osso/.worktrees/wow-ui-sim-p510-page/data/patch-api/evidence/5.1.0-session-2026-10-08/addon-snapshot/AstralKeys/Lists/Guild.lua: Lua error: ...ion-2026-10-08/addon-snapshot/AstralKeys/Lists/Guild.lua:19: attempt to index global 'AstralEvents' (a nil value)
stack traceback:
	(string):1: in main chunk
Lua error: Lua Error: @/home/osso/.worktrees/wow-ui-sim-p510-page/data/patch-api/evidence/5.1.0-session-2026-10-08/addon-snapshot/AstralKeys/Lists/Guild.lua: Lua error: ...ion-2026-10-08/addon-snapshot/AstralKeys/Lists/Guild.lua:19: attempt to index global 'AstralEvents' (a nil value)
stack traceback:
	(string):1: in main chunk
[Interface/AddOns/Blizzard_ScriptErrors/Blizzard_ScriptErrors.lua]:59: in function 'GetErrorData'
[Interface/AddOns/Blizzard_ScriptErrors/Blizzard_ScriptErrors.lua]:72: in function <[Interface/AddOns/Blizzard_ScriptErrors/Blizzard_ScriptErrors.lua]:71>

Lua error: @/home/osso/.worktrees/wow-ui-sim-p510-page/data/patch-api/evidence/5.1.0-session-2026-10-08/addon-snapshot/AstralKeys/Dungeons.lua: Lua error: .../addon-snapshot/AstralKeys/Localization/Localization.lua:17: stack overflow
stack traceback:
	(string):1: in main chunk
Lua error: Lua Error: @/home/osso/.worktrees/wow-ui-sim-p510-page/data/patch-api/evidence/5.1.0-session-2026-10-08/addon-snapshot/AstralKeys/Dungeons.lua: Lua error: .../addon-snapshot/AstralKeys/Localization/Localization.lua:17: stack overflow
stack traceback:
	(string):1: in main chunk
[Interface/AddOns/Blizzard_ScriptErrors/Blizzard_ScriptErrors.lua]:59: in function 'GetErrorData'
[Interface/AddOns/Blizzard_ScriptErrors/Blizzard_ScriptErrors.lua]:72: in function <[Interface/AddOns/Blizzard_ScriptErrors/Blizzard_ScriptErrors.lua]:71>

Lua error: @/home/osso/.worktrees/wow-ui-sim-p510-page/data/patch-api/evidence/5.1.0-session-2026-10-08/addon-snapshot/AstralKeys/AstralKeys.lua: Lua error: ...sion-2026-10-08/addon-snapshot/AstralKeys/AstralKeys.lua:93: attempt to index global 'AstralEvents' (a nil value)
stack traceback:
	(string):1: in main chunk
Lua error: Lua Error: @/home/osso/.worktrees/wow-ui-sim-p510-page/data/patch-api/evidence/5.1.0-session-2026-10-08/addon-snapshot/AstralKeys/AstralKeys.lua: Lua error: ...sion-2026-10-08/addon-snapshot/AstralKeys/AstralKeys.lua:93: attempt to index global 'AstralEvents' (a nil value)
stack traceback:
	(string):1: in main chunk
[Interface/AddOns/Blizzard_ScriptErrors/Blizzard_ScriptErrors.lua]:59: in function 'GetErrorData'
[Interface/AddOns/Blizzard_ScriptErrors/Blizzard_ScriptErrors.lua]:72: in function <[Interface/AddOns/Blizzard_ScriptErrors/Blizzard_ScriptErrors.lua]:71>

Lua error: IO error reading /home/osso/.worktrees/wow-ui-sim-p510-page/data/patch-api/evidence/5.1.0-session-2026-10-08/addon-snapshot/AstralKeys/Frame.lua: No such file or directory (os error 2)
stack traceback:
	(string):1: in main chunk
Lua error: Lua Error: IO error reading /home/osso/.worktrees/wow-ui-sim-p510-page/data/patch-api/evidence/5.1.0-session-2026-10-08/addon-snapshot/AstralKeys/Frame.lua: No such file or directory (os error 2)
stack traceback:
	(string):1: in main chunk
[Interface/AddOns/Blizzard_ScriptErrors/Blizzard_ScriptErrors.lua]:59: in function 'GetErrorData'
[Interface/AddOns/Blizzard_ScriptErrors/Blizzard_ScriptErrors.lua]:72: in function <[Interface/AddOns/Blizzard_ScriptErrors/Blizzard_ScriptErrors.lua]:71>

Lua error: @/home/osso/.worktrees/wow-ui-sim-p510-page/data/patch-api/evidence/5.1.0-session-2026-10-08/addon-snapshot/AstralKeys/MinimapButton.lua: Lua error: ...n-2026-10-08/addon-snapshot/AstralKeys/MinimapButton.lua:4: attempt to call a nil value
stack traceback:
	(string):1: in main chunk
Lua error: Lua Error: @/home/osso/.worktrees/wow-ui-sim-p510-page/data/patch-api/evidence/5.1.0-session-2026-10-08/addon-snapshot/AstralKeys/MinimapButton.lua: Lua error: ...n-2026-10-08/addon-snapshot/AstralKeys/MinimapButton.lua:4: attempt to call a nil value
stack traceback:
	(string):1: in main chunk
[Interface/AddOns/Blizzard_ScriptErrors/Blizzard_ScriptErrors.lua]:59: in function 'GetErrorData'
[Interface/AddOns/Blizzard_ScriptErrors/Blizzard_ScriptErrors.lua]:72: in function <[Interface/AddOns/Blizzard_ScriptErrors/Blizzard_ScriptErrors.lua]:71>

Lua error: IO error reading /home/osso/.worktrees/wow-ui-sim-p510-page/data/patch-api/evidence/5.1.0-session-2026-10-08/addon-snapshot/BetterBlizzFrames/libs/LibStub/LibStub.lua: No such file or directory (os error 2)
stack traceback:
	(string):1: in main chunk
Lua error: Lua Error: IO error reading /home/osso/.worktrees/wow-ui-sim-p510-page/data/patch-api/evidence/5.1.0-session-2026-10-08/addon-snapshot/BetterBlizzFrames/libs/LibStub/LibStub.lua: No such file or directory (os error 2)
stack traceback:
	(string):1: in main chunk
[Interface/AddOns/Blizzard_ScriptErrors/Blizzard_ScriptErrors.lua]:59: in function 'GetErrorData'
[Interface/AddOns/Blizzard_ScriptErrors/Blizzard_ScriptErrors.lua]:72: in function <[Interface/AddOns/Blizzard_ScriptErrors/Blizzard_ScriptErrors.lua]:71>

Lua error: @/home/osso/.worktrees/wow-ui-sim-p510-page/data/patch-api/evidence/5.1.0-session-2026-10-08/addon-snapshot/BetterBlizzFrames/shared/functions.lua: Lua error: ...08/addon-snapshot/BetterBlizzFrames/shared/functions.lua:329: attempt to call a nil value
stack traceback:
	(string):1: in main chunk
Lua error: Lua Error: @/home/osso/.worktrees/wow-ui-sim-p510-page/data/patch-api/evidence/5.1.0-session-2026-10-08/addon-snapshot/BetterBlizzFrames/shared/functions.lua: Lua error: ...08/addon-snapshot/BetterBlizzFrames/shared/functions.lua:329: attempt to call a nil value
stack traceback:
	(string):1: in main chunk
[Interface/AddOns/Blizzard_ScriptErrors/Blizzard_ScriptErrors.lua]:59: in function 'GetErrorData'
[Interface/AddOns/Blizzard_ScriptErrors/Blizzard_ScriptErrors.lua]:72: in function <[Interface/AddOns/Blizzard_ScriptErrors/Blizzard_ScriptErrors.lua]:71>

Lua error: @/home/osso/.worktrees/wow-ui-sim-p510-page/data/patch-api/evidence/5.1.0-session-2026-10-08/addon-snapshot/BetterBlizzFrames/shared/ImportExport.lua: Lua error: ...addon-snapshot/BetterBlizzFrames/shared/ImportExport.lua:2: attempt to call a nil value
stack traceback:
	(string):1: in main chunk
Lua error: Lua Error: @/home/osso/.worktrees/wow-ui-sim-p510-page/data/patch-api/evidence/5.1.0-session-2026-10-08/addon-snapshot/BetterBlizzFrames/shared/ImportExport.lua: Lua error: ...addon-snapshot/BetterBlizzFrames/shared/ImportExport.lua:2: attempt to call a nil value
stack traceback:
	(string):1: in main chunk
[Interface/AddOns/Blizzard_ScriptErrors/Blizzard_ScriptErrors.lua]:59: in function 'GetErrorData'
[Interface/AddOns/Blizzard_ScriptErrors/Blizzard_ScriptErrors.lua]:72: in function <[Interface/AddOns/Blizzard_ScriptErrors/Blizzard_ScriptErrors.lua]:71>

Lua error: @/home/osso/.worktrees/wow-ui-sim-p510-page/data/patch-api/evidence/5.1.0-session-2026-10-08/addon-snapshot/BetterBlizzFrames/retail/modules/interruptIcon.lua: Lua error: ...pshot/BetterBlizzFrames/retail/modules/interruptIcon.lua:333: attempt to call a nil value
stack traceback:
	(string):1: in main chunk
Lua error: Lua Error: @/home/osso/.worktrees/wow-ui-sim-p510-page/data/patch-api/evidence/5.1.0-session-2026-10-08/addon-snapshot/BetterBlizzFrames/retail/modules/interruptIcon.lua: Lua error: ...pshot/BetterBlizzFrames/retail/modules/interruptIcon.lua:333: attempt to call a nil value
stack traceback:
	(string):1: in main chunk
[Interface/AddOns/Blizzard_ScriptErrors/Blizzard_ScriptErrors.lua]:59: in function 'GetErrorData'
[Interface/AddOns/Blizzard_ScriptErrors/Blizzard_ScriptErrors.lua]:72: in function <[Interface/AddOns/Blizzard_ScriptErrors/Blizzard_ScriptErrors.lua]:71>

Lua error: @/home/osso/.worktrees/wow-ui-sim-p510-page/data/patch-api/evidence/5.1.0-session-2026-10-08/addon-snapshot/BetterBlizzFrames/retail/modules/prd.lua: Lua error: .../addon-snapshot/BetterBlizzFrames/retail/modules/prd.lua:1: attempt to call a nil value
stack traceback:
	(string):1: in main chunk
Lua error: Lua Error: @/home/osso/.worktrees/wow-ui-sim-p510-page/data/patch-api/evidence/5.1.0-session-2026-10-08/addon-snapshot/BetterBlizzFrames/retail/modules/prd.lua: Lua error: .../addon-snapshot/BetterBlizzFrames/retail/modules/prd.lua:1: attempt to call a nil value
stack traceback:
	(string):1: in main chunk
[Interface/AddOns/Blizzard_ScriptErrors/Blizzard_ScriptErrors.lua]:59: in function 'GetErrorData'
[Interface/AddOns/Blizzard_ScriptErrors/Blizzard_ScriptErrors.lua]:72: in function <[Interface/AddOns/Blizzard_ScriptErrors/Blizzard_ScriptErrors.lua]:71>

Lua error: @/home/osso/.worktrees/wow-ui-sim-p510-page/data/patch-api/evidence/5.1.0-session-2026-10-08/addon-snapshot/BetterBlizzFrames/retail/gui.lua: Lua error: ...26-10-08/addon-snapshot/BetterBlizzFrames/retail/gui.lua:2: attempt to index global 'LibStub' (a nil value)
stack traceback:
	(string):1: in main chunk
Lua error: Lua Error: @/home/osso/.worktrees/wow-ui-sim-p510-page/data/patch-api/evidence/5.1.0-session-2026-10-08/addon-snapshot/BetterBlizzFrames/retail/gui.lua: Lua error: ...26-10-08/addon-snapshot/BetterBlizzFrames/retail/gui.lua:2: attempt to index global 'LibStub' (a nil value)
stack traceback:
	(string):1: in main chunk
[Interface/AddOns/Blizzard_ScriptErrors/Blizzard_ScriptErrors.lua]:59: in function 'GetErrorData'
[Interface/AddOns/Blizzard_ScriptErrors/Blizzard_ScriptErrors.lua]:72: in function <[Interface/AddOns/Blizzard_ScriptErrors/Blizzard_ScriptErrors.lua]:71>

Lua error: IO error loading /home/osso/.worktrees/wow-ui-sim-p510-page/data/patch-api/evidence/5.1.0-session-2026-10-08/addon-snapshot/BlizzMove/Libs/CallbackHandler-1.0/CallbackHandler-1.0.xml: No such file or directory (os error 2)
stack traceback:
	(string):1: in main chunk
Lua error: Lua Error: IO error loading /home/osso/.worktrees/wow-ui-sim-p510-page/data/patch-api/evidence/5.1.0-session-2026-10-08/addon-snapshot/BlizzMove/Libs/CallbackHandler-1.0/CallbackHandler-1.0.xml: No such file or directory (os error 2)
stack traceback:
	(string):1: in main chunk
[Interface/AddOns/Blizzard_ScriptErrors/Blizzard_ScriptErrors.lua]:59: in function 'GetErrorData'
[Interface/AddOns/Blizzard_ScriptErrors/Blizzard_ScriptErrors.lua]:72: in function <[Interface/AddOns/Blizzard_ScriptErrors/Blizzard_ScriptErrors.lua]:71>

Lua error: XML error: IO error loading /home/osso/.worktrees/wow-ui-sim-p510-page/data/patch-api/evidence/5.1.0-session-2026-10-08/addon-snapshot/BlizzMove/Libs/CallbackHandler-1.0/CallbackHandler-1.0.xml: No such file or directory (os error 2)
stack traceback:
	(string):1: in main chunk
Lua error: Lua Error: XML error: IO error loading /home/osso/.worktrees/wow-ui-sim-p510-page/data/patch-api/evidence/5.1.0-session-2026-10-08/addon-snapshot/BlizzMove/Libs/CallbackHandler-1.0/CallbackHandler-1.0.xml: No such file or directory (os error 2)
stack traceback:
	(string):1: in main chunk
[Interface/AddOns/Blizzard_ScriptErrors/Blizzard_ScriptErrors.lua]:59: in function 'GetErrorData'
[Interface/AddOns/Blizzard_ScriptErrors/Blizzard_ScriptErrors.lua]:72: in function <[Interface/AddOns/Blizzard_ScriptErrors/Blizzard_ScriptErrors.lua]:71>

Lua error: IO error reading /home/osso/.worktrees/wow-ui-sim-p510-page/data/patch-api/evidence/5.1.0-session-2026-10-08/addon-snapshot/BlizzMove/Locale/enUS.lua: No such file or directory (os error 2)
stack traceback:
	(string):1: in main chunk
Lua error: Lua Error: IO error reading /home/osso/.worktrees/wow-ui-sim-p510-page/data/patch-api/evidence/5.1.0-session-2026-10-08/addon-snapshot/BlizzMove/Locale/enUS.lua: No such file or directory (os error 2)
stack traceback:
	(string):1: in main chunk
[Interface/AddOns/Blizzard_ScriptErrors/Blizzard_ScriptErrors.lua]:59: in function 'GetErrorData'
[Interface/AddOns/Blizzard_ScriptErrors/Blizzard_ScriptErrors.lua]:72: in function <[Interface/AddOns/Blizzard_ScriptErrors/Blizzard_ScriptErrors.lua]:71>

Lua error: @/home/osso/.worktrees/wow-ui-sim-p510-page/data/patch-api/evidence/5.1.0-session-2026-10-08/addon-snapshot/BlizzMove/BlizzMove.lua: Lua error: ...ession-2026-10-08/addon-snapshot/BlizzMove/BlizzMove.lua:34: Cannot find a library instance of "AceAddon-3.0".
stack traceback:
	(string):1: in main chunk
Lua error: Lua Error: @/home/osso/.worktrees/wow-ui-sim-p510-page/data/patch-api/evidence/5.1.0-session-2026-10-08/addon-snapshot/BlizzMove/BlizzMove.lua: Lua error: ...ession-2026-10-08/addon-snapshot/BlizzMove/BlizzMove.lua:34: Cannot find a library instance of "AceAddon-3.0".
stack traceback:
	(string):1: in main chunk
[Interface/AddOns/Blizzard_ScriptErrors/Blizzard_ScriptErrors.lua]:59: in function 'GetErrorData'
[Interface/AddOns/Blizzard_ScriptErrors/Blizzard_ScriptErrors.lua]:72: in function <[Interface/AddOns/Blizzard_ScriptErrors/Blizzard_ScriptErrors.lua]:71>

Lua error: @/home/osso/.worktrees/wow-ui-sim-p510-page/data/patch-api/evidence/5.1.0-session-2026-10-08/addon-snapshot/BlizzMove/BlizzMoveConfig.lua: Lua error: ...-2026-10-08/addon-snapshot/BlizzMove/BlizzMoveConfig.lua:13: Cannot find a library instance of "AceAddon-3.0".
stack traceback:
	(string):1: in main chunk
Lua error: Lua Error: @/home/osso/.worktrees/wow-ui-sim-p510-page/data/patch-api/evidence/5.1.0-session-2026-10-08/addon-snapshot/BlizzMove/BlizzMoveConfig.lua: Lua error: ...-2026-10-08/addon-snapshot/BlizzMove/BlizzMoveConfig.lua:13: Cannot find a library instance of "AceAddon-3.0".
stack traceback:
	(string):1: in main chunk
[Interface/AddOns/Blizzard_ScriptErrors/Blizzard_ScriptErrors.lua]:59: in function 'GetErrorData'
[Interface/AddOns/Blizzard_ScriptErrors/Blizzard_ScriptErrors.lua]:72: in function <[Interface/AddOns/Blizzard_ScriptErrors/Blizzard_ScriptErrors.lua]:71>

Lua error: @/home/osso/.worktrees/wow-ui-sim-p510-page/data/patch-api/evidence/5.1.0-session-2026-10-08/addon-snapshot/BossHelper/Core/BossData.lua: Lua error: ...n-2026-10-08/addon-snapshot/BossHelper/Core/BossData.lua:37: attempt to index global 'BossHelper' (a nil value)
stack traceback:
	(string):1: in main chunk
Lua error: Lua Error: @/home/osso/.worktrees/wow-ui-sim-p510-page/data/patch-api/evidence/5.1.0-session-2026-10-08/addon-snapshot/BossHelper/Core/BossData.lua: Lua error: ...n-2026-10-08/addon-snapshot/BossHelper/Core/BossData.lua:37: attempt to index global 'BossHelper' (a nil value)
stack traceback:
	(string):1: in main chunk
[Interface/AddOns/Blizzard_ScriptErrors/Blizzard_ScriptErrors.lua]:59: in function 'GetErrorData'
[Interface/AddOns/Blizzard_ScriptErrors/Blizzard_ScriptErrors.lua]:72: in function <[Interface/AddOns/Blizzard_ScriptErrors/Blizzard_ScriptErrors.lua]:71>

Lua error: @/home/osso/.worktrees/wow-ui-sim-p510-page/data/patch-api/evidence/5.1.0-session-2026-10-08/addon-snapshot/BossHelper/Core/AffixData.lua: Lua error: ...-2026-10-08/addon-snapshot/BossHelper/Core/AffixData.lua:8: attempt to index global 'BossHelper' (a nil value)
stack traceback:
	(string):1: in main chunk
Lua error: Lua Error: @/home/osso/.worktrees/wow-ui-sim-p510-page/data/patch-api/evidence/5.1.0-session-2026-10-08/addon-snapshot/BossHelper/Core/AffixData.lua: Lua error: ...-2026-10-08/addon-snapshot/BossHelper/Core/AffixData.lua:8: attempt to index global 'BossHelper' (a nil value)
stack traceback:
	(string):1: in main chunk
[Interface/AddOns/Blizzard_ScriptErrors/Blizzard_ScriptErrors.lua]:59: in function 'GetErrorData'
[Interface/AddOns/Blizzard_ScriptErrors/Blizzard_ScriptErrors.lua]:72: in function <[Interface/AddOns/Blizzard_ScriptErrors/Blizzard_ScriptErrors.lua]:71>

Lua error: @/home/osso/.worktrees/wow-ui-sim-p510-page/data/patch-api/evidence/5.1.0-session-2026-10-08/addon-snapshot/BossHelper/Core/Functions.lua: Lua error: ...-2026-10-08/addon-snapshot/BossHelper/Core/Functions.lua:10: attempt to index global 'BossHelper' (a nil value)
stack traceback:
	(string):1: in main chunk
Lua error: Lua Error: @/home/osso/.worktrees/wow-ui-sim-p510-page/data/patch-api/evidence/5.1.0-session-2026-10-08/addon-snapshot/BossHelper/Core/Functions.lua: Lua error: ...-2026-10-08/addon-snapshot/BossHelper/Core/Functions.lua:10: attempt to index global 'BossHelper' (a nil value)
stack traceback:
	(string):1: in main chunk
[Interface/AddOns/Blizzard_ScriptErrors/Blizzard_ScriptErrors.lua]:59: in function 'GetErrorData'
[Interface/AddOns/Blizzard_ScriptErrors/Blizzard_ScriptErrors.lua]:72: in function <[Interface/AddOns/Blizzard_ScriptErrors/Blizzard_ScriptErrors.lua]:71>

Lua error: @/home/osso/.worktrees/wow-ui-sim-p510-page/data/patch-api/evidence/5.1.0-session-2026-10-08/addon-snapshot/BossHelper/Core/EditModeLogic.lua: Lua error: ...6-10-08/addon-snapshot/BossHelper/Core/EditModeLogic.lua:3: attempt to index global 'BossHelper' (a nil value)
stack traceback:
	(string):1: in main chunk
Lua error: Lua Error: @/home/osso/.worktrees/wow-ui-sim-p510-page/data/patch-api/evidence/5.1.0-session-2026-10-08/addon-snapshot/BossHelper/Core/EditModeLogic.lua: Lua error: ...6-10-08/addon-snapshot/BossHelper/Core/EditModeLogic.lua:3: attempt to index global 'BossHelper' (a nil value)
stack traceback:
	(string):1: in main chunk
[Interface/AddOns/Blizzard_ScriptErrors/Blizzard_ScriptErrors.lua]:59: in function 'GetErrorData'
[Interface/AddOns/Blizzard_ScriptErrors/Blizzard_ScriptErrors.lua]:72: in function <[Interface/AddOns/Blizzard_ScriptErrors/Blizzard_ScriptErrors.lua]:71>

Lua error: @/home/osso/.worktrees/wow-ui-sim-p510-page/data/patch-api/evidence/5.1.0-session-2026-10-08/addon-snapshot/BossHelper/UI/StartPage.lua: Lua error: ...on-2026-10-08/addon-snapshot/BossHelper/UI/StartPage.lua:12: attempt to index field 'UI' (a nil value)
stack traceback:
	(string):1: in main chunk
Lua error: Lua Error: @/home/osso/.worktrees/wow-ui-sim-p510-page/data/patch-api/evidence/5.1.0-session-2026-10-08/addon-snapshot/BossHelper/UI/StartPage.lua: Lua error: ...on-2026-10-08/addon-snapshot/BossHelper/UI/StartPage.lua:12: attempt to index field 'UI' (a nil value)
stack traceback:
	(string):1: in main chunk
[Interface/AddOns/Blizzard_ScriptErrors/Blizzard_ScriptErrors.lua]:59: in function 'GetErrorData'
[Interface/AddOns/Blizzard_ScriptErrors/Blizzard_ScriptErrors.lua]:72: in function <[Interface/AddOns/Blizzard_ScriptErrors/Blizzard_ScriptErrors.lua]:71>

Lua error: @/home/osso/.worktrees/wow-ui-sim-p510-page/data/patch-api/evidence/5.1.0-session-2026-10-08/addon-snapshot/BossHelper/UI/Settings.lua: Lua error: ...ion-2026-10-08/addon-snapshot/BossHelper/UI/Settings.lua:40: attempt to index field 'UI' (a nil value)
stack traceback:
	(string):1: in main chunk
Lua error: Lua Error: @/home/osso/.worktrees/wow-ui-sim-p510-page/data/patch-api/evidence/5.1.0-session-2026-10-08/addon-snapshot/BossHelper/UI/Settings.lua: Lua error: ...ion-2026-10-08/addon-snapshot/BossHelper/UI/Settings.lua:40: attempt to index field 'UI' (a nil value)
stack traceback:
	(string):1: in main chunk
[Interface/AddOns/Blizzard_ScriptErrors/Blizzard_ScriptErrors.lua]:59: in function 'GetErrorData'
[Interface/AddOns/Blizzard_ScriptErrors/Blizzard_ScriptErrors.lua]:72: in function <[Interface/AddOns/Blizzard_ScriptErrors/Blizzard_ScriptErrors.lua]:71>

Lua error: @/home/osso/.worktrees/wow-ui-sim-p510-page/data/patch-api/evidence/5.1.0-session-2026-10-08/addon-snapshot/BossHelper/UI/EditTactics.lua: Lua error: ...-2026-10-08/addon-snapshot/BossHelper/UI/EditTactics.lua:28: attempt to index field 'UI' (a nil value)
stack traceback:
	(string):1: in main chunk
Lua error: Lua Error: @/home/osso/.worktrees/wow-ui-sim-p510-page/data/patch-api/evidence/5.1.0-session-2026-10-08/addon-snapshot/BossHelper/UI/EditTactics.lua: Lua error: ...-2026-10-08/addon-snapshot/BossHelper/UI/EditTactics.lua:28: attempt to index field 'UI' (a nil value)
stack traceback:
	(string):1: in main chunk
[Interface/AddOns/Blizzard_ScriptErrors/Blizzard_ScriptErrors.lua]:59: in function 'GetErrorData'
[Interface/AddOns/Blizzard_ScriptErrors/Blizzard_ScriptErrors.lua]:72: in function <[Interface/AddOns/Blizzard_ScriptErrors/Blizzard_ScriptErrors.lua]:71>

Lua error: @/home/osso/.worktrees/wow-ui-sim-p510-page/data/patch-api/evidence/5.1.0-session-2026-10-08/addon-snapshot/BossHelper/UI/Affixes.lua: Lua error: ...sion-2026-10-08/addon-snapshot/BossHelper/UI/Affixes.lua:10: attempt to index field 'AffixData' (a nil value)
stack traceback:
	(string):1: in main chunk
Lua error: Lua Error: @/home/osso/.worktrees/wow-ui-sim-p510-page/data/patch-api/evidence/5.1.0-session-2026-10-08/addon-snapshot/BossHelper/UI/Affixes.lua: Lua error: ...sion-2026-10-08/addon-snapshot/BossHelper/UI/Affixes.lua:10: attempt to index field 'AffixData' (a nil value)
stack traceback:
	(string):1: in main chunk
[Interface/AddOns/Blizzard_ScriptErrors/Blizzard_ScriptErrors.lua]:59: in function 'GetErrorData'
[Interface/AddOns/Blizzard_ScriptErrors/Blizzard_ScriptErrors.lua]:72: in function <[Interface/AddOns/Blizzard_ScriptErrors/Blizzard_ScriptErrors.lua]:71>

Lua error: @/home/osso/.worktrees/wow-ui-sim-p510-page/data/patch-api/evidence/5.1.0-session-2026-10-08/addon-snapshot/BossHelper/UI/QuickStart.lua: Lua error: ...n-2026-10-08/addon-snapshot/BossHelper/UI/QuickStart.lua:11: attempt to index field 'UI' (a nil value)
stack traceback:
	(string):1: in main chunk
Lua error: Lua Error: @/home/osso/.worktrees/wow-ui-sim-p510-page/data/patch-api/evidence/5.1.0-session-2026-10-08/addon-snapshot/BossHelper/UI/QuickStart.lua: Lua error: ...n-2026-10-08/addon-snapshot/BossHelper/UI/QuickStart.lua:11: attempt to index field 'UI' (a nil value)
stack traceback:
	(string):1: in main chunk
[Interface/AddOns/Blizzard_ScriptErrors/Blizzard_ScriptErrors.lua]:59: in function 'GetErrorData'
[Interface/AddOns/Blizzard_ScriptErrors/Blizzard_ScriptErrors.lua]:72: in function <[Interface/AddOns/Blizzard_ScriptErrors/Blizzard_ScriptErrors.lua]:71>

Lua error: @/home/osso/.worktrees/wow-ui-sim-p510-page/data/patch-api/evidence/5.1.0-session-2026-10-08/addon-snapshot/BossHelper/Modules/MiniWindow.lua: Lua error: ...6-10-08/addon-snapshot/BossHelper/Modules/MiniWindow.lua:97: attempt to index field 'UI' (a nil value)
stack traceback:
	(string):1: in main chunk
Lua error: Lua Error: @/home/osso/.worktrees/wow-ui-sim-p510-page/data/patch-api/evidence/5.1.0-session-2026-10-08/addon-snapshot/BossHelper/Modules/MiniWindow.lua: Lua error: ...6-10-08/addon-snapshot/BossHelper/Modules/MiniWindow.lua:97: attempt to index field 'UI' (a nil value)
stack traceback:
	(string):1: in main chunk
[Interface/AddOns/Blizzard_ScriptErrors/Blizzard_ScriptErrors.lua]:59: in function 'GetErrorData'
[Interface/AddOns/Blizzard_ScriptErrors/Blizzard_ScriptErrors.lua]:72: in function <[Interface/AddOns/Blizzard_ScriptErrors/Blizzard_ScriptErrors.lua]:71>

Lua error: IO error reading /home/osso/.worktrees/wow-ui-sim-p510-page/data/patch-api/evidence/5.1.0-session-2026-10-08/addon-snapshot/BugSack/Libs/LibStub/LibStub.lua: No such file or directory (os error 2)
stack traceback:
	(string):1: in main chunk
Lua error: Lua Error: IO error reading /home/osso/.worktrees/wow-ui-sim-p510-page/data/patch-api/evidence/5.1.0-session-2026-10-08/addon-snapshot/BugSack/Libs/LibStub/LibStub.lua: No such file or directory (os error 2)
stack traceback:
	(string):1: in main chunk
[Interface/AddOns/Blizzard_ScriptErrors/Blizzard_ScriptErrors.lua]:59: in function 'GetErrorData'
[Interface/AddOns/Blizzard_ScriptErrors/Blizzard_ScriptErrors.lua]:72: in function <[Interface/AddOns/Blizzard_ScriptErrors/Blizzard_ScriptErrors.lua]:71>

Lua error: IO error reading /home/osso/.worktrees/wow-ui-sim-p510-page/data/patch-api/evidence/5.1.0-session-2026-10-08/addon-snapshot/Chattynator/Libs/LibSharedMedia-3.0/LibSharedMedia-3.0.lua: No such file or directory (os error 2)
stack traceback:
	(string):1: in main chunk
Lua error: Lua Error: IO error reading /home/osso/.worktrees/wow-ui-sim-p510-page/data/patch-api/evidence/5.1.0-session-2026-10-08/addon-snapshot/Chattynator/Libs/LibSharedMedia-3.0/LibSharedMedia-3.0.lua: No such file or directory (os error 2)
stack traceback:
	(string):1: in main chunk
[Interface/AddOns/Blizzard_ScriptErrors/Blizzard_ScriptErrors.lua]:59: in function 'GetErrorData'
[Interface/AddOns/Blizzard_ScriptErrors/Blizzard_ScriptErrors.lua]:72: in function <[Interface/AddOns/Blizzard_ScriptErrors/Blizzard_ScriptErrors.lua]:71>

Lua error: @/home/osso/.worktrees/wow-ui-sim-p510-page/data/patch-api/evidence/5.1.0-session-2026-10-08/addon-snapshot/Chattynator/Core/Config.lua: Lua error: ...on-2026-10-08/addon-snapshot/Chattynator/Core/Config.lua:77: attempt to index field 'Constants' (a nil value)
stack traceback:
	(string):1: in main chunk
Lua error: Lua Error: @/home/osso/.worktrees/wow-ui-sim-p510-page/data/patch-api/evidence/5.1.0-session-2026-10-08/addon-snapshot/Chattynator/Core/Config.lua: Lua error: ...on-2026-10-08/addon-snapshot/Chattynator/Core/Config.lua:77: attempt to index field 'Constants' (a nil value)
stack traceback:
	(string):1: in main chunk
[Interface/AddOns/Blizzard_ScriptErrors/Blizzard_ScriptErrors.lua]:59: in function 'GetErrorData'
[Interface/AddOns/Blizzard_ScriptErrors/Blizzard_ScriptErrors.lua]:72: in function <[Interface/AddOns/Blizzard_ScriptErrors/Blizzard_ScriptErrors.lua]:71>

Lua error: @/home/osso/.worktrees/wow-ui-sim-p510-page/data/patch-api/evidence/5.1.0-session-2026-10-08/addon-snapshot/Chattynator/Core/Utilities.lua: Lua error: ...2026-10-08/addon-snapshot/Chattynator/Core/Utilities.lua:4: attempt to index field 'Utilities' (a nil value)
stack traceback:
	(string):1: in main chunk
Lua error: Lua Error: @/home/osso/.worktrees/wow-ui-sim-p510-page/data/patch-api/evidence/5.1.0-session-2026-10-08/addon-snapshot/Chattynator/Core/Utilities.lua: Lua error: ...2026-10-08/addon-snapshot/Chattynator/Core/Utilities.lua:4: attempt to index field 'Utilities' (a nil value)
stack traceback:
	(string):1: in main chunk
[Interface/AddOns/Blizzard_ScriptErrors/Blizzard_ScriptErrors.lua]:59: in function 'GetErrorData'
[Interface/AddOns/Blizzard_ScriptErrors/Blizzard_ScriptErrors.lua]:72: in function <[Interface/AddOns/Blizzard_ScriptErrors/Blizzard_ScriptErrors.lua]:71>

Lua error: @/home/osso/.worktrees/wow-ui-sim-p510-page/data/patch-api/evidence/5.1.0-session-2026-10-08/addon-snapshot/Chattynator/Core/Fonts.lua: Lua error: ...ion-2026-10-08/addon-snapshot/Chattynator/Core/Fonts.lua:4: Cannot find a library instance of "LibSharedMedia-3.0".
stack traceback:
	(string):1: in main chunk
Lua error: Lua Error: @/home/osso/.worktrees/wow-ui-sim-p510-page/data/patch-api/evidence/5.1.0-session-2026-10-08/addon-snapshot/Chattynator/Core/Fonts.lua: Lua error: ...ion-2026-10-08/addon-snapshot/Chattynator/Core/Fonts.lua:4: Cannot find a library instance of "LibSharedMedia-3.0".
stack traceback:
	(string):1: in main chunk
[Interface/AddOns/Blizzard_ScriptErrors/Blizzard_ScriptErrors.lua]:59: in function 'GetErrorData'
[Interface/AddOns/Blizzard_ScriptErrors/Blizzard_ScriptErrors.lua]:72: in function <[Interface/AddOns/Blizzard_ScriptErrors/Blizzard_ScriptErrors.lua]:71>

Lua error: @/home/osso/.worktrees/wow-ui-sim-p510-page/data/patch-api/evidence/5.1.0-session-2026-10-08/addon-snapshot/Chattynator/Core/Overrides.lua: Lua error: ...2026-10-08/addon-snapshot/Chattynator/Core/Overrides.lua:4: attempt to index field 'Core' (a nil value)
stack traceback:
	(string):1: in main chunk
Lua error: Lua Error: @/home/osso/.worktrees/wow-ui-sim-p510-page/data/patch-api/evidence/5.1.0-session-2026-10-08/addon-snapshot/Chattynator/Core/Overrides.lua: Lua error: ...2026-10-08/addon-snapshot/Chattynator/Core/Overrides.lua:4: attempt to index field 'Core' (a nil value)
stack traceback:
	(string):1: in main chunk
[Interface/AddOns/Blizzard_ScriptErrors/Blizzard_ScriptErrors.lua]:59: in function 'GetErrorData'
[Interface/AddOns/Blizzard_ScriptErrors/Blizzard_ScriptErrors.lua]:72: in function <[Interface/AddOns/Blizzard_ScriptErrors/Blizzard_ScriptErrors.lua]:71>

Lua error: @/home/osso/.worktrees/wow-ui-sim-p510-page/data/patch-api/evidence/5.1.0-session-2026-10-08/addon-snapshot/Chattynator/Core/Initialize.lua: Lua error: ...026-10-08/addon-snapshot/Chattynator/Core/Initialize.lua:6: attempt to index field 'Constants' (a nil value)
stack traceback:
	(string):1: in main chunk
Lua error: Lua Error: @/home/osso/.worktrees/wow-ui-sim-p510-page/data/patch-api/evidence/5.1.0-session-2026-10-08/addon-snapshot/Chattynator/Core/Initialize.lua: Lua error: ...026-10-08/addon-snapshot/Chattynator/Core/Initialize.lua:6: attempt to index field 'Constants' (a nil value)
stack traceback:
	(string):1: in main chunk
[Interface/AddOns/Blizzard_ScriptErrors/Blizzard_ScriptErrors.lua]:59: in function 'GetErrorData'
[Interface/AddOns/Blizzard_ScriptErrors/Blizzard_ScriptErrors.lua]:72: in function <[Interface/AddOns/Blizzard_ScriptErrors/Blizzard_ScriptErrors.lua]:71>

Lua error: @/home/osso/.worktrees/wow-ui-sim-p510-page/data/patch-api/evidence/5.1.0-session-2026-10-08/addon-snapshot/Chattynator/Display/Tabs.lua: Lua error: ...n-2026-10-08/addon-snapshot/Chattynator/Display/Tabs.lua:23: attempt to index field 'Display' (a nil value)
stack traceback:
	(string):1: in main chunk
Lua error: Lua Error: @/home/osso/.worktrees/wow-ui-sim-p510-page/data/patch-api/evidence/5.1.0-session-2026-10-08/addon-snapshot/Chattynator/Display/Tabs.lua: Lua error: ...n-2026-10-08/addon-snapshot/Chattynator/Display/Tabs.lua:23: attempt to index field 'Display' (a nil value)
stack traceback:
	(string):1: in main chunk
[Interface/AddOns/Blizzard_ScriptErrors/Blizzard_ScriptErrors.lua]:59: in function 'GetErrorData'
[Interface/AddOns/Blizzard_ScriptErrors/Blizzard_ScriptErrors.lua]:72: in function <[Interface/AddOns/Blizzard_ScriptErrors/Blizzard_ScriptErrors.lua]:71>

Lua error: @/home/osso/.worktrees/wow-ui-sim-p510-page/data/patch-api/evidence/5.1.0-session-2026-10-08/addon-snapshot/Chattynator/Modifiers/URLs.lua: Lua error: ...2026-10-08/addon-snapshot/Chattynator/Modifiers/URLs.lua:23: attempt to index field 'Modifiers' (a nil value)
stack traceback:
	(string):1: in main chunk
Lua error: Lua Error: @/home/osso/.worktrees/wow-ui-sim-p510-page/data/patch-api/evidence/5.1.0-session-2026-10-08/addon-snapshot/Chattynator/Modifiers/URLs.lua: Lua error: ...2026-10-08/addon-snapshot/Chattynator/Modifiers/URLs.lua:23: attempt to index field 'Modifiers' (a nil value)
stack traceback:
	(string):1: in main chunk
[Interface/AddOns/Blizzard_ScriptErrors/Blizzard_ScriptErrors.lua]:59: in function 'GetErrorData'
[Interface/AddOns/Blizzard_ScriptErrors/Blizzard_ScriptErrors.lua]:72: in function <[Interface/AddOns/Blizzard_ScriptErrors/Blizzard_ScriptErrors.lua]:71>

Lua error: @/home/osso/.worktrees/wow-ui-sim-p510-page/data/patch-api/evidence/5.1.0-session-2026-10-08/addon-snapshot/Chattynator/Modifiers/RedundantText.lua: Lua error: ...8/addon-snapshot/Chattynator/Modifiers/RedundantText.lua:37: attempt to index field 'Modifiers' (a nil value)
stack traceback:
	(string):1: in main chunk
Lua error: Lua Error: @/home/osso/.worktrees/wow-ui-sim-p510-page/data/patch-api/evidence/5.1.0-session-2026-10-08/addon-snapshot/Chattynator/Modifiers/RedundantText.lua: Lua error: ...8/addon-snapshot/Chattynator/Modifiers/RedundantText.lua:37: attempt to index field 'Modifiers' (a nil value)
stack traceback:
	(string):1: in main chunk
[Interface/AddOns/Blizzard_ScriptErrors/Blizzard_ScriptErrors.lua]:59: in function 'GetErrorData'
[Interface/AddOns/Blizzard_ScriptErrors/Blizzard_ScriptErrors.lua]:72: in function <[Interface/AddOns/Blizzard_ScriptErrors/Blizzard_ScriptErrors.lua]:71>

Lua error: @/home/osso/.worktrees/wow-ui-sim-p510-page/data/patch-api/evidence/5.1.0-session-2026-10-08/addon-snapshot/Chattynator/Skins/Main.lua: Lua error: ...ion-2026-10-08/addon-snapshot/Chattynator/Skins/Main.lua:4: attempt to index field 'Skins' (a nil value)
stack traceback:
	(string):1: in main chunk
Lua error: Lua Error: @/home/osso/.worktrees/wow-ui-sim-p510-page/data/patch-api/evidence/5.1.0-session-2026-10-08/addon-snapshot/Chattynator/Skins/Main.lua: Lua error: ...ion-2026-10-08/addon-snapshot/Chattynator/Skins/Main.lua:4: attempt to index field 'Skins' (a nil value)
stack traceback:
	(string):1: in main chunk
[Interface/AddOns/Blizzard_ScriptErrors/Blizzard_ScriptErrors.lua]:59: in function 'GetErrorData'
[Interface/AddOns/Blizzard_ScriptErrors/Blizzard_ScriptErrors.lua]:72: in function <[Interface/AddOns/Blizzard_ScriptErrors/Blizzard_ScriptErrors.lua]:71>

Lua error: @/home/osso/.worktrees/wow-ui-sim-p510-page/data/patch-api/evidence/5.1.0-session-2026-10-08/addon-snapshot/Chattynator/Skins/Blizzard.lua: Lua error: ...2026-10-08/addon-snapshot/Chattynator/Skins/Blizzard.lua:294: attempt to index field 'Skins' (a nil value)
stack traceback:
	(string):1: in main chunk
Lua error: Lua Error: @/home/osso/.worktrees/wow-ui-sim-p510-page/data/patch-api/evidence/5.1.0-session-2026-10-08/addon-snapshot/Chattynator/Skins/Blizzard.lua: Lua error: ...2026-10-08/addon-snapshot/Chattynator/Skins/Blizzard.lua:294: attempt to index field 'Skins' (a nil value)
stack traceback:
	(string):1: in main chunk
[Interface/AddOns/Blizzard_ScriptErrors/Blizzard_ScriptErrors.lua]:59: in function 'GetErrorData'
[Interface/AddOns/Blizzard_ScriptErrors/Blizzard_ScriptErrors.lua]:72: in function <[Interface/AddOns/Blizzard_ScriptErrors/Blizzard_ScriptErrors.lua]:71>

Lua error: @/home/osso/.worktrees/wow-ui-sim-p510-page/data/patch-api/evidence/5.1.0-session-2026-10-08/addon-snapshot/Chattynator/Skins/Dark.lua: Lua error: ...ion-2026-10-08/addon-snapshot/Chattynator/Skins/Dark.lua:457: attempt to index field 'Skins' (a nil value)
stack traceback:
	(string):1: in main chunk
Lua error: Lua Error: @/home/osso/.worktrees/wow-ui-sim-p510-page/data/patch-api/evidence/5.1.0-session-2026-10-08/addon-snapshot/Chattynator/Skins/Dark.lua: Lua error: ...ion-2026-10-08/addon-snapshot/Chattynator/Skins/Dark.lua:457: attempt to index field 'Skins' (a nil value)
stack traceback:
	(string):1: in main chunk
[Interface/AddOns/Blizzard_ScriptErrors/Blizzard_ScriptErrors.lua]:59: in function 'GetErrorData'
[Interface/AddOns/Blizzard_ScriptErrors/Blizzard_ScriptErrors.lua]:72: in function <[Interface/AddOns/Blizzard_ScriptErrors/Blizzard_ScriptErrors.lua]:71>

Lua error: @/home/osso/.worktrees/wow-ui-sim-p510-page/data/patch-api/evidence/5.1.0-session-2026-10-08/addon-snapshot/Chattynator/CustomiseDialog/Initialize.lua: Lua error: ...ddon-snapshot/Chattynator/CustomiseDialog/Initialize.lua:5: attempt to index field 'CustomiseDialog' (a nil value)
stack traceback:
	(string):1: in main chunk
Lua error: Lua Error: @/home/osso/.worktrees/wow-ui-sim-p510-page/data/patch-api/evidence/5.1.0-session-2026-10-08/addon-snapshot/Chattynator/CustomiseDialog/Initialize.lua: Lua error: ...ddon-snapshot/Chattynator/CustomiseDialog/Initialize.lua:5: attempt to index field 'CustomiseDialog' (a nil value)
stack traceback:
	(string):1: in main chunk
[Interface/AddOns/Blizzard_ScriptErrors/Blizzard_ScriptErrors.lua]:59: in function 'GetErrorData'
[Interface/AddOns/Blizzard_ScriptErrors/Blizzard_ScriptErrors.lua]:72: in function <[Interface/AddOns/Blizzard_ScriptErrors/Blizzard_ScriptErrors.lua]:71>

Lua error: @/home/osso/.worktrees/wow-ui-sim-p510-page/data/patch-api/evidence/5.1.0-session-2026-10-08/addon-snapshot/Chattynator/CustomiseDialog/Filtering.lua: Lua error: ...addon-snapshot/Chattynator/CustomiseDialog/Filtering.lua:4: attempt to index field 'CustomiseDialog' (a nil value)
stack traceback:
	(string):1: in main chunk
Lua error: Lua Error: @/home/osso/.worktrees/wow-ui-sim-p510-page/data/patch-api/evidence/5.1.0-session-2026-10-08/addon-snapshot/Chattynator/CustomiseDialog/Filtering.lua: Lua error: ...addon-snapshot/Chattynator/CustomiseDialog/Filtering.lua:4: attempt to index field 'CustomiseDialog' (a nil value)
stack traceback:
	(string):1: in main chunk
[Interface/AddOns/Blizzard_ScriptErrors/Blizzard_ScriptErrors.lua]:59: in function 'GetErrorData'
[Interface/AddOns/Blizzard_ScriptErrors/Blizzard_ScriptErrors.lua]:72: in function <[Interface/AddOns/Blizzard_ScriptErrors/Blizzard_ScriptErrors.lua]:71>

Lua error: IO error reading /home/osso/.worktrees/wow-ui-sim-p510-page/data/patch-api/evidence/5.1.0-session-2026-10-08/addon-snapshot/Clicked/Libs/LibStub/LibStub.lua: No such file or directory (os error 2)
stack traceback:
	(string):1: in main chunk
Lua error: Lua Error: IO error reading /home/osso/.worktrees/wow-ui-sim-p510-page/data/patch-api/evidence/5.1.0-session-2026-10-08/addon-snapshot/Clicked/Libs/LibStub/LibStub.lua: No such file or directory (os error 2)
stack traceback:
	(string):1: in main chunk
[Interface/AddOns/Blizzard_ScriptErrors/Blizzard_ScriptErrors.lua]:59: in function 'GetErrorData'
[Interface/AddOns/Blizzard_ScriptErrors/Blizzard_ScriptErrors.lua]:72: in function <[Interface/AddOns/Blizzard_ScriptErrors/Blizzard_ScriptErrors.lua]:71>

Lua error: IO error reading /home/osso/.worktrees/wow-ui-sim-p510-page/data/patch-api/evidence/5.1.0-session-2026-10-08/addon-snapshot/Clicked/Widgets/AceGUIContainer-ClickedTreeGroup.lua: No such file or directory (os error 2)
stack traceback:
	(string):1: in main chunk
Lua error: Lua Error: IO error reading /home/osso/.worktrees/wow-ui-sim-p510-page/data/patch-api/evidence/5.1.0-session-2026-10-08/addon-snapshot/Clicked/Widgets/AceGUIContainer-ClickedTreeGroup.lua: No such file or directory (os error 2)
stack traceback:
	(string):1: in main chunk
[Interface/AddOns/Blizzard_ScriptErrors/Blizzard_ScriptErrors.lua]:59: in function 'GetErrorData'
[Interface/AddOns/Blizzard_ScriptErrors/Blizzard_ScriptErrors.lua]:72: in function <[Interface/AddOns/Blizzard_ScriptErrors/Blizzard_ScriptErrors.lua]:71>

Lua error: @/home/osso/.worktrees/wow-ui-sim-p510-page/data/patch-api/evidence/5.1.0-session-2026-10-08/addon-snapshot/Clicked/Core/BindingProcessor.lua: Lua error: ...6-10-08/addon-snapshot/Clicked/Core/BindingProcessor.lua:24: attempt to index global 'Clicked' (a nil value)
stack traceback:
	(string):1: in main chunk
Lua error: Lua Error: @/home/osso/.worktrees/wow-ui-sim-p510-page/data/patch-api/evidence/5.1.0-session-2026-10-08/addon-snapshot/Clicked/Core/BindingProcessor.lua: Lua error: ...6-10-08/addon-snapshot/Clicked/Core/BindingProcessor.lua:24: attempt to index global 'Clicked' (a nil value)
stack traceback:
	(string):1: in main chunk
[Interface/AddOns/Blizzard_ScriptErrors/Blizzard_ScriptErrors.lua]:59: in function 'GetErrorData'
[Interface/AddOns/Blizzard_ScriptErrors/Blizzard_ScriptErrors.lua]:72: in function <[Interface/AddOns/Blizzard_ScriptErrors/Blizzard_ScriptErrors.lua]:71>

Lua error: @/home/osso/.worktrees/wow-ui-sim-p510-page/data/patch-api/evidence/5.1.0-session-2026-10-08/addon-snapshot/Clicked/Core/LocaleUtils.lua: Lua error: ...n-2026-10-08/addon-snapshot/Clicked/Core/LocaleUtils.lua:23: Cannot find a library instance of "LibTalentInfo-1.0".
stack traceback:
	(string):1: in main chunk
Lua error: Lua Error: @/home/osso/.worktrees/wow-ui-sim-p510-page/data/patch-api/evidence/5.1.0-session-2026-10-08/addon-snapshot/Clicked/Core/LocaleUtils.lua: Lua error: ...n-2026-10-08/addon-snapshot/Clicked/Core/LocaleUtils.lua:23: Cannot find a library instance of "LibTalentInfo-1.0".
stack traceback:
	(string):1: in main chunk
[Interface/AddOns/Blizzard_ScriptErrors/Blizzard_ScriptErrors.lua]:59: in function 'GetErrorData'
[Interface/AddOns/Blizzard_ScriptErrors/Blizzard_ScriptErrors.lua]:72: in function <[Interface/AddOns/Blizzard_ScriptErrors/Blizzard_ScriptErrors.lua]:71>

Lua error: @/home/osso/.worktrees/wow-ui-sim-p510-page/data/patch-api/evidence/5.1.0-session-2026-10-08/addon-snapshot/Clicked/Conditions/ConditionUtils.lua: Lua error: ...-08/addon-snapshot/Clicked/Conditions/ConditionUtils.lua:37: Cannot find a library instance of "LibTalentInfo-1.0".
stack traceback:
	(string):1: in main chunk
Lua error: Lua Error: @/home/osso/.worktrees/wow-ui-sim-p510-page/data/patch-api/evidence/5.1.0-session-2026-10-08/addon-snapshot/Clicked/Conditions/ConditionUtils.lua: Lua error: ...-08/addon-snapshot/Clicked/Conditions/ConditionUtils.lua:37: Cannot find a library instance of "LibTalentInfo-1.0".
stack traceback:
	(string):1: in main chunk
[Interface/AddOns/Blizzard_ScriptErrors/Blizzard_ScriptErrors.lua]:59: in function 'GetErrorData'
[Interface/AddOns/Blizzard_ScriptErrors/Blizzard_ScriptErrors.lua]:72: in function <[Interface/AddOns/Blizzard_ScriptErrors/Blizzard_ScriptErrors.lua]:71>

Lua error: @/home/osso/.worktrees/wow-ui-sim-p510-page/data/patch-api/evidence/5.1.0-session-2026-10-08/addon-snapshot/Clicked/Conditions/LoadConditions.lua: Lua error: ...-08/addon-snapshot/Clicked/Conditions/LoadConditions.lua:47: attempt to call method 'IsForever' (a nil value)
stack traceback:
	(string):1: in main chunk
Lua error: Lua Error: @/home/osso/.worktrees/wow-ui-sim-p510-page/data/patch-api/evidence/5.1.0-session-2026-10-08/addon-snapshot/Clicked/Conditions/LoadConditions.lua: Lua error: ...-08/addon-snapshot/Clicked/Conditions/LoadConditions.lua:47: attempt to call method 'IsForever' (a nil value)
stack traceback:
	(string):1: in main chunk
[Interface/AddOns/Blizzard_ScriptErrors/Blizzard_ScriptErrors.lua]:59: in function 'GetErrorData'
[Interface/AddOns/Blizzard_ScriptErrors/Blizzard_ScriptErrors.lua]:72: in function <[Interface/AddOns/Blizzard_ScriptErrors/Blizzard_ScriptErrors.lua]:71>

Lua error: @/home/osso/.worktrees/wow-ui-sim-p510-page/data/patch-api/evidence/5.1.0-session-2026-10-08/addon-snapshot/Clicked/Config/Profile.lua: Lua error: ...ion-2026-10-08/addon-snapshot/Clicked/Config/Profile.lua:17: Cannot find a library instance of "AceConfig-3.0".
stack traceback:
	(string):1: in main chunk
Lua error: Lua Error: @/home/osso/.worktrees/wow-ui-sim-p510-page/data/patch-api/evidence/5.1.0-session-2026-10-08/addon-snapshot/Clicked/Config/Profile.lua: Lua error: ...ion-2026-10-08/addon-snapshot/Clicked/Config/Profile.lua:17: Cannot find a library instance of "AceConfig-3.0".
stack traceback:
	(string):1: in main chunk
[Interface/AddOns/Blizzard_ScriptErrors/Blizzard_ScriptErrors.lua]:59: in function 'GetErrorData'
[Interface/AddOns/Blizzard_ScriptErrors/Blizzard_ScriptErrors.lua]:72: in function <[Interface/AddOns/Blizzard_ScriptErrors/Blizzard_ScriptErrors.lua]:71>

Lua error: @/home/osso/.worktrees/wow-ui-sim-p510-page/data/patch-api/evidence/5.1.0-session-2026-10-08/addon-snapshot/Clicked/Config/KeyVisualizer.lua: Lua error: ...26-10-08/addon-snapshot/Clicked/Config/KeyVisualizer.lua:17: Cannot find a library instance of "AceGUI-3.0".
stack traceback:
	(string):1: in main chunk
Lua error: Lua Error: @/home/osso/.worktrees/wow-ui-sim-p510-page/data/patch-api/evidence/5.1.0-session-2026-10-08/addon-snapshot/Clicked/Config/KeyVisualizer.lua: Lua error: ...26-10-08/addon-snapshot/Clicked/Config/KeyVisualizer.lua:17: Cannot find a library instance of "AceGUI-3.0".
stack traceback:
	(string):1: in main chunk
[Interface/AddOns/Blizzard_ScriptErrors/Blizzard_ScriptErrors.lua]:59: in function 'GetErrorData'
[Interface/AddOns/Blizzard_ScriptErrors/Blizzard_ScriptErrors.lua]:72: in function <[Interface/AddOns/Blizzard_ScriptErrors/Blizzard_ScriptErrors.lua]:71>

Lua error: @/home/osso/.worktrees/wow-ui-sim-p510-page/data/patch-api/evidence/5.1.0-session-2026-10-08/addon-snapshot/Clicked/Debug/StatusOutput.lua: Lua error: ...2026-10-08/addon-snapshot/Clicked/Debug/StatusOutput.lua:17: Cannot find a library instance of "AceGUI-3.0".
stack traceback:
	(string):1: in main chunk
Lua error: Lua Error: @/home/osso/.worktrees/wow-ui-sim-p510-page/data/patch-api/evidence/5.1.0-session-2026-10-08/addon-snapshot/Clicked/Debug/StatusOutput.lua: Lua error: ...2026-10-08/addon-snapshot/Clicked/Debug/StatusOutput.lua:17: Cannot find a library instance of "AceGUI-3.0".
stack traceback:
	(string):1: in main chunk
[Interface/AddOns/Blizzard_ScriptErrors/Blizzard_ScriptErrors.lua]:59: in function 'GetErrorData'
[Interface/AddOns/Blizzard_ScriptErrors/Blizzard_ScriptErrors.lua]:72: in function <[Interface/AddOns/Blizzard_ScriptErrors/Blizzard_ScriptErrors.lua]:71>

Lua error: IO error reading /home/osso/.worktrees/wow-ui-sim-p510-page/data/patch-api/evidence/5.1.0-session-2026-10-08/addon-snapshot/Clicked/BindingConfig/Tabs/Action.lua: No such file or directory (os error 2)
stack traceback:
	(string):1: in main chunk
Lua error: Lua Error: IO error reading /home/osso/.worktrees/wow-ui-sim-p510-page/data/patch-api/evidence/5.1.0-session-2026-10-08/addon-snapshot/Clicked/BindingConfig/Tabs/Action.lua: No such file or directory (os error 2)
stack traceback:
	(string):1: in main chunk
[Interface/AddOns/Blizzard_ScriptErrors/Blizzard_ScriptErrors.lua]:59: in function 'GetErrorData'
[Interface/AddOns/Blizzard_ScriptErrors/Blizzard_ScriptErrors.lua]:72: in function <[Interface/AddOns/Blizzard_ScriptErrors/Blizzard_ScriptErrors.lua]:71>

Lua error: @/home/osso/.worktrees/wow-ui-sim-p510-page/data/patch-api/evidence/5.1.0-session-2026-10-08/addon-snapshot/Clicked/BindingConfig/BindingConfig.lua: Lua error: ...8/addon-snapshot/Clicked/BindingConfig/BindingConfig.lua:31: Cannot find a library instance of "AceGUI-3.0".
stack traceback:
	(string):1: in main chunk
Lua error: Lua Error: @/home/osso/.worktrees/wow-ui-sim-p510-page/data/patch-api/evidence/5.1.0-session-2026-10-08/addon-snapshot/Clicked/BindingConfig/BindingConfig.lua: Lua error: ...8/addon-snapshot/Clicked/BindingConfig/BindingConfig.lua:31: Cannot find a library instance of "AceGUI-3.0".
stack traceback:
	(string):1: in main chunk
[Interface/AddOns/Blizzard_ScriptErrors/Blizzard_ScriptErrors.lua]:59: in function 'GetErrorData'
[Interface/AddOns/Blizzard_ScriptErrors/Blizzard_ScriptErrors.lua]:72: in function <[Interface/AddOns/Blizzard_ScriptErrors/Blizzard_ScriptErrors.lua]:71>

Lua error: @/home/osso/.worktrees/wow-ui-sim-p510-page/data/patch-api/evidence/5.1.0-session-2026-10-08/addon-snapshot/CursorRing/Locales/enUS.lua: Lua error: ...on-2026-10-08/addon-snapshot/CursorRing/Locales/enUS.lua:2: attempt to call field 'NewLocale' (a nil value)
stack traceback:
	(string):1: in main chunk
Lua error: Lua Error: @/home/osso/.worktrees/wow-ui-sim-p510-page/data/patch-api/evidence/5.1.0-session-2026-10-08/addon-snapshot/CursorRing/Locales/enUS.lua: Lua error: ...on-2026-10-08/addon-snapshot/CursorRing/Locales/enUS.lua:2: attempt to call field 'NewLocale' (a nil value)
stack traceback:
	(string):1: in main chunk
[Interface/AddOns/Blizzard_ScriptErrors/Blizzard_ScriptErrors.lua]:59: in function 'GetErrorData'
[Interface/AddOns/Blizzard_ScriptErrors/Blizzard_ScriptErrors.lua]:72: in function <[Interface/AddOns/Blizzard_ScriptErrors/Blizzard_ScriptErrors.lua]:71>

Lua error: @/home/osso/.worktrees/wow-ui-sim-p510-page/data/patch-api/evidence/5.1.0-session-2026-10-08/addon-snapshot/CursorRing/Locales/deDE.lua: Lua error: ...on-2026-10-08/addon-snapshot/CursorRing/Locales/deDE.lua:2: attempt to call field 'NewLocale' (a nil value)
stack traceback:
	(string):1: in main chunk
Lua error: Lua Error: @/home/osso/.worktrees/wow-ui-sim-p510-page/data/patch-api/evidence/5.1.0-session-2026-10-08/addon-snapshot/CursorRing/Locales/deDE.lua: Lua error: ...on-2026-10-08/addon-snapshot/CursorRing/Locales/deDE.lua:2: attempt to call field 'NewLocale' (a nil value)
stack traceback:
	(string):1: in main chunk
[Interface/AddOns/Blizzard_ScriptErrors/Blizzard_ScriptErrors.lua]:59: in function 'GetErrorData'
[Interface/AddOns/Blizzard_ScriptErrors/Blizzard_ScriptErrors.lua]:72: in function <[Interface/AddOns/Blizzard_ScriptErrors/Blizzard_ScriptErrors.lua]:71>

Lua error: @/home/osso/.worktrees/wow-ui-sim-p510-page/data/patch-api/evidence/5.1.0-session-2026-10-08/addon-snapshot/CursorRing/Locales/zhCN.lua: Lua error: ...on-2026-10-08/addon-snapshot/CursorRing/Locales/zhCN.lua:2: attempt to call field 'NewLocale' (a nil value)
stack traceback:
	(string):1: in main chunk
Lua error: Lua Error: @/home/osso/.worktrees/wow-ui-sim-p510-page/data/patch-api/evidence/5.1.0-session-2026-10-08/addon-snapshot/CursorRing/Locales/zhCN.lua: Lua error: ...on-2026-10-08/addon-snapshot/CursorRing/Locales/zhCN.lua:2: attempt to call field 'NewLocale' (a nil value)
stack traceback:
	(string):1: in main chunk
[Interface/AddOns/Blizzard_ScriptErrors/Blizzard_ScriptErrors.lua]:59: in function 'GetErrorData'
[Interface/AddOns/Blizzard_ScriptErrors/Blizzard_ScriptErrors.lua]:72: in function <[Interface/AddOns/Blizzard_ScriptErrors/Blizzard_ScriptErrors.lua]:71>

Lua error: @/home/osso/.worktrees/wow-ui-sim-p510-page/data/patch-api/evidence/5.1.0-session-2026-10-08/addon-snapshot/CursorRing/Modules/Resources/Druid.lua: Lua error: ...08/addon-snapshot/CursorRing/Modules/Resources/Druid.lua:5: attempt to call field 'RegisterResourceModule' (a nil value)
stack traceback:
	(string):1: in main chunk
Lua error: Lua Error: @/home/osso/.worktrees/wow-ui-sim-p510-page/data/patch-api/evidence/5.1.0-session-2026-10-08/addon-snapshot/CursorRing/Modules/Resources/Druid.lua: Lua error: ...08/addon-snapshot/CursorRing/Modules/Resources/Druid.lua:5: attempt to call field 'RegisterResourceModule' (a nil value)
stack traceback:
	(string):1: in main chunk
[Interface/AddOns/Blizzard_ScriptErrors/Blizzard_ScriptErrors.lua]:59: in function 'GetErrorData'
[Interface/AddOns/Blizzard_ScriptErrors/Blizzard_ScriptErrors.lua]:72: in function <[Interface/AddOns/Blizzard_ScriptErrors/Blizzard_ScriptErrors.lua]:71>

Lua error: @/home/osso/.worktrees/wow-ui-sim-p510-page/data/patch-api/evidence/5.1.0-session-2026-10-08/addon-snapshot/CursorRing/Modules/Resources/Paladin.lua: Lua error: .../addon-snapshot/CursorRing/Modules/Resources/Paladin.lua:5: attempt to call field 'RegisterResourceModule' (a nil value)
stack traceback:
	(string):1: in main chunk
Lua error: Lua Error: @/home/osso/.worktrees/wow-ui-sim-p510-page/data/patch-api/evidence/5.1.0-session-2026-10-08/addon-snapshot/CursorRing/Modules/Resources/Paladin.lua: Lua error: .../addon-snapshot/CursorRing/Modules/Resources/Paladin.lua:5: attempt to call field 'RegisterResourceModule' (a nil value)
stack traceback:
	(string):1: in main chunk
[Interface/AddOns/Blizzard_ScriptErrors/Blizzard_ScriptErrors.lua]:59: in function 'GetErrorData'
[Interface/AddOns/Blizzard_ScriptErrors/Blizzard_ScriptErrors.lua]:72: in function <[Interface/AddOns/Blizzard_ScriptErrors/Blizzard_ScriptErrors.lua]:71>

Lua error: @/home/osso/.worktrees/wow-ui-sim-p510-page/data/patch-api/evidence/5.1.0-session-2026-10-08/addon-snapshot/CursorRing/Modules/Resources/Monk.lua: Lua error: ...-08/addon-snapshot/CursorRing/Modules/Resources/Monk.lua:5: attempt to call field 'RegisterResourceModule' (a nil value)
stack traceback:
	(string):1: in main chunk
Lua error: Lua Error: @/home/osso/.worktrees/wow-ui-sim-p510-page/data/patch-api/evidence/5.1.0-session-2026-10-08/addon-snapshot/CursorRing/Modules/Resources/Monk.lua: Lua error: ...-08/addon-snapshot/CursorRing/Modules/Resources/Monk.lua:5: attempt to call field 'RegisterResourceModule' (a nil value)
stack traceback:
	(string):1: in main chunk
[Interface/AddOns/Blizzard_ScriptErrors/Blizzard_ScriptErrors.lua]:59: in function 'GetErrorData'
[Interface/AddOns/Blizzard_ScriptErrors/Blizzard_ScriptErrors.lua]:72: in function <[Interface/AddOns/Blizzard_ScriptErrors/Blizzard_ScriptErrors.lua]:71>

Lua error: @/home/osso/.worktrees/wow-ui-sim-p510-page/data/patch-api/evidence/5.1.0-session-2026-10-08/addon-snapshot/CursorRing/Modules/Resources/Warlock.lua: Lua error: .../addon-snapshot/CursorRing/Modules/Resources/Warlock.lua:30: attempt to call field 'RegisterResourceModule' (a nil value)
stack traceback:
	(string):1: in main chunk
Lua error: Lua Error: @/home/osso/.worktrees/wow-ui-sim-p510-page/data/patch-api/evidence/5.1.0-session-2026-10-08/addon-snapshot/CursorRing/Modules/Resources/Warlock.lua: Lua error: .../addon-snapshot/CursorRing/Modules/Resources/Warlock.lua:30: attempt to call field 'RegisterResourceModule' (a nil value)
stack traceback:
	(string):1: in main chunk
[Interface/AddOns/Blizzard_ScriptErrors/Blizzard_ScriptErrors.lua]:59: in function 'GetErrorData'
[Interface/AddOns/Blizzard_ScriptErrors/Blizzard_ScriptErrors.lua]:72: in function <[Interface/AddOns/Blizzard_ScriptErrors/Blizzard_ScriptErrors.lua]:71>

Lua error: @/home/osso/.worktrees/wow-ui-sim-p510-page/data/patch-api/evidence/5.1.0-session-2026-10-08/addon-snapshot/CursorRing/Modules/Resources/Evoker.lua: Lua error: ...8/addon-snapshot/CursorRing/Modules/Resources/Evoker.lua:18: attempt to call field 'RegisterResourceModule' (a nil value)
stack traceback:
	(string):1: in main chunk
Lua error: Lua Error: @/home/osso/.worktrees/wow-ui-sim-p510-page/data/patch-api/evidence/5.1.0-session-2026-10-08/addon-snapshot/CursorRing/Modules/Resources/Evoker.lua: Lua error: ...8/addon-snapshot/CursorRing/Modules/Resources/Evoker.lua:18: attempt to call field 'RegisterResourceModule' (a nil value)
stack traceback:
	(string):1: in main chunk
[Interface/AddOns/Blizzard_ScriptErrors/Blizzard_ScriptErrors.lua]:59: in function 'GetErrorData'
[Interface/AddOns/Blizzard_ScriptErrors/Blizzard_ScriptErrors.lua]:72: in function <[Interface/AddOns/Blizzard_ScriptErrors/Blizzard_ScriptErrors.lua]:71>

Lua error: @/home/osso/.worktrees/wow-ui-sim-p510-page/data/patch-api/evidence/5.1.0-session-2026-10-08/addon-snapshot/DandersFrames/Core/AutoProfiles.lua: Lua error: ...10-08/addon-snapshot/DandersFrames/Core/AutoProfiles.lua:97: attempt to index upvalue 'L' (a nil value)
stack traceback:
	(string):1: in main chunk
Lua error: Lua Error: @/home/osso/.worktrees/wow-ui-sim-p510-page/data/patch-api/evidence/5.1.0-session-2026-10-08/addon-snapshot/DandersFrames/Core/AutoProfiles.lua: Lua error: ...10-08/addon-snapshot/DandersFrames/Core/AutoProfiles.lua:97: attempt to index upvalue 'L' (a nil value)
stack traceback:
	(string):1: in main chunk
[Interface/AddOns/Blizzard_ScriptErrors/Blizzard_ScriptErrors.lua]:59: in function 'GetErrorData'
[Interface/AddOns/Blizzard_ScriptErrors/Blizzard_ScriptErrors.lua]:72: in function <[Interface/AddOns/Blizzard_ScriptErrors/Blizzard_ScriptErrors.lua]:71>

Lua error: @/home/osso/.worktrees/wow-ui-sim-p510-page/data/patch-api/evidence/5.1.0-session-2026-10-08/addon-snapshot/DandersFrames/Frames/Headers.lua: Lua error: ...26-10-08/addon-snapshot/DandersFrames/Frames/Headers.lua:506: attempt to call method 'RegisterDebugSlash' (a nil value)
stack traceback:
	(string):1: in main chunk
Lua error: Lua Error: @/home/osso/.worktrees/wow-ui-sim-p510-page/data/patch-api/evidence/5.1.0-session-2026-10-08/addon-snapshot/DandersFrames/Frames/Headers.lua: Lua error: ...26-10-08/addon-snapshot/DandersFrames/Frames/Headers.lua:506: attempt to call method 'RegisterDebugSlash' (a nil value)
stack traceback:
	(string):1: in main chunk
[Interface/AddOns/Blizzard_ScriptErrors/Blizzard_ScriptErrors.lua]:59: in function 'GetErrorData'
[Interface/AddOns/Blizzard_ScriptErrors/Blizzard_ScriptErrors.lua]:72: in function <[Interface/AddOns/Blizzard_ScriptErrors/Blizzard_ScriptErrors.lua]:71>

Lua error: @/home/osso/.worktrees/wow-ui-sim-p510-page/data/patch-api/evidence/5.1.0-session-2026-10-08/addon-snapshot/DandersFrames/Frames/Position.lua: Lua error: ...6-10-08/addon-snapshot/DandersFrames/Frames/Position.lua:72: attempt to index local 'L' (a nil value)
stack traceback:
	(string):1: in main chunk
Lua error: Lua Error: @/home/osso/.worktrees/wow-ui-sim-p510-page/data/patch-api/evidence/5.1.0-session-2026-10-08/addon-snapshot/DandersFrames/Frames/Position.lua: Lua error: ...6-10-08/addon-snapshot/DandersFrames/Frames/Position.lua:72: attempt to index local 'L' (a nil value)
stack traceback:
	(string):1: in main chunk
[Interface/AddOns/Blizzard_ScriptErrors/Blizzard_ScriptErrors.lua]:59: in function 'GetErrorData'
[Interface/AddOns/Blizzard_ScriptErrors/Blizzard_ScriptErrors.lua]:72: in function <[Interface/AddOns/Blizzard_ScriptErrors/Blizzard_ScriptErrors.lua]:71>

Lua error: @/home/osso/.worktrees/wow-ui-sim-p510-page/data/patch-api/evidence/5.1.0-session-2026-10-08/addon-snapshot/DandersFrames/Features/Range.lua: Lua error: ...26-10-08/addon-snapshot/DandersFrames/Features/Range.lua:984: attempt to call method 'RegisterRosterUnitEvent' (a nil value)
stack traceback:
	(string):1: in main chunk
Lua error: Lua Error: @/home/osso/.worktrees/wow-ui-sim-p510-page/data/patch-api/evidence/5.1.0-session-2026-10-08/addon-snapshot/DandersFrames/Features/Range.lua: Lua error: ...26-10-08/addon-snapshot/DandersFrames/Features/Range.lua:984: attempt to call method 'RegisterRosterUnitEvent' (a nil value)
stack traceback:
	(string):1: in main chunk
[Interface/AddOns/Blizzard_ScriptErrors/Blizzard_ScriptErrors.lua]:59: in function 'GetErrorData'
[Interface/AddOns/Blizzard_ScriptErrors/Blizzard_ScriptErrors.lua]:72: in function <[Interface/AddOns/Blizzard_ScriptErrors/Blizzard_ScriptErrors.lua]:71>

Lua error: @/home/osso/.worktrees/wow-ui-sim-p510-page/data/patch-api/evidence/5.1.0-session-2026-10-08/addon-snapshot/DandersFrames/Features/Dispel.lua: Lua error: ...6-10-08/addon-snapshot/DandersFrames/Features/Dispel.lua:3133: attempt to call method 'RegisterDebugSlash' (a nil value)
stack traceback:
	(string):1: in main chunk
Lua error: Lua Error: @/home/osso/.worktrees/wow-ui-sim-p510-page/data/patch-api/evidence/5.1.0-session-2026-10-08/addon-snapshot/DandersFrames/Features/Dispel.lua: Lua error: ...6-10-08/addon-snapshot/DandersFrames/Features/Dispel.lua:3133: attempt to call method 'RegisterDebugSlash' (a nil value)
stack traceback:
	(string):1: in main chunk
[Interface/AddOns/Blizzard_ScriptErrors/Blizzard_ScriptErrors.lua]:59: in function 'GetErrorData'
[Interface/AddOns/Blizzard_ScriptErrors/Blizzard_ScriptErrors.lua]:72: in function <[Interface/AddOns/Blizzard_ScriptErrors/Blizzard_ScriptErrors.lua]:71>

Lua error: @/home/osso/.worktrees/wow-ui-sim-p510-page/data/patch-api/evidence/5.1.0-session-2026-10-08/addon-snapshot/DeModal/DeModal.lua: Lua error: ....0-session-2026-10-08/addon-snapshot/DeModal/DeModal.lua:9: attempt to call field 'LoadSlashCommands' (a nil value)
stack traceback:
	(string):1: in main chunk
Lua error: Lua Error: @/home/osso/.worktrees/wow-ui-sim-p510-page/data/patch-api/evidence/5.1.0-session-2026-10-08/addon-snapshot/DeModal/DeModal.lua: Lua error: ....0-session-2026-10-08/addon-snapshot/DeModal/DeModal.lua:9: attempt to call field 'LoadSlashCommands' (a nil value)
stack traceback:
	(string):1: in main chunk
[Interface/AddOns/Blizzard_ScriptErrors/Blizzard_ScriptErrors.lua]:59: in function 'GetErrorData'
[Interface/AddOns/Blizzard_ScriptErrors/Blizzard_ScriptErrors.lua]:72: in function <[Interface/AddOns/Blizzard_ScriptErrors/Blizzard_ScriptErrors.lua]:71>

Lua error: IO error reading /home/osso/.worktrees/wow-ui-sim-p510-page/data/patch-api/evidence/5.1.0-session-2026-10-08/addon-snapshot/Dejunk/src/addon.lua: No such file or directory (os error 2)
stack traceback:
	(string):1: in main chunk
Lua error: Lua Error: IO error reading /home/osso/.worktrees/wow-ui-sim-p510-page/data/patch-api/evidence/5.1.0-session-2026-10-08/addon-snapshot/Dejunk/src/addon.lua: No such file or directory (os error 2)
stack traceback:
	(string):1: in main chunk
[Interface/AddOns/Blizzard_ScriptErrors/Blizzard_ScriptErrors.lua]:59: in function 'GetErrorData'
[Interface/AddOns/Blizzard_ScriptErrors/Blizzard_ScriptErrors.lua]:72: in function <[Interface/AddOns/Blizzard_ScriptErrors/Blizzard_ScriptErrors.lua]:71>

Lua error: IO error reading /home/osso/.worktrees/wow-ui-sim-p510-page/data/patch-api/evidence/5.1.0-session-2026-10-08/addon-snapshot/DialogueUI/Code/Utility/FontUtil.lua: No such file or directory (os error 2)
stack traceback:
	(string):1: in main chunk
Lua error: Lua Error: IO error reading /home/osso/.worktrees/wow-ui-sim-p510-page/data/patch-api/evidence/5.1.0-session-2026-10-08/addon-snapshot/DialogueUI/Code/Utility/FontUtil.lua: No such file or directory (os error 2)
stack traceback:
	(string):1: in main chunk
[Interface/AddOns/Blizzard_ScriptErrors/Blizzard_ScriptErrors.lua]:59: in function 'GetErrorData'
[Interface/AddOns/Blizzard_ScriptErrors/Blizzard_ScriptErrors.lua]:72: in function <[Interface/AddOns/Blizzard_ScriptErrors/Blizzard_ScriptErrors.lua]:71>

Lua error: @/home/osso/.worktrees/wow-ui-sim-p510-page/data/patch-api/evidence/5.1.0-session-2026-10-08/addon-snapshot/DialogueUI/Code/Sound.lua: Lua error: ...sion-2026-10-08/addon-snapshot/DialogueUI/Code/Sound.lua:78: attempt to index field 'CallbackRegistry' (a nil value)
stack traceback:
	(string):1: in main chunk
Lua error: Lua Error: @/home/osso/.worktrees/wow-ui-sim-p510-page/data/patch-api/evidence/5.1.0-session-2026-10-08/addon-snapshot/DialogueUI/Code/Sound.lua: Lua error: ...sion-2026-10-08/addon-snapshot/DialogueUI/Code/Sound.lua:78: attempt to index field 'CallbackRegistry' (a nil value)
stack traceback:
	(string):1: in main chunk
[Interface/AddOns/Blizzard_ScriptErrors/Blizzard_ScriptErrors.lua]:59: in function 'GetErrorData'
[Interface/AddOns/Blizzard_ScriptErrors/Blizzard_ScriptErrors.lua]:72: in function <[Interface/AddOns/Blizzard_ScriptErrors/Blizzard_ScriptErrors.lua]:71>

Lua error: IO error reading /home/osso/.worktrees/wow-ui-sim-p510-page/data/patch-api/evidence/5.1.0-session-2026-10-08/addon-snapshot/DialogueUI/Code/Scroll/Scroll_Swipe.lua: No such file or directory (os error 2)
stack traceback:
	(string):1: in main chunk
Lua error: Lua Error: IO error reading /home/osso/.worktrees/wow-ui-sim-p510-page/data/patch-api/evidence/5.1.0-session-2026-10-08/addon-snapshot/DialogueUI/Code/Scroll/Scroll_Swipe.lua: No such file or directory (os error 2)
stack traceback:
	(string):1: in main chunk
[Interface/AddOns/Blizzard_ScriptErrors/Blizzard_ScriptErrors.lua]:59: in function 'GetErrorData'
[Interface/AddOns/Blizzard_ScriptErrors/Blizzard_ScriptErrors.lua]:72: in function <[Interface/AddOns/Blizzard_ScriptErrors/Blizzard_ScriptErrors.lua]:71>

Lua error: IO error reading /home/osso/.worktrees/wow-ui-sim-p510-page/data/patch-api/evidence/5.1.0-session-2026-10-08/addon-snapshot/DialogueUI/Code/Settings/Settings_Definitions.lua: No such file or directory (os error 2)
stack traceback:
	(string):1: in main chunk
Lua error: Lua Error: IO error reading /home/osso/.worktrees/wow-ui-sim-p510-page/data/patch-api/evidence/5.1.0-session-2026-10-08/addon-snapshot/DialogueUI/Code/Settings/Settings_Definitions.lua: No such file or directory (os error 2)
stack traceback:
	(string):1: in main chunk
[Interface/AddOns/Blizzard_ScriptErrors/Blizzard_ScriptErrors.lua]:59: in function 'GetErrorData'
[Interface/AddOns/Blizzard_ScriptErrors/Blizzard_ScriptErrors.lua]:72: in function <[Interface/AddOns/Blizzard_ScriptErrors/Blizzard_ScriptErrors.lua]:71>

Lua error: @/home/osso/.worktrees/wow-ui-sim-p510-page/data/patch-api/evidence/5.1.0-session-2026-10-08/addon-snapshot/DialogueUI/Code/NameplateGossip.lua: Lua error: ...10-08/addon-snapshot/DialogueUI/Code/NameplateGossip.lua:260: attempt to index field 'CallbackRegistry' (a nil value)
stack traceback:
	(string):1: in main chunk
Lua error: Lua Error: @/home/osso/.worktrees/wow-ui-sim-p510-page/data/patch-api/evidence/5.1.0-session-2026-10-08/addon-snapshot/DialogueUI/Code/NameplateGossip.lua: Lua error: ...10-08/addon-snapshot/DialogueUI/Code/NameplateGossip.lua:260: attempt to index field 'CallbackRegistry' (a nil value)
stack traceback:
	(string):1: in main chunk
[Interface/AddOns/Blizzard_ScriptErrors/Blizzard_ScriptErrors.lua]:59: in function 'GetErrorData'
[Interface/AddOns/Blizzard_ScriptErrors/Blizzard_ScriptErrors.lua]:72: in function <[Interface/AddOns/Blizzard_ScriptErrors/Blizzard_ScriptErrors.lua]:71>

Lua error: IO error reading /home/osso/.worktrees/wow-ui-sim-p510-page/data/patch-api/evidence/5.1.0-session-2026-10-08/addon-snapshot/DialogueUI/Code/Dialogue/Clipboard.lua: No such file or directory (os error 2)
stack traceback:
	(string):1: in main chunk
Lua error: Lua Error: IO error reading /home/osso/.worktrees/wow-ui-sim-p510-page/data/patch-api/evidence/5.1.0-session-2026-10-08/addon-snapshot/DialogueUI/Code/Dialogue/Clipboard.lua: No such file or directory (os error 2)
stack traceback:
	(string):1: in main chunk
[Interface/AddOns/Blizzard_ScriptErrors/Blizzard_ScriptErrors.lua]:59: in function 'GetErrorData'
[Interface/AddOns/Blizzard_ScriptErrors/Blizzard_ScriptErrors.lua]:72: in function <[Interface/AddOns/Blizzard_ScriptErrors/Blizzard_ScriptErrors.lua]:71>

Lua error: @/home/osso/.worktrees/wow-ui-sim-p510-page/data/patch-api/evidence/5.1.0-session-2026-10-08/addon-snapshot/DialogueUI/Code/Book/BookUI_Component.lua: Lua error: ...addon-snapshot/DialogueUI/Code/Book/BookUI_Component.lua:440: attempt to index field 'TooltipAPI' (a nil value)
stack traceback:
	(string):1: in main chunk
Lua error: Lua Error: @/home/osso/.worktrees/wow-ui-sim-p510-page/data/patch-api/evidence/5.1.0-session-2026-10-08/addon-snapshot/DialogueUI/Code/Book/BookUI_Component.lua: Lua error: ...addon-snapshot/DialogueUI/Code/Book/BookUI_Component.lua:440: attempt to index field 'TooltipAPI' (a nil value)
stack traceback:
	(string):1: in main chunk
[Interface/AddOns/Blizzard_ScriptErrors/Blizzard_ScriptErrors.lua]:59: in function 'GetErrorData'
[Interface/AddOns/Blizzard_ScriptErrors/Blizzard_ScriptErrors.lua]:72: in function <[Interface/AddOns/Blizzard_ScriptErrors/Blizzard_ScriptErrors.lua]:71>

Lua error: IO error reading /home/osso/.worktrees/wow-ui-sim-p510-page/data/patch-api/evidence/5.1.0-session-2026-10-08/addon-snapshot/DialogueUI/Code/Widget/WidgetManager.lua: No such file or directory (os error 2)
stack traceback:
	(string):1: in main chunk
Lua error: Lua Error: IO error reading /home/osso/.worktrees/wow-ui-sim-p510-page/data/patch-api/evidence/5.1.0-session-2026-10-08/addon-snapshot/DialogueUI/Code/Widget/WidgetManager.lua: No such file or directory (os error 2)
stack traceback:
	(string):1: in main chunk
[Interface/AddOns/Blizzard_ScriptErrors/Blizzard_ScriptErrors.lua]:59: in function 'GetErrorData'
[Interface/AddOns/Blizzard_ScriptErrors/Blizzard_ScriptErrors.lua]:72: in function <[Interface/AddOns/Blizzard_ScriptErrors/Blizzard_ScriptErrors.lua]:71>

Lua error: @/home/osso/.worktrees/wow-ui-sim-p510-page/data/patch-api/evidence/5.1.0-session-2026-10-08/addon-snapshot/DialogueUI/Code/Core.lua: Lua error: ...ssion-2026-10-08/addon-snapshot/DialogueUI/Code/Core.lua:74: attempt to call field 'AddCustomLinkType' (a nil value)
stack traceback:
	(string):1: in main chunk
Lua error: Lua Error: @/home/osso/.worktrees/wow-ui-sim-p510-page/data/patch-api/evidence/5.1.0-session-2026-10-08/addon-snapshot/DialogueUI/Code/Core.lua: Lua error: ...ssion-2026-10-08/addon-snapshot/DialogueUI/Code/Core.lua:74: attempt to call field 'AddCustomLinkType' (a nil value)
stack traceback:
	(string):1: in main chunk
[Interface/AddOns/Blizzard_ScriptErrors/Blizzard_ScriptErrors.lua]:59: in function 'GetErrorData'
[Interface/AddOns/Blizzard_ScriptErrors/Blizzard_ScriptErrors.lua]:72: in function <[Interface/AddOns/Blizzard_ScriptErrors/Blizzard_ScriptErrors.lua]:71>

Lua error: [OnEvent] frame=#48564 addon=DialogueUI source=@/home/osso/.worktrees/wow-ui-sim-p510-page/data/patch-api/evidence/5.1.0-session-2026-10-08/addon-snapshot/DialogueUI/Initialization.lua:204: ...-2026-10-08/addon-snapshot/DialogueUI/Initialization.lua:137: attempt to index field 'CallbackRegistry' (a nil value)
stack traceback:
	(string):12: in function <(string):12>
	[C]: in function 'native_xpcall'
	(string):11: in function <(string):10>
	...-2026-10-08/addon-snapshot/DialogueUI/Initialization.lua:137: in function 'SetDBValue'
	...-2026-10-08/addon-snapshot/DialogueUI/Initialization.lua:177: in function 'LoadDatabase'
	...-2026-10-08/addon-snapshot/DialogueUI/Initialization.lua:209: in function <...-2026-10-08/addon-snapshot/DialogueUI/Initialization.lua:204>
	(tail call): ?
	(tail call): ?
	[C]: in function 'native_xpcall'
	(string):8: in function <(string):5>
	(tail call): ?
Lua error: Lua Error: [OnEvent] frame=#48564 addon=DialogueUI source=@/home/osso/.worktrees/wow-ui-sim-p510-page/data/patch-api/evidence/5.1.0-session-2026-10-08/addon-snapshot/DialogueUI/Initialization.lua:204: ...-2026-10-08/addon-snapshot/DialogueUI/Initialization.lua:137: attempt to index field 'CallbackRegistry' (a nil value)
stack traceback:
	(string):12: in function <(string):12>
	[C]: in function 'native_xpcall'
	(string):11: in function <(string):10>
	...-2026-10-08/addon-snapshot/DialogueUI/Initialization.lua:137: in function 'SetDBValue'
	...-2026-10-08/addon-snapshot/DialogueUI/Initialization.lua:177: in function 'LoadDatabase'
	...-2026-10-08/addon-snapshot/DialogueUI/Initialization.lua:209: in function <...-2026-10-08/addon-snapshot/DialogueUI/Initialization.lua:204>
	(tail call): ?
	(tail call): ?
	[C]: in function 'native_xpcall'
	(string):8: in function <(string):5>
	(tail call): ?
[Interface/AddOns/Blizzard_ScriptErrors/Blizzard_ScriptErrors.lua]:59: in function 'GetErrorData'
[Interface/AddOns/Blizzard_ScriptErrors/Blizzard_ScriptErrors.lua]:72: in function <[Interface/AddOns/Blizzard_ScriptErrors/Blizzard_ScriptErrors.lua]:71>

Lua error: @Interface/AddOns/EllesmereUI/EllesmereUI_PartyMode.lua: Lua error: Interface/AddOns/EllesmereUI/EllesmereUI_PartyMode.lua:399: attempt to call method 'RegisterOnShow' (a nil value)
stack traceback:
	(string):1: in main chunk
Lua error: Lua Error: @Interface/AddOns/EllesmereUI/EllesmereUI_PartyMode.lua: Lua error: Interface/AddOns/EllesmereUI/EllesmereUI_PartyMode.lua:399: attempt to call method 'RegisterOnShow' (a nil value)
stack traceback:
	(string):1: in main chunk
[Interface/AddOns/Blizzard_ScriptErrors/Blizzard_ScriptErrors.lua]:59: in function 'GetErrorData'
[Interface/AddOns/Blizzard_ScriptErrors/Blizzard_ScriptErrors.lua]:72: in function <[Interface/AddOns/Blizzard_ScriptErrors/Blizzard_ScriptErrors.lua]:71>

Lua error: IO error reading /home/osso/.worktrees/wow-ui-sim-p510-page/data/patch-api/evidence/5.1.0-session-2026-10-08/addon-snapshot/EnhanceQoL/libs/AceLocale-3.0/AceLocale-3.0.lua: No such file or directory (os error 2)
stack traceback:
	(string):1: in main chunk
Lua error: Lua Error: IO error reading /home/osso/.worktrees/wow-ui-sim-p510-page/data/patch-api/evidence/5.1.0-session-2026-10-08/addon-snapshot/EnhanceQoL/libs/AceLocale-3.0/AceLocale-3.0.lua: No such file or directory (os error 2)
stack traceback:
	(string):1: in main chunk
[Interface/AddOns/Blizzard_ScriptErrors/Blizzard_ScriptErrors.lua]:59: in function 'GetErrorData'
[Interface/AddOns/Blizzard_ScriptErrors/Blizzard_ScriptErrors.lua]:72: in function <[Interface/AddOns/Blizzard_ScriptErrors/Blizzard_ScriptErrors.lua]:71>

Lua error: @/home/osso/.worktrees/wow-ui-sim-p510-page/data/patch-api/evidence/5.1.0-session-2026-10-08/addon-snapshot/EnhanceQoL/Init.lua: Lua error: ....0-session-2026-10-08/addon-snapshot/EnhanceQoL/Init.lua:70: Cannot find a library instance of "AceLocale-3.0".
stack traceback:
	(string):1: in main chunk
Lua error: Lua Error: @/home/osso/.worktrees/wow-ui-sim-p510-page/data/patch-api/evidence/5.1.0-session-2026-10-08/addon-snapshot/EnhanceQoL/Init.lua: Lua error: ....0-session-2026-10-08/addon-snapshot/EnhanceQoL/Init.lua:70: Cannot find a library instance of "AceLocale-3.0".
stack traceback:
	(string):1: in main chunk
[Interface/AddOns/Blizzard_ScriptErrors/Blizzard_ScriptErrors.lua]:59: in function 'GetErrorData'
[Interface/AddOns/Blizzard_ScriptErrors/Blizzard_ScriptErrors.lua]:72: in function <[Interface/AddOns/Blizzard_ScriptErrors/Blizzard_ScriptErrors.lua]:71>

Lua error: IO error reading /home/osso/.worktrees/wow-ui-sim-p510-page/data/patch-api/evidence/5.1.0-session-2026-10-08/addon-snapshot/EnhanceQoL/libs/LibDeflate/LibDeflate.lua: No such file or directory (os error 2)
stack traceback:
	(string):1: in main chunk
Lua error: Lua Error: IO error reading /home/osso/.worktrees/wow-ui-sim-p510-page/data/patch-api/evidence/5.1.0-session-2026-10-08/addon-snapshot/EnhanceQoL/libs/LibDeflate/LibDeflate.lua: No such file or directory (os error 2)
stack traceback:
	(string):1: in main chunk
[Interface/AddOns/Blizzard_ScriptErrors/Blizzard_ScriptErrors.lua]:59: in function 'GetErrorData'
[Interface/AddOns/Blizzard_ScriptErrors/Blizzard_ScriptErrors.lua]:72: in function <[Interface/AddOns/Blizzard_ScriptErrors/Blizzard_ScriptErrors.lua]:71>

Lua error: IO error reading /home/osso/.worktrees/wow-ui-sim-p510-page/data/patch-api/evidence/5.1.0-session-2026-10-08/addon-snapshot/EnhanceQoL/libs/LibSettingsDesigner/LibSettingsDesignerUI.lua: No such file or directory (os error 2)
stack traceback:
	(string):1: in main chunk
Lua error: Lua Error: IO error reading /home/osso/.worktrees/wow-ui-sim-p510-page/data/patch-api/evidence/5.1.0-session-2026-10-08/addon-snapshot/EnhanceQoL/libs/LibSettingsDesigner/LibSettingsDesignerUI.lua: No such file or directory (os error 2)
stack traceback:
	(string):1: in main chunk
[Interface/AddOns/Blizzard_ScriptErrors/Blizzard_ScriptErrors.lua]:59: in function 'GetErrorData'
[Interface/AddOns/Blizzard_ScriptErrors/Blizzard_ScriptErrors.lua]:72: in function <[Interface/AddOns/Blizzard_ScriptErrors/Blizzard_ScriptErrors.lua]:71>

Lua error: @/home/osso/.worktrees/wow-ui-sim-p510-page/data/patch-api/evidence/5.1.0-session-2026-10-08/addon-snapshot/EnhanceQoL/Core/EditMode.lua: Lua error: EnhanceQoL Edit Mode integration is not loaded
stack traceback:
	(string):1: in main chunk
Lua error: Lua Error: @/home/osso/.worktrees/wow-ui-sim-p510-page/data/patch-api/evidence/5.1.0-session-2026-10-08/addon-snapshot/EnhanceQoL/Core/EditMode.lua: Lua error: EnhanceQoL Edit Mode integration is not loaded
stack traceback:
	(string):1: in main chunk
[Interface/AddOns/Blizzard_ScriptErrors/Blizzard_ScriptErrors.lua]:59: in function 'GetErrorData'
[Interface/AddOns/Blizzard_ScriptErrors/Blizzard_ScriptErrors.lua]:72: in function <[Interface/AddOns/Blizzard_ScriptErrors/Blizzard_ScriptErrors.lua]:71>

Lua error: @/home/osso/.worktrees/wow-ui-sim-p510-page/data/patch-api/evidence/5.1.0-session-2026-10-08/addon-snapshot/EnhanceQoL/Core/SharedAnchors.lua: Lua error: ...6-10-08/addon-snapshot/EnhanceQoL/Core/SharedAnchors.lua:14: Cannot find a library instance of "AceLocale-3.0".
stack traceback:
	(string):1: in main chunk
Lua error: Lua Error: @/home/osso/.worktrees/wow-ui-sim-p510-page/data/patch-api/evidence/5.1.0-session-2026-10-08/addon-snapshot/EnhanceQoL/Core/SharedAnchors.lua: Lua error: ...6-10-08/addon-snapshot/EnhanceQoL/Core/SharedAnchors.lua:14: Cannot find a library instance of "AceLocale-3.0".
stack traceback:
	(string):1: in main chunk
[Interface/AddOns/Blizzard_ScriptErrors/Blizzard_ScriptErrors.lua]:59: in function 'GetErrorData'
[Interface/AddOns/Blizzard_ScriptErrors/Blizzard_ScriptErrors.lua]:72: in function <[Interface/AddOns/Blizzard_ScriptErrors/Blizzard_ScriptErrors.lua]:71>

Lua error: @/home/osso/.worktrees/wow-ui-sim-p510-page/data/patch-api/evidence/5.1.0-session-2026-10-08/addon-snapshot/EnhanceQoL/Core/EditModeAnchors.lua: Lua error: ...10-08/addon-snapshot/EnhanceQoL/Core/EditModeAnchors.lua:8: Cannot find a library instance of "AceLocale-3.0".
stack traceback:
	(string):1: in main chunk
Lua error: Lua Error: @/home/osso/.worktrees/wow-ui-sim-p510-page/data/patch-api/evidence/5.1.0-session-2026-10-08/addon-snapshot/EnhanceQoL/Core/EditModeAnchors.lua: Lua error: ...10-08/addon-snapshot/EnhanceQoL/Core/EditModeAnchors.lua:8: Cannot find a library instance of "AceLocale-3.0".
stack traceback:
	(string):1: in main chunk
[Interface/AddOns/Blizzard_ScriptErrors/Blizzard_ScriptErrors.lua]:59: in function 'GetErrorData'
[Interface/AddOns/Blizzard_ScriptErrors/Blizzard_ScriptErrors.lua]:72: in function <[Interface/AddOns/Blizzard_ScriptErrors/Blizzard_ScriptErrors.lua]:71>

Lua error: @/home/osso/.worktrees/wow-ui-sim-p510-page/data/patch-api/evidence/5.1.0-session-2026-10-08/addon-snapshot/EnhanceQoL/Core/EditModeAnchorUI.lua: Lua error: ...0-08/addon-snapshot/EnhanceQoL/Core/EditModeAnchorUI.lua:6: Cannot find a library instance of "AceLocale-3.0".
stack traceback:
	(string):1: in main chunk
Lua error: Lua Error: @/home/osso/.worktrees/wow-ui-sim-p510-page/data/patch-api/evidence/5.1.0-session-2026-10-08/addon-snapshot/EnhanceQoL/Core/EditModeAnchorUI.lua: Lua error: ...0-08/addon-snapshot/EnhanceQoL/Core/EditModeAnchorUI.lua:6: Cannot find a library instance of "AceLocale-3.0".
stack traceback:
	(string):1: in main chunk
[Interface/AddOns/Blizzard_ScriptErrors/Blizzard_ScriptErrors.lua]:59: in function 'GetErrorData'
[Interface/AddOns/Blizzard_ScriptErrors/Blizzard_ScriptErrors.lua]:72: in function <[Interface/AddOns/Blizzard_ScriptErrors/Blizzard_ScriptErrors.lua]:71>

Lua error: @/home/osso/.worktrees/wow-ui-sim-p510-page/data/patch-api/evidence/5.1.0-session-2026-10-08/addon-snapshot/EnhanceQoL/Core/Streams/Stream_Currency.lua: Lua error: ...don-snapshot/EnhanceQoL/Core/Streams/Stream_Currency.lua:18: attempt to index local 'L' (a nil value)
stack traceback:
	(string):1: in main chunk
Lua error: Lua Error: @/home/osso/.worktrees/wow-ui-sim-p510-page/data/patch-api/evidence/5.1.0-session-2026-10-08/addon-snapshot/EnhanceQoL/Core/Streams/Stream_Currency.lua: Lua error: ...don-snapshot/EnhanceQoL/Core/Streams/Stream_Currency.lua:18: attempt to index local 'L' (a nil value)
stack traceback:
	(string):1: in main chunk
[Interface/AddOns/Blizzard_ScriptErrors/Blizzard_ScriptErrors.lua]:59: in function 'GetErrorData'
[Interface/AddOns/Blizzard_ScriptErrors/Blizzard_ScriptErrors.lua]:72: in function <[Interface/AddOns/Blizzard_ScriptErrors/Blizzard_ScriptErrors.lua]:71>

Lua error: @/home/osso/.worktrees/wow-ui-sim-p510-page/data/patch-api/evidence/5.1.0-session-2026-10-08/addon-snapshot/EnhanceQoL/Submodules/GemHelper.lua: Lua error: ...10-08/addon-snapshot/EnhanceQoL/Submodules/GemHelper.lua:3: Cannot find a library instance of "AceLocale-3.0".
stack traceback:
	(string):1: in main chunk
Lua error: Lua Error: @/home/osso/.worktrees/wow-ui-sim-p510-page/data/patch-api/evidence/5.1.0-session-2026-10-08/addon-snapshot/EnhanceQoL/Submodules/GemHelper.lua: Lua error: ...10-08/addon-snapshot/EnhanceQoL/Submodules/GemHelper.lua:3: Cannot find a library instance of "AceLocale-3.0".
stack traceback:
	(string):1: in main chunk
[Interface/AddOns/Blizzard_ScriptErrors/Blizzard_ScriptErrors.lua]:59: in function 'GetErrorData'
[Interface/AddOns/Blizzard_ScriptErrors/Blizzard_ScriptErrors.lua]:72: in function <[Interface/AddOns/Blizzard_ScriptErrors/Blizzard_ScriptErrors.lua]:71>

Lua error: @/home/osso/.worktrees/wow-ui-sim-p510-page/data/patch-api/evidence/5.1.0-session-2026-10-08/addon-snapshot/EnhanceQoL/Submodules/MountActions.lua: Lua error: ...08/addon-snapshot/EnhanceQoL/Submodules/MountActions.lua:9: Cannot find a library instance of "AceLocale-3.0".
stack traceback:
	(string):1: in main chunk
Lua error: Lua Error: @/home/osso/.worktrees/wow-ui-sim-p510-page/data/patch-api/evidence/5.1.0-session-2026-10-08/addon-snapshot/EnhanceQoL/Submodules/MountActions.lua: Lua error: ...08/addon-snapshot/EnhanceQoL/Submodules/MountActions.lua:9: Cannot find a library instance of "AceLocale-3.0".
stack traceback:
	(string):1: in main chunk
[Interface/AddOns/Blizzard_ScriptErrors/Blizzard_ScriptErrors.lua]:59: in function 'GetErrorData'
[Interface/AddOns/Blizzard_ScriptErrors/Blizzard_ScriptErrors.lua]:72: in function <[Interface/AddOns/Blizzard_ScriptErrors/Blizzard_ScriptErrors.lua]:71>

Lua error: @/home/osso/.worktrees/wow-ui-sim-p510-page/data/patch-api/evidence/5.1.0-session-2026-10-08/addon-snapshot/EnhanceQoL/Submodules/ActionTracker.lua: Lua error: ...8/addon-snapshot/EnhanceQoL/Submodules/ActionTracker.lua:13: Cannot find a library instance of "AceLocale-3.0".
stack traceback:
	(string):1: in main chunk
Lua error: Lua Error: @/home/osso/.worktrees/wow-ui-sim-p510-page/data/patch-api/evidence/5.1.0-session-2026-10-08/addon-snapshot/EnhanceQoL/Submodules/ActionTracker.lua: Lua error: ...8/addon-snapshot/EnhanceQoL/Submodules/ActionTracker.lua:13: Cannot find a library instance of "AceLocale-3.0".
stack traceback:
	(string):1: in main chunk
[Interface/AddOns/Blizzard_ScriptErrors/Blizzard_ScriptErrors.lua]:59: in function 'GetErrorData'
[Interface/AddOns/Blizzard_ScriptErrors/Blizzard_ScriptErrors.lua]:72: in function <[Interface/AddOns/Blizzard_ScriptErrors/Blizzard_ScriptErrors.lua]:71>

Lua error: @/home/osso/.worktrees/wow-ui-sim-p510-page/data/patch-api/evidence/5.1.0-session-2026-10-08/addon-snapshot/EnhanceQoL/Submodules/GroupTools.lua: Lua error: ...0-08/addon-snapshot/EnhanceQoL/Submodules/GroupTools.lua:14: Cannot find a library instance of "AceLocale-3.0".
stack traceback:
	(string):1: in main chunk
Lua error: Lua Error: @/home/osso/.worktrees/wow-ui-sim-p510-page/data/patch-api/evidence/5.1.0-session-2026-10-08/addon-snapshot/EnhanceQoL/Submodules/GroupTools.lua: Lua error: ...0-08/addon-snapshot/EnhanceQoL/Submodules/GroupTools.lua:14: Cannot find a library instance of "AceLocale-3.0".
stack traceback:
	(string):1: in main chunk
[Interface/AddOns/Blizzard_ScriptErrors/Blizzard_ScriptErrors.lua]:59: in function 'GetErrorData'
[Interface/AddOns/Blizzard_ScriptErrors/Blizzard_ScriptErrors.lua]:72: in function <[Interface/AddOns/Blizzard_ScriptErrors/Blizzard_ScriptErrors.lua]:71>

Lua error: IO error reading /home/osso/.worktrees/wow-ui-sim-p510-page/data/patch-api/evidence/5.1.0-session-2026-10-08/addon-snapshot/EnhanceQoL/Settings/SettingsUI.lua: No such file or directory (os error 2)
stack traceback:
	(string):1: in main chunk
Lua error: Lua Error: IO error reading /home/osso/.worktrees/wow-ui-sim-p510-page/data/patch-api/evidence/5.1.0-session-2026-10-08/addon-snapshot/EnhanceQoL/Settings/SettingsUI.lua: No such file or directory (os error 2)
stack traceback:
	(string):1: in main chunk
[Interface/AddOns/Blizzard_ScriptErrors/Blizzard_ScriptErrors.lua]:59: in function 'GetErrorData'
[Interface/AddOns/Blizzard_ScriptErrors/Blizzard_ScriptErrors.lua]:72: in function <[Interface/AddOns/Blizzard_ScriptErrors/Blizzard_ScriptErrors.lua]:71>

Lua error: @/home/osso/.worktrees/wow-ui-sim-p510-page/data/patch-api/evidence/5.1.0-session-2026-10-08/addon-snapshot/EnhanceQoL/Modules/Mouse/Mouse.lua: Lua error: ...-10-08/addon-snapshot/EnhanceQoL/Modules/Mouse/Mouse.lua:10: Cannot find a library instance of "AceLocale-3.0".
stack traceback:
	(string):1: in main chunk
Lua error: Lua Error: @/home/osso/.worktrees/wow-ui-sim-p510-page/data/patch-api/evidence/5.1.0-session-2026-10-08/addon-snapshot/EnhanceQoL/Modules/Mouse/Mouse.lua: Lua error: ...-10-08/addon-snapshot/EnhanceQoL/Modules/Mouse/Mouse.lua:10: Cannot find a library instance of "AceLocale-3.0".
stack traceback:
	(string):1: in main chunk
[Interface/AddOns/Blizzard_ScriptErrors/Blizzard_ScriptErrors.lua]:59: in function 'GetErrorData'
[Interface/AddOns/Blizzard_ScriptErrors/Blizzard_ScriptErrors.lua]:72: in function <[Interface/AddOns/Blizzard_ScriptErrors/Blizzard_ScriptErrors.lua]:71>

Lua error: IO error reading /home/osso/.worktrees/wow-ui-sim-p510-page/data/patch-api/evidence/5.1.0-session-2026-10-08/addon-snapshot/EnhanceQoL/Modules/Food/Drinks.lua: No such file or directory (os error 2)
stack traceback:
	(string):1: in main chunk
Lua error: Lua Error: IO error reading /home/osso/.worktrees/wow-ui-sim-p510-page/data/patch-api/evidence/5.1.0-session-2026-10-08/addon-snapshot/EnhanceQoL/Modules/Food/Drinks.lua: No such file or directory (os error 2)
stack traceback:
	(string):1: in main chunk
[Interface/AddOns/Blizzard_ScriptErrors/Blizzard_ScriptErrors.lua]:59: in function 'GetErrorData'
[Interface/AddOns/Blizzard_ScriptErrors/Blizzard_ScriptErrors.lua]:72: in function <[Interface/AddOns/Blizzard_ScriptErrors/Blizzard_ScriptErrors.lua]:71>

Lua error: @/home/osso/.worktrees/wow-ui-sim-p510-page/data/patch-api/evidence/5.1.0-session-2026-10-08/addon-snapshot/InTime/InTime_UI.lua: Lua error: ...0-session-2026-10-08/addon-snapshot/InTime/InTime_UI.lua:131: attempt to index local 'L' (a nil value)
stack traceback:
	(string):1: in main chunk
Lua error: Lua Error: @/home/osso/.worktrees/wow-ui-sim-p510-page/data/patch-api/evidence/5.1.0-session-2026-10-08/addon-snapshot/InTime/InTime_UI.lua: Lua error: ...0-session-2026-10-08/addon-snapshot/InTime/InTime_UI.lua:131: attempt to index local 'L' (a nil value)
stack traceback:
	(string):1: in main chunk
[Interface/AddOns/Blizzard_ScriptErrors/Blizzard_ScriptErrors.lua]:59: in function 'GetErrorData'
[Interface/AddOns/Blizzard_ScriptErrors/Blizzard_ScriptErrors.lua]:72: in function <[Interface/AddOns/Blizzard_ScriptErrors/Blizzard_ScriptErrors.lua]:71>

Lua error: @/home/osso/.worktrees/wow-ui-sim-p510-page/data/patch-api/evidence/5.1.0-session-2026-10-08/addon-snapshot/InTime/InTime_Core.lua: Lua error: ...session-2026-10-08/addon-snapshot/InTime/InTime_Core.lua:20: attempt to index local 'L' (a nil value)
stack traceback:
	(string):1: in main chunk
Lua error: Lua Error: @/home/osso/.worktrees/wow-ui-sim-p510-page/data/patch-api/evidence/5.1.0-session-2026-10-08/addon-snapshot/InTime/InTime_Core.lua: Lua error: ...session-2026-10-08/addon-snapshot/InTime/InTime_Core.lua:20: attempt to index local 'L' (a nil value)
stack traceback:
	(string):1: in main chunk
[Interface/AddOns/Blizzard_ScriptErrors/Blizzard_ScriptErrors.lua]:59: in function 'GetErrorData'
[Interface/AddOns/Blizzard_ScriptErrors/Blizzard_ScriptErrors.lua]:72: in function <[Interface/AddOns/Blizzard_ScriptErrors/Blizzard_ScriptErrors.lua]:71>

Lua error: @/home/osso/.worktrees/wow-ui-sim-p510-page/data/patch-api/evidence/5.1.0-session-2026-10-08/addon-snapshot/ItemVersion/Locales/enUS.lua: Lua error: ...n-2026-10-08/addon-snapshot/ItemVersion/Locales/enUS.lua:6: Cannot find a library instance of "AceLocale-3.0".
stack traceback:
	(string):1: in main chunk
Lua error: Lua Error: @/home/osso/.worktrees/wow-ui-sim-p510-page/data/patch-api/evidence/5.1.0-session-2026-10-08/addon-snapshot/ItemVersion/Locales/enUS.lua: Lua error: ...n-2026-10-08/addon-snapshot/ItemVersion/Locales/enUS.lua:6: Cannot find a library instance of "AceLocale-3.0".
stack traceback:
	(string):1: in main chunk
[Interface/AddOns/Blizzard_ScriptErrors/Blizzard_ScriptErrors.lua]:59: in function 'GetErrorData'
[Interface/AddOns/Blizzard_ScriptErrors/Blizzard_ScriptErrors.lua]:72: in function <[Interface/AddOns/Blizzard_ScriptErrors/Blizzard_ScriptErrors.lua]:71>

Lua error: @/home/osso/.worktrees/wow-ui-sim-p510-page/data/patch-api/evidence/5.1.0-session-2026-10-08/addon-snapshot/ItemVersion/Locales/zhCN.lua: Lua error: ...n-2026-10-08/addon-snapshot/ItemVersion/Locales/zhCN.lua:6: Cannot find a library instance of "AceLocale-3.0".
stack traceback:
	(string):1: in main chunk
Lua error: Lua Error: @/home/osso/.worktrees/wow-ui-sim-p510-page/data/patch-api/evidence/5.1.0-session-2026-10-08/addon-snapshot/ItemVersion/Locales/zhCN.lua: Lua error: ...n-2026-10-08/addon-snapshot/ItemVersion/Locales/zhCN.lua:6: Cannot find a library instance of "AceLocale-3.0".
stack traceback:
	(string):1: in main chunk
[Interface/AddOns/Blizzard_ScriptErrors/Blizzard_ScriptErrors.lua]:59: in function 'GetErrorData'
[Interface/AddOns/Blizzard_ScriptErrors/Blizzard_ScriptErrors.lua]:72: in function <[Interface/AddOns/Blizzard_ScriptErrors/Blizzard_ScriptErrors.lua]:71>

Lua error: @/home/osso/.worktrees/wow-ui-sim-p510-page/data/patch-api/evidence/5.1.0-session-2026-10-08/addon-snapshot/ItemVersion/Profile.lua: Lua error: ...ession-2026-10-08/addon-snapshot/ItemVersion/Profile.lua:3: Cannot find a library instance of "AceLocale-3.0".
stack traceback:
	(string):1: in main chunk
Lua error: Lua Error: @/home/osso/.worktrees/wow-ui-sim-p510-page/data/patch-api/evidence/5.1.0-session-2026-10-08/addon-snapshot/ItemVersion/Profile.lua: Lua error: ...ession-2026-10-08/addon-snapshot/ItemVersion/Profile.lua:3: Cannot find a library instance of "AceLocale-3.0".
stack traceback:
	(string):1: in main chunk
[Interface/AddOns/Blizzard_ScriptErrors/Blizzard_ScriptErrors.lua]:59: in function 'GetErrorData'
[Interface/AddOns/Blizzard_ScriptErrors/Blizzard_ScriptErrors.lua]:72: in function <[Interface/AddOns/Blizzard_ScriptErrors/Blizzard_ScriptErrors.lua]:71>

Lua error: @/home/osso/.worktrees/wow-ui-sim-p510-page/data/patch-api/evidence/5.1.0-session-2026-10-08/addon-snapshot/ItemVersion/Expansion.lua: Lua error: ...sion-2026-10-08/addon-snapshot/ItemVersion/Expansion.lua:3: Cannot find a library instance of "AceLocale-3.0".
stack traceback:
	(string):1: in main chunk
Lua error: Lua Error: @/home/osso/.worktrees/wow-ui-sim-p510-page/data/patch-api/evidence/5.1.0-session-2026-10-08/addon-snapshot/ItemVersion/Expansion.lua: Lua error: ...sion-2026-10-08/addon-snapshot/ItemVersion/Expansion.lua:3: Cannot find a library instance of "AceLocale-3.0".
stack traceback:
	(string):1: in main chunk
[Interface/AddOns/Blizzard_ScriptErrors/Blizzard_ScriptErrors.lua]:59: in function 'GetErrorData'
[Interface/AddOns/Blizzard_ScriptErrors/Blizzard_ScriptErrors.lua]:72: in function <[Interface/AddOns/Blizzard_ScriptErrors/Blizzard_ScriptErrors.lua]:71>

Lua error: @/home/osso/.worktrees/wow-ui-sim-p510-page/data/patch-api/evidence/5.1.0-session-2026-10-08/addon-snapshot/ItemVersion/Options.lua: Lua error: ...ession-2026-10-08/addon-snapshot/ItemVersion/Options.lua:3: Cannot find a library instance of "AceLocale-3.0".
stack traceback:
	(string):1: in main chunk
Lua error: Lua Error: @/home/osso/.worktrees/wow-ui-sim-p510-page/data/patch-api/evidence/5.1.0-session-2026-10-08/addon-snapshot/ItemVersion/Options.lua: Lua error: ...ession-2026-10-08/addon-snapshot/ItemVersion/Options.lua:3: Cannot find a library instance of "AceLocale-3.0".
stack traceback:
	(string):1: in main chunk
[Interface/AddOns/Blizzard_ScriptErrors/Blizzard_ScriptErrors.lua]:59: in function 'GetErrorData'
[Interface/AddOns/Blizzard_ScriptErrors/Blizzard_ScriptErrors.lua]:72: in function <[Interface/AddOns/Blizzard_ScriptErrors/Blizzard_ScriptErrors.lua]:71>

Lua error: @/home/osso/.worktrees/wow-ui-sim-p510-page/data/patch-api/evidence/5.1.0-session-2026-10-08/addon-snapshot/ItemVersion/SlashCommands.lua: Lua error: ...-2026-10-08/addon-snapshot/ItemVersion/SlashCommands.lua:3: Cannot find a library instance of "AceLocale-3.0".
stack traceback:
	(string):1: in main chunk
Lua error: Lua Error: @/home/osso/.worktrees/wow-ui-sim-p510-page/data/patch-api/evidence/5.1.0-session-2026-10-08/addon-snapshot/ItemVersion/SlashCommands.lua: Lua error: ...-2026-10-08/addon-snapshot/ItemVersion/SlashCommands.lua:3: Cannot find a library instance of "AceLocale-3.0".
stack traceback:
	(string):1: in main chunk
[Interface/AddOns/Blizzard_ScriptErrors/Blizzard_ScriptErrors.lua]:59: in function 'GetErrorData'
[Interface/AddOns/Blizzard_ScriptErrors/Blizzard_ScriptErrors.lua]:72: in function <[Interface/AddOns/Blizzard_ScriptErrors/Blizzard_ScriptErrors.lua]:71>

Lua error: @/home/osso/.worktrees/wow-ui-sim-p510-page/data/patch-api/evidence/5.1.0-session-2026-10-08/addon-snapshot/Leatrix_Plus/Leatrix_Plus_Media.lua: Lua error: ...10-08/addon-snapshot/Leatrix_Plus/Leatrix_Plus_Media.lua:10: attempt to index local 'L' (a nil value)
stack traceback:
	(string):1: in main chunk
Lua error: Lua Error: @/home/osso/.worktrees/wow-ui-sim-p510-page/data/patch-api/evidence/5.1.0-session-2026-10-08/addon-snapshot/Leatrix_Plus/Leatrix_Plus_Media.lua: Lua error: ...10-08/addon-snapshot/Leatrix_Plus/Leatrix_Plus_Media.lua:10: attempt to index local 'L' (a nil value)
stack traceback:
	(string):1: in main chunk
[Interface/AddOns/Blizzard_ScriptErrors/Blizzard_ScriptErrors.lua]:59: in function 'GetErrorData'
[Interface/AddOns/Blizzard_ScriptErrors/Blizzard_ScriptErrors.lua]:72: in function <[Interface/AddOns/Blizzard_ScriptErrors/Blizzard_ScriptErrors.lua]:71>

Lua error: @/home/osso/.worktrees/wow-ui-sim-p510-page/data/patch-api/evidence/5.1.0-session-2026-10-08/addon-snapshot/Leatrix_Plus/Leatrix_Plus.lua: Lua error: ...-2026-10-08/addon-snapshot/Leatrix_Plus/Leatrix_Plus.lua:61: attempt to index local 'L' (a nil value)
stack traceback:
	(string):1: in main chunk
Lua error: Lua Error: @/home/osso/.worktrees/wow-ui-sim-p510-page/data/patch-api/evidence/5.1.0-session-2026-10-08/addon-snapshot/Leatrix_Plus/Leatrix_Plus.lua: Lua error: ...-2026-10-08/addon-snapshot/Leatrix_Plus/Leatrix_Plus.lua:61: attempt to index local 'L' (a nil value)
stack traceback:
	(string):1: in main chunk
[Interface/AddOns/Blizzard_ScriptErrors/Blizzard_ScriptErrors.lua]:59: in function 'GetErrorData'
[Interface/AddOns/Blizzard_ScriptErrors/Blizzard_ScriptErrors.lua]:72: in function <[Interface/AddOns/Blizzard_ScriptErrors/Blizzard_ScriptErrors.lua]:71>

Lua error: @/home/osso/.worktrees/wow-ui-sim-p510-page/data/patch-api/evidence/5.1.0-session-2026-10-08/addon-snapshot/Plumber/Locales/enUS.lua: Lua error: ...ssion-2026-10-08/addon-snapshot/Plumber/Locales/enUS.lua:17: attempt to index local 'L' (a nil value)
stack traceback:
	(string):1: in main chunk
Lua error: Lua Error: @/home/osso/.worktrees/wow-ui-sim-p510-page/data/patch-api/evidence/5.1.0-session-2026-10-08/addon-snapshot/Plumber/Locales/enUS.lua: Lua error: ...ssion-2026-10-08/addon-snapshot/Plumber/Locales/enUS.lua:17: attempt to index local 'L' (a nil value)
stack traceback:
	(string):1: in main chunk
[Interface/AddOns/Blizzard_ScriptErrors/Blizzard_ScriptErrors.lua]:59: in function 'GetErrorData'
[Interface/AddOns/Blizzard_ScriptErrors/Blizzard_ScriptErrors.lua]:72: in function <[Interface/AddOns/Blizzard_ScriptErrors/Blizzard_ScriptErrors.lua]:71>

Lua error: @/home/osso/.worktrees/wow-ui-sim-p510-page/data/patch-api/evidence/5.1.0-session-2026-10-08/addon-snapshot/Plumber/Modules/Shared/SharedData.lua: Lua error: ...-08/addon-snapshot/Plumber/Modules/Shared/SharedData.lua:51: attempt to index local 'L' (a nil value)
stack traceback:
	(string):1: in main chunk
Lua error: Lua Error: @/home/osso/.worktrees/wow-ui-sim-p510-page/data/patch-api/evidence/5.1.0-session-2026-10-08/addon-snapshot/Plumber/Modules/Shared/SharedData.lua: Lua error: ...-08/addon-snapshot/Plumber/Modules/Shared/SharedData.lua:51: attempt to index local 'L' (a nil value)
stack traceback:
	(string):1: in main chunk
[Interface/AddOns/Blizzard_ScriptErrors/Blizzard_ScriptErrors.lua]:59: in function 'GetErrorData'
[Interface/AddOns/Blizzard_ScriptErrors/Blizzard_ScriptErrors.lua]:72: in function <[Interface/AddOns/Blizzard_ScriptErrors/Blizzard_ScriptErrors.lua]:71>

Lua error: IO error loading /home/osso/.worktrees/wow-ui-sim-p510-page/data/patch-api/evidence/5.1.0-session-2026-10-08/addon-snapshot/Plumber/Modules/Shared/SharedWidgets.xml: No such file or directory (os error 2)
stack traceback:
	(string):1: in main chunk
Lua error: Lua Error: IO error loading /home/osso/.worktrees/wow-ui-sim-p510-page/data/patch-api/evidence/5.1.0-session-2026-10-08/addon-snapshot/Plumber/Modules/Shared/SharedWidgets.xml: No such file or directory (os error 2)
stack traceback:
	(string):1: in main chunk
[Interface/AddOns/Blizzard_ScriptErrors/Blizzard_ScriptErrors.lua]:59: in function 'GetErrorData'
[Interface/AddOns/Blizzard_ScriptErrors/Blizzard_ScriptErrors.lua]:72: in function <[Interface/AddOns/Blizzard_ScriptErrors/Blizzard_ScriptErrors.lua]:71>

Lua error: XML error: IO error loading /home/osso/.worktrees/wow-ui-sim-p510-page/data/patch-api/evidence/5.1.0-session-2026-10-08/addon-snapshot/Plumber/Modules/Shared/SharedWidgets.xml: No such file or directory (os error 2)
stack traceback:
	(string):1: in main chunk
Lua error: Lua Error: XML error: IO error loading /home/osso/.worktrees/wow-ui-sim-p510-page/data/patch-api/evidence/5.1.0-session-2026-10-08/addon-snapshot/Plumber/Modules/Shared/SharedWidgets.xml: No such file or directory (os error 2)
stack traceback:
	(string):1: in main chunk
[Interface/AddOns/Blizzard_ScriptErrors/Blizzard_ScriptErrors.lua]:59: in function 'GetErrorData'
[Interface/AddOns/Blizzard_ScriptErrors/Blizzard_ScriptErrors.lua]:72: in function <[Interface/AddOns/Blizzard_ScriptErrors/Blizzard_ScriptErrors.lua]:71>

Lua error: @/home/osso/.worktrees/wow-ui-sim-p510-page/data/patch-api/evidence/5.1.0-session-2026-10-08/addon-snapshot/Plumber/Modules/ScenarioTracker.lua: Lua error: ...10-08/addon-snapshot/Plumber/Modules/ScenarioTracker.lua:150: attempt to index local 'API' (a nil value)
stack traceback:
	(string):1: in main chunk
Lua error: Lua Error: @/home/osso/.worktrees/wow-ui-sim-p510-page/data/patch-api/evidence/5.1.0-session-2026-10-08/addon-snapshot/Plumber/Modules/ScenarioTracker.lua: Lua error: ...10-08/addon-snapshot/Plumber/Modules/ScenarioTracker.lua:150: attempt to index local 'API' (a nil value)
stack traceback:
	(string):1: in main chunk
[Interface/AddOns/Blizzard_ScriptErrors/Blizzard_ScriptErrors.lua]:59: in function 'GetErrorData'
[Interface/AddOns/Blizzard_ScriptErrors/Blizzard_ScriptErrors.lua]:72: in function <[Interface/AddOns/Blizzard_ScriptErrors/Blizzard_ScriptErrors.lua]:71>

Lua error: IO error reading /home/osso/.worktrees/wow-ui-sim-p510-page/data/patch-api/evidence/5.1.0-session-2026-10-08/addon-snapshot/Plumber/Modules/ControlCenter/Preload.lua: No such file or directory (os error 2)
stack traceback:
	(string):1: in main chunk
Lua error: Lua Error: IO error reading /home/osso/.worktrees/wow-ui-sim-p510-page/data/patch-api/evidence/5.1.0-session-2026-10-08/addon-snapshot/Plumber/Modules/ControlCenter/Preload.lua: No such file or directory (os error 2)
stack traceback:
	(string):1: in main chunk
[Interface/AddOns/Blizzard_ScriptErrors/Blizzard_ScriptErrors.lua]:59: in function 'GetErrorData'
[Interface/AddOns/Blizzard_ScriptErrors/Blizzard_ScriptErrors.lua]:72: in function <[Interface/AddOns/Blizzard_ScriptErrors/Blizzard_ScriptErrors.lua]:71>

Lua error: @/home/osso/.worktrees/wow-ui-sim-p510-page/data/patch-api/evidence/5.1.0-session-2026-10-08/addon-snapshot/Plumber/Modules/Macros.lua: Lua error: ...ion-2026-10-08/addon-snapshot/Plumber/Modules/Macros.lua:47: attempt to index local 'API' (a nil value)
stack traceback:
	(string):1: in main chunk
Lua error: Lua Error: @/home/osso/.worktrees/wow-ui-sim-p510-page/data/patch-api/evidence/5.1.0-session-2026-10-08/addon-snapshot/Plumber/Modules/Macros.lua: Lua error: ...ion-2026-10-08/addon-snapshot/Plumber/Modules/Macros.lua:47: attempt to index local 'API' (a nil value)
stack traceback:
	(string):1: in main chunk
[Interface/AddOns/Blizzard_ScriptErrors/Blizzard_ScriptErrors.lua]:59: in function 'GetErrorData'
[Interface/AddOns/Blizzard_ScriptErrors/Blizzard_ScriptErrors.lua]:72: in function <[Interface/AddOns/Blizzard_ScriptErrors/Blizzard_ScriptErrors.lua]:71>

Lua error: @/home/osso/.worktrees/wow-ui-sim-p510-page/data/patch-api/evidence/5.1.0-session-2026-10-08/addon-snapshot/Plumber/Modules/BackpackItemTracker.lua: Lua error: ...8/addon-snapshot/Plumber/Modules/BackpackItemTracker.lua:20: attempt to index local 'API' (a nil value)
stack traceback:
	(string):1: in main chunk
Lua error: Lua Error: @/home/osso/.worktrees/wow-ui-sim-p510-page/data/patch-api/evidence/5.1.0-session-2026-10-08/addon-snapshot/Plumber/Modules/BackpackItemTracker.lua: Lua error: ...8/addon-snapshot/Plumber/Modules/BackpackItemTracker.lua:20: attempt to index local 'API' (a nil value)
stack traceback:
	(string):1: in main chunk
[Interface/AddOns/Blizzard_ScriptErrors/Blizzard_ScriptErrors.lua]:59: in function 'GetErrorData'
[Interface/AddOns/Blizzard_ScriptErrors/Blizzard_ScriptErrors.lua]:72: in function <[Interface/AddOns/Blizzard_ScriptErrors/Blizzard_ScriptErrors.lua]:71>

Lua error: @/home/osso/.worktrees/wow-ui-sim-p510-page/data/patch-api/evidence/5.1.0-session-2026-10-08/addon-snapshot/Plumber/Modules/AutoJoinEvents.lua: Lua error: ...-10-08/addon-snapshot/Plumber/Modules/AutoJoinEvents.lua:7: attempt to index field 'API' (a nil value)
stack traceback:
	(string):1: in main chunk
Lua error: Lua Error: @/home/osso/.worktrees/wow-ui-sim-p510-page/data/patch-api/evidence/5.1.0-session-2026-10-08/addon-snapshot/Plumber/Modules/AutoJoinEvents.lua: Lua error: ...-10-08/addon-snapshot/Plumber/Modules/AutoJoinEvents.lua:7: attempt to index field 'API' (a nil value)
stack traceback:
	(string):1: in main chunk
[Interface/AddOns/Blizzard_ScriptErrors/Blizzard_ScriptErrors.lua]:59: in function 'GetErrorData'
[Interface/AddOns/Blizzard_ScriptErrors/Blizzard_ScriptErrors.lua]:72: in function <[Interface/AddOns/Blizzard_ScriptErrors/Blizzard_ScriptErrors.lua]:71>

Lua error: @/home/osso/.worktrees/wow-ui-sim-p510-page/data/patch-api/evidence/5.1.0-session-2026-10-08/addon-snapshot/Plumber/Modules/PlayerChoiceFrameToken.lua: Lua error: ...ddon-snapshot/Plumber/Modules/PlayerChoiceFrameToken.lua:5: attempt to index field 'API' (a nil value)
stack traceback:
	(string):1: in main chunk
Lua error: Lua Error: @/home/osso/.worktrees/wow-ui-sim-p510-page/data/patch-api/evidence/5.1.0-session-2026-10-08/addon-snapshot/Plumber/Modules/PlayerChoiceFrameToken.lua: Lua error: ...ddon-snapshot/Plumber/Modules/PlayerChoiceFrameToken.lua:5: attempt to index field 'API' (a nil value)
stack traceback:
	(string):1: in main chunk
[Interface/AddOns/Blizzard_ScriptErrors/Blizzard_ScriptErrors.lua]:59: in function 'GetErrorData'
[Interface/AddOns/Blizzard_ScriptErrors/Blizzard_ScriptErrors.lua]:72: in function <[Interface/AddOns/Blizzard_ScriptErrors/Blizzard_ScriptErrors.lua]:71>

Lua error: @/home/osso/.worktrees/wow-ui-sim-p510-page/data/patch-api/evidence/5.1.0-session-2026-10-08/addon-snapshot/Plumber/Modules/QuickSlot.lua: Lua error: ...-2026-10-08/addon-snapshot/Plumber/Modules/QuickSlot.lua:4: attempt to index local 'API' (a nil value)
stack traceback:
	(string):1: in main chunk
Lua error: Lua Error: @/home/osso/.worktrees/wow-ui-sim-p510-page/data/patch-api/evidence/5.1.0-session-2026-10-08/addon-snapshot/Plumber/Modules/QuickSlot.lua: Lua error: ...-2026-10-08/addon-snapshot/Plumber/Modules/QuickSlot.lua:4: attempt to index local 'API' (a nil value)
stack traceback:
	(string):1: in main chunk
[Interface/AddOns/Blizzard_ScriptErrors/Blizzard_ScriptErrors.lua]:59: in function 'GetErrorData'
[Interface/AddOns/Blizzard_ScriptErrors/Blizzard_ScriptErrors.lua]:72: in function <[Interface/AddOns/Blizzard_ScriptErrors/Blizzard_ScriptErrors.lua]:71>

Lua error: @/home/osso/.worktrees/wow-ui-sim-p510-page/data/patch-api/evidence/5.1.0-session-2026-10-08/addon-snapshot/Plumber/Modules/RareAnnouncement.lua: Lua error: ...0-08/addon-snapshot/Plumber/Modules/RareAnnouncement.lua:6: attempt to index local 'API' (a nil value)
stack traceback:
	(string):1: in main chunk
Lua error: Lua Error: @/home/osso/.worktrees/wow-ui-sim-p510-page/data/patch-api/evidence/5.1.0-session-2026-10-08/addon-snapshot/Plumber/Modules/RareAnnouncement.lua: Lua error: ...0-08/addon-snapshot/Plumber/Modules/RareAnnouncement.lua:6: attempt to index local 'API' (a nil value)
stack traceback:
	(string):1: in main chunk
[Interface/AddOns/Blizzard_ScriptErrors/Blizzard_ScriptErrors.lua]:59: in function 'GetErrorData'
[Interface/AddOns/Blizzard_ScriptErrors/Blizzard_ScriptErrors.lua]:72: in function <[Interface/AddOns/Blizzard_ScriptErrors/Blizzard_ScriptErrors.lua]:71>

Lua error: @/home/osso/.worktrees/wow-ui-sim-p510-page/data/patch-api/evidence/5.1.0-session-2026-10-08/addon-snapshot/Plumber/Modules/MerchantPrice.lua: Lua error: ...6-10-08/addon-snapshot/Plumber/Modules/MerchantPrice.lua:27: attempt to index local 'API' (a nil value)
stack traceback:
	(string):1: in main chunk
Lua error: Lua Error: @/home/osso/.worktrees/wow-ui-sim-p510-page/data/patch-api/evidence/5.1.0-session-2026-10-08/addon-snapshot/Plumber/Modules/MerchantPrice.lua: Lua error: ...6-10-08/addon-snapshot/Plumber/Modules/MerchantPrice.lua:27: attempt to index local 'API' (a nil value)
stack traceback:
	(string):1: in main chunk
[Interface/AddOns/Blizzard_ScriptErrors/Blizzard_ScriptErrors.lua]:59: in function 'GetErrorData'
[Interface/AddOns/Blizzard_ScriptErrors/Blizzard_ScriptErrors.lua]:72: in function <[Interface/AddOns/Blizzard_ScriptErrors/Blizzard_ScriptErrors.lua]:71>

Lua error: @/home/osso/.worktrees/wow-ui-sim-p510-page/data/patch-api/evidence/5.1.0-session-2026-10-08/addon-snapshot/Plumber/Modules/DelvesAutomation.lua: Lua error: ...0-08/addon-snapshot/Plumber/Modules/DelvesAutomation.lua:75: attempt to index field 'L' (a nil value)
stack traceback:
	(string):1: in main chunk
Lua error: Lua Error: @/home/osso/.worktrees/wow-ui-sim-p510-page/data/patch-api/evidence/5.1.0-session-2026-10-08/addon-snapshot/Plumber/Modules/DelvesAutomation.lua: Lua error: ...0-08/addon-snapshot/Plumber/Modules/DelvesAutomation.lua:75: attempt to index field 'L' (a nil value)
stack traceback:
	(string):1: in main chunk
[Interface/AddOns/Blizzard_ScriptErrors/Blizzard_ScriptErrors.lua]:59: in function 'GetErrorData'
[Interface/AddOns/Blizzard_ScriptErrors/Blizzard_ScriptErrors.lua]:72: in function <[Interface/AddOns/Blizzard_ScriptErrors/Blizzard_ScriptErrors.lua]:71>

Lua error: IO error reading /home/osso/.worktrees/wow-ui-sim-p510-page/data/patch-api/evidence/5.1.0-session-2026-10-08/addon-snapshot/Plumber/Modules/GameTooltip_Core.lua: No such file or directory (os error 2)
stack traceback:
	(string):1: in main chunk
Lua error: Lua Error: IO error reading /home/osso/.worktrees/wow-ui-sim-p510-page/data/patch-api/evidence/5.1.0-session-2026-10-08/addon-snapshot/Plumber/Modules/GameTooltip_Core.lua: No such file or directory (os error 2)
stack traceback:
	(string):1: in main chunk
[Interface/AddOns/Blizzard_ScriptErrors/Blizzard_ScriptErrors.lua]:59: in function 'GetErrorData'
[Interface/AddOns/Blizzard_ScriptErrors/Blizzard_ScriptErrors.lua]:72: in function <[Interface/AddOns/Blizzard_ScriptErrors/Blizzard_ScriptErrors.lua]:71>

Lua error: @/home/osso/.worktrees/wow-ui-sim-p510-page/data/patch-api/evidence/5.1.0-session-2026-10-08/addon-snapshot/Plumber/Modules/UnderlightAngler.lua: Lua error: ...0-08/addon-snapshot/Plumber/Modules/UnderlightAngler.lua:69: attempt to index field 'L' (a nil value)
stack traceback:
	(string):1: in main chunk
Lua error: Lua Error: @/home/osso/.worktrees/wow-ui-sim-p510-page/data/patch-api/evidence/5.1.0-session-2026-10-08/addon-snapshot/Plumber/Modules/UnderlightAngler.lua: Lua error: ...0-08/addon-snapshot/Plumber/Modules/UnderlightAngler.lua:69: attempt to index field 'L' (a nil value)
stack traceback:
	(string):1: in main chunk
[Interface/AddOns/Blizzard_ScriptErrors/Blizzard_ScriptErrors.lua]:59: in function 'GetErrorData'
[Interface/AddOns/Blizzard_ScriptErrors/Blizzard_ScriptErrors.lua]:72: in function <[Interface/AddOns/Blizzard_ScriptErrors/Blizzard_ScriptErrors.lua]:71>

Lua error: @/home/osso/.worktrees/wow-ui-sim-p510-page/data/patch-api/evidence/5.1.0-session-2026-10-08/addon-snapshot/Plumber/Modules/ChatOptions.lua: Lua error: ...026-10-08/addon-snapshot/Plumber/Modules/ChatOptions.lua:205: attempt to index local 'API' (a nil value)
stack traceback:
	(string):1: in main chunk
Lua error: Lua Error: @/home/osso/.worktrees/wow-ui-sim-p510-page/data/patch-api/evidence/5.1.0-session-2026-10-08/addon-snapshot/Plumber/Modules/ChatOptions.lua: Lua error: ...026-10-08/addon-snapshot/Plumber/Modules/ChatOptions.lua:205: attempt to index local 'API' (a nil value)
stack traceback:
	(string):1: in main chunk
[Interface/AddOns/Blizzard_ScriptErrors/Blizzard_ScriptErrors.lua]:59: in function 'GetErrorData'
[Interface/AddOns/Blizzard_ScriptErrors/Blizzard_ScriptErrors.lua]:72: in function <[Interface/AddOns/Blizzard_ScriptErrors/Blizzard_ScriptErrors.lua]:71>

Lua error: IO error reading /home/osso/.worktrees/wow-ui-sim-p510-page/data/patch-api/evidence/5.1.0-session-2026-10-08/addon-snapshot/Plumber/Modules/StaticPopup_QuestItemDestroyAlert.lua: No such file or directory (os error 2)
stack traceback:
	(string):1: in main chunk
Lua error: Lua Error: IO error reading /home/osso/.worktrees/wow-ui-sim-p510-page/data/patch-api/evidence/5.1.0-session-2026-10-08/addon-snapshot/Plumber/Modules/StaticPopup_QuestItemDestroyAlert.lua: No such file or directory (os error 2)
stack traceback:
	(string):1: in main chunk
[Interface/AddOns/Blizzard_ScriptErrors/Blizzard_ScriptErrors.lua]:59: in function 'GetErrorData'
[Interface/AddOns/Blizzard_ScriptErrors/Blizzard_ScriptErrors.lua]:72: in function <[Interface/AddOns/Blizzard_ScriptErrors/Blizzard_ScriptErrors.lua]:71>

Lua error: @/home/osso/.worktrees/wow-ui-sim-p510-page/data/patch-api/evidence/5.1.0-session-2026-10-08/addon-snapshot/Plumber/Modules/ProfessionsBook.lua: Lua error: ...10-08/addon-snapshot/Plumber/Modules/ProfessionsBook.lua:7: attempt to index field 'GameTooltipManager' (a nil value)
stack traceback:
	(string):1: in main chunk
Lua error: Lua Error: @/home/osso/.worktrees/wow-ui-sim-p510-page/data/patch-api/evidence/5.1.0-session-2026-10-08/addon-snapshot/Plumber/Modules/ProfessionsBook.lua: Lua error: ...10-08/addon-snapshot/Plumber/Modules/ProfessionsBook.lua:7: attempt to index field 'GameTooltipManager' (a nil value)
stack traceback:
	(string):1: in main chunk
[Interface/AddOns/Blizzard_ScriptErrors/Blizzard_ScriptErrors.lua]:59: in function 'GetErrorData'
[Interface/AddOns/Blizzard_ScriptErrors/Blizzard_ScriptErrors.lua]:72: in function <[Interface/AddOns/Blizzard_ScriptErrors/Blizzard_ScriptErrors.lua]:71>

Lua error: @/home/osso/.worktrees/wow-ui-sim-p510-page/data/patch-api/evidence/5.1.0-session-2026-10-08/addon-snapshot/Plumber/Modules/HolidayDungeon.lua: Lua error: ...-10-08/addon-snapshot/Plumber/Modules/HolidayDungeon.lua:90: attempt to index field 'L' (a nil value)
stack traceback:
	(string):1: in main chunk
Lua error: Lua Error: @/home/osso/.worktrees/wow-ui-sim-p510-page/data/patch-api/evidence/5.1.0-session-2026-10-08/addon-snapshot/Plumber/Modules/HolidayDungeon.lua: Lua error: ...-10-08/addon-snapshot/Plumber/Modules/HolidayDungeon.lua:90: attempt to index field 'L' (a nil value)
stack traceback:
	(string):1: in main chunk
[Interface/AddOns/Blizzard_ScriptErrors/Blizzard_ScriptErrors.lua]:59: in function 'GetErrorData'
[Interface/AddOns/Blizzard_ScriptErrors/Blizzard_ScriptErrors.lua]:72: in function <[Interface/AddOns/Blizzard_ScriptErrors/Blizzard_ScriptErrors.lua]:71>

Lua error: @/home/osso/.worktrees/wow-ui-sim-p510-page/data/patch-api/evidence/5.1.0-session-2026-10-08/addon-snapshot/Plumber/Modules/SourceAchievementLink.lua: Lua error: ...addon-snapshot/Plumber/Modules/SourceAchievementLink.lua:6: attempt to index local 'API' (a nil value)
stack traceback:
	(string):1: in main chunk
Lua error: Lua Error: @/home/osso/.worktrees/wow-ui-sim-p510-page/data/patch-api/evidence/5.1.0-session-2026-10-08/addon-snapshot/Plumber/Modules/SourceAchievementLink.lua: Lua error: ...addon-snapshot/Plumber/Modules/SourceAchievementLink.lua:6: attempt to index local 'API' (a nil value)
stack traceback:
	(string):1: in main chunk
[Interface/AddOns/Blizzard_ScriptErrors/Blizzard_ScriptErrors.lua]:59: in function 'GetErrorData'
[Interface/AddOns/Blizzard_ScriptErrors/Blizzard_ScriptErrors.lua]:72: in function <[Interface/AddOns/Blizzard_ScriptErrors/Blizzard_ScriptErrors.lua]:71>

Lua error: @/home/osso/.worktrees/wow-ui-sim-p510-page/data/patch-api/evidence/5.1.0-session-2026-10-08/addon-snapshot/Plumber/Modules/OutfitSelect.lua: Lua error: ...26-10-08/addon-snapshot/Plumber/Modules/OutfitSelect.lua:4: attempt to index field 'CooldownUtil' (a nil value)
stack traceback:
	(string):1: in main chunk
Lua error: Lua Error: @/home/osso/.worktrees/wow-ui-sim-p510-page/data/patch-api/evidence/5.1.0-session-2026-10-08/addon-snapshot/Plumber/Modules/OutfitSelect.lua: Lua error: ...26-10-08/addon-snapshot/Plumber/Modules/OutfitSelect.lua:4: attempt to index field 'CooldownUtil' (a nil value)
stack traceback:
	(string):1: in main chunk
[Interface/AddOns/Blizzard_ScriptErrors/Blizzard_ScriptErrors.lua]:59: in function 'GetErrorData'
[Interface/AddOns/Blizzard_ScriptErrors/Blizzard_ScriptErrors.lua]:72: in function <[Interface/AddOns/Blizzard_ScriptErrors/Blizzard_ScriptErrors.lua]:71>

Lua error: @/home/osso/.worktrees/wow-ui-sim-p510-page/data/patch-api/evidence/5.1.0-session-2026-10-08/addon-snapshot/Plumber/Modules/CatalystUI.lua: Lua error: ...2026-10-08/addon-snapshot/Plumber/Modules/CatalystUI.lua:178: attempt to index field 'L' (a nil value)
stack traceback:
	(string):1: in main chunk
Lua error: Lua Error: @/home/osso/.worktrees/wow-ui-sim-p510-page/data/patch-api/evidence/5.1.0-session-2026-10-08/addon-snapshot/Plumber/Modules/CatalystUI.lua: Lua error: ...2026-10-08/addon-snapshot/Plumber/Modules/CatalystUI.lua:178: attempt to index field 'L' (a nil value)
stack traceback:
	(string):1: in main chunk
[Interface/AddOns/Blizzard_ScriptErrors/Blizzard_ScriptErrors.lua]:59: in function 'GetErrorData'
[Interface/AddOns/Blizzard_ScriptErrors/Blizzard_ScriptErrors.lua]:72: in function <[Interface/AddOns/Blizzard_ScriptErrors/Blizzard_ScriptErrors.lua]:71>

Lua error: @/home/osso/.worktrees/wow-ui-sim-p510-page/data/patch-api/evidence/5.1.0-session-2026-10-08/addon-snapshot/Plumber/Modules/HuntTable.lua: Lua error: ...-2026-10-08/addon-snapshot/Plumber/Modules/HuntTable.lua:3: attempt to index field 'API' (a nil value)
stack traceback:
	(string):1: in main chunk
Lua error: Lua Error: @/home/osso/.worktrees/wow-ui-sim-p510-page/data/patch-api/evidence/5.1.0-session-2026-10-08/addon-snapshot/Plumber/Modules/HuntTable.lua: Lua error: ...-2026-10-08/addon-snapshot/Plumber/Modules/HuntTable.lua:3: attempt to index field 'API' (a nil value)
stack traceback:
	(string):1: in main chunk
[Interface/AddOns/Blizzard_ScriptErrors/Blizzard_ScriptErrors.lua]:59: in function 'GetErrorData'
[Interface/AddOns/Blizzard_ScriptErrors/Blizzard_ScriptErrors.lua]:72: in function <[Interface/AddOns/Blizzard_ScriptErrors/Blizzard_ScriptErrors.lua]:71>

Lua error: @/home/osso/.worktrees/wow-ui-sim-p510-page/data/patch-api/evidence/5.1.0-session-2026-10-08/addon-snapshot/Plumber/Modules/TransmogRestorePending.lua: Lua error: ...ddon-snapshot/Plumber/Modules/TransmogRestorePending.lua:840: attempt to index local 'L' (a nil value)
stack traceback:
	(string):1: in main chunk
Lua error: Lua Error: @/home/osso/.worktrees/wow-ui-sim-p510-page/data/patch-api/evidence/5.1.0-session-2026-10-08/addon-snapshot/Plumber/Modules/TransmogRestorePending.lua: Lua error: ...ddon-snapshot/Plumber/Modules/TransmogRestorePending.lua:840: attempt to index local 'L' (a nil value)
stack traceback:
	(string):1: in main chunk
[Interface/AddOns/Blizzard_ScriptErrors/Blizzard_ScriptErrors.lua]:59: in function 'GetErrorData'
[Interface/AddOns/Blizzard_ScriptErrors/Blizzard_ScriptErrors.lua]:72: in function <[Interface/AddOns/Blizzard_ScriptErrors/Blizzard_ScriptErrors.lua]:71>

Lua error: @/home/osso/.worktrees/wow-ui-sim-p510-page/data/patch-api/evidence/5.1.0-session-2026-10-08/addon-snapshot/SavedInstances/Init.lua: Lua error: ...ession-2026-10-08/addon-snapshot/SavedInstances/Init.lua:2: Cannot find a library instance of "AceAddon-3.0".
stack traceback:
	(string):1: in main chunk
Lua error: Lua Error: @/home/osso/.worktrees/wow-ui-sim-p510-page/data/patch-api/evidence/5.1.0-session-2026-10-08/addon-snapshot/SavedInstances/Init.lua: Lua error: ...ession-2026-10-08/addon-snapshot/SavedInstances/Init.lua:2: Cannot find a library instance of "AceAddon-3.0".
stack traceback:
	(string):1: in main chunk
[Interface/AddOns/Blizzard_ScriptErrors/Blizzard_ScriptErrors.lua]:59: in function 'GetErrorData'
[Interface/AddOns/Blizzard_ScriptErrors/Blizzard_ScriptErrors.lua]:72: in function <[Interface/AddOns/Blizzard_ScriptErrors/Blizzard_ScriptErrors.lua]:71>

Lua error: @/home/osso/.worktrees/wow-ui-sim-p510-page/data/patch-api/evidence/5.1.0-session-2026-10-08/addon-snapshot/SavedInstances/Locales/Locale.lua: Lua error: bad argument #1 to 'setmetatable' (table expected)
stack traceback:
	(string):1: in main chunk
Lua error: Lua Error: @/home/osso/.worktrees/wow-ui-sim-p510-page/data/patch-api/evidence/5.1.0-session-2026-10-08/addon-snapshot/SavedInstances/Locales/Locale.lua: Lua error: bad argument #1 to 'setmetatable' (table expected)
stack traceback:
	(string):1: in main chunk
[Interface/AddOns/Blizzard_ScriptErrors/Blizzard_ScriptErrors.lua]:59: in function 'GetErrorData'
[Interface/AddOns/Blizzard_ScriptErrors/Blizzard_ScriptErrors.lua]:72: in function <[Interface/AddOns/Blizzard_ScriptErrors/Blizzard_ScriptErrors.lua]:71>

Lua error: @/home/osso/.worktrees/wow-ui-sim-p510-page/data/patch-api/evidence/5.1.0-session-2026-10-08/addon-snapshot/SavedInstances/Core/Tooltip.lua: Lua error: ...026-10-08/addon-snapshot/SavedInstances/Core/Tooltip.lua:2: attempt to index local 'SI' (a nil value)
stack traceback:
	(string):1: in main chunk
Lua error: Lua Error: @/home/osso/.worktrees/wow-ui-sim-p510-page/data/patch-api/evidence/5.1.0-session-2026-10-08/addon-snapshot/SavedInstances/Core/Tooltip.lua: Lua error: ...026-10-08/addon-snapshot/SavedInstances/Core/Tooltip.lua:2: attempt to index local 'SI' (a nil value)
stack traceback:
	(string):1: in main chunk
[Interface/AddOns/Blizzard_ScriptErrors/Blizzard_ScriptErrors.lua]:59: in function 'GetErrorData'
[Interface/AddOns/Blizzard_ScriptErrors/Blizzard_ScriptErrors.lua]:72: in function <[Interface/AddOns/Blizzard_ScriptErrors/Blizzard_ScriptErrors.lua]:71>

Lua error: @/home/osso/.worktrees/wow-ui-sim-p510-page/data/patch-api/evidence/5.1.0-session-2026-10-08/addon-snapshot/SavedInstances/Core/Debug.lua: Lua error: ...-2026-10-08/addon-snapshot/SavedInstances/Core/Debug.lua:18: attempt to index local 'SI' (a nil value)
stack traceback:
	(string):1: in main chunk
Lua error: Lua Error: @/home/osso/.worktrees/wow-ui-sim-p510-page/data/patch-api/evidence/5.1.0-session-2026-10-08/addon-snapshot/SavedInstances/Core/Debug.lua: Lua error: ...-2026-10-08/addon-snapshot/SavedInstances/Core/Debug.lua:18: attempt to index local 'SI' (a nil value)
stack traceback:
	(string):1: in main chunk
[Interface/AddOns/Blizzard_ScriptErrors/Blizzard_ScriptErrors.lua]:59: in function 'GetErrorData'
[Interface/AddOns/Blizzard_ScriptErrors/Blizzard_ScriptErrors.lua]:72: in function <[Interface/AddOns/Blizzard_ScriptErrors/Blizzard_ScriptErrors.lua]:71>

Lua error: @/home/osso/.worktrees/wow-ui-sim-p510-page/data/patch-api/evidence/5.1.0-session-2026-10-08/addon-snapshot/SavedInstances/Modules/BonusRoll.lua: Lua error: ...0-08/addon-snapshot/SavedInstances/Modules/BonusRoll.lua:2: attempt to index local 'SI' (a nil value)
stack traceback:
	(string):1: in main chunk
Lua error: Lua Error: @/home/osso/.worktrees/wow-ui-sim-p510-page/data/patch-api/evidence/5.1.0-session-2026-10-08/addon-snapshot/SavedInstances/Modules/BonusRoll.lua: Lua error: ...0-08/addon-snapshot/SavedInstances/Modules/BonusRoll.lua:2: attempt to index local 'SI' (a nil value)
stack traceback:
	(string):1: in main chunk
[Interface/AddOns/Blizzard_ScriptErrors/Blizzard_ScriptErrors.lua]:59: in function 'GetErrorData'
[Interface/AddOns/Blizzard_ScriptErrors/Blizzard_ScriptErrors.lua]:72: in function <[Interface/AddOns/Blizzard_ScriptErrors/Blizzard_ScriptErrors.lua]:71>

Lua error: @/home/osso/.worktrees/wow-ui-sim-p510-page/data/patch-api/evidence/5.1.0-session-2026-10-08/addon-snapshot/SavedInstances/Modules/Calling.lua: Lua error: ...-10-08/addon-snapshot/SavedInstances/Modules/Calling.lua:2: attempt to index local 'SI' (a nil value)
stack traceback:
	(string):1: in main chunk
Lua error: Lua Error: @/home/osso/.worktrees/wow-ui-sim-p510-page/data/patch-api/evidence/5.1.0-session-2026-10-08/addon-snapshot/SavedInstances/Modules/Calling.lua: Lua error: ...-10-08/addon-snapshot/SavedInstances/Modules/Calling.lua:2: attempt to index local 'SI' (a nil value)
stack traceback:
	(string):1: in main chunk
[Interface/AddOns/Blizzard_ScriptErrors/Blizzard_ScriptErrors.lua]:59: in function 'GetErrorData'
[Interface/AddOns/Blizzard_ScriptErrors/Blizzard_ScriptErrors.lua]:72: in function <[Interface/AddOns/Blizzard_ScriptErrors/Blizzard_ScriptErrors.lua]:71>

Lua error: @/home/osso/.worktrees/wow-ui-sim-p510-page/data/patch-api/evidence/5.1.0-session-2026-10-08/addon-snapshot/SavedInstances/Modules/Emissary.lua: Lua error: ...10-08/addon-snapshot/SavedInstances/Modules/Emissary.lua:2: attempt to index local 'SI' (a nil value)
stack traceback:
	(string):1: in main chunk
Lua error: Lua Error: @/home/osso/.worktrees/wow-ui-sim-p510-page/data/patch-api/evidence/5.1.0-session-2026-10-08/addon-snapshot/SavedInstances/Modules/Emissary.lua: Lua error: ...10-08/addon-snapshot/SavedInstances/Modules/Emissary.lua:2: attempt to index local 'SI' (a nil value)
stack traceback:
	(string):1: in main chunk
[Interface/AddOns/Blizzard_ScriptErrors/Blizzard_ScriptErrors.lua]:59: in function 'GetErrorData'
[Interface/AddOns/Blizzard_ScriptErrors/Blizzard_ScriptErrors.lua]:72: in function <[Interface/AddOns/Blizzard_ScriptErrors/Blizzard_ScriptErrors.lua]:71>

Lua error: @/home/osso/.worktrees/wow-ui-sim-p510-page/data/patch-api/evidence/5.1.0-session-2026-10-08/addon-snapshot/SavedInstances/Modules/MythicPlus.lua: Lua error: ...-08/addon-snapshot/SavedInstances/Modules/MythicPlus.lua:2: attempt to index local 'SI' (a nil value)
stack traceback:
	(string):1: in main chunk
Lua error: Lua Error: @/home/osso/.worktrees/wow-ui-sim-p510-page/data/patch-api/evidence/5.1.0-session-2026-10-08/addon-snapshot/SavedInstances/Modules/MythicPlus.lua: Lua error: ...-08/addon-snapshot/SavedInstances/Modules/MythicPlus.lua:2: attempt to index local 'SI' (a nil value)
stack traceback:
	(string):1: in main chunk
[Interface/AddOns/Blizzard_ScriptErrors/Blizzard_ScriptErrors.lua]:59: in function 'GetErrorData'
[Interface/AddOns/Blizzard_ScriptErrors/Blizzard_ScriptErrors.lua]:72: in function <[Interface/AddOns/Blizzard_ScriptErrors/Blizzard_ScriptErrors.lua]:71>

Lua error: @/home/osso/.worktrees/wow-ui-sim-p510-page/data/patch-api/evidence/5.1.0-session-2026-10-08/addon-snapshot/SavedInstances/Modules/Paragon.lua: Lua error: ...-10-08/addon-snapshot/SavedInstances/Modules/Paragon.lua:2: attempt to index local 'SI' (a nil value)
stack traceback:
	(string):1: in main chunk
Lua error: Lua Error: @/home/osso/.worktrees/wow-ui-sim-p510-page/data/patch-api/evidence/5.1.0-session-2026-10-08/addon-snapshot/SavedInstances/Modules/Paragon.lua: Lua error: ...-10-08/addon-snapshot/SavedInstances/Modules/Paragon.lua:2: attempt to index local 'SI' (a nil value)
stack traceback:
	(string):1: in main chunk
[Interface/AddOns/Blizzard_ScriptErrors/Blizzard_ScriptErrors.lua]:59: in function 'GetErrorData'
[Interface/AddOns/Blizzard_ScriptErrors/Blizzard_ScriptErrors.lua]:72: in function <[Interface/AddOns/Blizzard_ScriptErrors/Blizzard_ScriptErrors.lua]:71>

Lua error: @/home/osso/.worktrees/wow-ui-sim-p510-page/data/patch-api/evidence/5.1.0-session-2026-10-08/addon-snapshot/SavedInstances/Modules/Progress.lua: Lua error: ...10-08/addon-snapshot/SavedInstances/Modules/Progress.lua:2: attempt to index local 'SI' (a nil value)
stack traceback:
	(string):1: in main chunk
Lua error: Lua Error: @/home/osso/.worktrees/wow-ui-sim-p510-page/data/patch-api/evidence/5.1.0-session-2026-10-08/addon-snapshot/SavedInstances/Modules/Progress.lua: Lua error: ...10-08/addon-snapshot/SavedInstances/Modules/Progress.lua:2: attempt to index local 'SI' (a nil value)
stack traceback:
	(string):1: in main chunk
[Interface/AddOns/Blizzard_ScriptErrors/Blizzard_ScriptErrors.lua]:59: in function 'GetErrorData'
[Interface/AddOns/Blizzard_ScriptErrors/Blizzard_ScriptErrors.lua]:72: in function <[Interface/AddOns/Blizzard_ScriptErrors/Blizzard_ScriptErrors.lua]:71>

Lua error: @/home/osso/.worktrees/wow-ui-sim-p510-page/data/patch-api/evidence/5.1.0-session-2026-10-08/addon-snapshot/SavedInstances/Modules/TradeSkill.lua: Lua error: ...-08/addon-snapshot/SavedInstances/Modules/TradeSkill.lua:2: attempt to index local 'SI' (a nil value)
stack traceback:
	(string):1: in main chunk
Lua error: Lua Error: @/home/osso/.worktrees/wow-ui-sim-p510-page/data/patch-api/evidence/5.1.0-session-2026-10-08/addon-snapshot/SavedInstances/Modules/TradeSkill.lua: Lua error: ...-08/addon-snapshot/SavedInstances/Modules/TradeSkill.lua:2: attempt to index local 'SI' (a nil value)
stack traceback:
	(string):1: in main chunk
[Interface/AddOns/Blizzard_ScriptErrors/Blizzard_ScriptErrors.lua]:59: in function 'GetErrorData'
[Interface/AddOns/Blizzard_ScriptErrors/Blizzard_ScriptErrors.lua]:72: in function <[Interface/AddOns/Blizzard_ScriptErrors/Blizzard_ScriptErrors.lua]:71>

Lua error: @/home/osso/.worktrees/wow-ui-sim-p510-page/data/patch-api/evidence/5.1.0-session-2026-10-08/addon-snapshot/SavedInstances/Modules/WorldBoss.lua: Lua error: ...0-08/addon-snapshot/SavedInstances/Modules/WorldBoss.lua:2: attempt to index local 'SI' (a nil value)
stack traceback:
	(string):1: in main chunk
Lua error: Lua Error: @/home/osso/.worktrees/wow-ui-sim-p510-page/data/patch-api/evidence/5.1.0-session-2026-10-08/addon-snapshot/SavedInstances/Modules/WorldBoss.lua: Lua error: ...0-08/addon-snapshot/SavedInstances/Modules/WorldBoss.lua:2: attempt to index local 'SI' (a nil value)
stack traceback:
	(string):1: in main chunk
[Interface/AddOns/Blizzard_ScriptErrors/Blizzard_ScriptErrors.lua]:59: in function 'GetErrorData'
[Interface/AddOns/Blizzard_ScriptErrors/Blizzard_ScriptErrors.lua]:72: in function <[Interface/AddOns/Blizzard_ScriptErrors/Blizzard_ScriptErrors.lua]:71>

Lua error: IO error reading /home/osso/.worktrees/wow-ui-sim-p510-page/data/patch-api/evidence/5.1.0-session-2026-10-08/addon-snapshot/Simulationcraft/libs/AceDB-3.0/AceDB-3.0.lua: No such file or directory (os error 2)
stack traceback:
	(string):1: in main chunk
Lua error: Lua Error: IO error reading /home/osso/.worktrees/wow-ui-sim-p510-page/data/patch-api/evidence/5.1.0-session-2026-10-08/addon-snapshot/Simulationcraft/libs/AceDB-3.0/AceDB-3.0.lua: No such file or directory (os error 2)
stack traceback:
	(string):1: in main chunk
[Interface/AddOns/Blizzard_ScriptErrors/Blizzard_ScriptErrors.lua]:59: in function 'GetErrorData'
[Interface/AddOns/Blizzard_ScriptErrors/Blizzard_ScriptErrors.lua]:72: in function <[Interface/AddOns/Blizzard_ScriptErrors/Blizzard_ScriptErrors.lua]:71>

Lua error: IO error reading /home/osso/.worktrees/wow-ui-sim-p510-page/data/patch-api/evidence/5.1.0-session-2026-10-08/addon-snapshot/Simulationcraft/libs/LibDBIcon-1.0/LibDBIcon-1.0.lua: No such file or directory (os error 2)
stack traceback:
	(string):1: in main chunk
Lua error: Lua Error: IO error reading /home/osso/.worktrees/wow-ui-sim-p510-page/data/patch-api/evidence/5.1.0-session-2026-10-08/addon-snapshot/Simulationcraft/libs/LibDBIcon-1.0/LibDBIcon-1.0.lua: No such file or directory (os error 2)
stack traceback:
	(string):1: in main chunk
[Interface/AddOns/Blizzard_ScriptErrors/Blizzard_ScriptErrors.lua]:59: in function 'GetErrorData'
[Interface/AddOns/Blizzard_ScriptErrors/Blizzard_ScriptErrors.lua]:72: in function <[Interface/AddOns/Blizzard_ScriptErrors/Blizzard_ScriptErrors.lua]:71>

Lua error: @/home/osso/.worktrees/wow-ui-sim-p510-page/data/patch-api/evidence/5.1.0-session-2026-10-08/addon-snapshot/Simulationcraft/core.lua: Lua error: ...ssion-2026-10-08/addon-snapshot/Simulationcraft/core.lua:6: Cannot find a library instance of "AceAddon-3.0".
stack traceback:
	(string):1: in main chunk
Lua error: Lua Error: @/home/osso/.worktrees/wow-ui-sim-p510-page/data/patch-api/evidence/5.1.0-session-2026-10-08/addon-snapshot/Simulationcraft/core.lua: Lua error: ...ssion-2026-10-08/addon-snapshot/Simulationcraft/core.lua:6: Cannot find a library instance of "AceAddon-3.0".
stack traceback:
	(string):1: in main chunk
[Interface/AddOns/Blizzard_ScriptErrors/Blizzard_ScriptErrors.lua]:59: in function 'GetErrorData'
[Interface/AddOns/Blizzard_ScriptErrors/Blizzard_ScriptErrors.lua]:72: in function <[Interface/AddOns/Blizzard_ScriptErrors/Blizzard_ScriptErrors.lua]:71>

Lua error: IO error reading /home/osso/.worktrees/wow-ui-sim-p510-page/data/patch-api/evidence/5.1.0-session-2026-10-08/addon-snapshot/Syndicator/Libs/LibBattlePetTooltipLine/LibBattlePetTooltipLine.lua: No such file or directory (os error 2)
stack traceback:
	(string):1: in main chunk
Lua error: Lua Error: IO error reading /home/osso/.worktrees/wow-ui-sim-p510-page/data/patch-api/evidence/5.1.0-session-2026-10-08/addon-snapshot/Syndicator/Libs/LibBattlePetTooltipLine/LibBattlePetTooltipLine.lua: No such file or directory (os error 2)
stack traceback:
	(string):1: in main chunk
[Interface/AddOns/Blizzard_ScriptErrors/Blizzard_ScriptErrors.lua]:59: in function 'GetErrorData'
[Interface/AddOns/Blizzard_ScriptErrors/Blizzard_ScriptErrors.lua]:72: in function <[Interface/AddOns/Blizzard_ScriptErrors/Blizzard_ScriptErrors.lua]:71>

Lua error: @/home/osso/.worktrees/wow-ui-sim-p510-page/data/patch-api/evidence/5.1.0-session-2026-10-08/addon-snapshot/Syndicator/Core/Utilities.lua: Lua error: ...-2026-10-08/addon-snapshot/Syndicator/Core/Utilities.lua:66: attempt to index field 'Constants' (a nil value)
stack traceback:
	(string):1: in main chunk
Lua error: Lua Error: @/home/osso/.worktrees/wow-ui-sim-p510-page/data/patch-api/evidence/5.1.0-session-2026-10-08/addon-snapshot/Syndicator/Core/Utilities.lua: Lua error: ...-2026-10-08/addon-snapshot/Syndicator/Core/Utilities.lua:66: attempt to index field 'Constants' (a nil value)
stack traceback:
	(string):1: in main chunk
[Interface/AddOns/Blizzard_ScriptErrors/Blizzard_ScriptErrors.lua]:59: in function 'GetErrorData'
[Interface/AddOns/Blizzard_ScriptErrors/Blizzard_ScriptErrors.lua]:72: in function <[Interface/AddOns/Blizzard_ScriptErrors/Blizzard_ScriptErrors.lua]:71>

Lua error: @/home/osso/.worktrees/wow-ui-sim-p510-page/data/patch-api/evidence/5.1.0-session-2026-10-08/addon-snapshot/Syndicator/Core/Initialize.lua: Lua error: ...2026-10-08/addon-snapshot/Syndicator/Core/Initialize.lua:6: attempt to index field 'Constants' (a nil value)
stack traceback:
	(string):1: in main chunk
Lua error: Lua Error: @/home/osso/.worktrees/wow-ui-sim-p510-page/data/patch-api/evidence/5.1.0-session-2026-10-08/addon-snapshot/Syndicator/Core/Initialize.lua: Lua error: ...2026-10-08/addon-snapshot/Syndicator/Core/Initialize.lua:6: attempt to index field 'Constants' (a nil value)
stack traceback:
	(string):1: in main chunk
[Interface/AddOns/Blizzard_ScriptErrors/Blizzard_ScriptErrors.lua]:59: in function 'GetErrorData'
[Interface/AddOns/Blizzard_ScriptErrors/Blizzard_ScriptErrors.lua]:72: in function <[Interface/AddOns/Blizzard_ScriptErrors/Blizzard_ScriptErrors.lua]:71>

Lua error: @/home/osso/.worktrees/wow-ui-sim-p510-page/data/patch-api/evidence/5.1.0-session-2026-10-08/addon-snapshot/Syndicator/Tracking/BagCache.lua: Lua error: ...26-10-08/addon-snapshot/Syndicator/Tracking/BagCache.lua:10: attempt to index local '(for state)' (a nil value)
stack traceback:
	(string):1: in main chunk
Lua error: Lua Error: @/home/osso/.worktrees/wow-ui-sim-p510-page/data/patch-api/evidence/5.1.0-session-2026-10-08/addon-snapshot/Syndicator/Tracking/BagCache.lua: Lua error: ...26-10-08/addon-snapshot/Syndicator/Tracking/BagCache.lua:10: attempt to index local '(for state)' (a nil value)
stack traceback:
	(string):1: in main chunk
[Interface/AddOns/Blizzard_ScriptErrors/Blizzard_ScriptErrors.lua]:59: in function 'GetErrorData'
[Interface/AddOns/Blizzard_ScriptErrors/Blizzard_ScriptErrors.lua]:72: in function <[Interface/AddOns/Blizzard_ScriptErrors/Blizzard_ScriptErrors.lua]:71>

Lua error: @/home/osso/.worktrees/wow-ui-sim-p510-page/data/patch-api/evidence/5.1.0-session-2026-10-08/addon-snapshot/Syndicator/Tracking/Tooltips.lua: Lua error: ...26-10-08/addon-snapshot/Syndicator/Tracking/Tooltips.lua:6: Cannot find a library instance of "LibBattlePetTooltipLine-1-0".
stack traceback:
	(string):1: in main chunk
Lua error: Lua Error: @/home/osso/.worktrees/wow-ui-sim-p510-page/data/patch-api/evidence/5.1.0-session-2026-10-08/addon-snapshot/Syndicator/Tracking/Tooltips.lua: Lua error: ...26-10-08/addon-snapshot/Syndicator/Tracking/Tooltips.lua:6: Cannot find a library instance of "LibBattlePetTooltipLine-1-0".
stack traceback:
	(string):1: in main chunk
[Interface/AddOns/Blizzard_ScriptErrors/Blizzard_ScriptErrors.lua]:59: in function 'GetErrorData'
[Interface/AddOns/Blizzard_ScriptErrors/Blizzard_ScriptErrors.lua]:72: in function <[Interface/AddOns/Blizzard_ScriptErrors/Blizzard_ScriptErrors.lua]:71>

Lua error: @/home/osso/.worktrees/wow-ui-sim-p510-page/data/patch-api/evidence/5.1.0-session-2026-10-08/addon-snapshot/Syndicator/Search/CheckItem.lua: Lua error: ...026-10-08/addon-snapshot/Syndicator/Search/CheckItem.lua:25: attempt to index field 'Constants' (a nil value)
stack traceback:
	(string):1: in main chunk
Lua error: Lua Error: @/home/osso/.worktrees/wow-ui-sim-p510-page/data/patch-api/evidence/5.1.0-session-2026-10-08/addon-snapshot/Syndicator/Search/CheckItem.lua: Lua error: ...026-10-08/addon-snapshot/Syndicator/Search/CheckItem.lua:25: attempt to index field 'Constants' (a nil value)
stack traceback:
	(string):1: in main chunk
[Interface/AddOns/Blizzard_ScriptErrors/Blizzard_ScriptErrors.lua]:59: in function 'GetErrorData'
[Interface/AddOns/Blizzard_ScriptErrors/Blizzard_ScriptErrors.lua]:72: in function <[Interface/AddOns/Blizzard_ScriptErrors/Blizzard_ScriptErrors.lua]:71>

Lua error: @/home/osso/.worktrees/wow-ui-sim-p510-page/data/patch-api/evidence/5.1.0-session-2026-10-08/addon-snapshot/Syndicator/Search/UI/Builder.lua: Lua error: ...26-10-08/addon-snapshot/Syndicator/Search/UI/Builder.lua:283: attempt to index field 'Locales' (a nil value)
stack traceback:
	(string):1: in main chunk
Lua error: Lua Error: @/home/osso/.worktrees/wow-ui-sim-p510-page/data/patch-api/evidence/5.1.0-session-2026-10-08/addon-snapshot/Syndicator/Search/UI/Builder.lua: Lua error: ...26-10-08/addon-snapshot/Syndicator/Search/UI/Builder.lua:283: attempt to index field 'Locales' (a nil value)
stack traceback:
	(string):1: in main chunk
[Interface/AddOns/Blizzard_ScriptErrors/Blizzard_ScriptErrors.lua]:59: in function 'GetErrorData'
[Interface/AddOns/Blizzard_ScriptErrors/Blizzard_ScriptErrors.lua]:72: in function <[Interface/AddOns/Blizzard_ScriptErrors/Blizzard_ScriptErrors.lua]:71>

Lua error: @/home/osso/.worktrees/wow-ui-sim-p510-page/data/patch-api/evidence/5.1.0-session-2026-10-08/addon-snapshot/Syndicator/Search/Utilities.lua: Lua error: ...026-10-08/addon-snapshot/Syndicator/Search/Utilities.lua:47: attempt to index field 'Constants' (a nil value)
stack traceback:
	(string):1: in main chunk
Lua error: Lua Error: @/home/osso/.worktrees/wow-ui-sim-p510-page/data/patch-api/evidence/5.1.0-session-2026-10-08/addon-snapshot/Syndicator/Search/Utilities.lua: Lua error: ...026-10-08/addon-snapshot/Syndicator/Search/Utilities.lua:47: attempt to index field 'Constants' (a nil value)
stack traceback:
	(string):1: in main chunk
[Interface/AddOns/Blizzard_ScriptErrors/Blizzard_ScriptErrors.lua]:59: in function 'GetErrorData'
[Interface/AddOns/Blizzard_ScriptErrors/Blizzard_ScriptErrors.lua]:72: in function <[Interface/AddOns/Blizzard_ScriptErrors/Blizzard_ScriptErrors.lua]:71>

Lua error: @/home/osso/.worktrees/wow-ui-sim-p510-page/data/patch-api/evidence/5.1.0-session-2026-10-08/addon-snapshot/CraftSim/Init/GLibs.lua: Lua error: ...ession-2026-10-08/addon-snapshot/CraftSim/Init/GLibs.lua:6: Cannot find a library instance of "GGUI-2.1".
stack traceback:
	(string):1: in main chunk
Lua error: Lua Error: @/home/osso/.worktrees/wow-ui-sim-p510-page/data/patch-api/evidence/5.1.0-session-2026-10-08/addon-snapshot/CraftSim/Init/GLibs.lua: Lua error: ...ession-2026-10-08/addon-snapshot/CraftSim/Init/GLibs.lua:6: Cannot find a library instance of "GGUI-2.1".
stack traceback:
	(string):1: in main chunk
[Interface/AddOns/Blizzard_ScriptErrors/Blizzard_ScriptErrors.lua]:59: in function 'GetErrorData'
[Interface/AddOns/Blizzard_ScriptErrors/Blizzard_ScriptErrors.lua]:72: in function <[Interface/AddOns/Blizzard_ScriptErrors/Blizzard_ScriptErrors.lua]:71>

Lua error: @/home/osso/.worktrees/wow-ui-sim-p510-page/data/patch-api/evidence/5.1.0-session-2026-10-08/addon-snapshot/CraftSim/Locals/enUS.lua: Lua error: ...ssion-2026-10-08/addon-snapshot/CraftSim/Locals/enUS.lua:5: attempt to index local 'GUTIL' (a nil value)
stack traceback:
	(string):1: in main chunk
Lua error: Lua Error: @/home/osso/.worktrees/wow-ui-sim-p510-page/data/patch-api/evidence/5.1.0-session-2026-10-08/addon-snapshot/CraftSim/Locals/enUS.lua: Lua error: ...ssion-2026-10-08/addon-snapshot/CraftSim/Locals/enUS.lua:5: attempt to index local 'GUTIL' (a nil value)
stack traceback:
	(string):1: in main chunk
[Interface/AddOns/Blizzard_ScriptErrors/Blizzard_ScriptErrors.lua]:59: in function 'GetErrorData'
[Interface/AddOns/Blizzard_ScriptErrors/Blizzard_ScriptErrors.lua]:72: in function <[Interface/AddOns/Blizzard_ScriptErrors/Blizzard_ScriptErrors.lua]:71>

Lua error: @/home/osso/.worktrees/wow-ui-sim-p510-page/data/patch-api/evidence/5.1.0-session-2026-10-08/addon-snapshot/CraftSim/Locals/Localization.lua: Lua error: ...26-10-08/addon-snapshot/CraftSim/Locals/Localization.lua:24: attempt to index field 'LOCAL_EN' (a nil value)
stack traceback:
	(string):1: in main chunk
Lua error: Lua Error: @/home/osso/.worktrees/wow-ui-sim-p510-page/data/patch-api/evidence/5.1.0-session-2026-10-08/addon-snapshot/CraftSim/Locals/Localization.lua: Lua error: ...26-10-08/addon-snapshot/CraftSim/Locals/Localization.lua:24: attempt to index field 'LOCAL_EN' (a nil value)
stack traceback:
	(string):1: in main chunk
[Interface/AddOns/Blizzard_ScriptErrors/Blizzard_ScriptErrors.lua]:59: in function 'GetErrorData'
[Interface/AddOns/Blizzard_ScriptErrors/Blizzard_ScriptErrors.lua]:72: in function <[Interface/AddOns/Blizzard_ScriptErrors/Blizzard_ScriptErrors.lua]:71>

Lua error: @/home/osso/.worktrees/wow-ui-sim-p510-page/data/patch-api/evidence/5.1.0-session-2026-10-08/addon-snapshot/CraftSim/Debug/Debug.lua: Lua error: ...ssion-2026-10-08/addon-snapshot/CraftSim/Debug/Debug.lua:60: attempt to index upvalue 'LibLog' (a nil value)
stack traceback:
	(string):1: in main chunk
Lua error: Lua Error: @/home/osso/.worktrees/wow-ui-sim-p510-page/data/patch-api/evidence/5.1.0-session-2026-10-08/addon-snapshot/CraftSim/Debug/Debug.lua: Lua error: ...ssion-2026-10-08/addon-snapshot/CraftSim/Debug/Debug.lua:60: attempt to index upvalue 'LibLog' (a nil value)
stack traceback:
	(string):1: in main chunk
[Interface/AddOns/Blizzard_ScriptErrors/Blizzard_ScriptErrors.lua]:59: in function 'GetErrorData'
[Interface/AddOns/Blizzard_ScriptErrors/Blizzard_ScriptErrors.lua]:72: in function <[Interface/AddOns/Blizzard_ScriptErrors/Blizzard_ScriptErrors.lua]:71>

Lua error: @/home/osso/.worktrees/wow-ui-sim-p510-page/data/patch-api/evidence/5.1.0-session-2026-10-08/addon-snapshot/CraftSim/Util/Util.lua: Lua error: ...session-2026-10-08/addon-snapshot/CraftSim/Util/Util.lua:7: attempt to index local 'GUTIL' (a nil value)
stack traceback:
	(string):1: in main chunk
Lua error: Lua Error: @/home/osso/.worktrees/wow-ui-sim-p510-page/data/patch-api/evidence/5.1.0-session-2026-10-08/addon-snapshot/CraftSim/Util/Util.lua: Lua error: ...session-2026-10-08/addon-snapshot/CraftSim/Util/Util.lua:7: attempt to index local 'GUTIL' (a nil value)
stack traceback:
	(string):1: in main chunk
[Interface/AddOns/Blizzard_ScriptErrors/Blizzard_ScriptErrors.lua]:59: in function 'GetErrorData'
[Interface/AddOns/Blizzard_ScriptErrors/Blizzard_ScriptErrors.lua]:72: in function <[Interface/AddOns/Blizzard_ScriptErrors/Blizzard_ScriptErrors.lua]:71>

Lua error: @/home/osso/.worktrees/wow-ui-sim-p510-page/data/patch-api/evidence/5.1.0-session-2026-10-08/addon-snapshot/CraftSim/Util/RecipeAcquisition.lua: Lua error: ...10-08/addon-snapshot/CraftSim/Util/RecipeAcquisition.lua:10: attempt to index local 'GUTIL' (a nil value)
stack traceback:
	(string):1: in main chunk
Lua error: Lua Error: @/home/osso/.worktrees/wow-ui-sim-p510-page/data/patch-api/evidence/5.1.0-session-2026-10-08/addon-snapshot/CraftSim/Util/RecipeAcquisition.lua: Lua error: ...10-08/addon-snapshot/CraftSim/Util/RecipeAcquisition.lua:10: attempt to index local 'GUTIL' (a nil value)
stack traceback:
	(string):1: in main chunk
[Interface/AddOns/Blizzard_ScriptErrors/Blizzard_ScriptErrors.lua]:59: in function 'GetErrorData'
[Interface/AddOns/Blizzard_ScriptErrors/Blizzard_ScriptErrors.lua]:72: in function <[Interface/AddOns/Blizzard_ScriptErrors/Blizzard_ScriptErrors.lua]:71>

Lua error: @/home/osso/.worktrees/wow-ui-sim-p510-page/data/patch-api/evidence/5.1.0-session-2026-10-08/addon-snapshot/CraftSim/DB/DB.lua: Lua error: ...1.0-session-2026-10-08/addon-snapshot/CraftSim/DB/DB.lua:6: attempt to index local 'GUTIL' (a nil value)
stack traceback:
	(string):1: in main chunk
Lua error: Lua Error: @/home/osso/.worktrees/wow-ui-sim-p510-page/data/patch-api/evidence/5.1.0-session-2026-10-08/addon-snapshot/CraftSim/DB/DB.lua: Lua error: ...1.0-session-2026-10-08/addon-snapshot/CraftSim/DB/DB.lua:6: attempt to index local 'GUTIL' (a nil value)
stack traceback:
	(string):1: in main chunk
[Interface/AddOns/Blizzard_ScriptErrors/Blizzard_ScriptErrors.lua]:59: in function 'GetErrorData'
[Interface/AddOns/Blizzard_ScriptErrors/Blizzard_ScriptErrors.lua]:72: in function <[Interface/AddOns/Blizzard_ScriptErrors/Blizzard_ScriptErrors.lua]:71>

Lua error: @/home/osso/.worktrees/wow-ui-sim-p510-page/data/patch-api/evidence/5.1.0-session-2026-10-08/addon-snapshot/CraftSim/DB/patronMoxieValuesDB.lua: Lua error: ...10-08/addon-snapshot/CraftSim/DB/patronMoxieValuesDB.lua:9: attempt to index field 'DB' (a nil value)
stack traceback:
	(string):1: in main chunk
Lua error: Lua Error: @/home/osso/.worktrees/wow-ui-sim-p510-page/data/patch-api/evidence/5.1.0-session-2026-10-08/addon-snapshot/CraftSim/DB/patronMoxieValuesDB.lua: Lua error: ...10-08/addon-snapshot/CraftSim/DB/patronMoxieValuesDB.lua:9: attempt to index field 'DB' (a nil value)
stack traceback:
	(string):1: in main chunk
[Interface/AddOns/Blizzard_ScriptErrors/Blizzard_ScriptErrors.lua]:59: in function 'GetErrorData'
[Interface/AddOns/Blizzard_ScriptErrors/Blizzard_ScriptErrors.lua]:72: in function <[Interface/AddOns/Blizzard_ScriptErrors/Blizzard_ScriptErrors.lua]:71>

Lua error: @/home/osso/.worktrees/wow-ui-sim-p510-page/data/patch-api/evidence/5.1.0-session-2026-10-08/addon-snapshot/CraftSim/DB/ItemCountDB.lua: Lua error: ...ssion-2026-10-08/addon-snapshot/CraftSim/Debug/Debug.lua:60: attempt to index upvalue 'LibLog' (a nil value)
stack traceback:
	(string):1: in main chunk
Lua error: Lua Error: @/home/osso/.worktrees/wow-ui-sim-p510-page/data/patch-api/evidence/5.1.0-session-2026-10-08/addon-snapshot/CraftSim/DB/ItemCountDB.lua: Lua error: ...ssion-2026-10-08/addon-snapshot/CraftSim/Debug/Debug.lua:60: attempt to index upvalue 'LibLog' (a nil value)
stack traceback:
	(string):1: in main chunk
[Interface/AddOns/Blizzard_ScriptErrors/Blizzard_ScriptErrors.lua]:59: in function 'GetErrorData'
[Interface/AddOns/Blizzard_ScriptErrors/Blizzard_ScriptErrors.lua]:72: in function <[Interface/AddOns/Blizzard_ScriptErrors/Blizzard_ScriptErrors.lua]:71>

Lua error: @/home/osso/.worktrees/wow-ui-sim-p510-page/data/patch-api/evidence/5.1.0-session-2026-10-08/addon-snapshot/CraftSim/DB/craftQueueDB.lua: Lua error: ...n-2026-10-08/addon-snapshot/CraftSim/DB/craftQueueDB.lua:10: attempt to index field 'DB' (a nil value)
stack traceback:
	(string):1: in main chunk
Lua error: Lua Error: @/home/osso/.worktrees/wow-ui-sim-p510-page/data/patch-api/evidence/5.1.0-session-2026-10-08/addon-snapshot/CraftSim/DB/craftQueueDB.lua: Lua error: ...n-2026-10-08/addon-snapshot/CraftSim/DB/craftQueueDB.lua:10: attempt to index field 'DB' (a nil value)
stack traceback:
	(string):1: in main chunk
[Interface/AddOns/Blizzard_ScriptErrors/Blizzard_ScriptErrors.lua]:59: in function 'GetErrorData'
[Interface/AddOns/Blizzard_ScriptErrors/Blizzard_ScriptErrors.lua]:72: in function <[Interface/AddOns/Blizzard_ScriptErrors/Blizzard_ScriptErrors.lua]:71>

Lua error: @/home/osso/.worktrees/wow-ui-sim-p510-page/data/patch-api/evidence/5.1.0-session-2026-10-08/addon-snapshot/CraftSim/DB/multicraftPreloadDB.lua: Lua error: ...10-08/addon-snapshot/CraftSim/DB/multicraftPreloadDB.lua:10: attempt to index field 'DB' (a nil value)
stack traceback:
	(string):1: in main chunk
Lua error: Lua Error: @/home/osso/.worktrees/wow-ui-sim-p510-page/data/patch-api/evidence/5.1.0-session-2026-10-08/addon-snapshot/CraftSim/DB/multicraftPreloadDB.lua: Lua error: ...10-08/addon-snapshot/CraftSim/DB/multicraftPreloadDB.lua:10: attempt to index field 'DB' (a nil value)
stack traceback:
	(string):1: in main chunk
[Interface/AddOns/Blizzard_ScriptErrors/Blizzard_ScriptErrors.lua]:59: in function 'GetErrorData'
[Interface/AddOns/Blizzard_ScriptErrors/Blizzard_ScriptErrors.lua]:72: in function <[Interface/AddOns/Blizzard_ScriptErrors/Blizzard_ScriptErrors.lua]:71>

Lua error: @/home/osso/.worktrees/wow-ui-sim-p510-page/data/patch-api/evidence/5.1.0-session-2026-10-08/addon-snapshot/CraftSim/Util/Widgets/QualityMeter.lua: Lua error: ...08/addon-snapshot/CraftSim/Util/Widgets/QualityMeter.lua:8: attempt to index local 'GUTIL' (a nil value)
stack traceback:
	(string):1: in main chunk
Lua error: Lua Error: @/home/osso/.worktrees/wow-ui-sim-p510-page/data/patch-api/evidence/5.1.0-session-2026-10-08/addon-snapshot/CraftSim/Util/Widgets/QualityMeter.lua: Lua error: ...08/addon-snapshot/CraftSim/Util/Widgets/QualityMeter.lua:8: attempt to index local 'GUTIL' (a nil value)
stack traceback:
	(string):1: in main chunk
[Interface/AddOns/Blizzard_ScriptErrors/Blizzard_ScriptErrors.lua]:59: in function 'GetErrorData'
[Interface/AddOns/Blizzard_ScriptErrors/Blizzard_ScriptErrors.lua]:72: in function <[Interface/AddOns/Blizzard_ScriptErrors/Blizzard_ScriptErrors.lua]:71>

Lua error: @/home/osso/.worktrees/wow-ui-sim-p510-page/data/patch-api/evidence/5.1.0-session-2026-10-08/addon-snapshot/CraftSim/Pricing/ProfitCalculation.lua: Lua error: ...ssion-2026-10-08/addon-snapshot/CraftSim/Debug/Debug.lua:60: attempt to index upvalue 'LibLog' (a nil value)
stack traceback:
	(string):1: in main chunk
Lua error: Lua Error: @/home/osso/.worktrees/wow-ui-sim-p510-page/data/patch-api/evidence/5.1.0-session-2026-10-08/addon-snapshot/CraftSim/Pricing/ProfitCalculation.lua: Lua error: ...ssion-2026-10-08/addon-snapshot/CraftSim/Debug/Debug.lua:60: attempt to index upvalue 'LibLog' (a nil value)
stack traceback:
	(string):1: in main chunk
[Interface/AddOns/Blizzard_ScriptErrors/Blizzard_ScriptErrors.lua]:59: in function 'GetErrorData'
[Interface/AddOns/Blizzard_ScriptErrors/Blizzard_ScriptErrors.lua]:72: in function <[Interface/AddOns/Blizzard_ScriptErrors/Blizzard_ScriptErrors.lua]:71>

Lua error: @/home/osso/.worktrees/wow-ui-sim-p510-page/data/patch-api/evidence/5.1.0-session-2026-10-08/addon-snapshot/CraftSim/DataSource/PriceSource.lua: Lua error: ...ssion-2026-10-08/addon-snapshot/CraftSim/Debug/Debug.lua:60: attempt to index upvalue 'LibLog' (a nil value)
stack traceback:
	(string):1: in main chunk
Lua error: Lua Error: @/home/osso/.worktrees/wow-ui-sim-p510-page/data/patch-api/evidence/5.1.0-session-2026-10-08/addon-snapshot/CraftSim/DataSource/PriceSource.lua: Lua error: ...ssion-2026-10-08/addon-snapshot/CraftSim/Debug/Debug.lua:60: attempt to index upvalue 'LibLog' (a nil value)
stack traceback:
	(string):1: in main chunk
[Interface/AddOns/Blizzard_ScriptErrors/Blizzard_ScriptErrors.lua]:59: in function 'GetErrorData'
[Interface/AddOns/Blizzard_ScriptErrors/Blizzard_ScriptErrors.lua]:72: in function <[Interface/AddOns/Blizzard_ScriptErrors/Blizzard_ScriptErrors.lua]:71>

Lua error: @/home/osso/.worktrees/wow-ui-sim-p510-page/data/patch-api/evidence/5.1.0-session-2026-10-08/addon-snapshot/CraftSim/DataSource/InventorySource.lua: Lua error: ...ssion-2026-10-08/addon-snapshot/CraftSim/Debug/Debug.lua:60: attempt to index upvalue 'LibLog' (a nil value)
stack traceback:
	(string):1: in main chunk
Lua error: Lua Error: @/home/osso/.worktrees/wow-ui-sim-p510-page/data/patch-api/evidence/5.1.0-session-2026-10-08/addon-snapshot/CraftSim/DataSource/InventorySource.lua: Lua error: ...ssion-2026-10-08/addon-snapshot/CraftSim/Debug/Debug.lua:60: attempt to index upvalue 'LibLog' (a nil value)
stack traceback:
	(string):1: in main chunk
[Interface/AddOns/Blizzard_ScriptErrors/Blizzard_ScriptErrors.lua]:59: in function 'GetErrorData'
[Interface/AddOns/Blizzard_ScriptErrors/Blizzard_ScriptErrors.lua]:72: in function <[Interface/AddOns/Blizzard_ScriptErrors/Blizzard_ScriptErrors.lua]:71>

Lua error: @/home/osso/.worktrees/wow-ui-sim-p510-page/data/patch-api/evidence/5.1.0-session-2026-10-08/addon-snapshot/CraftSim/Modules/Modules.lua: Lua error: ...n-2026-10-08/addon-snapshot/CraftSim/Modules/Modules.lua:63: attempt to index local 'GUTIL' (a nil value)
stack traceback:
	(string):1: in main chunk
Lua error: Lua Error: @/home/osso/.worktrees/wow-ui-sim-p510-page/data/patch-api/evidence/5.1.0-session-2026-10-08/addon-snapshot/CraftSim/Modules/Modules.lua: Lua error: ...n-2026-10-08/addon-snapshot/CraftSim/Modules/Modules.lua:63: attempt to index local 'GUTIL' (a nil value)
stack traceback:
	(string):1: in main chunk
[Interface/AddOns/Blizzard_ScriptErrors/Blizzard_ScriptErrors.lua]:59: in function 'GetErrorData'
[Interface/AddOns/Blizzard_ScriptErrors/Blizzard_ScriptErrors.lua]:72: in function <[Interface/AddOns/Blizzard_ScriptErrors/Blizzard_ScriptErrors.lua]:71>

Lua error: @/home/osso/.worktrees/wow-ui-sim-p510-page/data/patch-api/evidence/5.1.0-session-2026-10-08/addon-snapshot/CraftSim/Modules/ControlPanel/ControlPanel.lua: Lua error: ...-snapshot/CraftSim/Modules/ControlPanel/ControlPanel.lua:9: attempt to call method 'RegisterModule' (a nil value)
stack traceback:
	(string):1: in main chunk
Lua error: Lua Error: @/home/osso/.worktrees/wow-ui-sim-p510-page/data/patch-api/evidence/5.1.0-session-2026-10-08/addon-snapshot/CraftSim/Modules/ControlPanel/ControlPanel.lua: Lua error: ...-snapshot/CraftSim/Modules/ControlPanel/ControlPanel.lua:9: attempt to call method 'RegisterModule' (a nil value)
stack traceback:
	(string):1: in main chunk
[Interface/AddOns/Blizzard_ScriptErrors/Blizzard_ScriptErrors.lua]:59: in function 'GetErrorData'
[Interface/AddOns/Blizzard_ScriptErrors/Blizzard_ScriptErrors.lua]:72: in function <[Interface/AddOns/Blizzard_ScriptErrors/Blizzard_ScriptErrors.lua]:71>

Lua error: @/home/osso/.worktrees/wow-ui-sim-p510-page/data/patch-api/evidence/5.1.0-session-2026-10-08/addon-snapshot/CraftSim/Modules/ItemCount/ItemCount.lua: Lua error: ...ssion-2026-10-08/addon-snapshot/CraftSim/Debug/Debug.lua:60: attempt to index upvalue 'LibLog' (a nil value)
stack traceback:
	(string):1: in main chunk
Lua error: Lua Error: @/home/osso/.worktrees/wow-ui-sim-p510-page/data/patch-api/evidence/5.1.0-session-2026-10-08/addon-snapshot/CraftSim/Modules/ItemCount/ItemCount.lua: Lua error: ...ssion-2026-10-08/addon-snapshot/CraftSim/Debug/Debug.lua:60: attempt to index upvalue 'LibLog' (a nil value)
stack traceback:
	(string):1: in main chunk
[Interface/AddOns/Blizzard_ScriptErrors/Blizzard_ScriptErrors.lua]:59: in function 'GetErrorData'
[Interface/AddOns/Blizzard_ScriptErrors/Blizzard_ScriptErrors.lua]:72: in function <[Interface/AddOns/Blizzard_ScriptErrors/Blizzard_ScriptErrors.lua]:71>

Lua error: @/home/osso/.worktrees/wow-ui-sim-p510-page/data/patch-api/evidence/5.1.0-session-2026-10-08/addon-snapshot/CraftSim/Modules/Disenchant/UI.lua: Lua error: ...-10-08/addon-snapshot/CraftSim/Modules/Disenchant/UI.lua:8: attempt to index field 'DISENCHANT' (a nil value)
stack traceback:
	(string):1: in main chunk
Lua error: Lua Error: @/home/osso/.worktrees/wow-ui-sim-p510-page/data/patch-api/evidence/5.1.0-session-2026-10-08/addon-snapshot/CraftSim/Modules/Disenchant/UI.lua: Lua error: ...-10-08/addon-snapshot/CraftSim/Modules/Disenchant/UI.lua:8: attempt to index field 'DISENCHANT' (a nil value)
stack traceback:
	(string):1: in main chunk
[Interface/AddOns/Blizzard_ScriptErrors/Blizzard_ScriptErrors.lua]:59: in function 'GetErrorData'
[Interface/AddOns/Blizzard_ScriptErrors/Blizzard_ScriptErrors.lua]:72: in function <[Interface/AddOns/Blizzard_ScriptErrors/Blizzard_ScriptErrors.lua]:71>

Lua error: @/home/osso/.worktrees/wow-ui-sim-p510-page/data/patch-api/evidence/5.1.0-session-2026-10-08/addon-snapshot/CraftSim/Modules/Explanations/Explanations.lua: Lua error: ...-snapshot/CraftSim/Modules/Explanations/Explanations.lua:9: attempt to call method 'RegisterModule' (a nil value)
stack traceback:
	(string):1: in main chunk
Lua error: Lua Error: @/home/osso/.worktrees/wow-ui-sim-p510-page/data/patch-api/evidence/5.1.0-session-2026-10-08/addon-snapshot/CraftSim/Modules/Explanations/Explanations.lua: Lua error: ...-snapshot/CraftSim/Modules/Explanations/Explanations.lua:9: attempt to call method 'RegisterModule' (a nil value)
stack traceback:
	(string):1: in main chunk
[Interface/AddOns/Blizzard_ScriptErrors/Blizzard_ScriptErrors.lua]:59: in function 'GetErrorData'
[Interface/AddOns/Blizzard_ScriptErrors/Blizzard_ScriptErrors.lua]:72: in function <[Interface/AddOns/Blizzard_ScriptErrors/Blizzard_ScriptErrors.lua]:71>

Lua error: @/home/osso/.worktrees/wow-ui-sim-p510-page/data/patch-api/evidence/5.1.0-session-2026-10-08/addon-snapshot/CraftSim/Modules/CraftQueue/CraftQueue.lua: Lua error: ...ddon-snapshot/CraftSim/Modules/CraftQueue/CraftQueue.lua:8: attempt to index local 'GUTIL' (a nil value)
stack traceback:
	(string):1: in main chunk
Lua error: Lua Error: @/home/osso/.worktrees/wow-ui-sim-p510-page/data/patch-api/evidence/5.1.0-session-2026-10-08/addon-snapshot/CraftSim/Modules/CraftQueue/CraftQueue.lua: Lua error: ...ddon-snapshot/CraftSim/Modules/CraftQueue/CraftQueue.lua:8: attempt to index local 'GUTIL' (a nil value)
stack traceback:
	(string):1: in main chunk
[Interface/AddOns/Blizzard_ScriptErrors/Blizzard_ScriptErrors.lua]:59: in function 'GetErrorData'
[Interface/AddOns/Blizzard_ScriptErrors/Blizzard_ScriptErrors.lua]:72: in function <[Interface/AddOns/Blizzard_ScriptErrors/Blizzard_ScriptErrors.lua]:71>

Lua error: @/home/osso/.worktrees/wow-ui-sim-p510-page/data/patch-api/evidence/5.1.0-session-2026-10-08/addon-snapshot/CraftSim/Modules/CraftQueue/CraftLists.lua: Lua error: ...ddon-snapshot/CraftSim/Modules/CraftQueue/CraftLists.lua:8: attempt to index local 'GUTIL' (a nil value)
stack traceback:
	(string):1: in main chunk
Lua error: Lua Error: @/home/osso/.worktrees/wow-ui-sim-p510-page/data/patch-api/evidence/5.1.0-session-2026-10-08/addon-snapshot/CraftSim/Modules/CraftQueue/CraftLists.lua: Lua error: ...ddon-snapshot/CraftSim/Modules/CraftQueue/CraftLists.lua:8: attempt to index local 'GUTIL' (a nil value)
stack traceback:
	(string):1: in main chunk
[Interface/AddOns/Blizzard_ScriptErrors/Blizzard_ScriptErrors.lua]:59: in function 'GetErrorData'
[Interface/AddOns/Blizzard_ScriptErrors/Blizzard_ScriptErrors.lua]:72: in function <[Interface/AddOns/Blizzard_ScriptErrors/Blizzard_ScriptErrors.lua]:71>

Lua error: @/home/osso/.worktrees/wow-ui-sim-p510-page/data/patch-api/evidence/5.1.0-session-2026-10-08/addon-snapshot/CraftSim/Modules/CraftQueue/EditRecipe.lua: Lua error: ...ddon-snapshot/CraftSim/Modules/CraftQueue/EditRecipe.lua:8: attempt to index local 'GUTIL' (a nil value)
stack traceback:
	(string):1: in main chunk
Lua error: Lua Error: @/home/osso/.worktrees/wow-ui-sim-p510-page/data/patch-api/evidence/5.1.0-session-2026-10-08/addon-snapshot/CraftSim/Modules/CraftQueue/EditRecipe.lua: Lua error: ...ddon-snapshot/CraftSim/Modules/CraftQueue/EditRecipe.lua:8: attempt to index local 'GUTIL' (a nil value)
stack traceback:
	(string):1: in main chunk
[Interface/AddOns/Blizzard_ScriptErrors/Blizzard_ScriptErrors.lua]:59: in function 'GetErrorData'
[Interface/AddOns/Blizzard_ScriptErrors/Blizzard_ScriptErrors.lua]:72: in function <[Interface/AddOns/Blizzard_ScriptErrors/Blizzard_ScriptErrors.lua]:71>

Lua error: @/home/osso/.worktrees/wow-ui-sim-p510-page/data/patch-api/evidence/5.1.0-session-2026-10-08/addon-snapshot/CraftSim/Modules/Cooldowns/Cooldowns.lua: Lua error: .../addon-snapshot/CraftSim/Modules/Cooldowns/Cooldowns.lua:8: attempt to index local 'GUTIL' (a nil value)
stack traceback:
	(string):1: in main chunk
Lua error: Lua Error: @/home/osso/.worktrees/wow-ui-sim-p510-page/data/patch-api/evidence/5.1.0-session-2026-10-08/addon-snapshot/CraftSim/Modules/Cooldowns/Cooldowns.lua: Lua error: .../addon-snapshot/CraftSim/Modules/Cooldowns/Cooldowns.lua:8: attempt to index local 'GUTIL' (a nil value)
stack traceback:
	(string):1: in main chunk
[Interface/AddOns/Blizzard_ScriptErrors/Blizzard_ScriptErrors.lua]:59: in function 'GetErrorData'
[Interface/AddOns/Blizzard_ScriptErrors/Blizzard_ScriptErrors.lua]:72: in function <[Interface/AddOns/Blizzard_ScriptErrors/Blizzard_ScriptErrors.lua]:71>

Lua error: @/home/osso/.worktrees/wow-ui-sim-p510-page/data/patch-api/evidence/5.1.0-session-2026-10-08/addon-snapshot/CraftSim/Modules/Cooldowns/UI.lua: Lua error: ...6-10-08/addon-snapshot/CraftSim/Modules/Cooldowns/UI.lua:8: attempt to index field 'COOLDOWNS' (a nil value)
stack traceback:
	(string):1: in main chunk
Lua error: Lua Error: @/home/osso/.worktrees/wow-ui-sim-p510-page/data/patch-api/evidence/5.1.0-session-2026-10-08/addon-snapshot/CraftSim/Modules/Cooldowns/UI.lua: Lua error: ...6-10-08/addon-snapshot/CraftSim/Modules/Cooldowns/UI.lua:8: attempt to index field 'COOLDOWNS' (a nil value)
stack traceback:
	(string):1: in main chunk
[Interface/AddOns/Blizzard_ScriptErrors/Blizzard_ScriptErrors.lua]:59: in function 'GetErrorData'
[Interface/AddOns/Blizzard_ScriptErrors/Blizzard_ScriptErrors.lua]:72: in function <[Interface/AddOns/Blizzard_ScriptErrors/Blizzard_ScriptErrors.lua]:71>

Lua error: @/home/osso/.worktrees/wow-ui-sim-p510-page/data/patch-api/evidence/5.1.0-session-2026-10-08/addon-snapshot/CraftSim/Modules/CustomerHistory/CustomerHistory.lua: Lua error: ...hot/CraftSim/Modules/CustomerHistory/CustomerHistory.lua:10: attempt to index local 'GUTIL' (a nil value)
stack traceback:
	(string):1: in main chunk
Lua error: Lua Error: @/home/osso/.worktrees/wow-ui-sim-p510-page/data/patch-api/evidence/5.1.0-session-2026-10-08/addon-snapshot/CraftSim/Modules/CustomerHistory/CustomerHistory.lua: Lua error: ...hot/CraftSim/Modules/CustomerHistory/CustomerHistory.lua:10: attempt to index local 'GUTIL' (a nil value)
stack traceback:
	(string):1: in main chunk
[Interface/AddOns/Blizzard_ScriptErrors/Blizzard_ScriptErrors.lua]:59: in function 'GetErrorData'
[Interface/AddOns/Blizzard_ScriptErrors/Blizzard_ScriptErrors.lua]:72: in function <[Interface/AddOns/Blizzard_ScriptErrors/Blizzard_ScriptErrors.lua]:71>

Lua error: @/home/osso/.worktrees/wow-ui-sim-p510-page/data/patch-api/evidence/5.1.0-session-2026-10-08/addon-snapshot/CraftSim/Modules/Statistics/Statistics.lua: Lua error: ...ddon-snapshot/CraftSim/Modules/Statistics/Statistics.lua:10: attempt to call method 'RegisterModule' (a nil value)
stack traceback:
	(string):1: in main chunk
Lua error: Lua Error: @/home/osso/.worktrees/wow-ui-sim-p510-page/data/patch-api/evidence/5.1.0-session-2026-10-08/addon-snapshot/CraftSim/Modules/Statistics/Statistics.lua: Lua error: ...ddon-snapshot/CraftSim/Modules/Statistics/Statistics.lua:10: attempt to call method 'RegisterModule' (a nil value)
stack traceback:
	(string):1: in main chunk
[Interface/AddOns/Blizzard_ScriptErrors/Blizzard_ScriptErrors.lua]:59: in function 'GetErrorData'
[Interface/AddOns/Blizzard_ScriptErrors/Blizzard_ScriptErrors.lua]:72: in function <[Interface/AddOns/Blizzard_ScriptErrors/Blizzard_ScriptErrors.lua]:71>

Lua error: @/home/osso/.worktrees/wow-ui-sim-p510-page/data/patch-api/evidence/5.1.0-session-2026-10-08/addon-snapshot/CraftSim/Modules/Statistics/UI.lua: Lua error: ...-10-08/addon-snapshot/CraftSim/Modules/Statistics/UI.lua:8: attempt to index local 'GUTIL' (a nil value)
stack traceback:
	(string):1: in main chunk
Lua error: Lua Error: @/home/osso/.worktrees/wow-ui-sim-p510-page/data/patch-api/evidence/5.1.0-session-2026-10-08/addon-snapshot/CraftSim/Modules/Statistics/UI.lua: Lua error: ...-10-08/addon-snapshot/CraftSim/Modules/Statistics/UI.lua:8: attempt to index local 'GUTIL' (a nil value)
stack traceback:
	(string):1: in main chunk
[Interface/AddOns/Blizzard_ScriptErrors/Blizzard_ScriptErrors.lua]:59: in function 'GetErrorData'
[Interface/AddOns/Blizzard_ScriptErrors/Blizzard_ScriptErrors.lua]:72: in function <[Interface/AddOns/Blizzard_ScriptErrors/Blizzard_ScriptErrors.lua]:71>

Lua error: @/home/osso/.worktrees/wow-ui-sim-p510-page/data/patch-api/evidence/5.1.0-session-2026-10-08/addon-snapshot/CraftSim/Modules/CraftLog/UI.lua: Lua error: ...26-10-08/addon-snapshot/CraftSim/Modules/CraftLog/UI.lua:8: attempt to index local 'GUTIL' (a nil value)
stack traceback:
	(string):1: in main chunk
Lua error: Lua Error: @/home/osso/.worktrees/wow-ui-sim-p510-page/data/patch-api/evidence/5.1.0-session-2026-10-08/addon-snapshot/CraftSim/Modules/CraftLog/UI.lua: Lua error: ...26-10-08/addon-snapshot/CraftSim/Modules/CraftLog/UI.lua:8: attempt to index local 'GUTIL' (a nil value)
stack traceback:
	(string):1: in main chunk
[Interface/AddOns/Blizzard_ScriptErrors/Blizzard_ScriptErrors.lua]:59: in function 'GetErrorData'
[Interface/AddOns/Blizzard_ScriptErrors/Blizzard_ScriptErrors.lua]:72: in function <[Interface/AddOns/Blizzard_ScriptErrors/Blizzard_ScriptErrors.lua]:71>

Lua error: @/home/osso/.worktrees/wow-ui-sim-p510-page/data/patch-api/evidence/5.1.0-session-2026-10-08/addon-snapshot/CraftSim/Modules/Pricing/Pricing.lua: Lua error: ...0-08/addon-snapshot/CraftSim/Modules/Pricing/Pricing.lua:10: attempt to call method 'RegisterModule' (a nil value)
stack traceback:
	(string):1: in main chunk
Lua error: Lua Error: @/home/osso/.worktrees/wow-ui-sim-p510-page/data/patch-api/evidence/5.1.0-session-2026-10-08/addon-snapshot/CraftSim/Modules/Pricing/Pricing.lua: Lua error: ...0-08/addon-snapshot/CraftSim/Modules/Pricing/Pricing.lua:10: attempt to call method 'RegisterModule' (a nil value)
stack traceback:
	(string):1: in main chunk
[Interface/AddOns/Blizzard_ScriptErrors/Blizzard_ScriptErrors.lua]:59: in function 'GetErrorData'
[Interface/AddOns/Blizzard_ScriptErrors/Blizzard_ScriptErrors.lua]:72: in function <[Interface/AddOns/Blizzard_ScriptErrors/Blizzard_ScriptErrors.lua]:71>

Lua error: @/home/osso/.worktrees/wow-ui-sim-p510-page/data/patch-api/evidence/5.1.0-session-2026-10-08/addon-snapshot/CraftSim/Modules/Pricing/UI.lua: Lua error: ...ssion-2026-10-08/addon-snapshot/CraftSim/Debug/Debug.lua:60: attempt to index upvalue 'LibLog' (a nil value)
stack traceback:
	(string):1: in main chunk
Lua error: Lua Error: @/home/osso/.worktrees/wow-ui-sim-p510-page/data/patch-api/evidence/5.1.0-session-2026-10-08/addon-snapshot/CraftSim/Modules/Pricing/UI.lua: Lua error: ...ssion-2026-10-08/addon-snapshot/CraftSim/Debug/Debug.lua:60: attempt to index upvalue 'LibLog' (a nil value)
stack traceback:
	(string):1: in main chunk
[Interface/AddOns/Blizzard_ScriptErrors/Blizzard_ScriptErrors.lua]:59: in function 'GetErrorData'
[Interface/AddOns/Blizzard_ScriptErrors/Blizzard_ScriptErrors.lua]:72: in function <[Interface/AddOns/Blizzard_ScriptErrors/Blizzard_ScriptErrors.lua]:71>

Lua error: @/home/osso/.worktrees/wow-ui-sim-p510-page/data/patch-api/evidence/5.1.0-session-2026-10-08/addon-snapshot/CraftSim/Modules/SpecializationInfo/UI.lua: Lua error: ...ddon-snapshot/CraftSim/Modules/SpecializationInfo/UI.lua:7: attempt to index local 'GUTIL' (a nil value)
stack traceback:
	(string):1: in main chunk
Lua error: Lua Error: @/home/osso/.worktrees/wow-ui-sim-p510-page/data/patch-api/evidence/5.1.0-session-2026-10-08/addon-snapshot/CraftSim/Modules/SpecializationInfo/UI.lua: Lua error: ...ddon-snapshot/CraftSim/Modules/SpecializationInfo/UI.lua:7: attempt to index local 'GUTIL' (a nil value)
stack traceback:
	(string):1: in main chunk
[Interface/AddOns/Blizzard_ScriptErrors/Blizzard_ScriptErrors.lua]:59: in function 'GetErrorData'
[Interface/AddOns/Blizzard_ScriptErrors/Blizzard_ScriptErrors.lua]:72: in function <[Interface/AddOns/Blizzard_ScriptErrors/Blizzard_ScriptErrors.lua]:71>

Lua error: @/home/osso/.worktrees/wow-ui-sim-p510-page/data/patch-api/evidence/5.1.0-session-2026-10-08/addon-snapshot/CraftSim/Modules/SimulationMode/Debug.lua: Lua error: ...addon-snapshot/CraftSim/Modules/SimulationMode/Debug.lua:6: attempt to index local 'GUTIL' (a nil value)
stack traceback:
	(string):1: in main chunk
Lua error: Lua Error: @/home/osso/.worktrees/wow-ui-sim-p510-page/data/patch-api/evidence/5.1.0-session-2026-10-08/addon-snapshot/CraftSim/Modules/SimulationMode/Debug.lua: Lua error: ...addon-snapshot/CraftSim/Modules/SimulationMode/Debug.lua:6: attempt to index local 'GUTIL' (a nil value)
stack traceback:
	(string):1: in main chunk
[Interface/AddOns/Blizzard_ScriptErrors/Blizzard_ScriptErrors.lua]:59: in function 'GetErrorData'
[Interface/AddOns/Blizzard_ScriptErrors/Blizzard_ScriptErrors.lua]:72: in function <[Interface/AddOns/Blizzard_ScriptErrors/Blizzard_ScriptErrors.lua]:71>

Lua error: @/home/osso/.worktrees/wow-ui-sim-p510-page/data/patch-api/evidence/5.1.0-session-2026-10-08/addon-snapshot/CraftSim/Modules/SimulationMode/UI.lua: Lua error: ...08/addon-snapshot/CraftSim/Modules/SimulationMode/UI.lua:7: attempt to index local 'GUTIL' (a nil value)
stack traceback:
	(string):1: in main chunk
Lua error: Lua Error: @/home/osso/.worktrees/wow-ui-sim-p510-page/data/patch-api/evidence/5.1.0-session-2026-10-08/addon-snapshot/CraftSim/Modules/SimulationMode/UI.lua: Lua error: ...08/addon-snapshot/CraftSim/Modules/SimulationMode/UI.lua:7: attempt to index local 'GUTIL' (a nil value)
stack traceback:
	(string):1: in main chunk
[Interface/AddOns/Blizzard_ScriptErrors/Blizzard_ScriptErrors.lua]:59: in function 'GetErrorData'
[Interface/AddOns/Blizzard_ScriptErrors/Blizzard_ScriptErrors.lua]:72: in function <[Interface/AddOns/Blizzard_ScriptErrors/Blizzard_ScriptErrors.lua]:71>

Lua error: @/home/osso/.worktrees/wow-ui-sim-p510-page/data/patch-api/evidence/5.1.0-session-2026-10-08/addon-snapshot/CraftSim/Modules/ReagentOptimization/ReagentOptimization.lua: Lua error: ...tSim/Modules/ReagentOptimization/ReagentOptimization.lua:87: attempt to call method 'RegisterModule' (a nil value)
stack traceback:
	(string):1: in main chunk
Lua error: Lua Error: @/home/osso/.worktrees/wow-ui-sim-p510-page/data/patch-api/evidence/5.1.0-session-2026-10-08/addon-snapshot/CraftSim/Modules/ReagentOptimization/ReagentOptimization.lua: Lua error: ...tSim/Modules/ReagentOptimization/ReagentOptimization.lua:87: attempt to call method 'RegisterModule' (a nil value)
stack traceback:
	(string):1: in main chunk
[Interface/AddOns/Blizzard_ScriptErrors/Blizzard_ScriptErrors.lua]:59: in function 'GetErrorData'
[Interface/AddOns/Blizzard_ScriptErrors/Blizzard_ScriptErrors.lua]:72: in function <[Interface/AddOns/Blizzard_ScriptErrors/Blizzard_ScriptErrors.lua]:71>

Lua error: @/home/osso/.worktrees/wow-ui-sim-p510-page/data/patch-api/evidence/5.1.0-session-2026-10-08/addon-snapshot/CraftSim/Modules/ReagentOptimization/UI.lua: Lua error: ...don-snapshot/CraftSim/Modules/ReagentOptimization/UI.lua:6: attempt to index local 'GUTIL' (a nil value)
stack traceback:
	(string):1: in main chunk
Lua error: Lua Error: @/home/osso/.worktrees/wow-ui-sim-p510-page/data/patch-api/evidence/5.1.0-session-2026-10-08/addon-snapshot/CraftSim/Modules/ReagentOptimization/UI.lua: Lua error: ...don-snapshot/CraftSim/Modules/ReagentOptimization/UI.lua:6: attempt to index local 'GUTIL' (a nil value)
stack traceback:
	(string):1: in main chunk
[Interface/AddOns/Blizzard_ScriptErrors/Blizzard_ScriptErrors.lua]:59: in function 'GetErrorData'
[Interface/AddOns/Blizzard_ScriptErrors/Blizzard_ScriptErrors.lua]:72: in function <[Interface/AddOns/Blizzard_ScriptErrors/Blizzard_ScriptErrors.lua]:71>

Lua error: @/home/osso/.worktrees/wow-ui-sim-p510-page/data/patch-api/evidence/5.1.0-session-2026-10-08/addon-snapshot/CraftSim/Modules/TopGear/TopGear.lua: Lua error: ...ssion-2026-10-08/addon-snapshot/CraftSim/Debug/Debug.lua:60: attempt to index upvalue 'LibLog' (a nil value)
stack traceback:
	(string):1: in main chunk
Lua error: Lua Error: @/home/osso/.worktrees/wow-ui-sim-p510-page/data/patch-api/evidence/5.1.0-session-2026-10-08/addon-snapshot/CraftSim/Modules/TopGear/TopGear.lua: Lua error: ...ssion-2026-10-08/addon-snapshot/CraftSim/Debug/Debug.lua:60: attempt to index upvalue 'LibLog' (a nil value)
stack traceback:
	(string):1: in main chunk
[Interface/AddOns/Blizzard_ScriptErrors/Blizzard_ScriptErrors.lua]:59: in function 'GetErrorData'
[Interface/AddOns/Blizzard_ScriptErrors/Blizzard_ScriptErrors.lua]:72: in function <[Interface/AddOns/Blizzard_ScriptErrors/Blizzard_ScriptErrors.lua]:71>

Lua error: @/home/osso/.worktrees/wow-ui-sim-p510-page/data/patch-api/evidence/5.1.0-session-2026-10-08/addon-snapshot/CraftSim/Modules/TopGear/UI.lua: Lua error: ...ssion-2026-10-08/addon-snapshot/CraftSim/Debug/Debug.lua:60: attempt to index upvalue 'LibLog' (a nil value)
stack traceback:
	(string):1: in main chunk
Lua error: Lua Error: @/home/osso/.worktrees/wow-ui-sim-p510-page/data/patch-api/evidence/5.1.0-session-2026-10-08/addon-snapshot/CraftSim/Modules/TopGear/UI.lua: Lua error: ...ssion-2026-10-08/addon-snapshot/CraftSim/Debug/Debug.lua:60: attempt to index upvalue 'LibLog' (a nil value)
stack traceback:
	(string):1: in main chunk
[Interface/AddOns/Blizzard_ScriptErrors/Blizzard_ScriptErrors.lua]:59: in function 'GetErrorData'
[Interface/AddOns/Blizzard_ScriptErrors/Blizzard_ScriptErrors.lua]:72: in function <[Interface/AddOns/Blizzard_ScriptErrors/Blizzard_ScriptErrors.lua]:71>

Lua error: @/home/osso/.worktrees/wow-ui-sim-p510-page/data/patch-api/evidence/5.1.0-session-2026-10-08/addon-snapshot/CraftSim/Modules/RecipeScan/RecipeScan.lua: Lua error: ...ddon-snapshot/CraftSim/Modules/RecipeScan/RecipeScan.lua:11: attempt to call method 'RegisterModule' (a nil value)
stack traceback:
	(string):1: in main chunk
Lua error: Lua Error: @/home/osso/.worktrees/wow-ui-sim-p510-page/data/patch-api/evidence/5.1.0-session-2026-10-08/addon-snapshot/CraftSim/Modules/RecipeScan/RecipeScan.lua: Lua error: ...ddon-snapshot/CraftSim/Modules/RecipeScan/RecipeScan.lua:11: attempt to call method 'RegisterModule' (a nil value)
stack traceback:
	(string):1: in main chunk
[Interface/AddOns/Blizzard_ScriptErrors/Blizzard_ScriptErrors.lua]:59: in function 'GetErrorData'
[Interface/AddOns/Blizzard_ScriptErrors/Blizzard_ScriptErrors.lua]:72: in function <[Interface/AddOns/Blizzard_ScriptErrors/Blizzard_ScriptErrors.lua]:71>

Lua error: @/home/osso/.worktrees/wow-ui-sim-p510-page/data/patch-api/evidence/5.1.0-session-2026-10-08/addon-snapshot/CraftSim/Modules/RecipeScan/UI.lua: Lua error: ...-10-08/addon-snapshot/CraftSim/Modules/RecipeScan/UI.lua:7: attempt to index field 'GUTIL' (a nil value)
stack traceback:
	(string):1: in main chunk
Lua error: Lua Error: @/home/osso/.worktrees/wow-ui-sim-p510-page/data/patch-api/evidence/5.1.0-session-2026-10-08/addon-snapshot/CraftSim/Modules/RecipeScan/UI.lua: Lua error: ...-10-08/addon-snapshot/CraftSim/Modules/RecipeScan/UI.lua:7: attempt to index field 'GUTIL' (a nil value)
stack traceback:
	(string):1: in main chunk
[Interface/AddOns/Blizzard_ScriptErrors/Blizzard_ScriptErrors.lua]:59: in function 'GetErrorData'
[Interface/AddOns/Blizzard_ScriptErrors/Blizzard_ScriptErrors.lua]:72: in function <[Interface/AddOns/Blizzard_ScriptErrors/Blizzard_ScriptErrors.lua]:71>

Lua error: @/home/osso/.worktrees/wow-ui-sim-p510-page/data/patch-api/evidence/5.1.0-session-2026-10-08/addon-snapshot/CraftSim/Modules/Supporters/Supporters.lua: Lua error: ...ddon-snapshot/CraftSim/Modules/Supporters/Supporters.lua:6: attempt to index local 'GUTIL' (a nil value)
stack traceback:
	(string):1: in main chunk
Lua error: Lua Error: @/home/osso/.worktrees/wow-ui-sim-p510-page/data/patch-api/evidence/5.1.0-session-2026-10-08/addon-snapshot/CraftSim/Modules/Supporters/Supporters.lua: Lua error: ...ddon-snapshot/CraftSim/Modules/Supporters/Supporters.lua:6: attempt to index local 'GUTIL' (a nil value)
stack traceback:
	(string):1: in main chunk
[Interface/AddOns/Blizzard_ScriptErrors/Blizzard_ScriptErrors.lua]:59: in function 'GetErrorData'
[Interface/AddOns/Blizzard_ScriptErrors/Blizzard_ScriptErrors.lua]:72: in function <[Interface/AddOns/Blizzard_ScriptErrors/Blizzard_ScriptErrors.lua]:71>

Lua error: @/home/osso/.worktrees/wow-ui-sim-p510-page/data/patch-api/evidence/5.1.0-session-2026-10-08/addon-snapshot/CraftSim/Modules/Supporters/UI.lua: Lua error: ...-10-08/addon-snapshot/CraftSim/Modules/Supporters/UI.lua:6: attempt to index local 'GUTIL' (a nil value)
stack traceback:
	(string):1: in main chunk
Lua error: Lua Error: @/home/osso/.worktrees/wow-ui-sim-p510-page/data/patch-api/evidence/5.1.0-session-2026-10-08/addon-snapshot/CraftSim/Modules/Supporters/UI.lua: Lua error: ...-10-08/addon-snapshot/CraftSim/Modules/Supporters/UI.lua:6: attempt to index local 'GUTIL' (a nil value)
stack traceback:
	(string):1: in main chunk
[Interface/AddOns/Blizzard_ScriptErrors/Blizzard_ScriptErrors.lua]:59: in function 'GetErrorData'
[Interface/AddOns/Blizzard_ScriptErrors/Blizzard_ScriptErrors.lua]:72: in function <[Interface/AddOns/Blizzard_ScriptErrors/Blizzard_ScriptErrors.lua]:71>

Lua error: @/home/osso/.worktrees/wow-ui-sim-p510-page/data/patch-api/evidence/5.1.0-session-2026-10-08/addon-snapshot/CraftSim/Modules/CraftBuffs/CraftBuffs.lua: Lua error: ...ssion-2026-10-08/addon-snapshot/CraftSim/Debug/Debug.lua:60: attempt to index upvalue 'LibLog' (a nil value)
stack traceback:
	(string):1: in main chunk
Lua error: Lua Error: @/home/osso/.worktrees/wow-ui-sim-p510-page/data/patch-api/evidence/5.1.0-session-2026-10-08/addon-snapshot/CraftSim/Modules/CraftBuffs/CraftBuffs.lua: Lua error: ...ssion-2026-10-08/addon-snapshot/CraftSim/Debug/Debug.lua:60: attempt to index upvalue 'LibLog' (a nil value)
stack traceback:
	(string):1: in main chunk
[Interface/AddOns/Blizzard_ScriptErrors/Blizzard_ScriptErrors.lua]:59: in function 'GetErrorData'
[Interface/AddOns/Blizzard_ScriptErrors/Blizzard_ScriptErrors.lua]:72: in function <[Interface/AddOns/Blizzard_ScriptErrors/Blizzard_ScriptErrors.lua]:71>

Lua error: @/home/osso/.worktrees/wow-ui-sim-p510-page/data/patch-api/evidence/5.1.0-session-2026-10-08/addon-snapshot/CraftSim/Modules/CraftBuffs/UI.lua: Lua error: ...-10-08/addon-snapshot/CraftSim/Modules/CraftBuffs/UI.lua:11: attempt to index field 'CRAFT_BUFFS' (a nil value)
stack traceback:
	(string):1: in main chunk
Lua error: Lua Error: @/home/osso/.worktrees/wow-ui-sim-p510-page/data/patch-api/evidence/5.1.0-session-2026-10-08/addon-snapshot/CraftSim/Modules/CraftBuffs/UI.lua: Lua error: ...-10-08/addon-snapshot/CraftSim/Modules/CraftBuffs/UI.lua:11: attempt to index field 'CRAFT_BUFFS' (a nil value)
stack traceback:
	(string):1: in main chunk
[Interface/AddOns/Blizzard_ScriptErrors/Blizzard_ScriptErrors.lua]:59: in function 'GetErrorData'
[Interface/AddOns/Blizzard_ScriptErrors/Blizzard_ScriptErrors.lua]:72: in function <[Interface/AddOns/Blizzard_ScriptErrors/Blizzard_ScriptErrors.lua]:71>

Lua error: @/home/osso/.worktrees/wow-ui-sim-p510-page/data/patch-api/evidence/5.1.0-session-2026-10-08/addon-snapshot/CraftSim/Modules/ConcentrationTracker/ConcentrationTracker.lua: Lua error: ...im/Modules/ConcentrationTracker/ConcentrationTracker.lua:5: attempt to index local 'GUTIL' (a nil value)
stack traceback:
	(string):1: in main chunk
Lua error: Lua Error: @/home/osso/.worktrees/wow-ui-sim-p510-page/data/patch-api/evidence/5.1.0-session-2026-10-08/addon-snapshot/CraftSim/Modules/ConcentrationTracker/ConcentrationTracker.lua: Lua error: ...im/Modules/ConcentrationTracker/ConcentrationTracker.lua:5: attempt to index local 'GUTIL' (a nil value)
stack traceback:
	(string):1: in main chunk
[Interface/AddOns/Blizzard_ScriptErrors/Blizzard_ScriptErrors.lua]:59: in function 'GetErrorData'
[Interface/AddOns/Blizzard_ScriptErrors/Blizzard_ScriptErrors.lua]:72: in function <[Interface/AddOns/Blizzard_ScriptErrors/Blizzard_ScriptErrors.lua]:71>

Lua error: @/home/osso/.worktrees/wow-ui-sim-p510-page/data/patch-api/evidence/5.1.0-session-2026-10-08/addon-snapshot/CraftSim/Modules/ConcentrationTracker/UI.lua: Lua error: ...on-snapshot/CraftSim/Modules/ConcentrationTracker/UI.lua:11: attempt to index field 'CONCENTRATION_TRACKER' (a nil value)
stack traceback:
	(string):1: in main chunk
Lua error: Lua Error: @/home/osso/.worktrees/wow-ui-sim-p510-page/data/patch-api/evidence/5.1.0-session-2026-10-08/addon-snapshot/CraftSim/Modules/ConcentrationTracker/UI.lua: Lua error: ...on-snapshot/CraftSim/Modules/ConcentrationTracker/UI.lua:11: attempt to index field 'CONCENTRATION_TRACKER' (a nil value)
stack traceback:
	(string):1: in main chunk
[Interface/AddOns/Blizzard_ScriptErrors/Blizzard_ScriptErrors.lua]:59: in function 'GetErrorData'
[Interface/AddOns/Blizzard_ScriptErrors/Blizzard_ScriptErrors.lua]:72: in function <[Interface/AddOns/Blizzard_ScriptErrors/Blizzard_ScriptErrors.lua]:71>

Lua error: @/home/osso/.worktrees/wow-ui-sim-p510-page/data/patch-api/evidence/5.1.0-session-2026-10-08/addon-snapshot/CraftSim/Modules/WorkOrderTracker/WorkOrderTracker.lua: Lua error: ...t/CraftSim/Modules/WorkOrderTracker/WorkOrderTracker.lua:8: attempt to index local 'GUTIL' (a nil value)
stack traceback:
	(string):1: in main chunk
Lua error: Lua Error: @/home/osso/.worktrees/wow-ui-sim-p510-page/data/patch-api/evidence/5.1.0-session-2026-10-08/addon-snapshot/CraftSim/Modules/WorkOrderTracker/WorkOrderTracker.lua: Lua error: ...t/CraftSim/Modules/WorkOrderTracker/WorkOrderTracker.lua:8: attempt to index local 'GUTIL' (a nil value)
stack traceback:
	(string):1: in main chunk
[Interface/AddOns/Blizzard_ScriptErrors/Blizzard_ScriptErrors.lua]:59: in function 'GetErrorData'
[Interface/AddOns/Blizzard_ScriptErrors/Blizzard_ScriptErrors.lua]:72: in function <[Interface/AddOns/Blizzard_ScriptErrors/Blizzard_ScriptErrors.lua]:71>

Lua error: @/home/osso/.worktrees/wow-ui-sim-p510-page/data/patch-api/evidence/5.1.0-session-2026-10-08/addon-snapshot/CraftSim/Modules/WorkOrderTracker/UI.lua: Lua error: .../addon-snapshot/CraftSim/Modules/WorkOrderTracker/UI.lua:8: attempt to index field 'WORK_ORDER_TRACKER' (a nil value)
stack traceback:
	(string):1: in main chunk
Lua error: Lua Error: @/home/osso/.worktrees/wow-ui-sim-p510-page/data/patch-api/evidence/5.1.0-session-2026-10-08/addon-snapshot/CraftSim/Modules/WorkOrderTracker/UI.lua: Lua error: .../addon-snapshot/CraftSim/Modules/WorkOrderTracker/UI.lua:8: attempt to index field 'WORK_ORDER_TRACKER' (a nil value)
stack traceback:
	(string):1: in main chunk
[Interface/AddOns/Blizzard_ScriptErrors/Blizzard_ScriptErrors.lua]:59: in function 'GetErrorData'
[Interface/AddOns/Blizzard_ScriptErrors/Blizzard_ScriptErrors.lua]:72: in function <[Interface/AddOns/Blizzard_ScriptErrors/Blizzard_ScriptErrors.lua]:71>

Lua error: @/home/osso/.worktrees/wow-ui-sim-p510-page/data/patch-api/evidence/5.1.0-session-2026-10-08/addon-snapshot/CraftSim/Data/SpecializationData/Dragonflight/Blacksmithing.lua: Lua error: ...m/Data/SpecializationData/Dragonflight/Blacksmithing.lua:3: attempt to index field 'SPECIALIZATION_DATA' (a nil value)
stack traceback:
	(string):1: in main chunk
Lua error: Lua Error: @/home/osso/.worktrees/wow-ui-sim-p510-page/data/patch-api/evidence/5.1.0-session-2026-10-08/addon-snapshot/CraftSim/Data/SpecializationData/Dragonflight/Blacksmithing.lua: Lua error: ...m/Data/SpecializationData/Dragonflight/Blacksmithing.lua:3: attempt to index field 'SPECIALIZATION_DATA' (a nil value)
stack traceback:
	(string):1: in main chunk
[Interface/AddOns/Blizzard_ScriptErrors/Blizzard_ScriptErrors.lua]:59: in function 'GetErrorData'
[Interface/AddOns/Blizzard_ScriptErrors/Blizzard_ScriptErrors.lua]:72: in function <[Interface/AddOns/Blizzard_ScriptErrors/Blizzard_ScriptErrors.lua]:71>

Lua error: @/home/osso/.worktrees/wow-ui-sim-p510-page/data/patch-api/evidence/5.1.0-session-2026-10-08/addon-snapshot/CraftSim/Data/SpecializationData/Dragonflight/Enchanting.lua: Lua error: ...tSim/Data/SpecializationData/Dragonflight/Enchanting.lua:3: attempt to index field 'SPECIALIZATION_DATA' (a nil value)
stack traceback:
	(string):1: in main chunk
Lua error: Lua Error: @/home/osso/.worktrees/wow-ui-sim-p510-page/data/patch-api/evidence/5.1.0-session-2026-10-08/addon-snapshot/CraftSim/Data/SpecializationData/Dragonflight/Enchanting.lua: Lua error: ...tSim/Data/SpecializationData/Dragonflight/Enchanting.lua:3: attempt to index field 'SPECIALIZATION_DATA' (a nil value)
stack traceback:
	(string):1: in main chunk
[Interface/AddOns/Blizzard_ScriptErrors/Blizzard_ScriptErrors.lua]:59: in function 'GetErrorData'
[Interface/AddOns/Blizzard_ScriptErrors/Blizzard_ScriptErrors.lua]:72: in function <[Interface/AddOns/Blizzard_ScriptErrors/Blizzard_ScriptErrors.lua]:71>

Lua error: @/home/osso/.worktrees/wow-ui-sim-p510-page/data/patch-api/evidence/5.1.0-session-2026-10-08/addon-snapshot/CraftSim/Data/SpecializationData/Dragonflight/Leatherworking.lua: Lua error: .../Data/SpecializationData/Dragonflight/Leatherworking.lua:3: attempt to index field 'SPECIALIZATION_DATA' (a nil value)
stack traceback:
	(string):1: in main chunk
Lua error: Lua Error: @/home/osso/.worktrees/wow-ui-sim-p510-page/data/patch-api/evidence/5.1.0-session-2026-10-08/addon-snapshot/CraftSim/Data/SpecializationData/Dragonflight/Leatherworking.lua: Lua error: .../Data/SpecializationData/Dragonflight/Leatherworking.lua:3: attempt to index field 'SPECIALIZATION_DATA' (a nil value)
stack traceback:
	(string):1: in main chunk
[Interface/AddOns/Blizzard_ScriptErrors/Blizzard_ScriptErrors.lua]:59: in function 'GetErrorData'
[Interface/AddOns/Blizzard_ScriptErrors/Blizzard_ScriptErrors.lua]:72: in function <[Interface/AddOns/Blizzard_ScriptErrors/Blizzard_ScriptErrors.lua]:71>

Lua error: @/home/osso/.worktrees/wow-ui-sim-p510-page/data/patch-api/evidence/5.1.0-session-2026-10-08/addon-snapshot/CraftSim/Data/SpecializationData/Dragonflight/Engineering.lua: Lua error: ...Sim/Data/SpecializationData/Dragonflight/Engineering.lua:3: attempt to index field 'SPECIALIZATION_DATA' (a nil value)
stack traceback:
	(string):1: in main chunk
Lua error: Lua Error: @/home/osso/.worktrees/wow-ui-sim-p510-page/data/patch-api/evidence/5.1.0-session-2026-10-08/addon-snapshot/CraftSim/Data/SpecializationData/Dragonflight/Engineering.lua: Lua error: ...Sim/Data/SpecializationData/Dragonflight/Engineering.lua:3: attempt to index field 'SPECIALIZATION_DATA' (a nil value)
stack traceback:
	(string):1: in main chunk
[Interface/AddOns/Blizzard_ScriptErrors/Blizzard_ScriptErrors.lua]:59: in function 'GetErrorData'
[Interface/AddOns/Blizzard_ScriptErrors/Blizzard_ScriptErrors.lua]:72: in function <[Interface/AddOns/Blizzard_ScriptErrors/Blizzard_ScriptErrors.lua]:71>

Lua error: @/home/osso/.worktrees/wow-ui-sim-p510-page/data/patch-api/evidence/5.1.0-session-2026-10-08/addon-snapshot/CraftSim/Data/SpecializationData/The_War_Within/Blacksmithing.lua: Lua error: ...Data/SpecializationData/The_War_Within/Blacksmithing.lua:3: attempt to index field 'SPECIALIZATION_DATA' (a nil value)
stack traceback:
	(string):1: in main chunk
Lua error: Lua Error: @/home/osso/.worktrees/wow-ui-sim-p510-page/data/patch-api/evidence/5.1.0-session-2026-10-08/addon-snapshot/CraftSim/Data/SpecializationData/The_War_Within/Blacksmithing.lua: Lua error: ...Data/SpecializationData/The_War_Within/Blacksmithing.lua:3: attempt to index field 'SPECIALIZATION_DATA' (a nil value)
stack traceback:
	(string):1: in main chunk
[Interface/AddOns/Blizzard_ScriptErrors/Blizzard_ScriptErrors.lua]:59: in function 'GetErrorData'
[Interface/AddOns/Blizzard_ScriptErrors/Blizzard_ScriptErrors.lua]:72: in function <[Interface/AddOns/Blizzard_ScriptErrors/Blizzard_ScriptErrors.lua]:71>

Lua error: @/home/osso/.worktrees/wow-ui-sim-p510-page/data/patch-api/evidence/5.1.0-session-2026-10-08/addon-snapshot/CraftSim/Data/SpecializationData/The_War_Within/Inscription.lua: Lua error: ...m/Data/SpecializationData/The_War_Within/Inscription.lua:3: attempt to index field 'SPECIALIZATION_DATA' (a nil value)
stack traceback:
	(string):1: in main chunk
Lua error: Lua Error: @/home/osso/.worktrees/wow-ui-sim-p510-page/data/patch-api/evidence/5.1.0-session-2026-10-08/addon-snapshot/CraftSim/Data/SpecializationData/The_War_Within/Inscription.lua: Lua error: ...m/Data/SpecializationData/The_War_Within/Inscription.lua:3: attempt to index field 'SPECIALIZATION_DATA' (a nil value)
stack traceback:
	(string):1: in main chunk
[Interface/AddOns/Blizzard_ScriptErrors/Blizzard_ScriptErrors.lua]:59: in function 'GetErrorData'
[Interface/AddOns/Blizzard_ScriptErrors/Blizzard_ScriptErrors.lua]:72: in function <[Interface/AddOns/Blizzard_ScriptErrors/Blizzard_ScriptErrors.lua]:71>

Lua error: @/home/osso/.worktrees/wow-ui-sim-p510-page/data/patch-api/evidence/5.1.0-session-2026-10-08/addon-snapshot/CraftSim/Data/SpecializationData/The_War_Within/Jewelcrafting.lua: Lua error: ...Data/SpecializationData/The_War_Within/Jewelcrafting.lua:3: attempt to index field 'SPECIALIZATION_DATA' (a nil value)
stack traceback:
	(string):1: in main chunk
Lua error: Lua Error: @/home/osso/.worktrees/wow-ui-sim-p510-page/data/patch-api/evidence/5.1.0-session-2026-10-08/addon-snapshot/CraftSim/Data/SpecializationData/The_War_Within/Jewelcrafting.lua: Lua error: ...Data/SpecializationData/The_War_Within/Jewelcrafting.lua:3: attempt to index field 'SPECIALIZATION_DATA' (a nil value)
stack traceback:
	(string):1: in main chunk
[Interface/AddOns/Blizzard_ScriptErrors/Blizzard_ScriptErrors.lua]:59: in function 'GetErrorData'
[Interface/AddOns/Blizzard_ScriptErrors/Blizzard_ScriptErrors.lua]:72: in function <[Interface/AddOns/Blizzard_ScriptErrors/Blizzard_ScriptErrors.lua]:71>

Lua error: @/home/osso/.worktrees/wow-ui-sim-p510-page/data/patch-api/evidence/5.1.0-session-2026-10-08/addon-snapshot/CraftSim/Data/SpecializationData/The_War_Within/Engineering.lua: Lua error: ...m/Data/SpecializationData/The_War_Within/Engineering.lua:3: attempt to index field 'SPECIALIZATION_DATA' (a nil value)
stack traceback:
	(string):1: in main chunk
Lua error: Lua Error: @/home/osso/.worktrees/wow-ui-sim-p510-page/data/patch-api/evidence/5.1.0-session-2026-10-08/addon-snapshot/CraftSim/Data/SpecializationData/The_War_Within/Engineering.lua: Lua error: ...m/Data/SpecializationData/The_War_Within/Engineering.lua:3: attempt to index field 'SPECIALIZATION_DATA' (a nil value)
stack traceback:
	(string):1: in main chunk
[Interface/AddOns/Blizzard_ScriptErrors/Blizzard_ScriptErrors.lua]:59: in function 'GetErrorData'
[Interface/AddOns/Blizzard_ScriptErrors/Blizzard_ScriptErrors.lua]:72: in function <[Interface/AddOns/Blizzard_ScriptErrors/Blizzard_ScriptErrors.lua]:71>

Lua error: @/home/osso/.worktrees/wow-ui-sim-p510-page/data/patch-api/evidence/5.1.0-session-2026-10-08/addon-snapshot/CraftSim/Data/SpecializationData/Midnight/Alchemy.lua: Lua error: ...ot/CraftSim/Data/SpecializationData/Midnight/Alchemy.lua:3: attempt to index field 'SPECIALIZATION_DATA' (a nil value)
stack traceback:
	(string):1: in main chunk
Lua error: Lua Error: @/home/osso/.worktrees/wow-ui-sim-p510-page/data/patch-api/evidence/5.1.0-session-2026-10-08/addon-snapshot/CraftSim/Data/SpecializationData/Midnight/Alchemy.lua: Lua error: ...ot/CraftSim/Data/SpecializationData/Midnight/Alchemy.lua:3: attempt to index field 'SPECIALIZATION_DATA' (a nil value)
stack traceback:
	(string):1: in main chunk
[Interface/AddOns/Blizzard_ScriptErrors/Blizzard_ScriptErrors.lua]:59: in function 'GetErrorData'
[Interface/AddOns/Blizzard_ScriptErrors/Blizzard_ScriptErrors.lua]:72: in function <[Interface/AddOns/Blizzard_ScriptErrors/Blizzard_ScriptErrors.lua]:71>

Lua error: @/home/osso/.worktrees/wow-ui-sim-p510-page/data/patch-api/evidence/5.1.0-session-2026-10-08/addon-snapshot/CraftSim/Data/SpecializationData/Midnight/Enchanting.lua: Lua error: ...CraftSim/Data/SpecializationData/Midnight/Enchanting.lua:3: attempt to index field 'SPECIALIZATION_DATA' (a nil value)
stack traceback:
	(string):1: in main chunk
Lua error: Lua Error: @/home/osso/.worktrees/wow-ui-sim-p510-page/data/patch-api/evidence/5.1.0-session-2026-10-08/addon-snapshot/CraftSim/Data/SpecializationData/Midnight/Enchanting.lua: Lua error: ...CraftSim/Data/SpecializationData/Midnight/Enchanting.lua:3: attempt to index field 'SPECIALIZATION_DATA' (a nil value)
stack traceback:
	(string):1: in main chunk
[Interface/AddOns/Blizzard_ScriptErrors/Blizzard_ScriptErrors.lua]:59: in function 'GetErrorData'
[Interface/AddOns/Blizzard_ScriptErrors/Blizzard_ScriptErrors.lua]:72: in function <[Interface/AddOns/Blizzard_ScriptErrors/Blizzard_ScriptErrors.lua]:71>

Lua error: @/home/osso/.worktrees/wow-ui-sim-p510-page/data/patch-api/evidence/5.1.0-session-2026-10-08/addon-snapshot/CraftSim/Data/SpecializationData/Midnight/Jewelcrafting.lua: Lua error: ...ftSim/Data/SpecializationData/Midnight/Jewelcrafting.lua:3: attempt to index field 'SPECIALIZATION_DATA' (a nil value)
stack traceback:
	(string):1: in main chunk
Lua error: Lua Error: @/home/osso/.worktrees/wow-ui-sim-p510-page/data/patch-api/evidence/5.1.0-session-2026-10-08/addon-snapshot/CraftSim/Data/SpecializationData/Midnight/Jewelcrafting.lua: Lua error: ...ftSim/Data/SpecializationData/Midnight/Jewelcrafting.lua:3: attempt to index field 'SPECIALIZATION_DATA' (a nil value)
stack traceback:
	(string):1: in main chunk
[Interface/AddOns/Blizzard_ScriptErrors/Blizzard_ScriptErrors.lua]:59: in function 'GetErrorData'
[Interface/AddOns/Blizzard_ScriptErrors/Blizzard_ScriptErrors.lua]:72: in function <[Interface/AddOns/Blizzard_ScriptErrors/Blizzard_ScriptErrors.lua]:71>

Lua error: @/home/osso/.worktrees/wow-ui-sim-p510-page/data/patch-api/evidence/5.1.0-session-2026-10-08/addon-snapshot/CraftSim/Data/SpecializationData/Midnight/Tailoring.lua: Lua error: .../CraftSim/Data/SpecializationData/Midnight/Tailoring.lua:3: attempt to index field 'SPECIALIZATION_DATA' (a nil value)
stack traceback:
	(string):1: in main chunk
Lua error: Lua Error: @/home/osso/.worktrees/wow-ui-sim-p510-page/data/patch-api/evidence/5.1.0-session-2026-10-08/addon-snapshot/CraftSim/Data/SpecializationData/Midnight/Tailoring.lua: Lua error: .../CraftSim/Data/SpecializationData/Midnight/Tailoring.lua:3: attempt to index field 'SPECIALIZATION_DATA' (a nil value)
stack traceback:
	(string):1: in main chunk
[Interface/AddOns/Blizzard_ScriptErrors/Blizzard_ScriptErrors.lua]:59: in function 'GetErrorData'
[Interface/AddOns/Blizzard_ScriptErrors/Blizzard_ScriptErrors.lua]:72: in function <[Interface/AddOns/Blizzard_ScriptErrors/Blizzard_ScriptErrors.lua]:71>

Lua error: @/home/osso/.worktrees/wow-ui-sim-p510-page/data/patch-api/evidence/5.1.0-session-2026-10-08/addon-snapshot/CraftSim/Data/SpecializationData/Midnight/Engineering.lua: Lua error: ...raftSim/Data/SpecializationData/Midnight/Engineering.lua:3: attempt to index field 'SPECIALIZATION_DATA' (a nil value)
stack traceback:
	(string):1: in main chunk
Lua error: Lua Error: @/home/osso/.worktrees/wow-ui-sim-p510-page/data/patch-api/evidence/5.1.0-session-2026-10-08/addon-snapshot/CraftSim/Data/SpecializationData/Midnight/Engineering.lua: Lua error: ...raftSim/Data/SpecializationData/Midnight/Engineering.lua:3: attempt to index field 'SPECIALIZATION_DATA' (a nil value)
stack traceback:
	(string):1: in main chunk
[Interface/AddOns/Blizzard_ScriptErrors/Blizzard_ScriptErrors.lua]:59: in function 'GetErrorData'
[Interface/AddOns/Blizzard_ScriptErrors/Blizzard_ScriptErrors.lua]:72: in function <[Interface/AddOns/Blizzard_ScriptErrors/Blizzard_ScriptErrors.lua]:71>

Lua error: @/home/osso/.worktrees/wow-ui-sim-p510-page/data/patch-api/evidence/5.1.0-session-2026-10-08/addon-snapshot/CraftSim/Classes/OnCraftData.lua: Lua error: ...26-10-08/addon-snapshot/CraftSim/Classes/OnCraftData.lua:8: attempt to index field 'CraftSimObject' (a nil value)
stack traceback:
	(string):1: in main chunk
Lua error: Lua Error: @/home/osso/.worktrees/wow-ui-sim-p510-page/data/patch-api/evidence/5.1.0-session-2026-10-08/addon-snapshot/CraftSim/Classes/OnCraftData.lua: Lua error: ...26-10-08/addon-snapshot/CraftSim/Classes/OnCraftData.lua:8: attempt to index field 'CraftSimObject' (a nil value)
stack traceback:
	(string):1: in main chunk
[Interface/AddOns/Blizzard_ScriptErrors/Blizzard_ScriptErrors.lua]:59: in function 'GetErrorData'
[Interface/AddOns/Blizzard_ScriptErrors/Blizzard_ScriptErrors.lua]:72: in function <[Interface/AddOns/Blizzard_ScriptErrors/Blizzard_ScriptErrors.lua]:71>

Lua error: @/home/osso/.worktrees/wow-ui-sim-p510-page/data/patch-api/evidence/5.1.0-session-2026-10-08/addon-snapshot/CraftSim/Classes/ProfessionData.lua: Lua error: ...ssion-2026-10-08/addon-snapshot/CraftSim/Debug/Debug.lua:60: attempt to index upvalue 'LibLog' (a nil value)
stack traceback:
	(string):1: in main chunk
Lua error: Lua Error: @/home/osso/.worktrees/wow-ui-sim-p510-page/data/patch-api/evidence/5.1.0-session-2026-10-08/addon-snapshot/CraftSim/Classes/ProfessionData.lua: Lua error: ...ssion-2026-10-08/addon-snapshot/CraftSim/Debug/Debug.lua:60: attempt to index upvalue 'LibLog' (a nil value)
stack traceback:
	(string):1: in main chunk
[Interface/AddOns/Blizzard_ScriptErrors/Blizzard_ScriptErrors.lua]:59: in function 'GetErrorData'
[Interface/AddOns/Blizzard_ScriptErrors/Blizzard_ScriptErrors.lua]:72: in function <[Interface/AddOns/Blizzard_ScriptErrors/Blizzard_ScriptErrors.lua]:71>

Lua error: @/home/osso/.worktrees/wow-ui-sim-p510-page/data/patch-api/evidence/5.1.0-session-2026-10-08/addon-snapshot/CraftSim/Classes/RecipeData.lua: Lua error: ...ssion-2026-10-08/addon-snapshot/CraftSim/Debug/Debug.lua:60: attempt to index upvalue 'LibLog' (a nil value)
stack traceback:
	(string):1: in main chunk
Lua error: Lua Error: @/home/osso/.worktrees/wow-ui-sim-p510-page/data/patch-api/evidence/5.1.0-session-2026-10-08/addon-snapshot/CraftSim/Classes/RecipeData.lua: Lua error: ...ssion-2026-10-08/addon-snapshot/CraftSim/Debug/Debug.lua:60: attempt to index upvalue 'LibLog' (a nil value)
stack traceback:
	(string):1: in main chunk
[Interface/AddOns/Blizzard_ScriptErrors/Blizzard_ScriptErrors.lua]:59: in function 'GetErrorData'
[Interface/AddOns/Blizzard_ScriptErrors/Blizzard_ScriptErrors.lua]:72: in function <[Interface/AddOns/Blizzard_ScriptErrors/Blizzard_ScriptErrors.lua]:71>

Lua error: @/home/osso/.worktrees/wow-ui-sim-p510-page/data/patch-api/evidence/5.1.0-session-2026-10-08/addon-snapshot/CraftSim/Classes/ReagentItem.lua: Lua error: ...26-10-08/addon-snapshot/CraftSim/Classes/ReagentItem.lua:7: attempt to index field 'CraftSimObject' (a nil value)
stack traceback:
	(string):1: in main chunk
Lua error: Lua Error: @/home/osso/.worktrees/wow-ui-sim-p510-page/data/patch-api/evidence/5.1.0-session-2026-10-08/addon-snapshot/CraftSim/Classes/ReagentItem.lua: Lua error: ...26-10-08/addon-snapshot/CraftSim/Classes/ReagentItem.lua:7: attempt to index field 'CraftSimObject' (a nil value)
stack traceback:
	(string):1: in main chunk
[Interface/AddOns/Blizzard_ScriptErrors/Blizzard_ScriptErrors.lua]:59: in function 'GetErrorData'
[Interface/AddOns/Blizzard_ScriptErrors/Blizzard_ScriptErrors.lua]:72: in function <[Interface/AddOns/Blizzard_ScriptErrors/Blizzard_ScriptErrors.lua]:71>

Lua error: @/home/osso/.worktrees/wow-ui-sim-p510-page/data/patch-api/evidence/5.1.0-session-2026-10-08/addon-snapshot/CraftSim/Classes/ProfessionStats.lua: Lua error: ...0-08/addon-snapshot/CraftSim/Classes/ProfessionStats.lua:6: attempt to index field 'CraftSimObject' (a nil value)
stack traceback:
	(string):1: in main chunk
Lua error: Lua Error: @/home/osso/.worktrees/wow-ui-sim-p510-page/data/patch-api/evidence/5.1.0-session-2026-10-08/addon-snapshot/CraftSim/Classes/ProfessionStats.lua: Lua error: ...0-08/addon-snapshot/CraftSim/Classes/ProfessionStats.lua:6: attempt to index field 'CraftSimObject' (a nil value)
stack traceback:
	(string):1: in main chunk
[Interface/AddOns/Blizzard_ScriptErrors/Blizzard_ScriptErrors.lua]:59: in function 'GetErrorData'
[Interface/AddOns/Blizzard_ScriptErrors/Blizzard_ScriptErrors.lua]:72: in function <[Interface/AddOns/Blizzard_ScriptErrors/Blizzard_ScriptErrors.lua]:71>

Lua error: @/home/osso/.worktrees/wow-ui-sim-p510-page/data/patch-api/evidence/5.1.0-session-2026-10-08/addon-snapshot/CraftSim/Classes/ProfessionStat.lua: Lua error: ...10-08/addon-snapshot/CraftSim/Classes/ProfessionStat.lua:7: attempt to index field 'CraftSimObject' (a nil value)
stack traceback:
	(string):1: in main chunk
Lua error: Lua Error: @/home/osso/.worktrees/wow-ui-sim-p510-page/data/patch-api/evidence/5.1.0-session-2026-10-08/addon-snapshot/CraftSim/Classes/ProfessionStat.lua: Lua error: ...10-08/addon-snapshot/CraftSim/Classes/ProfessionStat.lua:7: attempt to index field 'CraftSimObject' (a nil value)
stack traceback:
	(string):1: in main chunk
[Interface/AddOns/Blizzard_ScriptErrors/Blizzard_ScriptErrors.lua]:59: in function 'GetErrorData'
[Interface/AddOns/Blizzard_ScriptErrors/Blizzard_ScriptErrors.lua]:72: in function <[Interface/AddOns/Blizzard_ScriptErrors/Blizzard_ScriptErrors.lua]:71>

Lua error: @/home/osso/.worktrees/wow-ui-sim-p510-page/data/patch-api/evidence/5.1.0-session-2026-10-08/addon-snapshot/CraftSim/Classes/ProfessionGearSet.lua: Lua error: ...08/addon-snapshot/CraftSim/Classes/ProfessionGearSet.lua:6: attempt to index field 'CraftSimObject' (a nil value)
stack traceback:
	(string):1: in main chunk
Lua error: Lua Error: @/home/osso/.worktrees/wow-ui-sim-p510-page/data/patch-api/evidence/5.1.0-session-2026-10-08/addon-snapshot/CraftSim/Classes/ProfessionGearSet.lua: Lua error: ...08/addon-snapshot/CraftSim/Classes/ProfessionGearSet.lua:6: attempt to index field 'CraftSimObject' (a nil value)
stack traceback:
	(string):1: in main chunk
[Interface/AddOns/Blizzard_ScriptErrors/Blizzard_ScriptErrors.lua]:59: in function 'GetErrorData'
[Interface/AddOns/Blizzard_ScriptErrors/Blizzard_ScriptErrors.lua]:72: in function <[Interface/AddOns/Blizzard_ScriptErrors/Blizzard_ScriptErrors.lua]:71>

Lua error: @/home/osso/.worktrees/wow-ui-sim-p510-page/data/patch-api/evidence/5.1.0-session-2026-10-08/addon-snapshot/CraftSim/Classes/ProfessionGear.lua: Lua error: ...10-08/addon-snapshot/CraftSim/Classes/ProfessionGear.lua:8: attempt to index field 'CraftSimObject' (a nil value)
stack traceback:
	(string):1: in main chunk
Lua error: Lua Error: @/home/osso/.worktrees/wow-ui-sim-p510-page/data/patch-api/evidence/5.1.0-session-2026-10-08/addon-snapshot/CraftSim/Classes/ProfessionGear.lua: Lua error: ...10-08/addon-snapshot/CraftSim/Classes/ProfessionGear.lua:8: attempt to index field 'CraftSimObject' (a nil value)
stack traceback:
	(string):1: in main chunk
[Interface/AddOns/Blizzard_ScriptErrors/Blizzard_ScriptErrors.lua]:59: in function 'GetErrorData'
[Interface/AddOns/Blizzard_ScriptErrors/Blizzard_ScriptErrors.lua]:72: in function <[Interface/AddOns/Blizzard_ScriptErrors/Blizzard_ScriptErrors.lua]:71>

Lua error: @/home/osso/.worktrees/wow-ui-sim-p510-page/data/patch-api/evidence/5.1.0-session-2026-10-08/addon-snapshot/CraftSim/Classes/ResultData.lua: Lua error: ...ssion-2026-10-08/addon-snapshot/CraftSim/Debug/Debug.lua:60: attempt to index upvalue 'LibLog' (a nil value)
stack traceback:
	(string):1: in main chunk
Lua error: Lua Error: @/home/osso/.worktrees/wow-ui-sim-p510-page/data/patch-api/evidence/5.1.0-session-2026-10-08/addon-snapshot/CraftSim/Classes/ResultData.lua: Lua error: ...ssion-2026-10-08/addon-snapshot/CraftSim/Debug/Debug.lua:60: attempt to index upvalue 'LibLog' (a nil value)
stack traceback:
	(string):1: in main chunk
[Interface/AddOns/Blizzard_ScriptErrors/Blizzard_ScriptErrors.lua]:59: in function 'GetErrorData'
[Interface/AddOns/Blizzard_ScriptErrors/Blizzard_ScriptErrors.lua]:72: in function <[Interface/AddOns/Blizzard_ScriptErrors/Blizzard_ScriptErrors.lua]:71>

Lua error: @/home/osso/.worktrees/wow-ui-sim-p510-page/data/patch-api/evidence/5.1.0-session-2026-10-08/addon-snapshot/CraftSim/Classes/SalvageReagentSlot.lua: Lua error: ...8/addon-snapshot/CraftSim/Classes/SalvageReagentSlot.lua:8: attempt to index field 'CraftSimObject' (a nil value)
stack traceback:
	(string):1: in main chunk
Lua error: Lua Error: @/home/osso/.worktrees/wow-ui-sim-p510-page/data/patch-api/evidence/5.1.0-session-2026-10-08/addon-snapshot/CraftSim/Classes/SalvageReagentSlot.lua: Lua error: ...8/addon-snapshot/CraftSim/Classes/SalvageReagentSlot.lua:8: attempt to index field 'CraftSimObject' (a nil value)
stack traceback:
	(string):1: in main chunk
[Interface/AddOns/Blizzard_ScriptErrors/Blizzard_ScriptErrors.lua]:59: in function 'GetErrorData'
[Interface/AddOns/Blizzard_ScriptErrors/Blizzard_ScriptErrors.lua]:72: in function <[Interface/AddOns/Blizzard_ScriptErrors/Blizzard_ScriptErrors.lua]:71>

Lua error: @/home/osso/.worktrees/wow-ui-sim-p510-page/data/patch-api/evidence/5.1.0-session-2026-10-08/addon-snapshot/CraftSim/Classes/SpecializationData.lua: Lua error: ...ssion-2026-10-08/addon-snapshot/CraftSim/Debug/Debug.lua:60: attempt to index upvalue 'LibLog' (a nil value)
stack traceback:
	(string):1: in main chunk
Lua error: Lua Error: @/home/osso/.worktrees/wow-ui-sim-p510-page/data/patch-api/evidence/5.1.0-session-2026-10-08/addon-snapshot/CraftSim/Classes/SpecializationData.lua: Lua error: ...ssion-2026-10-08/addon-snapshot/CraftSim/Debug/Debug.lua:60: attempt to index upvalue 'LibLog' (a nil value)
stack traceback:
	(string):1: in main chunk
[Interface/AddOns/Blizzard_ScriptErrors/Blizzard_ScriptErrors.lua]:59: in function 'GetErrorData'
[Interface/AddOns/Blizzard_ScriptErrors/Blizzard_ScriptErrors.lua]:72: in function <[Interface/AddOns/Blizzard_ScriptErrors/Blizzard_ScriptErrors.lua]:71>

Lua error: @/home/osso/.worktrees/wow-ui-sim-p510-page/data/patch-api/evidence/5.1.0-session-2026-10-08/addon-snapshot/CraftSim/Classes/NodeData.lua: Lua error: ...-2026-10-08/addon-snapshot/CraftSim/Classes/NodeData.lua:6: attempt to index local 'GUTIL' (a nil value)
stack traceback:
	(string):1: in main chunk
Lua error: Lua Error: @/home/osso/.worktrees/wow-ui-sim-p510-page/data/patch-api/evidence/5.1.0-session-2026-10-08/addon-snapshot/CraftSim/Classes/NodeData.lua: Lua error: ...-2026-10-08/addon-snapshot/CraftSim/Classes/NodeData.lua:6: attempt to index local 'GUTIL' (a nil value)
stack traceback:
	(string):1: in main chunk
[Interface/AddOns/Blizzard_ScriptErrors/Blizzard_ScriptErrors.lua]:59: in function 'GetErrorData'
[Interface/AddOns/Blizzard_ScriptErrors/Blizzard_ScriptErrors.lua]:72: in function <[Interface/AddOns/Blizzard_ScriptErrors/Blizzard_ScriptErrors.lua]:71>

Lua error: @/home/osso/.worktrees/wow-ui-sim-p510-page/data/patch-api/evidence/5.1.0-session-2026-10-08/addon-snapshot/CraftSim/Classes/PerkData.lua: Lua error: ...ssion-2026-10-08/addon-snapshot/CraftSim/Debug/Debug.lua:60: attempt to index upvalue 'LibLog' (a nil value)
stack traceback:
	(string):1: in main chunk
Lua error: Lua Error: @/home/osso/.worktrees/wow-ui-sim-p510-page/data/patch-api/evidence/5.1.0-session-2026-10-08/addon-snapshot/CraftSim/Classes/PerkData.lua: Lua error: ...ssion-2026-10-08/addon-snapshot/CraftSim/Debug/Debug.lua:60: attempt to index upvalue 'LibLog' (a nil value)
stack traceback:
	(string):1: in main chunk
[Interface/AddOns/Blizzard_ScriptErrors/Blizzard_ScriptErrors.lua]:59: in function 'GetErrorData'
[Interface/AddOns/Blizzard_ScriptErrors/Blizzard_ScriptErrors.lua]:72: in function <[Interface/AddOns/Blizzard_ScriptErrors/Blizzard_ScriptErrors.lua]:71>

Lua error: @/home/osso/.worktrees/wow-ui-sim-p510-page/data/patch-api/evidence/5.1.0-session-2026-10-08/addon-snapshot/CraftSim/Classes/CraftRecipeData.lua: Lua error: ...0-08/addon-snapshot/CraftSim/Classes/CraftRecipeData.lua:65: attempt to index field 'CraftSimObject' (a nil value)
stack traceback:
	(string):1: in main chunk
Lua error: Lua Error: @/home/osso/.worktrees/wow-ui-sim-p510-page/data/patch-api/evidence/5.1.0-session-2026-10-08/addon-snapshot/CraftSim/Classes/CraftRecipeData.lua: Lua error: ...0-08/addon-snapshot/CraftSim/Classes/CraftRecipeData.lua:65: attempt to index field 'CraftSimObject' (a nil value)
stack traceback:
	(string):1: in main chunk
[Interface/AddOns/Blizzard_ScriptErrors/Blizzard_ScriptErrors.lua]:59: in function 'GetErrorData'
[Interface/AddOns/Blizzard_ScriptErrors/Blizzard_ScriptErrors.lua]:72: in function <[Interface/AddOns/Blizzard_ScriptErrors/Blizzard_ScriptErrors.lua]:71>

Lua error: @/home/osso/.worktrees/wow-ui-sim-p510-page/data/patch-api/evidence/5.1.0-session-2026-10-08/addon-snapshot/CraftSim/Classes/JSONBuilder.lua: Lua error: ...26-10-08/addon-snapshot/CraftSim/Classes/JSONBuilder.lua:7: attempt to index field 'CraftSimObject' (a nil value)
stack traceback:
	(string):1: in main chunk
Lua error: Lua Error: @/home/osso/.worktrees/wow-ui-sim-p510-page/data/patch-api/evidence/5.1.0-session-2026-10-08/addon-snapshot/CraftSim/Classes/JSONBuilder.lua: Lua error: ...26-10-08/addon-snapshot/CraftSim/Classes/JSONBuilder.lua:7: attempt to index field 'CraftSimObject' (a nil value)
stack traceback:
	(string):1: in main chunk
[Interface/AddOns/Blizzard_ScriptErrors/Blizzard_ScriptErrors.lua]:59: in function 'GetErrorData'
[Interface/AddOns/Blizzard_ScriptErrors/Blizzard_ScriptErrors.lua]:72: in function <[Interface/AddOns/Blizzard_ScriptErrors/Blizzard_ScriptErrors.lua]:71>

Lua error: @/home/osso/.worktrees/wow-ui-sim-p510-page/data/patch-api/evidence/5.1.0-session-2026-10-08/addon-snapshot/CraftSim/Classes/Buff.lua: Lua error: ...ssion-2026-10-08/addon-snapshot/CraftSim/Debug/Debug.lua:60: attempt to index upvalue 'LibLog' (a nil value)
stack traceback:
	(string):1: in main chunk
Lua error: Lua Error: @/home/osso/.worktrees/wow-ui-sim-p510-page/data/patch-api/evidence/5.1.0-session-2026-10-08/addon-snapshot/CraftSim/Classes/Buff.lua: Lua error: ...ssion-2026-10-08/addon-snapshot/CraftSim/Debug/Debug.lua:60: attempt to index upvalue 'LibLog' (a nil value)
stack traceback:
	(string):1: in main chunk
[Interface/AddOns/Blizzard_ScriptErrors/Blizzard_ScriptErrors.lua]:59: in function 'GetErrorData'
[Interface/AddOns/Blizzard_ScriptErrors/Blizzard_ScriptErrors.lua]:72: in function <[Interface/AddOns/Blizzard_ScriptErrors/Blizzard_ScriptErrors.lua]:71>

Lua error: @/home/osso/.worktrees/wow-ui-sim-p510-page/data/patch-api/evidence/5.1.0-session-2026-10-08/addon-snapshot/CraftSim/Classes/CraftQueue.lua: Lua error: ...026-10-08/addon-snapshot/CraftSim/Classes/CraftQueue.lua:7: attempt to index field 'CraftSimObject' (a nil value)
stack traceback:
	(string):1: in main chunk
Lua error: Lua Error: @/home/osso/.worktrees/wow-ui-sim-p510-page/data/patch-api/evidence/5.1.0-session-2026-10-08/addon-snapshot/CraftSim/Classes/CraftQueue.lua: Lua error: ...026-10-08/addon-snapshot/CraftSim/Classes/CraftQueue.lua:7: attempt to index field 'CraftSimObject' (a nil value)
stack traceback:
	(string):1: in main chunk
[Interface/AddOns/Blizzard_ScriptErrors/Blizzard_ScriptErrors.lua]:59: in function 'GetErrorData'
[Interface/AddOns/Blizzard_ScriptErrors/Blizzard_ScriptErrors.lua]:72: in function <[Interface/AddOns/Blizzard_ScriptErrors/Blizzard_ScriptErrors.lua]:71>

Lua error: @/home/osso/.worktrees/wow-ui-sim-p510-page/data/patch-api/evidence/5.1.0-session-2026-10-08/addon-snapshot/CraftSim/Classes/CraftQueueItem.lua: Lua error: ...10-08/addon-snapshot/CraftSim/Classes/CraftQueueItem.lua:8: attempt to index field 'CraftSimObject' (a nil value)
stack traceback:
	(string):1: in main chunk
Lua error: Lua Error: @/home/osso/.worktrees/wow-ui-sim-p510-page/data/patch-api/evidence/5.1.0-session-2026-10-08/addon-snapshot/CraftSim/Classes/CraftQueueItem.lua: Lua error: ...10-08/addon-snapshot/CraftSim/Classes/CraftQueueItem.lua:8: attempt to index field 'CraftSimObject' (a nil value)
stack traceback:
	(string):1: in main chunk
[Interface/AddOns/Blizzard_ScriptErrors/Blizzard_ScriptErrors.lua]:59: in function 'GetErrorData'
[Interface/AddOns/Blizzard_ScriptErrors/Blizzard_ScriptErrors.lua]:72: in function <[Interface/AddOns/Blizzard_ScriptErrors/Blizzard_ScriptErrors.lua]:71>

Lua error: IO error reading /home/osso/.worktrees/wow-ui-sim-p510-page/data/patch-api/evidence/5.1.0-session-2026-10-08/addon-snapshot/XIV_Databar_Continued/Libs/CallbackHandler-1.0/CallbackHandler-1.0.lua: No such file or directory (os error 2)
stack traceback:
	(string):1: in main chunk
Lua error: Lua Error: IO error reading /home/osso/.worktrees/wow-ui-sim-p510-page/data/patch-api/evidence/5.1.0-session-2026-10-08/addon-snapshot/XIV_Databar_Continued/Libs/CallbackHandler-1.0/CallbackHandler-1.0.lua: No such file or directory (os error 2)
stack traceback:
	(string):1: in main chunk
[Interface/AddOns/Blizzard_ScriptErrors/Blizzard_ScriptErrors.lua]:59: in function 'GetErrorData'
[Interface/AddOns/Blizzard_ScriptErrors/Blizzard_ScriptErrors.lua]:72: in function <[Interface/AddOns/Blizzard_ScriptErrors/Blizzard_ScriptErrors.lua]:71>

Lua error: Lua Error: IO error reading /home/osso/.worktrees/wow-ui-sim-p510-page/data/patch-api/evidence/5.1.0-session-2026-10-08/addon-snapshot/XIV_Databar_Continued/Libs/CallbackHandler-1.0/CallbackHandler-1.0.lua: No such file or directory (os error 2)
stack traceback:
	(string):1: in main chunk
[Interface/AddOns/Blizzard_ScriptErrors/Blizzard_ScriptErrors.lua]:59: in function 'GetErrorData'
[Interface/AddOns/Blizzard_ScriptErrors/Blizzard_ScriptErrors.lua]:72: in function <[Interface/AddOns/Blizzard_ScriptErrors/Blizzard_ScriptErrors.lua]:71>

Lua error: @/home/osso/.worktrees/wow-ui-sim-p510-page/data/patch-api/evidence/5.1.0-session-2026-10-08/addon-snapshot/XIV_Databar_Continued/locales/enUS.lua: Lua error: ...08/addon-snapshot/XIV_Databar_Continued/locales/enUS.lua:4: Cannot find a library instance of "AceLocale-3.0".
stack traceback:
	(string):1: in main chunk
Lua error: Lua Error: @/home/osso/.worktrees/wow-ui-sim-p510-page/data/patch-api/evidence/5.1.0-session-2026-10-08/addon-snapshot/XIV_Databar_Continued/locales/enUS.lua: Lua error: ...08/addon-snapshot/XIV_Databar_Continued/locales/enUS.lua:4: Cannot find a library instance of "AceLocale-3.0".
stack traceback:
	(string):1: in main chunk
[Interface/AddOns/Blizzard_ScriptErrors/Blizzard_ScriptErrors.lua]:59: in function 'GetErrorData'
[Interface/AddOns/Blizzard_ScriptErrors/Blizzard_ScriptErrors.lua]:72: in function <[Interface/AddOns/Blizzard_ScriptErrors/Blizzard_ScriptErrors.lua]:71>

Lua error: @/home/osso/.worktrees/wow-ui-sim-p510-page/data/patch-api/evidence/5.1.0-session-2026-10-08/addon-snapshot/XIV_Databar_Continued/core.lua: Lua error: ...2026-10-08/addon-snapshot/XIV_Databar_Continued/core.lua:6: Cannot find a library instance of "AceAddon-3.0".
stack traceback:
	(string):1: in main chunk
Lua error: Lua Error: @/home/osso/.worktrees/wow-ui-sim-p510-page/data/patch-api/evidence/5.1.0-session-2026-10-08/addon-snapshot/XIV_Databar_Continued/core.lua: Lua error: ...2026-10-08/addon-snapshot/XIV_Databar_Continued/core.lua:6: Cannot find a library instance of "AceAddon-3.0".
stack traceback:
	(string):1: in main chunk
[Interface/AddOns/Blizzard_ScriptErrors/Blizzard_ScriptErrors.lua]:59: in function 'GetErrorData'
[Interface/AddOns/Blizzard_ScriptErrors/Blizzard_ScriptErrors.lua]:72: in function <[Interface/AddOns/Blizzard_ScriptErrors/Blizzard_ScriptErrors.lua]:71>

Lua error: @/home/osso/.worktrees/wow-ui-sim-p510-page/data/patch-api/evidence/5.1.0-session-2026-10-08/addon-snapshot/XIV_Databar_Continued/options.lua: Lua error: ...6-10-08/addon-snapshot/XIV_Databar_Continued/options.lua:5: Cannot find a library instance of "AceConfig-3.0".
stack traceback:
	(string):1: in main chunk
Lua error: Lua Error: @/home/osso/.worktrees/wow-ui-sim-p510-page/data/patch-api/evidence/5.1.0-session-2026-10-08/addon-snapshot/XIV_Databar_Continued/options.lua: Lua error: ...6-10-08/addon-snapshot/XIV_Databar_Continued/options.lua:5: Cannot find a library instance of "AceConfig-3.0".
stack traceback:
	(string):1: in main chunk
[Interface/AddOns/Blizzard_ScriptErrors/Blizzard_ScriptErrors.lua]:59: in function 'GetErrorData'
[Interface/AddOns/Blizzard_ScriptErrors/Blizzard_ScriptErrors.lua]:72: in function <[Interface/AddOns/Blizzard_ScriptErrors/Blizzard_ScriptErrors.lua]:71>

Lua error: @/home/osso/.worktrees/wow-ui-sim-p510-page/data/patch-api/evidence/5.1.0-session-2026-10-08/addon-snapshot/XIV_Databar_Continued/Core/utils/changelog/Old/v1/1.0.lua: Lua error: ...IV_Databar_Continued/Core/utils/changelog/Old/v1/1.0.lua:3: attempt to index field 'Changelog' (a nil value)
stack traceback:
	(string):1: in main chunk
Lua error: Lua Error: @/home/osso/.worktrees/wow-ui-sim-p510-page/data/patch-api/evidence/5.1.0-session-2026-10-08/addon-snapshot/XIV_Databar_Continued/Core/utils/changelog/Old/v1/1.0.lua: Lua error: ...IV_Databar_Continued/Core/utils/changelog/Old/v1/1.0.lua:3: attempt to index field 'Changelog' (a nil value)
stack traceback:
	(string):1: in main chunk
[Interface/AddOns/Blizzard_ScriptErrors/Blizzard_ScriptErrors.lua]:59: in function 'GetErrorData'
[Interface/AddOns/Blizzard_ScriptErrors/Blizzard_ScriptErrors.lua]:72: in function <[Interface/AddOns/Blizzard_ScriptErrors/Blizzard_ScriptErrors.lua]:71>

Lua error: @/home/osso/.worktrees/wow-ui-sim-p510-page/data/patch-api/evidence/5.1.0-session-2026-10-08/addon-snapshot/XIV_Databar_Continued/Core/utils/mythicteleports/expansions/classic.lua: Lua error: ...tinued/Core/utils/mythicteleports/expansions/classic.lua:6: attempt to index local 'L' (a nil value)
stack traceback:
	(string):1: in main chunk
Lua error: Lua Error: @/home/osso/.worktrees/wow-ui-sim-p510-page/data/patch-api/evidence/5.1.0-session-2026-10-08/addon-snapshot/XIV_Databar_Continued/Core/utils/mythicteleports/expansions/classic.lua: Lua error: ...tinued/Core/utils/mythicteleports/expansions/classic.lua:6: attempt to index local 'L' (a nil value)
stack traceback:
	(string):1: in main chunk
[Interface/AddOns/Blizzard_ScriptErrors/Blizzard_ScriptErrors.lua]:59: in function 'GetErrorData'
[Interface/AddOns/Blizzard_ScriptErrors/Blizzard_ScriptErrors.lua]:72: in function <[Interface/AddOns/Blizzard_ScriptErrors/Blizzard_ScriptErrors.lua]:71>


=== Addon loading summary (before startup events) ===
Loaded: 30/48 addons
Failed during loading: 26
Load failures: 2
Loaded with Lua errors during loading: 24
Total: 241 Lua files, 11 XML files, 650 warnings
Total time: 927.47ms
  IO:         39.50ms (4.3%)
  XML parse:  11.29ms (1.2%)
  XML proc:   9.80ms (1.1%)
  XML frames: 2.56ms (0.3%, subset of XML proc)
    setup:  1.91ms  (code_build=14.66µs exec_lua=1.90ms props=9.09µs)
    finalize: 232.56µs  (layers=541.00ns anim=221.00ns button=4.39µs lifecycle=215.20µs)
    1 frames, 0 textures, 0 fontstrings, 1 lifecycle fires
  Lua exec:   866.86ms (93.5%)
    compile:  742.75ms (80.1%, subset of Lua exec)
    call:     124.12ms (13.4%, subset of Lua exec)
  SavedVars:  11.90µs (0.0%)
Bytecode cache: 0/467 hits (0%, lookup_miss=0 replay_fail=0 stored=0 store_fail=0)

Slowest addons:
  182.6ms  DandersFrames (lua=172.9ms compile=150.5ms call=22.4ms sv=1.2µs xml=0.0ns)
  128.7ms  CraftSim (lua=122.8ms compile=98.0ms call=24.8ms sv=240.0ns xml=0.0ns)
   80.6ms  EllesmereUI (lua=77.9ms compile=70.8ms call=7.1ms sv=801.0ns xml=0.0ns)
   80.2ms  Leatrix_Plus (lua=77.5ms compile=74.6ms call=3.0ms sv=802.0ns xml=897.7µs)
   54.6ms  BetterBlizzFrames (lua=52.7ms compile=49.2ms call=3.5ms sv=250.0ns xml=88.5µs)
   50.9ms  EllesmereUICooldownManager (lua=44.6ms compile=41.6ms call=3.0ms sv=251.0ns xml=0.0ns)
   45.7ms  Plumber (lua=40.7ms compile=32.8ms call=7.9ms sv=331.0ns xml=3.6ms)
   43.6ms  EnhanceQoL (lua=40.6ms compile=34.1ms call=6.5ms sv=241.0ns xml=1.5ms)
   41.6ms  Leatrix_Maps (lua=40.5ms compile=39.7ms call=855.0µs sv=622.0ns xml=384.2µs)
   32.7ms  ItemVersion (lua=32.2ms compile=29.1ms call=3.1ms sv=270.0ns xml=0.0ns)
[  4.850s] [Startup] end load third-party addons in 1.19s
[  4.850s] [Startup] begin sync addon names to Lua
[  4.851s] [Startup] end sync addon names to Lua in 524.31µs
[  4.851s] [Startup] applying post-load workarounds
[  4.850s] [Startup] apply_post_load_workarounds: begin
[  4.850s] [Workarounds] starting patch_edit_mode_manager
[  4.851s] [Workarounds] finished patch_edit_mode_manager in 573.92µs
[  4.851s] [Workarounds] starting init_edit_mode_layout
[  4.851s] [EditMode] starting setup_layout_info
[  4.857s] [EditMode] finished setup_layout_info in 6.34ms
[  4.857s] [EditMode] starting apply_system_anchors
[  5.113s] [EditMode] finished apply_system_anchors in 255.41ms
[  5.113s] [EditMode] starting finalize_action_bar_positions
[  5.117s] [EditMode] finished finalize_action_bar_positions in 3.81ms
[  5.117s] [EditMode] starting invoke_anchor_changed_hooks
[  5.125s] [EditMode] finished invoke_anchor_changed_hooks in 8.28ms
[  5.125s] [EditMode] starting fix_action_bar_nan_size
[  5.125s] [EditMode] finished fix_action_bar_nan_size in 153.79µs
[  5.125s] [EditMode] starting fix_action_bar_scale
[  5.125s] [EditMode] finished fix_action_bar_scale in 18.38µs
[  5.125s] [Workarounds] finished init_edit_mode_layout in 274.16ms
[  5.125s] [Workarounds] starting patch_ui_parent_panel_toggles
[  5.125s] [Workarounds] finished patch_ui_parent_panel_toggles in 378.03µs
[  5.125s] [Workarounds] starting patch_uiparent_onupdate_worklists
[  5.126s] [Workarounds] finished patch_uiparent_onupdate_worklists in 216.05µs
[  5.126s] [Workarounds] starting init_chat_type_colors
[  5.126s] [Workarounds] finished init_chat_type_colors in 291.35µs
[  5.126s] [Workarounds] starting patch_chat_voice_button_surface
[  5.127s] [Workarounds] finished patch_chat_voice_button_surface in 536.33µs
[  5.127s] [Workarounds] starting patch_item_socketing_tooltips
[  5.127s] [Workarounds] finished patch_item_socketing_tooltips in 125.99µs
[  5.127s] [Workarounds] starting patch_character_select_selected_name
[  5.127s] [Workarounds] finished patch_character_select_selected_name in 54.56µs
[  5.127s] [Workarounds] starting patch_character_create_defaults
[  5.127s] [Workarounds] finished patch_character_create_defaults in 400.21µs
[  5.127s] [Workarounds] starting patch_character_frame_title_refresh
[  5.143s] [Workarounds] finished patch_character_frame_title_refresh in 16.23ms
[  5.143s] [Workarounds] starting patch_vignette_pin_template
[  5.144s] [Workarounds] finished patch_vignette_pin_template in 299.12µs
[  5.144s] [Workarounds] starting patch_fog_of_war_pin_mixin
[  5.144s] [Workarounds] finished patch_fog_of_war_pin_mixin in 615.83µs
[  5.144s] [Workarounds] starting patch_map_exploration_pin_mixin
[  5.145s] [Workarounds] finished patch_map_exploration_pin_mixin in 758.43µs
[  5.145s] [Workarounds] starting patch_map_canvas_data_provider_attachment
[  5.145s] [Workarounds] finished patch_map_canvas_data_provider_attachment in 118.78µs
[  5.145s] [Workarounds] starting ensure_adventure_map_frame_surface
[  5.146s] [Workarounds] finished ensure_adventure_map_frame_surface in 266.28µs
[  5.146s] [Workarounds] starting patch_action_bar_button_event_fanout
[  5.146s] [Workarounds] finished patch_action_bar_button_event_fanout in 174.33µs
[  5.146s] [Workarounds] starting patch_paging_controls_page_text
[  5.146s] [Workarounds] finished patch_paging_controls_page_text in 67.49µs
[  5.146s] [Workarounds] starting patch_talent_edge_frame_level_sync
[  5.146s] [Workarounds] finished patch_talent_edge_frame_level_sync in 41.35µs
[  5.146s] [Workarounds] starting patch_catalog_shop_product_card_defaults
[  5.146s] [Workarounds] finished patch_catalog_shop_product_card_defaults in 93.75µs
[  5.146s] [Workarounds] starting patch_game_time_defaults
[  5.146s] [Workarounds] finished patch_game_time_defaults in 11.83µs
[  5.146s] [Workarounds] starting patch_tooltip_nineslice_surface
[  5.146s] [Workarounds] finished patch_tooltip_nineslice_surface in 71.26µs
[  5.146s] [Workarounds] starting patch_container_frame_token_tracker
[  5.146s] [Workarounds] finished patch_container_frame_token_tracker in 59.59µs
[  5.146s] [Workarounds] starting patch_achievement_display_set_achievements
[  5.146s] [Workarounds] finished patch_achievement_display_set_achievements in 12.56µs
[  5.146s] [Workarounds] starting patch_housing_dashboard_preload
[  5.146s] [Workarounds] finished patch_housing_dashboard_preload in 282.12µs
[  5.146s] [Workarounds] starting patch_lfg_lock_list
[  5.146s] [Workarounds] finished patch_lfg_lock_list in 13.48µs
[  5.146s] [Workarounds] starting patch_auction_house_browse_results_event
[  5.147s] [Workarounds] finished patch_auction_house_browse_results_event in 112.67µs
[  5.147s] [Workarounds] starting patch_auction_house_search_context_aliases
[  5.147s] [Workarounds] finished patch_auction_house_search_context_aliases in 55.38µs
[  5.147s] [Workarounds] starting patch_auth_challenge_frame_parent
[  5.147s] [Workarounds] finished patch_auth_challenge_frame_parent in 92.06µs
[  5.147s] [Workarounds] starting patch_settings_surface_defaults
[  5.147s] [Workarounds] finished patch_settings_surface_defaults in 731.40µs
[  5.147s] [Workarounds] starting patch_settings_canvas_layout_visibility
[  5.148s] [Workarounds] finished patch_settings_canvas_layout_visibility in 191.71µs
[  5.148s] [Startup] apply_post_load_workarounds: workarounds complete
[  5.262s] [Startup] apply_post_load_workarounds: globals restored
[  5.263s] [Startup] apply_post_load_workarounds: patch 12.1 compatibility restored
[  5.263s] [Startup] apply_post_load_workarounds: seterrorhandler restored
[  5.263s] [Startup] post-load workarounds complete in 412.26ms
[  5.263s] [Startup] restarting GC after bootstrap
[  5.533s] [Startup] GC restart complete in 270.49ms
=== Final observed Lua error summary ===
Status: FAILED
Lua errors: 505 unique, 519 occurrence(s)
Attributed owners: 28
  AdvancedInterfaceOptions: 6 occurrence(s)
  AstralKeys: 18 occurrence(s)
  BetterBlizzFrames: 12 occurrence(s)
  BlizzMove: 10 occurrence(s)
  BossHelper: 20 occurrence(s)
  BugSack: 2 occurrence(s)
  Chattynator: 28 occurrence(s)
  Clicked: 22 occurrence(s)
  Collectionator: 1 occurrence(s)
  CraftSim: 158 occurrence(s)
  CursorRing: 16 occurrence(s)
  DandersFrames: 14 occurrence(s)
  DeModal: 2 occurrence(s)
  Dejunk: 2 occurrence(s)
  DialogueUI: 22 occurrence(s)
  EXBOSS-LocaleBase: 1 occurrence(s)
  EllesmereUI: 7 occurrence(s)
  EllesmereUICooldownManager: 2 occurrence(s)
  EnhanceQoL: 32 occurrence(s)
  Falcon: 10 occurrence(s)
  InTime: 4 occurrence(s)
  ItemVersion: 12 occurrence(s)
  Leatrix_Plus: 4 occurrence(s)
  Plumber: 50 occurrence(s)
  SavedInstances: 24 occurrence(s)
  Simulationcraft: 6 occurrence(s)
  Syndicator: 16 occurrence(s)
  XIV_Databar_Continued: 14 occurrence(s)
Unattributed Lua errors: 4 occurrence(s)
[
  {
    "message": "@/home/osso/.worktrees/wow-ui-sim-p510-page/data/patch-api/evidence/5.1.0-session-2026-10-08/addon-snapshot/AdvancedInterfaceOptions/cvars.lua: Lua error: ...-10-08/addon-snapshot/AdvancedInterfaceOptions/cvars.lua:1165: attempt to call local '(for state)' (a nil value)\nstack traceback:\n\t(string):1: in main chunk",
    "count": 1
  },
  {
    "message": "Lua Error: @/home/osso/.worktrees/wow-ui-sim-p510-page/data/patch-api/evidence/5.1.0-session-2026-10-08/addon-snapshot/AdvancedInterfaceOptions/cvars.lua: Lua error: ...-10-08/addon-snapshot/AdvancedInterfaceOptions/cvars.lua:1165: attempt to call local '(for state)' (a nil value)\nstack traceback:\n\t(string):1: in main chunk\n[Interface/AddOns/Blizzard_ScriptErrors/Blizzard_ScriptErrors.lua]:59: in function 'GetErrorData'\n[Interface/AddOns/Blizzard_ScriptErrors/Blizzard_ScriptErrors.lua]:72: in function <[Interface/AddOns/Blizzard_ScriptErrors/Blizzard_ScriptErrors.lua]:71>",
    "count": 1
  },
  {
    "message": "@/home/osso/.worktrees/wow-ui-sim-p510-page/data/patch-api/evidence/5.1.0-session-2026-10-08/addon-snapshot/AdvancedInterfaceOptions/browser.lua: Lua error: ...0-08/addon-snapshot/AdvancedInterfaceOptions/browser.lua:2: attempt to call method 'Eve' (a nil value)\nstack traceback:\n\t(string):1: in main chunk",
    "count": 1
  },
  {
    "message": "Lua Error: @/home/osso/.worktrees/wow-ui-sim-p510-page/data/patch-api/evidence/5.1.0-session-2026-10-08/addon-snapshot/AdvancedInterfaceOptions/browser.lua: Lua error: ...0-08/addon-snapshot/AdvancedInterfaceOptions/browser.lua:2: attempt to call method 'Eve' (a nil value)\nstack traceback:\n\t(string):1: in main chunk\n[Interface/AddOns/Blizzard_ScriptErrors/Blizzard_ScriptErrors.lua]:59: in function 'GetErrorData'\n[Interface/AddOns/Blizzard_ScriptErrors/Blizzard_ScriptErrors.lua]:72: in function <[Interface/AddOns/Blizzard_ScriptErrors/Blizzard_ScriptErrors.lua]:71>",
    "count": 1
  },
  {
    "message": "@/home/osso/.worktrees/wow-ui-sim-p510-page/data/patch-api/evidence/5.1.0-session-2026-10-08/addon-snapshot/AdvancedInterfaceOptions/basicOptions.lua: Lua error: ...addon-snapshot/AdvancedInterfaceOptions/basicOptions.lua:2: attempt to call method 'Eve' (a nil value)\nstack traceback:\n\t(string):1: in main chunk",
    "count": 1
  },
  {
    "message": "Lua Error: @/home/osso/.worktrees/wow-ui-sim-p510-page/data/patch-api/evidence/5.1.0-session-2026-10-08/addon-snapshot/AdvancedInterfaceOptions/basicOptions.lua: Lua error: ...addon-snapshot/AdvancedInterfaceOptions/basicOptions.lua:2: attempt to call method 'Eve' (a nil value)\nstack traceback:\n\t(string):1: in main chunk\n[Interface/AddOns/Blizzard_ScriptErrors/Blizzard_ScriptErrors.lua]:59: in function 'GetErrorData'\n[Interface/AddOns/Blizzard_ScriptErrors/Blizzard_ScriptErrors.lua]:72: in function <[Interface/AddOns/Blizzard_ScriptErrors/Blizzard_ScriptErrors.lua]:71>",
    "count": 1
  },
  {
    "message": "IO error reading /home/osso/.worktrees/wow-ui-sim-p510-page/data/patch-api/evidence/5.1.0-session-2026-10-08/addon-snapshot/AstralKeys/Libs/LibStub/LibStub.lua: No such file or directory (os error 2)\nstack traceback:\n\t(string):1: in main chunk",
    "count": 1
  },
  {
    "message": "Lua Error: IO error reading /home/osso/.worktrees/wow-ui-sim-p510-page/data/patch-api/evidence/5.1.0-session-2026-10-08/addon-snapshot/AstralKeys/Libs/LibStub/LibStub.lua: No such file or directory (os error 2)\nstack traceback:\n\t(string):1: in main chunk\n[Interface/AddOns/Blizzard_ScriptErrors/Blizzard_ScriptErrors.lua]:59: in function 'GetErrorData'\n[Interface/AddOns/Blizzard_ScriptErrors/Blizzard_ScriptErrors.lua]:72: in function <[Interface/AddOns/Blizzard_ScriptErrors/Blizzard_ScriptErrors.lua]:71>",
    "count": 1
  },
  {
    "message": "@/home/osso/.worktrees/wow-ui-sim-p510-page/data/patch-api/evidence/5.1.0-session-2026-10-08/addon-snapshot/AstralKeys/Dialog.lua: Lua error: .../addon-snapshot/AstralKeys/Localization/Localization.lua:17: stack overflow\nstack traceback:\n\t(string):1: in main chunk",
    "count": 1
  },
  {
    "message": "Lua Error: @/home/osso/.worktrees/wow-ui-sim-p510-page/data/patch-api/evidence/5.1.0-session-2026-10-08/addon-snapshot/AstralKeys/Dialog.lua: Lua error: .../addon-snapshot/AstralKeys/Localization/Localization.lua:17: stack overflow\nstack traceback:\n\t(string):1: in main chunk\n[Interface/AddOns/Blizzard_ScriptErrors/Blizzard_ScriptErrors.lua]:59: in function 'GetErrorData'\n[Interface/AddOns/Blizzard_ScriptErrors/Blizzard_ScriptErrors.lua]:72: in function <[Interface/AddOns/Blizzard_ScriptErrors/Blizzard_ScriptErrors.lua]:71>",
    "count": 1
  },
  {
    "message": "@/home/osso/.worktrees/wow-ui-sim-p510-page/data/patch-api/evidence/5.1.0-session-2026-10-08/addon-snapshot/AstralKeys/Communications.lua: Lua error: ...-2026-10-08/addon-snapshot/AstralKeys/Communications.lua:252: attempt to index global 'AstralEvents' (a nil value)\nstack traceback:\n\t(string):1: in main chunk",
    "count": 1
  },
  {
    "message": "Lua Error: @/home/osso/.worktrees/wow-ui-sim-p510-page/data/patch-api/evidence/5.1.0-session-2026-10-08/addon-snapshot/AstralKeys/Communications.lua: Lua error: ...-2026-10-08/addon-snapshot/AstralKeys/Communications.lua:252: attempt to index global 'AstralEvents' (a nil value)\nstack traceback:\n\t(string):1: in main chunk\n[Interface/AddOns/Blizzard_ScriptErrors/Blizzard_ScriptErrors.lua]:59: in function 'GetErrorData'\n[Interface/AddOns/Blizzard_ScriptErrors/Blizzard_ScriptErrors.lua]:72: in function <[Interface/AddOns/Blizzard_ScriptErrors/Blizzard_ScriptErrors.lua]:71>",
    "count": 1
  },
  {
    "message": "@/home/osso/.worktrees/wow-ui-sim-p510-page/data/patch-api/evidence/5.1.0-session-2026-10-08/addon-snapshot/AstralKeys/Lists/Friends.lua: Lua error: ...n-2026-10-08/addon-snapshot/AstralKeys/Lists/Friends.lua:75: attempt to index global 'AstralEvents' (a nil value)\nstack traceback:\n\t(string):1: in main chunk",
    "count": 1
  },
  {
    "message": "Lua Error: @/home/osso/.worktrees/wow-ui-sim-p510-page/data/patch-api/evidence/5.1.0-session-2026-10-08/addon-snapshot/AstralKeys/Lists/Friends.lua: Lua error: ...n-2026-10-08/addon-snapshot/AstralKeys/Lists/Friends.lua:75: attempt to index global 'AstralEvents' (a nil value)\nstack traceback:\n\t(string):1: in main chunk\n[Interface/AddOns/Blizzard_ScriptErrors/Blizzard_ScriptErrors.lua]:59: in function 'GetErrorData'\n[Interface/AddOns/Blizzard_ScriptErrors/Blizzard_ScriptErrors.lua]:72: in function <[Interface/AddOns/Blizzard_ScriptErrors/Blizzard_ScriptErrors.lua]:71>",
    "count": 1
  },
  {
    "message": "@/home/osso/.worktrees/wow-ui-sim-p510-page/data/patch-api/evidence/5.1.0-session-2026-10-08/addon-snapshot/AstralKeys/Lists/Guild.lua: Lua error: ...ion-2026-10-08/addon-snapshot/AstralKeys/Lists/Guild.lua:19: attempt to index global 'AstralEvents' (a nil value)\nstack traceback:\n\t(string):1: in main chunk",
    "count": 1
  },
  {
    "message": "Lua Error: @/home/osso/.worktrees/wow-ui-sim-p510-page/data/patch-api/evidence/5.1.0-session-2026-10-08/addon-snapshot/AstralKeys/Lists/Guild.lua: Lua error: ...ion-2026-10-08/addon-snapshot/AstralKeys/Lists/Guild.lua:19: attempt to index global 'AstralEvents' (a nil value)\nstack traceback:\n\t(string):1: in main chunk\n[Interface/AddOns/Blizzard_ScriptErrors/Blizzard_ScriptErrors.lua]:59: in function 'GetErrorData'\n[Interface/AddOns/Blizzard_ScriptErrors/Blizzard_ScriptErrors.lua]:72: in function <[Interface/AddOns/Blizzard_ScriptErrors/Blizzard_ScriptErrors.lua]:71>",
    "count": 1
  },
  {
    "message": "@/home/osso/.worktrees/wow-ui-sim-p510-page/data/patch-api/evidence/5.1.0-session-2026-10-08/addon-snapshot/AstralKeys/Dungeons.lua: Lua error: .../addon-snapshot/AstralKeys/Localization/Localization.lua:17: stack overflow\nstack traceback:\n\t(string):1: in main chunk",
    "count": 1
  },
  {
    "message": "Lua Error: @/home/osso/.worktrees/wow-ui-sim-p510-page/data/patch-api/evidence/5.1.0-session-2026-10-08/addon-snapshot/AstralKeys/Dungeons.lua: Lua error: .../addon-snapshot/AstralKeys/Localization/Localization.lua:17: stack overflow\nstack traceback:\n\t(string):1: in main chunk\n[Interface/AddOns/Blizzard_ScriptErrors/Blizzard_ScriptErrors.lua]:59: in function 'GetErrorData'\n[Interface/AddOns/Blizzard_ScriptErrors/Blizzard_ScriptErrors.lua]:72: in function <[Interface/AddOns/Blizzard_ScriptErrors/Blizzard_ScriptErrors.lua]:71>",
    "count": 1
  },
  {
    "message": "@/home/osso/.worktrees/wow-ui-sim-p510-page/data/patch-api/evidence/5.1.0-session-2026-10-08/addon-snapshot/AstralKeys/AstralKeys.lua: Lua error: ...sion-2026-10-08/addon-snapshot/AstralKeys/AstralKeys.lua:93: attempt to index global 'AstralEvents' (a nil value)\nstack traceback:\n\t(string):1: in main chunk",
    "count": 1
  },
  {
    "message": "Lua Error: @/home/osso/.worktrees/wow-ui-sim-p510-page/data/patch-api/evidence/5.1.0-session-2026-10-08/addon-snapshot/AstralKeys/AstralKeys.lua: Lua error: ...sion-2026-10-08/addon-snapshot/AstralKeys/AstralKeys.lua:93: attempt to index global 'AstralEvents' (a nil value)\nstack traceback:\n\t(string):1: in main chunk\n[Interface/AddOns/Blizzard_ScriptErrors/Blizzard_ScriptErrors.lua]:59: in function 'GetErrorData'\n[Interface/AddOns/Blizzard_ScriptErrors/Blizzard_ScriptErrors.lua]:72: in function <[Interface/AddOns/Blizzard_ScriptErrors/Blizzard_ScriptErrors.lua]:71>",
    "count": 1
  },
  {
    "message": "IO error reading /home/osso/.worktrees/wow-ui-sim-p510-page/data/patch-api/evidence/5.1.0-session-2026-10-08/addon-snapshot/AstralKeys/Frame.lua: No such file or directory (os error 2)\nstack traceback:\n\t(string):1: in main chunk",
    "count": 1
  },
  {
    "message": "Lua Error: IO error reading /home/osso/.worktrees/wow-ui-sim-p510-page/data/patch-api/evidence/5.1.0-session-2026-10-08/addon-snapshot/AstralKeys/Frame.lua: No such file or directory (os error 2)\nstack traceback:\n\t(string):1: in main chunk\n[Interface/AddOns/Blizzard_ScriptErrors/Blizzard_ScriptErrors.lua]:59: in function 'GetErrorData'\n[Interface/AddOns/Blizzard_ScriptErrors/Blizzard_ScriptErrors.lua]:72: in function <[Interface/AddOns/Blizzard_ScriptErrors/Blizzard_ScriptErrors.lua]:71>",
    "count": 1
  },
  {
    "message": "@/home/osso/.worktrees/wow-ui-sim-p510-page/data/patch-api/evidence/5.1.0-session-2026-10-08/addon-snapshot/AstralKeys/MinimapButton.lua: Lua error: ...n-2026-10-08/addon-snapshot/AstralKeys/MinimapButton.lua:4: attempt to call a nil value\nstack traceback:\n\t(string):1: in main chunk",
    "count": 1
  },
  {
    "message": "Lua Error: @/home/osso/.worktrees/wow-ui-sim-p510-page/data/patch-api/evidence/5.1.0-session-2026-10-08/addon-snapshot/AstralKeys/MinimapButton.lua: Lua error: ...n-2026-10-08/addon-snapshot/AstralKeys/MinimapButton.lua:4: attempt to call a nil value\nstack traceback:\n\t(string):1: in main chunk\n[Interface/AddOns/Blizzard_ScriptErrors/Blizzard_ScriptErrors.lua]:59: in function 'GetErrorData'\n[Interface/AddOns/Blizzard_ScriptErrors/Blizzard_ScriptErrors.lua]:72: in function <[Interface/AddOns/Blizzard_ScriptErrors/Blizzard_ScriptErrors.lua]:71>",
    "count": 1
  },
  {
    "message": "IO error reading /home/osso/.worktrees/wow-ui-sim-p510-page/data/patch-api/evidence/5.1.0-session-2026-10-08/addon-snapshot/BetterBlizzFrames/libs/LibStub/LibStub.lua: No such file or directory (os error 2)\nstack traceback:\n\t(string):1: in main chunk",
    "count": 1
  },
  {
    "message": "Lua Error: IO error reading /home/osso/.worktrees/wow-ui-sim-p510-page/data/patch-api/evidence/5.1.0-session-2026-10-08/addon-snapshot/BetterBlizzFrames/libs/LibStub/LibStub.lua: No such file or directory (os error 2)\nstack traceback:\n\t(string):1: in main chunk\n[Interface/AddOns/Blizzard_ScriptErrors/Blizzard_ScriptErrors.lua]:59: in function 'GetErrorData'\n[Interface/AddOns/Blizzard_ScriptErrors/Blizzard_ScriptErrors.lua]:72: in function <[Interface/AddOns/Blizzard_ScriptErrors/Blizzard_ScriptErrors.lua]:71>",
    "count": 1
  },
  {
    "message": "@/home/osso/.worktrees/wow-ui-sim-p510-page/data/patch-api/evidence/5.1.0-session-2026-10-08/addon-snapshot/BetterBlizzFrames/shared/functions.lua: Lua error: ...08/addon-snapshot/BetterBlizzFrames/shared/functions.lua:329: attempt to call a nil value\nstack traceback:\n\t(string):1: in main chunk",
    "count": 1
  },
  {
    "message": "Lua Error: @/home/osso/.worktrees/wow-ui-sim-p510-page/data/patch-api/evidence/5.1.0-session-2026-10-08/addon-snapshot/BetterBlizzFrames/shared/functions.lua: Lua error: ...08/addon-snapshot/BetterBlizzFrames/shared/functions.lua:329: attempt to call a nil value\nstack traceback:\n\t(string):1: in main chunk\n[Interface/AddOns/Blizzard_ScriptErrors/Blizzard_ScriptErrors.lua]:59: in function 'GetErrorData'\n[Interface/AddOns/Blizzard_ScriptErrors/Blizzard_ScriptErrors.lua]:72: in function <[Interface/AddOns/Blizzard_ScriptErrors/Blizzard_ScriptErrors.lua]:71>",
    "count": 1
  },
  {
    "message": "@/home/osso/.worktrees/wow-ui-sim-p510-page/data/patch-api/evidence/5.1.0-session-2026-10-08/addon-snapshot/BetterBlizzFrames/shared/ImportExport.lua: Lua error: ...addon-snapshot/BetterBlizzFrames/shared/ImportExport.lua:2: attempt to call a nil value\nstack traceback:\n\t(string):1: in main chunk",
    "count": 1
  },
  {
    "message": "Lua Error: @/home/osso/.worktrees/wow-ui-sim-p510-page/data/patch-api/evidence/5.1.0-session-2026-10-08/addon-snapshot/BetterBlizzFrames/shared/ImportExport.lua: Lua error: ...addon-snapshot/BetterBlizzFrames/shared/ImportExport.lua:2: attempt to call a nil value\nstack traceback:\n\t(string):1: in main chunk\n[Interface/AddOns/Blizzard_ScriptErrors/Blizzard_ScriptErrors.lua]:59: in function 'GetErrorData'\n[Interface/AddOns/Blizzard_ScriptErrors/Blizzard_ScriptErrors.lua]:72: in function <[Interface/AddOns/Blizzard_ScriptErrors/Blizzard_ScriptErrors.lua]:71>",
    "count": 1
  },
  {
    "message": "@/home/osso/.worktrees/wow-ui-sim-p510-page/data/patch-api/evidence/5.1.0-session-2026-10-08/addon-snapshot/BetterBlizzFrames/retail/modules/interruptIcon.lua: Lua error: ...pshot/BetterBlizzFrames/retail/modules/interruptIcon.lua:333: attempt to call a nil value\nstack traceback:\n\t(string):1: in main chunk",
    "count": 1
  },
  {
    "message": "Lua Error: @/home/osso/.worktrees/wow-ui-sim-p510-page/data/patch-api/evidence/5.1.0-session-2026-10-08/addon-snapshot/BetterBlizzFrames/retail/modules/interruptIcon.lua: Lua error: ...pshot/BetterBlizzFrames/retail/modules/interruptIcon.lua:333: attempt to call a nil value\nstack traceback:\n\t(string):1: in main chunk\n[Interface/AddOns/Blizzard_ScriptErrors/Blizzard_ScriptErrors.lua]:59: in function 'GetErrorData'\n[Interface/AddOns/Blizzard_ScriptErrors/Blizzard_ScriptErrors.lua]:72: in function <[Interface/AddOns/Blizzard_ScriptErrors/Blizzard_ScriptErrors.lua]:71>",
    "count": 1
  },
  {
    "message": "@/home/osso/.worktrees/wow-ui-sim-p510-page/data/patch-api/evidence/5.1.0-session-2026-10-08/addon-snapshot/BetterBlizzFrames/retail/modules/prd.lua: Lua error: .../addon-snapshot/BetterBlizzFrames/retail/modules/prd.lua:1: attempt to call a nil value\nstack traceback:\n\t(string):1: in main chunk",
    "count": 1
  },
  {
    "message": "Lua Error: @/home/osso/.worktrees/wow-ui-sim-p510-page/data/patch-api/evidence/5.1.0-session-2026-10-08/addon-snapshot/BetterBlizzFrames/retail/modules/prd.lua: Lua error: .../addon-snapshot/BetterBlizzFrames/retail/modules/prd.lua:1: attempt to call a nil value\nstack traceback:\n\t(string):1: in main chunk\n[Interface/AddOns/Blizzard_ScriptErrors/Blizzard_ScriptErrors.lua]:59: in function 'GetErrorData'\n[Interface/AddOns/Blizzard_ScriptErrors/Blizzard_ScriptErrors.lua]:72: in function <[Interface/AddOns/Blizzard_ScriptErrors/Blizzard_ScriptErrors.lua]:71>",
    "count": 1
  },
  {
    "message": "@/home/osso/.worktrees/wow-ui-sim-p510-page/data/patch-api/evidence/5.1.0-session-2026-10-08/addon-snapshot/BetterBlizzFrames/retail/gui.lua: Lua error: ...26-10-08/addon-snapshot/BetterBlizzFrames/retail/gui.lua:2: attempt to index global 'LibStub' (a nil value)\nstack traceback:\n\t(string):1: in main chunk",
    "count": 1
  },
  {
    "message": "Lua Error: @/home/osso/.worktrees/wow-ui-sim-p510-page/data/patch-api/evidence/5.1.0-session-2026-10-08/addon-snapshot/BetterBlizzFrames/retail/gui.lua: Lua error: ...26-10-08/addon-snapshot/BetterBlizzFrames/retail/gui.lua:2: attempt to index global 'LibStub' (a nil value)\nstack traceback:\n\t(string):1: in main chunk\n[Interface/AddOns/Blizzard_ScriptErrors/Blizzard_ScriptErrors.lua]:59: in function 'GetErrorData'\n[Interface/AddOns/Blizzard_ScriptErrors/Blizzard_ScriptErrors.lua]:72: in function <[Interface/AddOns/Blizzard_ScriptErrors/Blizzard_ScriptErrors.lua]:71>",
    "count": 1
  },
  {
    "message": "IO error loading /home/osso/.worktrees/wow-ui-sim-p510-page/data/patch-api/evidence/5.1.0-session-2026-10-08/addon-snapshot/BlizzMove/Libs/CallbackHandler-1.0/CallbackHandler-1.0.xml: No such file or directory (os error 2)\nstack traceback:\n\t(string):1: in main chunk",
    "count": 1
  },
  {
    "message": "Lua Error: IO error loading /home/osso/.worktrees/wow-ui-sim-p510-page/data/patch-api/evidence/5.1.0-session-2026-10-08/addon-snapshot/BlizzMove/Libs/CallbackHandler-1.0/CallbackHandler-1.0.xml: No such file or directory (os error 2)\nstack traceback:\n\t(string):1: in main chunk\n[Interface/AddOns/Blizzard_ScriptErrors/Blizzard_ScriptErrors.lua]:59: in function 'GetErrorData'\n[Interface/AddOns/Blizzard_ScriptErrors/Blizzard_ScriptErrors.lua]:72: in function <[Interface/AddOns/Blizzard_ScriptErrors/Blizzard_ScriptErrors.lua]:71>",
    "count": 1
  },
  {
    "message": "XML error: IO error loading /home/osso/.worktrees/wow-ui-sim-p510-page/data/patch-api/evidence/5.1.0-session-2026-10-08/addon-snapshot/BlizzMove/Libs/CallbackHandler-1.0/CallbackHandler-1.0.xml: No such file or directory (os error 2)\nstack traceback:\n\t(string):1: in main chunk",
    "count": 1
  },
  {
    "message": "Lua Error: XML error: IO error loading /home/osso/.worktrees/wow-ui-sim-p510-page/data/patch-api/evidence/5.1.0-session-2026-10-08/addon-snapshot/BlizzMove/Libs/CallbackHandler-1.0/CallbackHandler-1.0.xml: No such file or directory (os error 2)\nstack traceback:\n\t(string):1: in main chunk\n[Interface/AddOns/Blizzard_ScriptErrors/Blizzard_ScriptErrors.lua]:59: in function 'GetErrorData'\n[Interface/AddOns/Blizzard_ScriptErrors/Blizzard_ScriptErrors.lua]:72: in function <[Interface/AddOns/Blizzard_ScriptErrors/Blizzard_ScriptErrors.lua]:71>",
    "count": 1
  },
  {
    "message": "IO error reading /home/osso/.worktrees/wow-ui-sim-p510-page/data/patch-api/evidence/5.1.0-session-2026-10-08/addon-snapshot/BlizzMove/Locale/enUS.lua: No such file or directory (os error 2)\nstack traceback:\n\t(string):1: in main chunk",
    "count": 1
  },
  {
    "message": "Lua Error: IO error reading /home/osso/.worktrees/wow-ui-sim-p510-page/data/patch-api/evidence/5.1.0-session-2026-10-08/addon-snapshot/BlizzMove/Locale/enUS.lua: No such file or directory (os error 2)\nstack traceback:\n\t(string):1: in main chunk\n[Interface/AddOns/Blizzard_ScriptErrors/Blizzard_ScriptErrors.lua]:59: in function 'GetErrorData'\n[Interface/AddOns/Blizzard_ScriptErrors/Blizzard_ScriptErrors.lua]:72: in function <[Interface/AddOns/Blizzard_ScriptErrors/Blizzard_ScriptErrors.lua]:71>",
    "count": 1
  },
  {
    "message": "@/home/osso/.worktrees/wow-ui-sim-p510-page/data/patch-api/evidence/5.1.0-session-2026-10-08/addon-snapshot/BlizzMove/BlizzMove.lua: Lua error: ...ession-2026-10-08/addon-snapshot/BlizzMove/BlizzMove.lua:34: Cannot find a library instance of \"AceAddon-3.0\".\nstack traceback:\n\t(string):1: in main chunk",
    "count": 1
  },
  {
    "message": "Lua Error: @/home/osso/.worktrees/wow-ui-sim-p510-page/data/patch-api/evidence/5.1.0-session-2026-10-08/addon-snapshot/BlizzMove/BlizzMove.lua: Lua error: ...ession-2026-10-08/addon-snapshot/BlizzMove/BlizzMove.lua:34: Cannot find a library instance of \"AceAddon-3.0\".\nstack traceback:\n\t(string):1: in main chunk\n[Interface/AddOns/Blizzard_ScriptErrors/Blizzard_ScriptErrors.lua]:59: in function 'GetErrorData'\n[Interface/AddOns/Blizzard_ScriptErrors/Blizzard_ScriptErrors.lua]:72: in function <[Interface/AddOns/Blizzard_ScriptErrors/Blizzard_ScriptErrors.lua]:71>",
    "count": 1
  },
  {
    "message": "@/home/osso/.worktrees/wow-ui-sim-p510-page/data/patch-api/evidence/5.1.0-session-2026-10-08/addon-snapshot/BlizzMove/BlizzMoveConfig.lua: Lua error: ...-2026-10-08/addon-snapshot/BlizzMove/BlizzMoveConfig.lua:13: Cannot find a library instance of \"AceAddon-3.0\".\nstack traceback:\n\t(string):1: in main chunk",
    "count": 1
  },
  {
    "message": "Lua Error: @/home/osso/.worktrees/wow-ui-sim-p510-page/data/patch-api/evidence/5.1.0-session-2026-10-08/addon-snapshot/BlizzMove/BlizzMoveConfig.lua: Lua error: ...-2026-10-08/addon-snapshot/BlizzMove/BlizzMoveConfig.lua:13: Cannot find a library instance of \"AceAddon-3.0\".\nstack traceback:\n\t(string):1: in main chunk\n[Interface/AddOns/Blizzard_ScriptErrors/Blizzard_ScriptErrors.lua]:59: in function 'GetErrorData'\n[Interface/AddOns/Blizzard_ScriptErrors/Blizzard_ScriptErrors.lua]:72: in function <[Interface/AddOns/Blizzard_ScriptErrors/Blizzard_ScriptErrors.lua]:71>",
    "count": 1
  },
  {
    "message": "@/home/osso/.worktrees/wow-ui-sim-p510-page/data/patch-api/evidence/5.1.0-session-2026-10-08/addon-snapshot/BossHelper/Core/BossData.lua: Lua error: ...n-2026-10-08/addon-snapshot/BossHelper/Core/BossData.lua:37: attempt to index global 'BossHelper' (a nil value)\nstack traceback:\n\t(string):1: in main chunk",
    "count": 1
  },
  {
    "message": "Lua Error: @/home/osso/.worktrees/wow-ui-sim-p510-page/data/patch-api/evidence/5.1.0-session-2026-10-08/addon-snapshot/BossHelper/Core/BossData.lua: Lua error: ...n-2026-10-08/addon-snapshot/BossHelper/Core/BossData.lua:37: attempt to index global 'BossHelper' (a nil value)\nstack traceback:\n\t(string):1: in main chunk\n[Interface/AddOns/Blizzard_ScriptErrors/Blizzard_ScriptErrors.lua]:59: in function 'GetErrorData'\n[Interface/AddOns/Blizzard_ScriptErrors/Blizzard_ScriptErrors.lua]:72: in function <[Interface/AddOns/Blizzard_ScriptErrors/Blizzard_ScriptErrors.lua]:71>",
    "count": 1
  },
  {
    "message": "@/home/osso/.worktrees/wow-ui-sim-p510-page/data/patch-api/evidence/5.1.0-session-2026-10-08/addon-snapshot/BossHelper/Core/AffixData.lua: Lua error: ...-2026-10-08/addon-snapshot/BossHelper/Core/AffixData.lua:8: attempt to index global 'BossHelper' (a nil value)\nstack traceback:\n\t(string):1: in main chunk",
    "count": 1
  },
  {
    "message": "Lua Error: @/home/osso/.worktrees/wow-ui-sim-p510-page/data/patch-api/evidence/5.1.0-session-2026-10-08/addon-snapshot/BossHelper/Core/AffixData.lua: Lua error: ...-2026-10-08/addon-snapshot/BossHelper/Core/AffixData.lua:8: attempt to index global 'BossHelper' (a nil value)\nstack traceback:\n\t(string):1: in main chunk\n[Interface/AddOns/Blizzard_ScriptErrors/Blizzard_ScriptErrors.lua]:59: in function 'GetErrorData'\n[Interface/AddOns/Blizzard_ScriptErrors/Blizzard_ScriptErrors.lua]:72: in function <[Interface/AddOns/Blizzard_ScriptErrors/Blizzard_ScriptErrors.lua]:71>",
    "count": 1
  },
  {
    "message": "@/home/osso/.worktrees/wow-ui-sim-p510-page/data/patch-api/evidence/5.1.0-session-2026-10-08/addon-snapshot/BossHelper/Core/Functions.lua: Lua error: ...-2026-10-08/addon-snapshot/BossHelper/Core/Functions.lua:10: attempt to index global 'BossHelper' (a nil value)\nstack traceback:\n\t(string):1: in main chunk",
    "count": 1
  },
  {
    "message": "Lua Error: @/home/osso/.worktrees/wow-ui-sim-p510-page/data/patch-api/evidence/5.1.0-session-2026-10-08/addon-snapshot/BossHelper/Core/Functions.lua: Lua error: ...-2026-10-08/addon-snapshot/BossHelper/Core/Functions.lua:10: attempt to index global 'BossHelper' (a nil value)\nstack traceback:\n\t(string):1: in main chunk\n[Interface/AddOns/Blizzard_ScriptErrors/Blizzard_ScriptErrors.lua]:59: in function 'GetErrorData'\n[Interface/AddOns/Blizzard_ScriptErrors/Blizzard_ScriptErrors.lua]:72: in function <[Interface/AddOns/Blizzard_ScriptErrors/Blizzard_ScriptErrors.lua]:71>",
    "count": 1
  },
  {
    "message": "@/home/osso/.worktrees/wow-ui-sim-p510-page/data/patch-api/evidence/5.1.0-session-2026-10-08/addon-snapshot/BossHelper/Core/EditModeLogic.lua: Lua error: ...6-10-08/addon-snapshot/BossHelper/Core/EditModeLogic.lua:3: attempt to index global 'BossHelper' (a nil value)\nstack traceback:\n\t(string):1: in main chunk",
    "count": 1
  },
  {
    "message": "Lua Error: @/home/osso/.worktrees/wow-ui-sim-p510-page/data/patch-api/evidence/5.1.0-session-2026-10-08/addon-snapshot/BossHelper/Core/EditModeLogic.lua: Lua error: ...6-10-08/addon-snapshot/BossHelper/Core/EditModeLogic.lua:3: attempt to index global 'BossHelper' (a nil value)\nstack traceback:\n\t(string):1: in main chunk\n[Interface/AddOns/Blizzard_ScriptErrors/Blizzard_ScriptErrors.lua]:59: in function 'GetErrorData'\n[Interface/AddOns/Blizzard_ScriptErrors/Blizzard_ScriptErrors.lua]:72: in function <[Interface/AddOns/Blizzard_ScriptErrors/Blizzard_ScriptErrors.lua]:71>",
    "count": 1
  },
  {
    "message": "@/home/osso/.worktrees/wow-ui-sim-p510-page/data/patch-api/evidence/5.1.0-session-2026-10-08/addon-snapshot/BossHelper/UI/StartPage.lua: Lua error: ...on-2026-10-08/addon-snapshot/BossHelper/UI/StartPage.lua:12: attempt to index field 'UI' (a nil value)\nstack traceback:\n\t(string):1: in main chunk",
    "count": 1
  },
  {
    "message": "Lua Error: @/home/osso/.worktrees/wow-ui-sim-p510-page/data/patch-api/evidence/5.1.0-session-2026-10-08/addon-snapshot/BossHelper/UI/StartPage.lua: Lua error: ...on-2026-10-08/addon-snapshot/BossHelper/UI/StartPage.lua:12: attempt to index field 'UI' (a nil value)\nstack traceback:\n\t(string):1: in main chunk\n[Interface/AddOns/Blizzard_ScriptErrors/Blizzard_ScriptErrors.lua]:59: in function 'GetErrorData'\n[Interface/AddOns/Blizzard_ScriptErrors/Blizzard_ScriptErrors.lua]:72: in function <[Interface/AddOns/Blizzard_ScriptErrors/Blizzard_ScriptErrors.lua]:71>",
    "count": 1
  },
  {
    "message": "@/home/osso/.worktrees/wow-ui-sim-p510-page/data/patch-api/evidence/5.1.0-session-2026-10-08/addon-snapshot/BossHelper/UI/Settings.lua: Lua error: ...ion-2026-10-08/addon-snapshot/BossHelper/UI/Settings.lua:40: attempt to index field 'UI' (a nil value)\nstack traceback:\n\t(string):1: in main chunk",
    "count": 1
  },
  {
    "message": "Lua Error: @/home/osso/.worktrees/wow-ui-sim-p510-page/data/patch-api/evidence/5.1.0-session-2026-10-08/addon-snapshot/BossHelper/UI/Settings.lua: Lua error: ...ion-2026-10-08/addon-snapshot/BossHelper/UI/Settings.lua:40: attempt to index field 'UI' (a nil value)\nstack traceback:\n\t(string):1: in main chunk\n[Interface/AddOns/Blizzard_ScriptErrors/Blizzard_ScriptErrors.lua]:59: in function 'GetErrorData'\n[Interface/AddOns/Blizzard_ScriptErrors/Blizzard_ScriptErrors.lua]:72: in function <[Interface/AddOns/Blizzard_ScriptErrors/Blizzard_ScriptErrors.lua]:71>",
    "count": 1
  },
  {
    "message": "@/home/osso/.worktrees/wow-ui-sim-p510-page/data/patch-api/evidence/5.1.0-session-2026-10-08/addon-snapshot/BossHelper/UI/EditTactics.lua: Lua error: ...-2026-10-08/addon-snapshot/BossHelper/UI/EditTactics.lua:28: attempt to index field 'UI' (a nil value)\nstack traceback:\n\t(string):1: in main chunk",
    "count": 1
  },
  {
    "message": "Lua Error: @/home/osso/.worktrees/wow-ui-sim-p510-page/data/patch-api/evidence/5.1.0-session-2026-10-08/addon-snapshot/BossHelper/UI/EditTactics.lua: Lua error: ...-2026-10-08/addon-snapshot/BossHelper/UI/EditTactics.lua:28: attempt to index field 'UI' (a nil value)\nstack traceback:\n\t(string):1: in main chunk\n[Interface/AddOns/Blizzard_ScriptErrors/Blizzard_ScriptErrors.lua]:59: in function 'GetErrorData'\n[Interface/AddOns/Blizzard_ScriptErrors/Blizzard_ScriptErrors.lua]:72: in function <[Interface/AddOns/Blizzard_ScriptErrors/Blizzard_ScriptErrors.lua]:71>",
    "count": 1
  },
  {
    "message": "@/home/osso/.worktrees/wow-ui-sim-p510-page/data/patch-api/evidence/5.1.0-session-2026-10-08/addon-snapshot/BossHelper/UI/Affixes.lua: Lua error: ...sion-2026-10-08/addon-snapshot/BossHelper/UI/Affixes.lua:10: attempt to index field 'AffixData' (a nil value)\nstack traceback:\n\t(string):1: in main chunk",
    "count": 1
  },
  {
    "message": "Lua Error: @/home/osso/.worktrees/wow-ui-sim-p510-page/data/patch-api/evidence/5.1.0-session-2026-10-08/addon-snapshot/BossHelper/UI/Affixes.lua: Lua error: ...sion-2026-10-08/addon-snapshot/BossHelper/UI/Affixes.lua:10: attempt to index field 'AffixData' (a nil value)\nstack traceback:\n\t(string):1: in main chunk\n[Interface/AddOns/Blizzard_ScriptErrors/Blizzard_ScriptErrors.lua]:59: in function 'GetErrorData'\n[Interface/AddOns/Blizzard_ScriptErrors/Blizzard_ScriptErrors.lua]:72: in function <[Interface/AddOns/Blizzard_ScriptErrors/Blizzard_ScriptErrors.lua]:71>",
    "count": 1
  },
  {
    "message": "@/home/osso/.worktrees/wow-ui-sim-p510-page/data/patch-api/evidence/5.1.0-session-2026-10-08/addon-snapshot/BossHelper/UI/QuickStart.lua: Lua error: ...n-2026-10-08/addon-snapshot/BossHelper/UI/QuickStart.lua:11: attempt to index field 'UI' (a nil value)\nstack traceback:\n\t(string):1: in main chunk",
    "count": 1
  },
  {
    "message": "Lua Error: @/home/osso/.worktrees/wow-ui-sim-p510-page/data/patch-api/evidence/5.1.0-session-2026-10-08/addon-snapshot/BossHelper/UI/QuickStart.lua: Lua error: ...n-2026-10-08/addon-snapshot/BossHelper/UI/QuickStart.lua:11: attempt to index field 'UI' (a nil value)\nstack traceback:\n\t(string):1: in main chunk\n[Interface/AddOns/Blizzard_ScriptErrors/Blizzard_ScriptErrors.lua]:59: in function 'GetErrorData'\n[Interface/AddOns/Blizzard_ScriptErrors/Blizzard_ScriptErrors.lua]:72: in function <[Interface/AddOns/Blizzard_ScriptErrors/Blizzard_ScriptErrors.lua]:71>",
    "count": 1
  },
  {
    "message": "@/home/osso/.worktrees/wow-ui-sim-p510-page/data/patch-api/evidence/5.1.0-session-2026-10-08/addon-snapshot/BossHelper/Modules/MiniWindow.lua: Lua error: ...6-10-08/addon-snapshot/BossHelper/Modules/MiniWindow.lua:97: attempt to index field 'UI' (a nil value)\nstack traceback:\n\t(string):1: in main chunk",
    "count": 1
  },
  {
    "message": "Lua Error: @/home/osso/.worktrees/wow-ui-sim-p510-page/data/patch-api/evidence/5.1.0-session-2026-10-08/addon-snapshot/BossHelper/Modules/MiniWindow.lua: Lua error: ...6-10-08/addon-snapshot/BossHelper/Modules/MiniWindow.lua:97: attempt to index field 'UI' (a nil value)\nstack traceback:\n\t(string):1: in main chunk\n[Interface/AddOns/Blizzard_ScriptErrors/Blizzard_ScriptErrors.lua]:59: in function 'GetErrorData'\n[Interface/AddOns/Blizzard_ScriptErrors/Blizzard_ScriptErrors.lua]:72: in function <[Interface/AddOns/Blizzard_ScriptErrors/Blizzard_ScriptErrors.lua]:71>",
    "count": 1
  },
  {
    "message": "IO error reading /home/osso/.worktrees/wow-ui-sim-p510-page/data/patch-api/evidence/5.1.0-session-2026-10-08/addon-snapshot/BugSack/Libs/LibStub/LibStub.lua: No such file or directory (os error 2)\nstack traceback:\n\t(string):1: in main chunk",
    "count": 1
  },
  {
    "message": "Lua Error: IO error reading /home/osso/.worktrees/wow-ui-sim-p510-page/data/patch-api/evidence/5.1.0-session-2026-10-08/addon-snapshot/BugSack/Libs/LibStub/LibStub.lua: No such file or directory (os error 2)\nstack traceback:\n\t(string):1: in main chunk\n[Interface/AddOns/Blizzard_ScriptErrors/Blizzard_ScriptErrors.lua]:59: in function 'GetErrorData'\n[Interface/AddOns/Blizzard_ScriptErrors/Blizzard_ScriptErrors.lua]:72: in function <[Interface/AddOns/Blizzard_ScriptErrors/Blizzard_ScriptErrors.lua]:71>",
    "count": 1
  },
  {
    "message": "IO error reading /home/osso/.worktrees/wow-ui-sim-p510-page/data/patch-api/evidence/5.1.0-session-2026-10-08/addon-snapshot/Chattynator/Libs/LibSharedMedia-3.0/LibSharedMedia-3.0.lua: No such file or directory (os error 2)\nstack traceback:\n\t(string):1: in main chunk",
    "count": 1
  },
  {
    "message": "Lua Error: IO error reading /home/osso/.worktrees/wow-ui-sim-p510-page/data/patch-api/evidence/5.1.0-session-2026-10-08/addon-snapshot/Chattynator/Libs/LibSharedMedia-3.0/LibSharedMedia-3.0.lua: No such file or directory (os error 2)\nstack traceback:\n\t(string):1: in main chunk\n[Interface/AddOns/Blizzard_ScriptErrors/Blizzard_ScriptErrors.lua]:59: in function 'GetErrorData'\n[Interface/AddOns/Blizzard_ScriptErrors/Blizzard_ScriptErrors.lua]:72: in function <[Interface/AddOns/Blizzard_ScriptErrors/Blizzard_ScriptErrors.lua]:71>",
    "count": 1
  },
  {
    "message": "@/home/osso/.worktrees/wow-ui-sim-p510-page/data/patch-api/evidence/5.1.0-session-2026-10-08/addon-snapshot/Chattynator/Core/Config.lua: Lua error: ...on-2026-10-08/addon-snapshot/Chattynator/Core/Config.lua:77: attempt to index field 'Constants' (a nil value)\nstack traceback:\n\t(string):1: in main chunk",
    "count": 1
  },
  {
    "message": "Lua Error: @/home/osso/.worktrees/wow-ui-sim-p510-page/data/patch-api/evidence/5.1.0-session-2026-10-08/addon-snapshot/Chattynator/Core/Config.lua: Lua error: ...on-2026-10-08/addon-snapshot/Chattynator/Core/Config.lua:77: attempt to index field 'Constants' (a nil value)\nstack traceback:\n\t(string):1: in main chunk\n[Interface/AddOns/Blizzard_ScriptErrors/Blizzard_ScriptErrors.lua]:59: in function 'GetErrorData'\n[Interface/AddOns/Blizzard_ScriptErrors/Blizzard_ScriptErrors.lua]:72: in function <[Interface/AddOns/Blizzard_ScriptErrors/Blizzard_ScriptErrors.lua]:71>",
    "count": 1
  },
  {
    "message": "@/home/osso/.worktrees/wow-ui-sim-p510-page/data/patch-api/evidence/5.1.0-session-2026-10-08/addon-snapshot/Chattynator/Core/Utilities.lua: Lua error: ...2026-10-08/addon-snapshot/Chattynator/Core/Utilities.lua:4: attempt to index field 'Utilities' (a nil value)\nstack traceback:\n\t(string):1: in main chunk",
    "count": 1
  },
  {
    "message": "Lua Error: @/home/osso/.worktrees/wow-ui-sim-p510-page/data/patch-api/evidence/5.1.0-session-2026-10-08/addon-snapshot/Chattynator/Core/Utilities.lua: Lua error: ...2026-10-08/addon-snapshot/Chattynator/Core/Utilities.lua:4: attempt to index field 'Utilities' (a nil value)\nstack traceback:\n\t(string):1: in main chunk\n[Interface/AddOns/Blizzard_ScriptErrors/Blizzard_ScriptErrors.lua]:59: in function 'GetErrorData'\n[Interface/AddOns/Blizzard_ScriptErrors/Blizzard_ScriptErrors.lua]:72: in function <[Interface/AddOns/Blizzard_ScriptErrors/Blizzard_ScriptErrors.lua]:71>",
    "count": 1
  },
  {
    "message": "@/home/osso/.worktrees/wow-ui-sim-p510-page/data/patch-api/evidence/5.1.0-session-2026-10-08/addon-snapshot/Chattynator/Core/Fonts.lua: Lua error: ...ion-2026-10-08/addon-snapshot/Chattynator/Core/Fonts.lua:4: Cannot find a library instance of \"LibSharedMedia-3.0\".\nstack traceback:\n\t(string):1: in main chunk",
    "count": 1
  },
  {
    "message": "Lua Error: @/home/osso/.worktrees/wow-ui-sim-p510-page/data/patch-api/evidence/5.1.0-session-2026-10-08/addon-snapshot/Chattynator/Core/Fonts.lua: Lua error: ...ion-2026-10-08/addon-snapshot/Chattynator/Core/Fonts.lua:4: Cannot find a library instance of \"LibSharedMedia-3.0\".\nstack traceback:\n\t(string):1: in main chunk\n[Interface/AddOns/Blizzard_ScriptErrors/Blizzard_ScriptErrors.lua]:59: in function 'GetErrorData'\n[Interface/AddOns/Blizzard_ScriptErrors/Blizzard_ScriptErrors.lua]:72: in function <[Interface/AddOns/Blizzard_ScriptErrors/Blizzard_ScriptErrors.lua]:71>",
    "count": 1
  },
  {
    "message": "@/home/osso/.worktrees/wow-ui-sim-p510-page/data/patch-api/evidence/5.1.0-session-2026-10-08/addon-snapshot/Chattynator/Core/Overrides.lua: Lua error: ...2026-10-08/addon-snapshot/Chattynator/Core/Overrides.lua:4: attempt to index field 'Core' (a nil value)\nstack traceback:\n\t(string):1: in main chunk",
    "count": 1
  },
  {
    "message": "Lua Error: @/home/osso/.worktrees/wow-ui-sim-p510-page/data/patch-api/evidence/5.1.0-session-2026-10-08/addon-snapshot/Chattynator/Core/Overrides.lua: Lua error: ...2026-10-08/addon-snapshot/Chattynator/Core/Overrides.lua:4: attempt to index field 'Core' (a nil value)\nstack traceback:\n\t(string):1: in main chunk\n[Interface/AddOns/Blizzard_ScriptErrors/Blizzard_ScriptErrors.lua]:59: in function 'GetErrorData'\n[Interface/AddOns/Blizzard_ScriptErrors/Blizzard_ScriptErrors.lua]:72: in function <[Interface/AddOns/Blizzard_ScriptErrors/Blizzard_ScriptErrors.lua]:71>",
    "count": 1
  },
  {
    "message": "@/home/osso/.worktrees/wow-ui-sim-p510-page/data/patch-api/evidence/5.1.0-session-2026-10-08/addon-snapshot/Chattynator/Core/Initialize.lua: Lua error: ...026-10-08/addon-snapshot/Chattynator/Core/Initialize.lua:6: attempt to index field 'Constants' (a nil value)\nstack traceback:\n\t(string):1: in main chunk",
    "count": 1
  },
  {
    "message": "Lua Error: @/home/osso/.worktrees/wow-ui-sim-p510-page/data/patch-api/evidence/5.1.0-session-2026-10-08/addon-snapshot/Chattynator/Core/Initialize.lua: Lua error: ...026-10-08/addon-snapshot/Chattynator/Core/Initialize.lua:6: attempt to index field 'Constants' (a nil value)\nstack traceback:\n\t(string):1: in main chunk\n[Interface/AddOns/Blizzard_ScriptErrors/Blizzard_ScriptErrors.lua]:59: in function 'GetErrorData'\n[Interface/AddOns/Blizzard_ScriptErrors/Blizzard_ScriptErrors.lua]:72: in function <[Interface/AddOns/Blizzard_ScriptErrors/Blizzard_ScriptErrors.lua]:71>",
    "count": 1
  },
  {
    "message": "@/home/osso/.worktrees/wow-ui-sim-p510-page/data/patch-api/evidence/5.1.0-session-2026-10-08/addon-snapshot/Chattynator/Display/Tabs.lua: Lua error: ...n-2026-10-08/addon-snapshot/Chattynator/Display/Tabs.lua:23: attempt to index field 'Display' (a nil value)\nstack traceback:\n\t(string):1: in main chunk",
    "count": 1
  },
  {
    "message": "Lua Error: @/home/osso/.worktrees/wow-ui-sim-p510-page/data/patch-api/evidence/5.1.0-session-2026-10-08/addon-snapshot/Chattynator/Display/Tabs.lua: Lua error: ...n-2026-10-08/addon-snapshot/Chattynator/Display/Tabs.lua:23: attempt to index field 'Display' (a nil value)\nstack traceback:\n\t(string):1: in main chunk\n[Interface/AddOns/Blizzard_ScriptErrors/Blizzard_ScriptErrors.lua]:59: in function 'GetErrorData'\n[Interface/AddOns/Blizzard_ScriptErrors/Blizzard_ScriptErrors.lua]:72: in function <[Interface/AddOns/Blizzard_ScriptErrors/Blizzard_ScriptErrors.lua]:71>",
    "count": 1
  },
  {
    "message": "@/home/osso/.worktrees/wow-ui-sim-p510-page/data/patch-api/evidence/5.1.0-session-2026-10-08/addon-snapshot/Chattynator/Modifiers/URLs.lua: Lua error: ...2026-10-08/addon-snapshot/Chattynator/Modifiers/URLs.lua:23: attempt to index field 'Modifiers' (a nil value)\nstack traceback:\n\t(string):1: in main chunk",
    "count": 1
  },
  {
    "message": "Lua Error: @/home/osso/.worktrees/wow-ui-sim-p510-page/data/patch-api/evidence/5.1.0-session-2026-10-08/addon-snapshot/Chattynator/Modifiers/URLs.lua: Lua error: ...2026-10-08/addon-snapshot/Chattynator/Modifiers/URLs.lua:23: attempt to index field 'Modifiers' (a nil value)\nstack traceback:\n\t(string):1: in main chunk\n[Interface/AddOns/Blizzard_ScriptErrors/Blizzard_ScriptErrors.lua]:59: in function 'GetErrorData'\n[Interface/AddOns/Blizzard_ScriptErrors/Blizzard_ScriptErrors.lua]:72: in function <[Interface/AddOns/Blizzard_ScriptErrors/Blizzard_ScriptErrors.lua]:71>",
    "count": 1
  },
  {
    "message": "@/home/osso/.worktrees/wow-ui-sim-p510-page/data/patch-api/evidence/5.1.0-session-2026-10-08/addon-snapshot/Chattynator/Modifiers/RedundantText.lua: Lua error: ...8/addon-snapshot/Chattynator/Modifiers/RedundantText.lua:37: attempt to index field 'Modifiers' (a nil value)\nstack traceback:\n\t(string):1: in main chunk",
    "count": 1
  },
  {
    "message": "Lua Error: @/home/osso/.worktrees/wow-ui-sim-p510-page/data/patch-api/evidence/5.1.0-session-2026-10-08/addon-snapshot/Chattynator/Modifiers/RedundantText.lua: Lua error: ...8/addon-snapshot/Chattynator/Modifiers/RedundantText.lua:37: attempt to index field 'Modifiers' (a nil value)\nstack traceback:\n\t(string):1: in main chunk\n[Interface/AddOns/Blizzard_ScriptErrors/Blizzard_ScriptErrors.lua]:59: in function 'GetErrorData'\n[Interface/AddOns/Blizzard_ScriptErrors/Blizzard_ScriptErrors.lua]:72: in function <[Interface/AddOns/Blizzard_ScriptErrors/Blizzard_ScriptErrors.lua]:71>",
    "count": 1
  },
  {
    "message": "@/home/osso/.worktrees/wow-ui-sim-p510-page/data/patch-api/evidence/5.1.0-session-2026-10-08/addon-snapshot/Chattynator/Skins/Main.lua: Lua error: ...ion-2026-10-08/addon-snapshot/Chattynator/Skins/Main.lua:4: attempt to index field 'Skins' (a nil value)\nstack traceback:\n\t(string):1: in main chunk",
    "count": 1
  },
  {
    "message": "Lua Error: @/home/osso/.worktrees/wow-ui-sim-p510-page/data/patch-api/evidence/5.1.0-session-2026-10-08/addon-snapshot/Chattynator/Skins/Main.lua: Lua error: ...ion-2026-10-08/addon-snapshot/Chattynator/Skins/Main.lua:4: attempt to index field 'Skins' (a nil value)\nstack traceback:\n\t(string):1: in main chunk\n[Interface/AddOns/Blizzard_ScriptErrors/Blizzard_ScriptErrors.lua]:59: in function 'GetErrorData'\n[Interface/AddOns/Blizzard_ScriptErrors/Blizzard_ScriptErrors.lua]:72: in function <[Interface/AddOns/Blizzard_ScriptErrors/Blizzard_ScriptErrors.lua]:71>",
    "count": 1
  },
  {
    "message": "@/home/osso/.worktrees/wow-ui-sim-p510-page/data/patch-api/evidence/5.1.0-session-2026-10-08/addon-snapshot/Chattynator/Skins/Blizzard.lua: Lua error: ...2026-10-08/addon-snapshot/Chattynator/Skins/Blizzard.lua:294: attempt to index field 'Skins' (a nil value)\nstack traceback:\n\t(string):1: in main chunk",
    "count": 1
  },
  {
    "message": "Lua Error: @/home/osso/.worktrees/wow-ui-sim-p510-page/data/patch-api/evidence/5.1.0-session-2026-10-08/addon-snapshot/Chattynator/Skins/Blizzard.lua: Lua error: ...2026-10-08/addon-snapshot/Chattynator/Skins/Blizzard.lua:294: attempt to index field 'Skins' (a nil value)\nstack traceback:\n\t(string):1: in main chunk\n[Interface/AddOns/Blizzard_ScriptErrors/Blizzard_ScriptErrors.lua]:59: in function 'GetErrorData'\n[Interface/AddOns/Blizzard_ScriptErrors/Blizzard_ScriptErrors.lua]:72: in function <[Interface/AddOns/Blizzard_ScriptErrors/Blizzard_ScriptErrors.lua]:71>",
    "count": 1
  },
  {
    "message": "@/home/osso/.worktrees/wow-ui-sim-p510-page/data/patch-api/evidence/5.1.0-session-2026-10-08/addon-snapshot/Chattynator/Skins/Dark.lua: Lua error: ...ion-2026-10-08/addon-snapshot/Chattynator/Skins/Dark.lua:457: attempt to index field 'Skins' (a nil value)\nstack traceback:\n\t(string):1: in main chunk",
    "count": 1
  },
  {
    "message": "Lua Error: @/home/osso/.worktrees/wow-ui-sim-p510-page/data/patch-api/evidence/5.1.0-session-2026-10-08/addon-snapshot/Chattynator/Skins/Dark.lua: Lua error: ...ion-2026-10-08/addon-snapshot/Chattynator/Skins/Dark.lua:457: attempt to index field 'Skins' (a nil value)\nstack traceback:\n\t(string):1: in main chunk\n[Interface/AddOns/Blizzard_ScriptErrors/Blizzard_ScriptErrors.lua]:59: in function 'GetErrorData'\n[Interface/AddOns/Blizzard_ScriptErrors/Blizzard_ScriptErrors.lua]:72: in function <[Interface/AddOns/Blizzard_ScriptErrors/Blizzard_ScriptErrors.lua]:71>",
    "count": 1
  },
  {
    "message": "@/home/osso/.worktrees/wow-ui-sim-p510-page/data/patch-api/evidence/5.1.0-session-2026-10-08/addon-snapshot/Chattynator/CustomiseDialog/Initialize.lua: Lua error: ...ddon-snapshot/Chattynator/CustomiseDialog/Initialize.lua:5: attempt to index field 'CustomiseDialog' (a nil value)\nstack traceback:\n\t(string):1: in main chunk",
    "count": 1
  },
  {
    "message": "Lua Error: @/home/osso/.worktrees/wow-ui-sim-p510-page/data/patch-api/evidence/5.1.0-session-2026-10-08/addon-snapshot/Chattynator/CustomiseDialog/Initialize.lua: Lua error: ...ddon-snapshot/Chattynator/CustomiseDialog/Initialize.lua:5: attempt to index field 'CustomiseDialog' (a nil value)\nstack traceback:\n\t(string):1: in main chunk\n[Interface/AddOns/Blizzard_ScriptErrors/Blizzard_ScriptErrors.lua]:59: in function 'GetErrorData'\n[Interface/AddOns/Blizzard_ScriptErrors/Blizzard_ScriptErrors.lua]:72: in function <[Interface/AddOns/Blizzard_ScriptErrors/Blizzard_ScriptErrors.lua]:71>",
    "count": 1
  },
  {
    "message": "@/home/osso/.worktrees/wow-ui-sim-p510-page/data/patch-api/evidence/5.1.0-session-2026-10-08/addon-snapshot/Chattynator/CustomiseDialog/Filtering.lua: Lua error: ...addon-snapshot/Chattynator/CustomiseDialog/Filtering.lua:4: attempt to index field 'CustomiseDialog' (a nil value)\nstack traceback:\n\t(string):1: in main chunk",
    "count": 1
  },
  {
    "message": "Lua Error: @/home/osso/.worktrees/wow-ui-sim-p510-page/data/patch-api/evidence/5.1.0-session-2026-10-08/addon-snapshot/Chattynator/CustomiseDialog/Filtering.lua: Lua error: ...addon-snapshot/Chattynator/CustomiseDialog/Filtering.lua:4: attempt to index field 'CustomiseDialog' (a nil value)\nstack traceback:\n\t(string):1: in main chunk\n[Interface/AddOns/Blizzard_ScriptErrors/Blizzard_ScriptErrors.lua]:59: in function 'GetErrorData'\n[Interface/AddOns/Blizzard_ScriptErrors/Blizzard_ScriptErrors.lua]:72: in function <[Interface/AddOns/Blizzard_ScriptErrors/Blizzard_ScriptErrors.lua]:71>",
    "count": 1
  },
  {
    "message": "IO error reading /home/osso/.worktrees/wow-ui-sim-p510-page/data/patch-api/evidence/5.1.0-session-2026-10-08/addon-snapshot/Clicked/Libs/LibStub/LibStub.lua: No such file or directory (os error 2)\nstack traceback:\n\t(string):1: in main chunk",
    "count": 1
  },
  {
    "message": "Lua Error: IO error reading /home/osso/.worktrees/wow-ui-sim-p510-page/data/patch-api/evidence/5.1.0-session-2026-10-08/addon-snapshot/Clicked/Libs/LibStub/LibStub.lua: No such file or directory (os error 2)\nstack traceback:\n\t(string):1: in main chunk\n[Interface/AddOns/Blizzard_ScriptErrors/Blizzard_ScriptErrors.lua]:59: in function 'GetErrorData'\n[Interface/AddOns/Blizzard_ScriptErrors/Blizzard_ScriptErrors.lua]:72: in function <[Interface/AddOns/Blizzard_ScriptErrors/Blizzard_ScriptErrors.lua]:71>",
    "count": 1
  },
  {
    "message": "IO error reading /home/osso/.worktrees/wow-ui-sim-p510-page/data/patch-api/evidence/5.1.0-session-2026-10-08/addon-snapshot/Clicked/Widgets/AceGUIContainer-ClickedTreeGroup.lua: No such file or directory (os error 2)\nstack traceback:\n\t(string):1: in main chunk",
    "count": 1
  },
  {
    "message": "Lua Error: IO error reading /home/osso/.worktrees/wow-ui-sim-p510-page/data/patch-api/evidence/5.1.0-session-2026-10-08/addon-snapshot/Clicked/Widgets/AceGUIContainer-ClickedTreeGroup.lua: No such file or directory (os error 2)\nstack traceback:\n\t(string):1: in main chunk\n[Interface/AddOns/Blizzard_ScriptErrors/Blizzard_ScriptErrors.lua]:59: in function 'GetErrorData'\n[Interface/AddOns/Blizzard_ScriptErrors/Blizzard_ScriptErrors.lua]:72: in function <[Interface/AddOns/Blizzard_ScriptErrors/Blizzard_ScriptErrors.lua]:71>",
    "count": 1
  },
  {
    "message": "@/home/osso/.worktrees/wow-ui-sim-p510-page/data/patch-api/evidence/5.1.0-session-2026-10-08/addon-snapshot/Clicked/Core/BindingProcessor.lua: Lua error: ...6-10-08/addon-snapshot/Clicked/Core/BindingProcessor.lua:24: attempt to index global 'Clicked' (a nil value)\nstack traceback:\n\t(string):1: in main chunk",
    "count": 1
  },
  {
    "message": "Lua Error: @/home/osso/.worktrees/wow-ui-sim-p510-page/data/patch-api/evidence/5.1.0-session-2026-10-08/addon-snapshot/Clicked/Core/BindingProcessor.lua: Lua error: ...6-10-08/addon-snapshot/Clicked/Core/BindingProcessor.lua:24: attempt to index global 'Clicked' (a nil value)\nstack traceback:\n\t(string):1: in main chunk\n[Interface/AddOns/Blizzard_ScriptErrors/Blizzard_ScriptErrors.lua]:59: in function 'GetErrorData'\n[Interface/AddOns/Blizzard_ScriptErrors/Blizzard_ScriptErrors.lua]:72: in function <[Interface/AddOns/Blizzard_ScriptErrors/Blizzard_ScriptErrors.lua]:71>",
    "count": 1
  },
  {
    "message": "@/home/osso/.worktrees/wow-ui-sim-p510-page/data/patch-api/evidence/5.1.0-session-2026-10-08/addon-snapshot/Clicked/Core/LocaleUtils.lua: Lua error: ...n-2026-10-08/addon-snapshot/Clicked/Core/LocaleUtils.lua:23: Cannot find a library instance of \"LibTalentInfo-1.0\".\nstack traceback:\n\t(string):1: in main chunk",
    "count": 1
  },
  {
    "message": "Lua Error: @/home/osso/.worktrees/wow-ui-sim-p510-page/data/patch-api/evidence/5.1.0-session-2026-10-08/addon-snapshot/Clicked/Core/LocaleUtils.lua: Lua error: ...n-2026-10-08/addon-snapshot/Clicked/Core/LocaleUtils.lua:23: Cannot find a library instance of \"LibTalentInfo-1.0\".\nstack traceback:\n\t(string):1: in main chunk\n[Interface/AddOns/Blizzard_ScriptErrors/Blizzard_ScriptErrors.lua]:59: in function 'GetErrorData'\n[Interface/AddOns/Blizzard_ScriptErrors/Blizzard_ScriptErrors.lua]:72: in function <[Interface/AddOns/Blizzard_ScriptErrors/Blizzard_ScriptErrors.lua]:71>",
    "count": 1
  },
  {
    "message": "@/home/osso/.worktrees/wow-ui-sim-p510-page/data/patch-api/evidence/5.1.0-session-2026-10-08/addon-snapshot/Clicked/Conditions/ConditionUtils.lua: Lua error: ...-08/addon-snapshot/Clicked/Conditions/ConditionUtils.lua:37: Cannot find a library instance of \"LibTalentInfo-1.0\".\nstack traceback:\n\t(string):1: in main chunk",
    "count": 1
  },
  {
    "message": "Lua Error: @/home/osso/.worktrees/wow-ui-sim-p510-page/data/patch-api/evidence/5.1.0-session-2026-10-08/addon-snapshot/Clicked/Conditions/ConditionUtils.lua: Lua error: ...-08/addon-snapshot/Clicked/Conditions/ConditionUtils.lua:37: Cannot find a library instance of \"LibTalentInfo-1.0\".\nstack traceback:\n\t(string):1: in main chunk\n[Interface/AddOns/Blizzard_ScriptErrors/Blizzard_ScriptErrors.lua]:59: in function 'GetErrorData'\n[Interface/AddOns/Blizzard_ScriptErrors/Blizzard_ScriptErrors.lua]:72: in function <[Interface/AddOns/Blizzard_ScriptErrors/Blizzard_ScriptErrors.lua]:71>",
    "count": 1
  },
  {
    "message": "@/home/osso/.worktrees/wow-ui-sim-p510-page/data/patch-api/evidence/5.1.0-session-2026-10-08/addon-snapshot/Clicked/Conditions/LoadConditions.lua: Lua error: ...-08/addon-snapshot/Clicked/Conditions/LoadConditions.lua:47: attempt to call method 'IsForever' (a nil value)\nstack traceback:\n\t(string):1: in main chunk",
    "count": 1
  },
  {
    "message": "Lua Error: @/home/osso/.worktrees/wow-ui-sim-p510-page/data/patch-api/evidence/5.1.0-session-2026-10-08/addon-snapshot/Clicked/Conditions/LoadConditions.lua: Lua error: ...-08/addon-snapshot/Clicked/Conditions/LoadConditions.lua:47: attempt to call method 'IsForever' (a nil value)\nstack traceback:\n\t(string):1: in main chunk\n[Interface/AddOns/Blizzard_ScriptErrors/Blizzard_ScriptErrors.lua]:59: in function 'GetErrorData'\n[Interface/AddOns/Blizzard_ScriptErrors/Blizzard_ScriptErrors.lua]:72: in function <[Interface/AddOns/Blizzard_ScriptErrors/Blizzard_ScriptErrors.lua]:71>",
    "count": 1
  },
  {
    "message": "@/home/osso/.worktrees/wow-ui-sim-p510-page/data/patch-api/evidence/5.1.0-session-2026-10-08/addon-snapshot/Clicked/Config/Profile.lua: Lua error: ...ion-2026-10-08/addon-snapshot/Clicked/Config/Profile.lua:17: Cannot find a library instance of \"AceConfig-3.0\".\nstack traceback:\n\t(string):1: in main chunk",
    "count": 1
  },
  {
    "message": "Lua Error: @/home/osso/.worktrees/wow-ui-sim-p510-page/data/patch-api/evidence/5.1.0-session-2026-10-08/addon-snapshot/Clicked/Config/Profile.lua: Lua error: ...ion-2026-10-08/addon-snapshot/Clicked/Config/Profile.lua:17: Cannot find a library instance of \"AceConfig-3.0\".\nstack traceback:\n\t(string):1: in main chunk\n[Interface/AddOns/Blizzard_ScriptErrors/Blizzard_ScriptErrors.lua]:59: in function 'GetErrorData'\n[Interface/AddOns/Blizzard_ScriptErrors/Blizzard_ScriptErrors.lua]:72: in function <[Interface/AddOns/Blizzard_ScriptErrors/Blizzard_ScriptErrors.lua]:71>",
    "count": 1
  },
  {
    "message": "@/home/osso/.worktrees/wow-ui-sim-p510-page/data/patch-api/evidence/5.1.0-session-2026-10-08/addon-snapshot/Clicked/Config/KeyVisualizer.lua: Lua error: ...26-10-08/addon-snapshot/Clicked/Config/KeyVisualizer.lua:17: Cannot find a library instance of \"AceGUI-3.0\".\nstack traceback:\n\t(string):1: in main chunk",
    "count": 1
  },
  {
    "message": "Lua Error: @/home/osso/.worktrees/wow-ui-sim-p510-page/data/patch-api/evidence/5.1.0-session-2026-10-08/addon-snapshot/Clicked/Config/KeyVisualizer.lua: Lua error: ...26-10-08/addon-snapshot/Clicked/Config/KeyVisualizer.lua:17: Cannot find a library instance of \"AceGUI-3.0\".\nstack traceback:\n\t(string):1: in main chunk\n[Interface/AddOns/Blizzard_ScriptErrors/Blizzard_ScriptErrors.lua]:59: in function 'GetErrorData'\n[Interface/AddOns/Blizzard_ScriptErrors/Blizzard_ScriptErrors.lua]:72: in function <[Interface/AddOns/Blizzard_ScriptErrors/Blizzard_ScriptErrors.lua]:71>",
    "count": 1
  },
  {
    "message": "@/home/osso/.worktrees/wow-ui-sim-p510-page/data/patch-api/evidence/5.1.0-session-2026-10-08/addon-snapshot/Clicked/Debug/StatusOutput.lua: Lua error: ...2026-10-08/addon-snapshot/Clicked/Debug/StatusOutput.lua:17: Cannot find a library instance of \"AceGUI-3.0\".\nstack traceback:\n\t(string):1: in main chunk",
    "count": 1
  },
  {
    "message": "Lua Error: @/home/osso/.worktrees/wow-ui-sim-p510-page/data/patch-api/evidence/5.1.0-session-2026-10-08/addon-snapshot/Clicked/Debug/StatusOutput.lua: Lua error: ...2026-10-08/addon-snapshot/Clicked/Debug/StatusOutput.lua:17: Cannot find a library instance of \"AceGUI-3.0\".\nstack traceback:\n\t(string):1: in main chunk\n[Interface/AddOns/Blizzard_ScriptErrors/Blizzard_ScriptErrors.lua]:59: in function 'GetErrorData'\n[Interface/AddOns/Blizzard_ScriptErrors/Blizzard_ScriptErrors.lua]:72: in function <[Interface/AddOns/Blizzard_ScriptErrors/Blizzard_ScriptErrors.lua]:71>",
    "count": 1
  },
  {
    "message": "IO error reading /home/osso/.worktrees/wow-ui-sim-p510-page/data/patch-api/evidence/5.1.0-session-2026-10-08/addon-snapshot/Clicked/BindingConfig/Tabs/Action.lua: No such file or directory (os error 2)\nstack traceback:\n\t(string):1: in main chunk",
    "count": 1
  },
  {
    "message": "Lua Error: IO error reading /home/osso/.worktrees/wow-ui-sim-p510-page/data/patch-api/evidence/5.1.0-session-2026-10-08/addon-snapshot/Clicked/BindingConfig/Tabs/Action.lua: No such file or directory (os error 2)\nstack traceback:\n\t(string):1: in main chunk\n[Interface/AddOns/Blizzard_ScriptErrors/Blizzard_ScriptErrors.lua]:59: in function 'GetErrorData'\n[Interface/AddOns/Blizzard_ScriptErrors/Blizzard_ScriptErrors.lua]:72: in function <[Interface/AddOns/Blizzard_ScriptErrors/Blizzard_ScriptErrors.lua]:71>",
    "count": 1
  },
  {
    "message": "@/home/osso/.worktrees/wow-ui-sim-p510-page/data/patch-api/evidence/5.1.0-session-2026-10-08/addon-snapshot/Clicked/BindingConfig/BindingConfig.lua: Lua error: ...8/addon-snapshot/Clicked/BindingConfig/BindingConfig.lua:31: Cannot find a library instance of \"AceGUI-3.0\".\nstack traceback:\n\t(string):1: in main chunk",
    "count": 1
  },
  {
    "message": "Lua Error: @/home/osso/.worktrees/wow-ui-sim-p510-page/data/patch-api/evidence/5.1.0-session-2026-10-08/addon-snapshot/Clicked/BindingConfig/BindingConfig.lua: Lua error: ...8/addon-snapshot/Clicked/BindingConfig/BindingConfig.lua:31: Cannot find a library instance of \"AceGUI-3.0\".\nstack traceback:\n\t(string):1: in main chunk\n[Interface/AddOns/Blizzard_ScriptErrors/Blizzard_ScriptErrors.lua]:59: in function 'GetErrorData'\n[Interface/AddOns/Blizzard_ScriptErrors/Blizzard_ScriptErrors.lua]:72: in function <[Interface/AddOns/Blizzard_ScriptErrors/Blizzard_ScriptErrors.lua]:71>",
    "count": 1
  },
  {
    "message": "Collectionator missing required TOC dependencies: Auctionator",
    "count": 1
  },
  {
    "message": "@/home/osso/.worktrees/wow-ui-sim-p510-page/data/patch-api/evidence/5.1.0-session-2026-10-08/addon-snapshot/CursorRing/Locales/enUS.lua: Lua error: ...on-2026-10-08/addon-snapshot/CursorRing/Locales/enUS.lua:2: attempt to call field 'NewLocale' (a nil value)\nstack traceback:\n\t(string):1: in main chunk",
    "count": 1
  },
  {
    "message": "Lua Error: @/home/osso/.worktrees/wow-ui-sim-p510-page/data/patch-api/evidence/5.1.0-session-2026-10-08/addon-snapshot/CursorRing/Locales/enUS.lua: Lua error: ...on-2026-10-08/addon-snapshot/CursorRing/Locales/enUS.lua:2: attempt to call field 'NewLocale' (a nil value)\nstack traceback:\n\t(string):1: in main chunk\n[Interface/AddOns/Blizzard_ScriptErrors/Blizzard_ScriptErrors.lua]:59: in function 'GetErrorData'\n[Interface/AddOns/Blizzard_ScriptErrors/Blizzard_ScriptErrors.lua]:72: in function <[Interface/AddOns/Blizzard_ScriptErrors/Blizzard_ScriptErrors.lua]:71>",
    "count": 1
  },
  {
    "message": "@/home/osso/.worktrees/wow-ui-sim-p510-page/data/patch-api/evidence/5.1.0-session-2026-10-08/addon-snapshot/CursorRing/Locales/deDE.lua: Lua error: ...on-2026-10-08/addon-snapshot/CursorRing/Locales/deDE.lua:2: attempt to call field 'NewLocale' (a nil value)\nstack traceback:\n\t(string):1: in main chunk",
    "count": 1
  },
  {
    "message": "Lua Error: @/home/osso/.worktrees/wow-ui-sim-p510-page/data/patch-api/evidence/5.1.0-session-2026-10-08/addon-snapshot/CursorRing/Locales/deDE.lua: Lua error: ...on-2026-10-08/addon-snapshot/CursorRing/Locales/deDE.lua:2: attempt to call field 'NewLocale' (a nil value)\nstack traceback:\n\t(string):1: in main chunk\n[Interface/AddOns/Blizzard_ScriptErrors/Blizzard_ScriptErrors.lua]:59: in function 'GetErrorData'\n[Interface/AddOns/Blizzard_ScriptErrors/Blizzard_ScriptErrors.lua]:72: in function <[Interface/AddOns/Blizzard_ScriptErrors/Blizzard_ScriptErrors.lua]:71>",
    "count": 1
  },
  {
    "message": "@/home/osso/.worktrees/wow-ui-sim-p510-page/data/patch-api/evidence/5.1.0-session-2026-10-08/addon-snapshot/CursorRing/Locales/zhCN.lua: Lua error: ...on-2026-10-08/addon-snapshot/CursorRing/Locales/zhCN.lua:2: attempt to call field 'NewLocale' (a nil value)\nstack traceback:\n\t(string):1: in main chunk",
    "count": 1
  },
  {
    "message": "Lua Error: @/home/osso/.worktrees/wow-ui-sim-p510-page/data/patch-api/evidence/5.1.0-session-2026-10-08/addon-snapshot/CursorRing/Locales/zhCN.lua: Lua error: ...on-2026-10-08/addon-snapshot/CursorRing/Locales/zhCN.lua:2: attempt to call field 'NewLocale' (a nil value)\nstack traceback:\n\t(string):1: in main chunk\n[Interface/AddOns/Blizzard_ScriptErrors/Blizzard_ScriptErrors.lua]:59: in function 'GetErrorData'\n[Interface/AddOns/Blizzard_ScriptErrors/Blizzard_ScriptErrors.lua]:72: in function <[Interface/AddOns/Blizzard_ScriptErrors/Blizzard_ScriptErrors.lua]:71>",
    "count": 1
  },
  {
    "message": "@/home/osso/.worktrees/wow-ui-sim-p510-page/data/patch-api/evidence/5.1.0-session-2026-10-08/addon-snapshot/CursorRing/Modules/Resources/Druid.lua: Lua error: ...08/addon-snapshot/CursorRing/Modules/Resources/Druid.lua:5: attempt to call field 'RegisterResourceModule' (a nil value)\nstack traceback:\n\t(string):1: in main chunk",
    "count": 1
  },
  {
    "message": "Lua Error: @/home/osso/.worktrees/wow-ui-sim-p510-page/data/patch-api/evidence/5.1.0-session-2026-10-08/addon-snapshot/CursorRing/Modules/Resources/Druid.lua: Lua error: ...08/addon-snapshot/CursorRing/Modules/Resources/Druid.lua:5: attempt to call field 'RegisterResourceModule' (a nil value)\nstack traceback:\n\t(string):1: in main chunk\n[Interface/AddOns/Blizzard_ScriptErrors/Blizzard_ScriptErrors.lua]:59: in function 'GetErrorData'\n[Interface/AddOns/Blizzard_ScriptErrors/Blizzard_ScriptErrors.lua]:72: in function <[Interface/AddOns/Blizzard_ScriptErrors/Blizzard_ScriptErrors.lua]:71>",
    "count": 1
  },
  {
    "message": "@/home/osso/.worktrees/wow-ui-sim-p510-page/data/patch-api/evidence/5.1.0-session-2026-10-08/addon-snapshot/CursorRing/Modules/Resources/Paladin.lua: Lua error: .../addon-snapshot/CursorRing/Modules/Resources/Paladin.lua:5: attempt to call field 'RegisterResourceModule' (a nil value)\nstack traceback:\n\t(string):1: in main chunk",
    "count": 1
  },
  {
    "message": "Lua Error: @/home/osso/.worktrees/wow-ui-sim-p510-page/data/patch-api/evidence/5.1.0-session-2026-10-08/addon-snapshot/CursorRing/Modules/Resources/Paladin.lua: Lua error: .../addon-snapshot/CursorRing/Modules/Resources/Paladin.lua:5: attempt to call field 'RegisterResourceModule' (a nil value)\nstack traceback:\n\t(string):1: in main chunk\n[Interface/AddOns/Blizzard_ScriptErrors/Blizzard_ScriptErrors.lua]:59: in function 'GetErrorData'\n[Interface/AddOns/Blizzard_ScriptErrors/Blizzard_ScriptErrors.lua]:72: in function <[Interface/AddOns/Blizzard_ScriptErrors/Blizzard_ScriptErrors.lua]:71>",
    "count": 1
  },
  {
    "message": "@/home/osso/.worktrees/wow-ui-sim-p510-page/data/patch-api/evidence/5.1.0-session-2026-10-08/addon-snapshot/CursorRing/Modules/Resources/Monk.lua: Lua error: ...-08/addon-snapshot/CursorRing/Modules/Resources/Monk.lua:5: attempt to call field 'RegisterResourceModule' (a nil value)\nstack traceback:\n\t(string):1: in main chunk",
    "count": 1
  },
  {
    "message": "Lua Error: @/home/osso/.worktrees/wow-ui-sim-p510-page/data/patch-api/evidence/5.1.0-session-2026-10-08/addon-snapshot/CursorRing/Modules/Resources/Monk.lua: Lua error: ...-08/addon-snapshot/CursorRing/Modules/Resources/Monk.lua:5: attempt to call field 'RegisterResourceModule' (a nil value)\nstack traceback:\n\t(string):1: in main chunk\n[Interface/AddOns/Blizzard_ScriptErrors/Blizzard_ScriptErrors.lua]:59: in function 'GetErrorData'\n[Interface/AddOns/Blizzard_ScriptErrors/Blizzard_ScriptErrors.lua]:72: in function <[Interface/AddOns/Blizzard_ScriptErrors/Blizzard_ScriptErrors.lua]:71>",
    "count": 1
  },
  {
    "message": "@/home/osso/.worktrees/wow-ui-sim-p510-page/data/patch-api/evidence/5.1.0-session-2026-10-08/addon-snapshot/CursorRing/Modules/Resources/Warlock.lua: Lua error: .../addon-snapshot/CursorRing/Modules/Resources/Warlock.lua:30: attempt to call field 'RegisterResourceModule' (a nil value)\nstack traceback:\n\t(string):1: in main chunk",
    "count": 1
  },
  {
    "message": "Lua Error: @/home/osso/.worktrees/wow-ui-sim-p510-page/data/patch-api/evidence/5.1.0-session-2026-10-08/addon-snapshot/CursorRing/Modules/Resources/Warlock.lua: Lua error: .../addon-snapshot/CursorRing/Modules/Resources/Warlock.lua:30: attempt to call field 'RegisterResourceModule' (a nil value)\nstack traceback:\n\t(string):1: in main chunk\n[Interface/AddOns/Blizzard_ScriptErrors/Blizzard_ScriptErrors.lua]:59: in function 'GetErrorData'\n[Interface/AddOns/Blizzard_ScriptErrors/Blizzard_ScriptErrors.lua]:72: in function <[Interface/AddOns/Blizzard_ScriptErrors/Blizzard_ScriptErrors.lua]:71>",
    "count": 1
  },
  {
    "message": "@/home/osso/.worktrees/wow-ui-sim-p510-page/data/patch-api/evidence/5.1.0-session-2026-10-08/addon-snapshot/CursorRing/Modules/Resources/Evoker.lua: Lua error: ...8/addon-snapshot/CursorRing/Modules/Resources/Evoker.lua:18: attempt to call field 'RegisterResourceModule' (a nil value)\nstack traceback:\n\t(string):1: in main chunk",
    "count": 1
  },
  {
    "message": "Lua Error: @/home/osso/.worktrees/wow-ui-sim-p510-page/data/patch-api/evidence/5.1.0-session-2026-10-08/addon-snapshot/CursorRing/Modules/Resources/Evoker.lua: Lua error: ...8/addon-snapshot/CursorRing/Modules/Resources/Evoker.lua:18: attempt to call field 'RegisterResourceModule' (a nil value)\nstack traceback:\n\t(string):1: in main chunk\n[Interface/AddOns/Blizzard_ScriptErrors/Blizzard_ScriptErrors.lua]:59: in function 'GetErrorData'\n[Interface/AddOns/Blizzard_ScriptErrors/Blizzard_ScriptErrors.lua]:72: in function <[Interface/AddOns/Blizzard_ScriptErrors/Blizzard_ScriptErrors.lua]:71>",
    "count": 1
  },
  {
    "message": "@/home/osso/.worktrees/wow-ui-sim-p510-page/data/patch-api/evidence/5.1.0-session-2026-10-08/addon-snapshot/DandersFrames/Core/AutoProfiles.lua: Lua error: ...10-08/addon-snapshot/DandersFrames/Core/AutoProfiles.lua:97: attempt to index upvalue 'L' (a nil value)\nstack traceback:\n\t(string):1: in main chunk",
    "count": 1
  },
  {
    "message": "Lua Error: @/home/osso/.worktrees/wow-ui-sim-p510-page/data/patch-api/evidence/5.1.0-session-2026-10-08/addon-snapshot/DandersFrames/Core/AutoProfiles.lua: Lua error: ...10-08/addon-snapshot/DandersFrames/Core/AutoProfiles.lua:97: attempt to index upvalue 'L' (a nil value)\nstack traceback:\n\t(string):1: in main chunk\n[Interface/AddOns/Blizzard_ScriptErrors/Blizzard_ScriptErrors.lua]:59: in function 'GetErrorData'\n[Interface/AddOns/Blizzard_ScriptErrors/Blizzard_ScriptErrors.lua]:72: in function <[Interface/AddOns/Blizzard_ScriptErrors/Blizzard_ScriptErrors.lua]:71>",
    "count": 1
  },
  {
    "message": "@/home/osso/.worktrees/wow-ui-sim-p510-page/data/patch-api/evidence/5.1.0-session-2026-10-08/addon-snapshot/DandersFrames/Frames/Headers.lua: Lua error: ...26-10-08/addon-snapshot/DandersFrames/Frames/Headers.lua:506: attempt to call method 'RegisterDebugSlash' (a nil value)\nstack traceback:\n\t(string):1: in main chunk",
    "count": 1
  },
  {
    "message": "Lua Error: @/home/osso/.worktrees/wow-ui-sim-p510-page/data/patch-api/evidence/5.1.0-session-2026-10-08/addon-snapshot/DandersFrames/Frames/Headers.lua: Lua error: ...26-10-08/addon-snapshot/DandersFrames/Frames/Headers.lua:506: attempt to call method 'RegisterDebugSlash' (a nil value)\nstack traceback:\n\t(string):1: in main chunk\n[Interface/AddOns/Blizzard_ScriptErrors/Blizzard_ScriptErrors.lua]:59: in function 'GetErrorData'\n[Interface/AddOns/Blizzard_ScriptErrors/Blizzard_ScriptErrors.lua]:72: in function <[Interface/AddOns/Blizzard_ScriptErrors/Blizzard_ScriptErrors.lua]:71>",
    "count": 1
  },
  {
    "message": "@/home/osso/.worktrees/wow-ui-sim-p510-page/data/patch-api/evidence/5.1.0-session-2026-10-08/addon-snapshot/DandersFrames/Frames/Position.lua: Lua error: ...6-10-08/addon-snapshot/DandersFrames/Frames/Position.lua:72: attempt to index local 'L' (a nil value)\nstack traceback:\n\t(string):1: in main chunk",
    "count": 1
  },
  {
    "message": "Lua Error: @/home/osso/.worktrees/wow-ui-sim-p510-page/data/patch-api/evidence/5.1.0-session-2026-10-08/addon-snapshot/DandersFrames/Frames/Position.lua: Lua error: ...6-10-08/addon-snapshot/DandersFrames/Frames/Position.lua:72: attempt to index local 'L' (a nil value)\nstack traceback:\n\t(string):1: in main chunk\n[Interface/AddOns/Blizzard_ScriptErrors/Blizzard_ScriptErrors.lua]:59: in function 'GetErrorData'\n[Interface/AddOns/Blizzard_ScriptErrors/Blizzard_ScriptErrors.lua]:72: in function <[Interface/AddOns/Blizzard_ScriptErrors/Blizzard_ScriptErrors.lua]:71>",
    "count": 1
  },
  {
    "message": "@/home/osso/.worktrees/wow-ui-sim-p510-page/data/patch-api/evidence/5.1.0-session-2026-10-08/addon-snapshot/DandersFrames/Features/Range.lua: Lua error: ...26-10-08/addon-snapshot/DandersFrames/Features/Range.lua:984: attempt to call method 'RegisterRosterUnitEvent' (a nil value)\nstack traceback:\n\t(string):1: in main chunk",
    "count": 1
  },
  {
    "message": "Lua Error: @/home/osso/.worktrees/wow-ui-sim-p510-page/data/patch-api/evidence/5.1.0-session-2026-10-08/addon-snapshot/DandersFrames/Features/Range.lua: Lua error: ...26-10-08/addon-snapshot/DandersFrames/Features/Range.lua:984: attempt to call method 'RegisterRosterUnitEvent' (a nil value)\nstack traceback:\n\t(string):1: in main chunk\n[Interface/AddOns/Blizzard_ScriptErrors/Blizzard_ScriptErrors.lua]:59: in function 'GetErrorData'\n[Interface/AddOns/Blizzard_ScriptErrors/Blizzard_ScriptErrors.lua]:72: in function <[Interface/AddOns/Blizzard_ScriptErrors/Blizzard_ScriptErrors.lua]:71>",
    "count": 1
  },
  {
    "message": "@/home/osso/.worktrees/wow-ui-sim-p510-page/data/patch-api/evidence/5.1.0-session-2026-10-08/addon-snapshot/DandersFrames/Features/Dispel.lua: Lua error: ...6-10-08/addon-snapshot/DandersFrames/Features/Dispel.lua:3133: attempt to call method 'RegisterDebugSlash' (a nil value)\nstack traceback:\n\t(string):1: in main chunk",
    "count": 1
  },
  {
    "message": "Lua Error: @/home/osso/.worktrees/wow-ui-sim-p510-page/data/patch-api/evidence/5.1.0-session-2026-10-08/addon-snapshot/DandersFrames/Features/Dispel.lua: Lua error: ...6-10-08/addon-snapshot/DandersFrames/Features/Dispel.lua:3133: attempt to call method 'RegisterDebugSlash' (a nil value)\nstack traceback:\n\t(string):1: in main chunk\n[Interface/AddOns/Blizzard_ScriptErrors/Blizzard_ScriptErrors.lua]:59: in function 'GetErrorData'\n[Interface/AddOns/Blizzard_ScriptErrors/Blizzard_ScriptErrors.lua]:72: in function <[Interface/AddOns/Blizzard_ScriptErrors/Blizzard_ScriptErrors.lua]:71>",
    "count": 1
  },
  {
    "message": "@/home/osso/.worktrees/wow-ui-sim-p510-page/data/patch-api/evidence/5.1.0-session-2026-10-08/addon-snapshot/DeModal/DeModal.lua: Lua error: ....0-session-2026-10-08/addon-snapshot/DeModal/DeModal.lua:9: attempt to call field 'LoadSlashCommands' (a nil value)\nstack traceback:\n\t(string):1: in main chunk",
    "count": 1
  },
  {
    "message": "Lua Error: @/home/osso/.worktrees/wow-ui-sim-p510-page/data/patch-api/evidence/5.1.0-session-2026-10-08/addon-snapshot/DeModal/DeModal.lua: Lua error: ....0-session-2026-10-08/addon-snapshot/DeModal/DeModal.lua:9: attempt to call field 'LoadSlashCommands' (a nil value)\nstack traceback:\n\t(string):1: in main chunk\n[Interface/AddOns/Blizzard_ScriptErrors/Blizzard_ScriptErrors.lua]:59: in function 'GetErrorData'\n[Interface/AddOns/Blizzard_ScriptErrors/Blizzard_ScriptErrors.lua]:72: in function <[Interface/AddOns/Blizzard_ScriptErrors/Blizzard_ScriptErrors.lua]:71>",
    "count": 1
  },
  {
    "message": "IO error reading /home/osso/.worktrees/wow-ui-sim-p510-page/data/patch-api/evidence/5.1.0-session-2026-10-08/addon-snapshot/Dejunk/src/addon.lua: No such file or directory (os error 2)\nstack traceback:\n\t(string):1: in main chunk",
    "count": 1
  },
  {
    "message": "Lua Error: IO error reading /home/osso/.worktrees/wow-ui-sim-p510-page/data/patch-api/evidence/5.1.0-session-2026-10-08/addon-snapshot/Dejunk/src/addon.lua: No such file or directory (os error 2)\nstack traceback:\n\t(string):1: in main chunk\n[Interface/AddOns/Blizzard_ScriptErrors/Blizzard_ScriptErrors.lua]:59: in function 'GetErrorData'\n[Interface/AddOns/Blizzard_ScriptErrors/Blizzard_ScriptErrors.lua]:72: in function <[Interface/AddOns/Blizzard_ScriptErrors/Blizzard_ScriptErrors.lua]:71>",
    "count": 1
  },
  {
    "message": "IO error reading /home/osso/.worktrees/wow-ui-sim-p510-page/data/patch-api/evidence/5.1.0-session-2026-10-08/addon-snapshot/DialogueUI/Code/Utility/FontUtil.lua: No such file or directory (os error 2)\nstack traceback:\n\t(string):1: in main chunk",
    "count": 1
  },
  {
    "message": "Lua Error: IO error reading /home/osso/.worktrees/wow-ui-sim-p510-page/data/patch-api/evidence/5.1.0-session-2026-10-08/addon-snapshot/DialogueUI/Code/Utility/FontUtil.lua: No such file or directory (os error 2)\nstack traceback:\n\t(string):1: in main chunk\n[Interface/AddOns/Blizzard_ScriptErrors/Blizzard_ScriptErrors.lua]:59: in function 'GetErrorData'\n[Interface/AddOns/Blizzard_ScriptErrors/Blizzard_ScriptErrors.lua]:72: in function <[Interface/AddOns/Blizzard_ScriptErrors/Blizzard_ScriptErrors.lua]:71>",
    "count": 1
  },
  {
    "message": "@/home/osso/.worktrees/wow-ui-sim-p510-page/data/patch-api/evidence/5.1.0-session-2026-10-08/addon-snapshot/DialogueUI/Code/Sound.lua: Lua error: ...sion-2026-10-08/addon-snapshot/DialogueUI/Code/Sound.lua:78: attempt to index field 'CallbackRegistry' (a nil value)\nstack traceback:\n\t(string):1: in main chunk",
    "count": 1
  },
  {
    "message": "Lua Error: @/home/osso/.worktrees/wow-ui-sim-p510-page/data/patch-api/evidence/5.1.0-session-2026-10-08/addon-snapshot/DialogueUI/Code/Sound.lua: Lua error: ...sion-2026-10-08/addon-snapshot/DialogueUI/Code/Sound.lua:78: attempt to index field 'CallbackRegistry' (a nil value)\nstack traceback:\n\t(string):1: in main chunk\n[Interface/AddOns/Blizzard_ScriptErrors/Blizzard_ScriptErrors.lua]:59: in function 'GetErrorData'\n[Interface/AddOns/Blizzard_ScriptErrors/Blizzard_ScriptErrors.lua]:72: in function <[Interface/AddOns/Blizzard_ScriptErrors/Blizzard_ScriptErrors.lua]:71>",
    "count": 1
  },
  {
    "message": "IO error reading /home/osso/.worktrees/wow-ui-sim-p510-page/data/patch-api/evidence/5.1.0-session-2026-10-08/addon-snapshot/DialogueUI/Code/Scroll/Scroll_Swipe.lua: No such file or directory (os error 2)\nstack traceback:\n\t(string):1: in main chunk",
    "count": 1
  },
  {
    "message": "Lua Error: IO error reading /home/osso/.worktrees/wow-ui-sim-p510-page/data/patch-api/evidence/5.1.0-session-2026-10-08/addon-snapshot/DialogueUI/Code/Scroll/Scroll_Swipe.lua: No such file or directory (os error 2)\nstack traceback:\n\t(string):1: in main chunk\n[Interface/AddOns/Blizzard_ScriptErrors/Blizzard_ScriptErrors.lua]:59: in function 'GetErrorData'\n[Interface/AddOns/Blizzard_ScriptErrors/Blizzard_ScriptErrors.lua]:72: in function <[Interface/AddOns/Blizzard_ScriptErrors/Blizzard_ScriptErrors.lua]:71>",
    "count": 1
  },
  {
    "message": "IO error reading /home/osso/.worktrees/wow-ui-sim-p510-page/data/patch-api/evidence/5.1.0-session-2026-10-08/addon-snapshot/DialogueUI/Code/Settings/Settings_Definitions.lua: No such file or directory (os error 2)\nstack traceback:\n\t(string):1: in main chunk",
    "count": 1
  },
  {
    "message": "Lua Error: IO error reading /home/osso/.worktrees/wow-ui-sim-p510-page/data/patch-api/evidence/5.1.0-session-2026-10-08/addon-snapshot/DialogueUI/Code/Settings/Settings_Definitions.lua: No such file or directory (os error 2)\nstack traceback:\n\t(string):1: in main chunk\n[Interface/AddOns/Blizzard_ScriptErrors/Blizzard_ScriptErrors.lua]:59: in function 'GetErrorData'\n[Interface/AddOns/Blizzard_ScriptErrors/Blizzard_ScriptErrors.lua]:72: in function <[Interface/AddOns/Blizzard_ScriptErrors/Blizzard_ScriptErrors.lua]:71>",
    "count": 1
  },
  {
    "message": "@/home/osso/.worktrees/wow-ui-sim-p510-page/data/patch-api/evidence/5.1.0-session-2026-10-08/addon-snapshot/DialogueUI/Code/NameplateGossip.lua: Lua error: ...10-08/addon-snapshot/DialogueUI/Code/NameplateGossip.lua:260: attempt to index field 'CallbackRegistry' (a nil value)\nstack traceback:\n\t(string):1: in main chunk",
    "count": 1
  },
  {
    "message": "Lua Error: @/home/osso/.worktrees/wow-ui-sim-p510-page/data/patch-api/evidence/5.1.0-session-2026-10-08/addon-snapshot/DialogueUI/Code/NameplateGossip.lua: Lua error: ...10-08/addon-snapshot/DialogueUI/Code/NameplateGossip.lua:260: attempt to index field 'CallbackRegistry' (a nil value)\nstack traceback:\n\t(string):1: in main chunk\n[Interface/AddOns/Blizzard_ScriptErrors/Blizzard_ScriptErrors.lua]:59: in function 'GetErrorData'\n[Interface/AddOns/Blizzard_ScriptErrors/Blizzard_ScriptErrors.lua]:72: in function <[Interface/AddOns/Blizzard_ScriptErrors/Blizzard_ScriptErrors.lua]:71>",
    "count": 1
  },
  {
    "message": "IO error reading /home/osso/.worktrees/wow-ui-sim-p510-page/data/patch-api/evidence/5.1.0-session-2026-10-08/addon-snapshot/DialogueUI/Code/Dialogue/Clipboard.lua: No such file or directory (os error 2)\nstack traceback:\n\t(string):1: in main chunk",
    "count": 1
  },
  {
    "message": "Lua Error: IO error reading /home/osso/.worktrees/wow-ui-sim-p510-page/data/patch-api/evidence/5.1.0-session-2026-10-08/addon-snapshot/DialogueUI/Code/Dialogue/Clipboard.lua: No such file or directory (os error 2)\nstack traceback:\n\t(string):1: in main chunk\n[Interface/AddOns/Blizzard_ScriptErrors/Blizzard_ScriptErrors.lua]:59: in function 'GetErrorData'\n[Interface/AddOns/Blizzard_ScriptErrors/Blizzard_ScriptErrors.lua]:72: in function <[Interface/AddOns/Blizzard_ScriptErrors/Blizzard_ScriptErrors.lua]:71>",
    "count": 1
  },
  {
    "message": "@/home/osso/.worktrees/wow-ui-sim-p510-page/data/patch-api/evidence/5.1.0-session-2026-10-08/addon-snapshot/DialogueUI/Code/Book/BookUI_Component.lua: Lua error: ...addon-snapshot/DialogueUI/Code/Book/BookUI_Component.lua:440: attempt to index field 'TooltipAPI' (a nil value)\nstack traceback:\n\t(string):1: in main chunk",
    "count": 1
  },
  {
    "message": "Lua Error: @/home/osso/.worktrees/wow-ui-sim-p510-page/data/patch-api/evidence/5.1.0-session-2026-10-08/addon-snapshot/DialogueUI/Code/Book/BookUI_Component.lua: Lua error: ...addon-snapshot/DialogueUI/Code/Book/BookUI_Component.lua:440: attempt to index field 'TooltipAPI' (a nil value)\nstack traceback:\n\t(string):1: in main chunk\n[Interface/AddOns/Blizzard_ScriptErrors/Blizzard_ScriptErrors.lua]:59: in function 'GetErrorData'\n[Interface/AddOns/Blizzard_ScriptErrors/Blizzard_ScriptErrors.lua]:72: in function <[Interface/AddOns/Blizzard_ScriptErrors/Blizzard_ScriptErrors.lua]:71>",
    "count": 1
  },
  {
    "message": "IO error reading /home/osso/.worktrees/wow-ui-sim-p510-page/data/patch-api/evidence/5.1.0-session-2026-10-08/addon-snapshot/DialogueUI/Code/Widget/WidgetManager.lua: No such file or directory (os error 2)\nstack traceback:\n\t(string):1: in main chunk",
    "count": 1
  },
  {
    "message": "Lua Error: IO error reading /home/osso/.worktrees/wow-ui-sim-p510-page/data/patch-api/evidence/5.1.0-session-2026-10-08/addon-snapshot/DialogueUI/Code/Widget/WidgetManager.lua: No such file or directory (os error 2)\nstack traceback:\n\t(string):1: in main chunk\n[Interface/AddOns/Blizzard_ScriptErrors/Blizzard_ScriptErrors.lua]:59: in function 'GetErrorData'\n[Interface/AddOns/Blizzard_ScriptErrors/Blizzard_ScriptErrors.lua]:72: in function <[Interface/AddOns/Blizzard_ScriptErrors/Blizzard_ScriptErrors.lua]:71>",
    "count": 1
  },
  {
    "message": "@/home/osso/.worktrees/wow-ui-sim-p510-page/data/patch-api/evidence/5.1.0-session-2026-10-08/addon-snapshot/DialogueUI/Code/Core.lua: Lua error: ...ssion-2026-10-08/addon-snapshot/DialogueUI/Code/Core.lua:74: attempt to call field 'AddCustomLinkType' (a nil value)\nstack traceback:\n\t(string):1: in main chunk",
    "count": 1
  },
  {
    "message": "Lua Error: @/home/osso/.worktrees/wow-ui-sim-p510-page/data/patch-api/evidence/5.1.0-session-2026-10-08/addon-snapshot/DialogueUI/Code/Core.lua: Lua error: ...ssion-2026-10-08/addon-snapshot/DialogueUI/Code/Core.lua:74: attempt to call field 'AddCustomLinkType' (a nil value)\nstack traceback:\n\t(string):1: in main chunk\n[Interface/AddOns/Blizzard_ScriptErrors/Blizzard_ScriptErrors.lua]:59: in function 'GetErrorData'\n[Interface/AddOns/Blizzard_ScriptErrors/Blizzard_ScriptErrors.lua]:72: in function <[Interface/AddOns/Blizzard_ScriptErrors/Blizzard_ScriptErrors.lua]:71>",
    "count": 1
  },
  {
    "message": "[OnEvent] frame=#48564 addon=DialogueUI source=@/home/osso/.worktrees/wow-ui-sim-p510-page/data/patch-api/evidence/5.1.0-session-2026-10-08/addon-snapshot/DialogueUI/Initialization.lua:204: ...-2026-10-08/addon-snapshot/DialogueUI/Initialization.lua:137: attempt to index field 'CallbackRegistry' (a nil value)\nstack traceback:\n\t(string):12: in function <(string):12>\n\t[C]: in function 'native_xpcall'\n\t(string):11: in function <(string):10>\n\t...-2026-10-08/addon-snapshot/DialogueUI/Initialization.lua:137: in function 'SetDBValue'\n\t...-2026-10-08/addon-snapshot/DialogueUI/Initialization.lua:177: in function 'LoadDatabase'\n\t...-2026-10-08/addon-snapshot/DialogueUI/Initialization.lua:209: in function <...-2026-10-08/addon-snapshot/DialogueUI/Initialization.lua:204>\n\t(tail call): ?\n\t(tail call): ?\n\t[C]: in function 'native_xpcall'\n\t(string):8: in function <(string):5>\n\t(tail call): ?",
    "count": 2
  },
  {
    "message": "Lua Error: [OnEvent] frame=#48564 addon=DialogueUI source=@/home/osso/.worktrees/wow-ui-sim-p510-page/data/patch-api/evidence/5.1.0-session-2026-10-08/addon-snapshot/DialogueUI/Initialization.lua:204: ...-2026-10-08/addon-snapshot/DialogueUI/Initialization.lua:137: attempt to index field 'CallbackRegistry' (a nil value)\nstack traceback:\n\t(string):12: in function <(string):12>\n\t[C]: in function 'native_xpcall'\n\t(string):11: in function <(string):10>\n\t...-2026-10-08/addon-snapshot/DialogueUI/Initialization.lua:137: in function 'SetDBValue'\n\t...-2026-10-08/addon-snapshot/DialogueUI/Initialization.lua:177: in function 'LoadDatabase'\n\t...-2026-10-08/addon-snapshot/DialogueUI/Initialization.lua:209: in function <...-2026-10-08/addon-snapshot/DialogueUI/Initialization.lua:204>\n\t(tail call): ?\n\t(tail call): ?\n\t[C]: in function 'native_xpcall'\n\t(string):8: in function <(string):5>\n\t(tail call): ?\n[Interface/AddOns/Blizzard_ScriptErrors/Blizzard_ScriptErrors.lua]:59: in function 'GetErrorData'\n[Interface/AddOns/Blizzard_ScriptErrors/Blizzard_ScriptErrors.lua]:72: in function <[Interface/AddOns/Blizzard_ScriptErrors/Blizzard_ScriptErrors.lua]:71>",
    "count": 2
  },
  {
    "message": "EXBOSS-LocaleBase missing required TOC dependencies: ExwindCore, EXBossData",
    "count": 1
  },
  {
    "message": "@Interface/AddOns/EllesmereUI/EllesmereUI_PartyMode.lua: Lua error: Interface/AddOns/EllesmereUI/EllesmereUI_PartyMode.lua:399: attempt to call method 'RegisterOnShow' (a nil value)\nstack traceback:\n\t(string):1: in main chunk",
    "count": 1
  },
  {
    "message": "Lua Error: @Interface/AddOns/EllesmereUI/EllesmereUI_PartyMode.lua: Lua error: Interface/AddOns/EllesmereUI/EllesmereUI_PartyMode.lua:399: attempt to call method 'RegisterOnShow' (a nil value)\nstack traceback:\n\t(string):1: in main chunk\n[Interface/AddOns/Blizzard_ScriptErrors/Blizzard_ScriptErrors.lua]:59: in function 'GetErrorData'\n[Interface/AddOns/Blizzard_ScriptErrors/Blizzard_ScriptErrors.lua]:72: in function <[Interface/AddOns/Blizzard_ScriptErrors/Blizzard_ScriptErrors.lua]:71>",
    "count": 1
  },
  {
    "message": "IO error reading /home/osso/.worktrees/wow-ui-sim-p510-page/data/patch-api/evidence/5.1.0-session-2026-10-08/addon-snapshot/EnhanceQoL/libs/AceLocale-3.0/AceLocale-3.0.lua: No such file or directory (os error 2)\nstack traceback:\n\t(string):1: in main chunk",
    "count": 1
  },
  {
    "message": "Lua Error: IO error reading /home/osso/.worktrees/wow-ui-sim-p510-page/data/patch-api/evidence/5.1.0-session-2026-10-08/addon-snapshot/EnhanceQoL/libs/AceLocale-3.0/AceLocale-3.0.lua: No such file or directory (os error 2)\nstack traceback:\n\t(string):1: in main chunk\n[Interface/AddOns/Blizzard_ScriptErrors/Blizzard_ScriptErrors.lua]:59: in function 'GetErrorData'\n[Interface/AddOns/Blizzard_ScriptErrors/Blizzard_ScriptErrors.lua]:72: in function <[Interface/AddOns/Blizzard_ScriptErrors/Blizzard_ScriptErrors.lua]:71>",
    "count": 1
  },
  {
    "message": "@/home/osso/.worktrees/wow-ui-sim-p510-page/data/patch-api/evidence/5.1.0-session-2026-10-08/addon-snapshot/EnhanceQoL/Init.lua: Lua error: ....0-session-2026-10-08/addon-snapshot/EnhanceQoL/Init.lua:70: Cannot find a library instance of \"AceLocale-3.0\".\nstack traceback:\n\t(string):1: in main chunk",
    "count": 1
  },
  {
    "message": "Lua Error: @/home/osso/.worktrees/wow-ui-sim-p510-page/data/patch-api/evidence/5.1.0-session-2026-10-08/addon-snapshot/EnhanceQoL/Init.lua: Lua error: ....0-session-2026-10-08/addon-snapshot/EnhanceQoL/Init.lua:70: Cannot find a library instance of \"AceLocale-3.0\".\nstack traceback:\n\t(string):1: in main chunk\n[Interface/AddOns/Blizzard_ScriptErrors/Blizzard_ScriptErrors.lua]:59: in function 'GetErrorData'\n[Interface/AddOns/Blizzard_ScriptErrors/Blizzard_ScriptErrors.lua]:72: in function <[Interface/AddOns/Blizzard_ScriptErrors/Blizzard_ScriptErrors.lua]:71>",
    "count": 1
  },
  {
    "message": "IO error reading /home/osso/.worktrees/wow-ui-sim-p510-page/data/patch-api/evidence/5.1.0-session-2026-10-08/addon-snapshot/EnhanceQoL/libs/LibDeflate/LibDeflate.lua: No such file or directory (os error 2)\nstack traceback:\n\t(string):1: in main chunk",
    "count": 1
  },
  {
    "message": "Lua Error: IO error reading /home/osso/.worktrees/wow-ui-sim-p510-page/data/patch-api/evidence/5.1.0-session-2026-10-08/addon-snapshot/EnhanceQoL/libs/LibDeflate/LibDeflate.lua: No such file or directory (os error 2)\nstack traceback:\n\t(string):1: in main chunk\n[Interface/AddOns/Blizzard_ScriptErrors/Blizzard_ScriptErrors.lua]:59: in function 'GetErrorData'\n[Interface/AddOns/Blizzard_ScriptErrors/Blizzard_ScriptErrors.lua]:72: in function <[Interface/AddOns/Blizzard_ScriptErrors/Blizzard_ScriptErrors.lua]:71>",
    "count": 1
  },
  {
    "message": "IO error reading /home/osso/.worktrees/wow-ui-sim-p510-page/data/patch-api/evidence/5.1.0-session-2026-10-08/addon-snapshot/EnhanceQoL/libs/LibSettingsDesigner/LibSettingsDesignerUI.lua: No such file or directory (os error 2)\nstack traceback:\n\t(string):1: in main chunk",
    "count": 1
  },
  {
    "message": "Lua Error: IO error reading /home/osso/.worktrees/wow-ui-sim-p510-page/data/patch-api/evidence/5.1.0-session-2026-10-08/addon-snapshot/EnhanceQoL/libs/LibSettingsDesigner/LibSettingsDesignerUI.lua: No such file or directory (os error 2)\nstack traceback:\n\t(string):1: in main chunk\n[Interface/AddOns/Blizzard_ScriptErrors/Blizzard_ScriptErrors.lua]:59: in function 'GetErrorData'\n[Interface/AddOns/Blizzard_ScriptErrors/Blizzard_ScriptErrors.lua]:72: in function <[Interface/AddOns/Blizzard_ScriptErrors/Blizzard_ScriptErrors.lua]:71>",
    "count": 1
  },
  {
    "message": "@/home/osso/.worktrees/wow-ui-sim-p510-page/data/patch-api/evidence/5.1.0-session-2026-10-08/addon-snapshot/EnhanceQoL/Core/EditMode.lua: Lua error: EnhanceQoL Edit Mode integration is not loaded\nstack traceback:\n\t(string):1: in main chunk",
    "count": 1
  },
  {
    "message": "Lua Error: @/home/osso/.worktrees/wow-ui-sim-p510-page/data/patch-api/evidence/5.1.0-session-2026-10-08/addon-snapshot/EnhanceQoL/Core/EditMode.lua: Lua error: EnhanceQoL Edit Mode integration is not loaded\nstack traceback:\n\t(string):1: in main chunk\n[Interface/AddOns/Blizzard_ScriptErrors/Blizzard_ScriptErrors.lua]:59: in function 'GetErrorData'\n[Interface/AddOns/Blizzard_ScriptErrors/Blizzard_ScriptErrors.lua]:72: in function <[Interface/AddOns/Blizzard_ScriptErrors/Blizzard_ScriptErrors.lua]:71>",
    "count": 1
  },
  {
    "message": "@/home/osso/.worktrees/wow-ui-sim-p510-page/data/patch-api/evidence/5.1.0-session-2026-10-08/addon-snapshot/EnhanceQoL/Core/SharedAnchors.lua: Lua error: ...6-10-08/addon-snapshot/EnhanceQoL/Core/SharedAnchors.lua:14: Cannot find a library instance of \"AceLocale-3.0\".\nstack traceback:\n\t(string):1: in main chunk",
    "count": 1
  },
  {
    "message": "Lua Error: @/home/osso/.worktrees/wow-ui-sim-p510-page/data/patch-api/evidence/5.1.0-session-2026-10-08/addon-snapshot/EnhanceQoL/Core/SharedAnchors.lua: Lua error: ...6-10-08/addon-snapshot/EnhanceQoL/Core/SharedAnchors.lua:14: Cannot find a library instance of \"AceLocale-3.0\".\nstack traceback:\n\t(string):1: in main chunk\n[Interface/AddOns/Blizzard_ScriptErrors/Blizzard_ScriptErrors.lua]:59: in function 'GetErrorData'\n[Interface/AddOns/Blizzard_ScriptErrors/Blizzard_ScriptErrors.lua]:72: in function <[Interface/AddOns/Blizzard_ScriptErrors/Blizzard_ScriptErrors.lua]:71>",
    "count": 1
  },
  {
    "message": "@/home/osso/.worktrees/wow-ui-sim-p510-page/data/patch-api/evidence/5.1.0-session-2026-10-08/addon-snapshot/EnhanceQoL/Core/EditModeAnchors.lua: Lua error: ...10-08/addon-snapshot/EnhanceQoL/Core/EditModeAnchors.lua:8: Cannot find a library instance of \"AceLocale-3.0\".\nstack traceback:\n\t(string):1: in main chunk",
    "count": 1
  },
  {
    "message": "Lua Error: @/home/osso/.worktrees/wow-ui-sim-p510-page/data/patch-api/evidence/5.1.0-session-2026-10-08/addon-snapshot/EnhanceQoL/Core/EditModeAnchors.lua: Lua error: ...10-08/addon-snapshot/EnhanceQoL/Core/EditModeAnchors.lua:8: Cannot find a library instance of \"AceLocale-3.0\".\nstack traceback:\n\t(string):1: in main chunk\n[Interface/AddOns/Blizzard_ScriptErrors/Blizzard_ScriptErrors.lua]:59: in function 'GetErrorData'\n[Interface/AddOns/Blizzard_ScriptErrors/Blizzard_ScriptErrors.lua]:72: in function <[Interface/AddOns/Blizzard_ScriptErrors/Blizzard_ScriptErrors.lua]:71>",
    "count": 1
  },
  {
    "message": "@/home/osso/.worktrees/wow-ui-sim-p510-page/data/patch-api/evidence/5.1.0-session-2026-10-08/addon-snapshot/EnhanceQoL/Core/EditModeAnchorUI.lua: Lua error: ...0-08/addon-snapshot/EnhanceQoL/Core/EditModeAnchorUI.lua:6: Cannot find a library instance of \"AceLocale-3.0\".\nstack traceback:\n\t(string):1: in main chunk",
    "count": 1
  },
  {
    "message": "Lua Error: @/home/osso/.worktrees/wow-ui-sim-p510-page/data/patch-api/evidence/5.1.0-session-2026-10-08/addon-snapshot/EnhanceQoL/Core/EditModeAnchorUI.lua: Lua error: ...0-08/addon-snapshot/EnhanceQoL/Core/EditModeAnchorUI.lua:6: Cannot find a library instance of \"AceLocale-3.0\".\nstack traceback:\n\t(string):1: in main chunk\n[Interface/AddOns/Blizzard_ScriptErrors/Blizzard_ScriptErrors.lua]:59: in function 'GetErrorData'\n[Interface/AddOns/Blizzard_ScriptErrors/Blizzard_ScriptErrors.lua]:72: in function <[Interface/AddOns/Blizzard_ScriptErrors/Blizzard_ScriptErrors.lua]:71>",
    "count": 1
  },
  {
    "message": "@/home/osso/.worktrees/wow-ui-sim-p510-page/data/patch-api/evidence/5.1.0-session-2026-10-08/addon-snapshot/EnhanceQoL/Core/Streams/Stream_Currency.lua: Lua error: ...don-snapshot/EnhanceQoL/Core/Streams/Stream_Currency.lua:18: attempt to index local 'L' (a nil value)\nstack traceback:\n\t(string):1: in main chunk",
    "count": 1
  },
  {
    "message": "Lua Error: @/home/osso/.worktrees/wow-ui-sim-p510-page/data/patch-api/evidence/5.1.0-session-2026-10-08/addon-snapshot/EnhanceQoL/Core/Streams/Stream_Currency.lua: Lua error: ...don-snapshot/EnhanceQoL/Core/Streams/Stream_Currency.lua:18: attempt to index local 'L' (a nil value)\nstack traceback:\n\t(string):1: in main chunk\n[Interface/AddOns/Blizzard_ScriptErrors/Blizzard_ScriptErrors.lua]:59: in function 'GetErrorData'\n[Interface/AddOns/Blizzard_ScriptErrors/Blizzard_ScriptErrors.lua]:72: in function <[Interface/AddOns/Blizzard_ScriptErrors/Blizzard_ScriptErrors.lua]:71>",
    "count": 1
  },
  {
    "message": "@/home/osso/.worktrees/wow-ui-sim-p510-page/data/patch-api/evidence/5.1.0-session-2026-10-08/addon-snapshot/EnhanceQoL/Submodules/GemHelper.lua: Lua error: ...10-08/addon-snapshot/EnhanceQoL/Submodules/GemHelper.lua:3: Cannot find a library instance of \"AceLocale-3.0\".\nstack traceback:\n\t(string):1: in main chunk",
    "count": 1
  },
  {
    "message": "Lua Error: @/home/osso/.worktrees/wow-ui-sim-p510-page/data/patch-api/evidence/5.1.0-session-2026-10-08/addon-snapshot/EnhanceQoL/Submodules/GemHelper.lua: Lua error: ...10-08/addon-snapshot/EnhanceQoL/Submodules/GemHelper.lua:3: Cannot find a library instance of \"AceLocale-3.0\".\nstack traceback:\n\t(string):1: in main chunk\n[Interface/AddOns/Blizzard_ScriptErrors/Blizzard_ScriptErrors.lua]:59: in function 'GetErrorData'\n[Interface/AddOns/Blizzard_ScriptErrors/Blizzard_ScriptErrors.lua]:72: in function <[Interface/AddOns/Blizzard_ScriptErrors/Blizzard_ScriptErrors.lua]:71>",
    "count": 1
  },
  {
    "message": "@/home/osso/.worktrees/wow-ui-sim-p510-page/data/patch-api/evidence/5.1.0-session-2026-10-08/addon-snapshot/EnhanceQoL/Submodules/MountActions.lua: Lua error: ...08/addon-snapshot/EnhanceQoL/Submodules/MountActions.lua:9: Cannot find a library instance of \"AceLocale-3.0\".\nstack traceback:\n\t(string):1: in main chunk",
    "count": 1
  },
  {
    "message": "Lua Error: @/home/osso/.worktrees/wow-ui-sim-p510-page/data/patch-api/evidence/5.1.0-session-2026-10-08/addon-snapshot/EnhanceQoL/Submodules/MountActions.lua: Lua error: ...08/addon-snapshot/EnhanceQoL/Submodules/MountActions.lua:9: Cannot find a library instance of \"AceLocale-3.0\".\nstack traceback:\n\t(string):1: in main chunk\n[Interface/AddOns/Blizzard_ScriptErrors/Blizzard_ScriptErrors.lua]:59: in function 'GetErrorData'\n[Interface/AddOns/Blizzard_ScriptErrors/Blizzard_ScriptErrors.lua]:72: in function <[Interface/AddOns/Blizzard_ScriptErrors/Blizzard_ScriptErrors.lua]:71>",
    "count": 1
  },
  {
    "message": "@/home/osso/.worktrees/wow-ui-sim-p510-page/data/patch-api/evidence/5.1.0-session-2026-10-08/addon-snapshot/EnhanceQoL/Submodules/ActionTracker.lua: Lua error: ...8/addon-snapshot/EnhanceQoL/Submodules/ActionTracker.lua:13: Cannot find a library instance of \"AceLocale-3.0\".\nstack traceback:\n\t(string):1: in main chunk",
    "count": 1
  },
  {
    "message": "Lua Error: @/home/osso/.worktrees/wow-ui-sim-p510-page/data/patch-api/evidence/5.1.0-session-2026-10-08/addon-snapshot/EnhanceQoL/Submodules/ActionTracker.lua: Lua error: ...8/addon-snapshot/EnhanceQoL/Submodules/ActionTracker.lua:13: Cannot find a library instance of \"AceLocale-3.0\".\nstack traceback:\n\t(string):1: in main chunk\n[Interface/AddOns/Blizzard_ScriptErrors/Blizzard_ScriptErrors.lua]:59: in function 'GetErrorData'\n[Interface/AddOns/Blizzard_ScriptErrors/Blizzard_ScriptErrors.lua]:72: in function <[Interface/AddOns/Blizzard_ScriptErrors/Blizzard_ScriptErrors.lua]:71>",
    "count": 1
  },
  {
    "message": "@/home/osso/.worktrees/wow-ui-sim-p510-page/data/patch-api/evidence/5.1.0-session-2026-10-08/addon-snapshot/EnhanceQoL/Submodules/GroupTools.lua: Lua error: ...0-08/addon-snapshot/EnhanceQoL/Submodules/GroupTools.lua:14: Cannot find a library instance of \"AceLocale-3.0\".\nstack traceback:\n\t(string):1: in main chunk",
    "count": 1
  },
  {
    "message": "Lua Error: @/home/osso/.worktrees/wow-ui-sim-p510-page/data/patch-api/evidence/5.1.0-session-2026-10-08/addon-snapshot/EnhanceQoL/Submodules/GroupTools.lua: Lua error: ...0-08/addon-snapshot/EnhanceQoL/Submodules/GroupTools.lua:14: Cannot find a library instance of \"AceLocale-3.0\".\nstack traceback:\n\t(string):1: in main chunk\n[Interface/AddOns/Blizzard_ScriptErrors/Blizzard_ScriptErrors.lua]:59: in function 'GetErrorData'\n[Interface/AddOns/Blizzard_ScriptErrors/Blizzard_ScriptErrors.lua]:72: in function <[Interface/AddOns/Blizzard_ScriptErrors/Blizzard_ScriptErrors.lua]:71>",
    "count": 1
  },
  {
    "message": "IO error reading /home/osso/.worktrees/wow-ui-sim-p510-page/data/patch-api/evidence/5.1.0-session-2026-10-08/addon-snapshot/EnhanceQoL/Settings/SettingsUI.lua: No such file or directory (os error 2)\nstack traceback:\n\t(string):1: in main chunk",
    "count": 1
  },
  {
    "message": "Lua Error: IO error reading /home/osso/.worktrees/wow-ui-sim-p510-page/data/patch-api/evidence/5.1.0-session-2026-10-08/addon-snapshot/EnhanceQoL/Settings/SettingsUI.lua: No such file or directory (os error 2)\nstack traceback:\n\t(string):1: in main chunk\n[Interface/AddOns/Blizzard_ScriptErrors/Blizzard_ScriptErrors.lua]:59: in function 'GetErrorData'\n[Interface/AddOns/Blizzard_ScriptErrors/Blizzard_ScriptErrors.lua]:72: in function <[Interface/AddOns/Blizzard_ScriptErrors/Blizzard_ScriptErrors.lua]:71>",
    "count": 1
  },
  {
    "message": "@/home/osso/.worktrees/wow-ui-sim-p510-page/data/patch-api/evidence/5.1.0-session-2026-10-08/addon-snapshot/EnhanceQoL/Modules/Mouse/Mouse.lua: Lua error: ...-10-08/addon-snapshot/EnhanceQoL/Modules/Mouse/Mouse.lua:10: Cannot find a library instance of \"AceLocale-3.0\".\nstack traceback:\n\t(string):1: in main chunk",
    "count": 1
  },
  {
    "message": "Lua Error: @/home/osso/.worktrees/wow-ui-sim-p510-page/data/patch-api/evidence/5.1.0-session-2026-10-08/addon-snapshot/EnhanceQoL/Modules/Mouse/Mouse.lua: Lua error: ...-10-08/addon-snapshot/EnhanceQoL/Modules/Mouse/Mouse.lua:10: Cannot find a library instance of \"AceLocale-3.0\".\nstack traceback:\n\t(string):1: in main chunk\n[Interface/AddOns/Blizzard_ScriptErrors/Blizzard_ScriptErrors.lua]:59: in function 'GetErrorData'\n[Interface/AddOns/Blizzard_ScriptErrors/Blizzard_ScriptErrors.lua]:72: in function <[Interface/AddOns/Blizzard_ScriptErrors/Blizzard_ScriptErrors.lua]:71>",
    "count": 1
  },
  {
    "message": "IO error reading /home/osso/.worktrees/wow-ui-sim-p510-page/data/patch-api/evidence/5.1.0-session-2026-10-08/addon-snapshot/EnhanceQoL/Modules/Food/Drinks.lua: No such file or directory (os error 2)\nstack traceback:\n\t(string):1: in main chunk",
    "count": 1
  },
  {
    "message": "Lua Error: IO error reading /home/osso/.worktrees/wow-ui-sim-p510-page/data/patch-api/evidence/5.1.0-session-2026-10-08/addon-snapshot/EnhanceQoL/Modules/Food/Drinks.lua: No such file or directory (os error 2)\nstack traceback:\n\t(string):1: in main chunk\n[Interface/AddOns/Blizzard_ScriptErrors/Blizzard_ScriptErrors.lua]:59: in function 'GetErrorData'\n[Interface/AddOns/Blizzard_ScriptErrors/Blizzard_ScriptErrors.lua]:72: in function <[Interface/AddOns/Blizzard_ScriptErrors/Blizzard_ScriptErrors.lua]:71>",
    "count": 1
  },
  {
    "message": "@/home/osso/.worktrees/wow-ui-sim-p510-page/data/patch-api/evidence/5.1.0-session-2026-10-08/addon-snapshot/InTime/InTime_UI.lua: Lua error: ...0-session-2026-10-08/addon-snapshot/InTime/InTime_UI.lua:131: attempt to index local 'L' (a nil value)\nstack traceback:\n\t(string):1: in main chunk",
    "count": 1
  },
  {
    "message": "Lua Error: @/home/osso/.worktrees/wow-ui-sim-p510-page/data/patch-api/evidence/5.1.0-session-2026-10-08/addon-snapshot/InTime/InTime_UI.lua: Lua error: ...0-session-2026-10-08/addon-snapshot/InTime/InTime_UI.lua:131: attempt to index local 'L' (a nil value)\nstack traceback:\n\t(string):1: in main chunk\n[Interface/AddOns/Blizzard_ScriptErrors/Blizzard_ScriptErrors.lua]:59: in function 'GetErrorData'\n[Interface/AddOns/Blizzard_ScriptErrors/Blizzard_ScriptErrors.lua]:72: in function <[Interface/AddOns/Blizzard_ScriptErrors/Blizzard_ScriptErrors.lua]:71>",
    "count": 1
  },
  {
    "message": "@/home/osso/.worktrees/wow-ui-sim-p510-page/data/patch-api/evidence/5.1.0-session-2026-10-08/addon-snapshot/InTime/InTime_Core.lua: Lua error: ...session-2026-10-08/addon-snapshot/InTime/InTime_Core.lua:20: attempt to index local 'L' (a nil value)\nstack traceback:\n\t(string):1: in main chunk",
    "count": 1
  },
  {
    "message": "Lua Error: @/home/osso/.worktrees/wow-ui-sim-p510-page/data/patch-api/evidence/5.1.0-session-2026-10-08/addon-snapshot/InTime/InTime_Core.lua: Lua error: ...session-2026-10-08/addon-snapshot/InTime/InTime_Core.lua:20: attempt to index local 'L' (a nil value)\nstack traceback:\n\t(string):1: in main chunk\n[Interface/AddOns/Blizzard_ScriptErrors/Blizzard_ScriptErrors.lua]:59: in function 'GetErrorData'\n[Interface/AddOns/Blizzard_ScriptErrors/Blizzard_ScriptErrors.lua]:72: in function <[Interface/AddOns/Blizzard_ScriptErrors/Blizzard_ScriptErrors.lua]:71>",
    "count": 1
  },
  {
    "message": "@/home/osso/.worktrees/wow-ui-sim-p510-page/data/patch-api/evidence/5.1.0-session-2026-10-08/addon-snapshot/ItemVersion/Locales/enUS.lua: Lua error: ...n-2026-10-08/addon-snapshot/ItemVersion/Locales/enUS.lua:6: Cannot find a library instance of \"AceLocale-3.0\".\nstack traceback:\n\t(string):1: in main chunk",
    "count": 1
  },
  {
    "message": "Lua Error: @/home/osso/.worktrees/wow-ui-sim-p510-page/data/patch-api/evidence/5.1.0-session-2026-10-08/addon-snapshot/ItemVersion/Locales/enUS.lua: Lua error: ...n-2026-10-08/addon-snapshot/ItemVersion/Locales/enUS.lua:6: Cannot find a library instance of \"AceLocale-3.0\".\nstack traceback:\n\t(string):1: in main chunk\n[Interface/AddOns/Blizzard_ScriptErrors/Blizzard_ScriptErrors.lua]:59: in function 'GetErrorData'\n[Interface/AddOns/Blizzard_ScriptErrors/Blizzard_ScriptErrors.lua]:72: in function <[Interface/AddOns/Blizzard_ScriptErrors/Blizzard_ScriptErrors.lua]:71>",
    "count": 1
  },
  {
    "message": "@/home/osso/.worktrees/wow-ui-sim-p510-page/data/patch-api/evidence/5.1.0-session-2026-10-08/addon-snapshot/ItemVersion/Locales/zhCN.lua: Lua error: ...n-2026-10-08/addon-snapshot/ItemVersion/Locales/zhCN.lua:6: Cannot find a library instance of \"AceLocale-3.0\".\nstack traceback:\n\t(string):1: in main chunk",
    "count": 1
  },
  {
    "message": "Lua Error: @/home/osso/.worktrees/wow-ui-sim-p510-page/data/patch-api/evidence/5.1.0-session-2026-10-08/addon-snapshot/ItemVersion/Locales/zhCN.lua: Lua error: ...n-2026-10-08/addon-snapshot/ItemVersion/Locales/zhCN.lua:6: Cannot find a library instance of \"AceLocale-3.0\".\nstack traceback:\n\t(string):1: in main chunk\n[Interface/AddOns/Blizzard_ScriptErrors/Blizzard_ScriptErrors.lua]:59: in function 'GetErrorData'\n[Interface/AddOns/Blizzard_ScriptErrors/Blizzard_ScriptErrors.lua]:72: in function <[Interface/AddOns/Blizzard_ScriptErrors/Blizzard_ScriptErrors.lua]:71>",
    "count": 1
  },
  {
    "message": "@/home/osso/.worktrees/wow-ui-sim-p510-page/data/patch-api/evidence/5.1.0-session-2026-10-08/addon-snapshot/ItemVersion/Profile.lua: Lua error: ...ession-2026-10-08/addon-snapshot/ItemVersion/Profile.lua:3: Cannot find a library instance of \"AceLocale-3.0\".\nstack traceback:\n\t(string):1: in main chunk",
    "count": 1
  },
  {
    "message": "Lua Error: @/home/osso/.worktrees/wow-ui-sim-p510-page/data/patch-api/evidence/5.1.0-session-2026-10-08/addon-snapshot/ItemVersion/Profile.lua: Lua error: ...ession-2026-10-08/addon-snapshot/ItemVersion/Profile.lua:3: Cannot find a library instance of \"AceLocale-3.0\".\nstack traceback:\n\t(string):1: in main chunk\n[Interface/AddOns/Blizzard_ScriptErrors/Blizzard_ScriptErrors.lua]:59: in function 'GetErrorData'\n[Interface/AddOns/Blizzard_ScriptErrors/Blizzard_ScriptErrors.lua]:72: in function <[Interface/AddOns/Blizzard_ScriptErrors/Blizzard_ScriptErrors.lua]:71>",
    "count": 1
  },
  {
    "message": "@/home/osso/.worktrees/wow-ui-sim-p510-page/data/patch-api/evidence/5.1.0-session-2026-10-08/addon-snapshot/ItemVersion/Expansion.lua: Lua error: ...sion-2026-10-08/addon-snapshot/ItemVersion/Expansion.lua:3: Cannot find a library instance of \"AceLocale-3.0\".\nstack traceback:\n\t(string):1: in main chunk",
    "count": 1
  },
  {
    "message": "Lua Error: @/home/osso/.worktrees/wow-ui-sim-p510-page/data/patch-api/evidence/5.1.0-session-2026-10-08/addon-snapshot/ItemVersion/Expansion.lua: Lua error: ...sion-2026-10-08/addon-snapshot/ItemVersion/Expansion.lua:3: Cannot find a library instance of \"AceLocale-3.0\".\nstack traceback:\n\t(string):1: in main chunk\n[Interface/AddOns/Blizzard_ScriptErrors/Blizzard_ScriptErrors.lua]:59: in function 'GetErrorData'\n[Interface/AddOns/Blizzard_ScriptErrors/Blizzard_ScriptErrors.lua]:72: in function <[Interface/AddOns/Blizzard_ScriptErrors/Blizzard_ScriptErrors.lua]:71>",
    "count": 1
  },
  {
    "message": "@/home/osso/.worktrees/wow-ui-sim-p510-page/data/patch-api/evidence/5.1.0-session-2026-10-08/addon-snapshot/ItemVersion/Options.lua: Lua error: ...ession-2026-10-08/addon-snapshot/ItemVersion/Options.lua:3: Cannot find a library instance of \"AceLocale-3.0\".\nstack traceback:\n\t(string):1: in main chunk",
    "count": 1
  },
  {
    "message": "Lua Error: @/home/osso/.worktrees/wow-ui-sim-p510-page/data/patch-api/evidence/5.1.0-session-2026-10-08/addon-snapshot/ItemVersion/Options.lua: Lua error: ...ession-2026-10-08/addon-snapshot/ItemVersion/Options.lua:3: Cannot find a library instance of \"AceLocale-3.0\".\nstack traceback:\n\t(string):1: in main chunk\n[Interface/AddOns/Blizzard_ScriptErrors/Blizzard_ScriptErrors.lua]:59: in function 'GetErrorData'\n[Interface/AddOns/Blizzard_ScriptErrors/Blizzard_ScriptErrors.lua]:72: in function <[Interface/AddOns/Blizzard_ScriptErrors/Blizzard_ScriptErrors.lua]:71>",
    "count": 1
  },
  {
    "message": "@/home/osso/.worktrees/wow-ui-sim-p510-page/data/patch-api/evidence/5.1.0-session-2026-10-08/addon-snapshot/ItemVersion/SlashCommands.lua: Lua error: ...-2026-10-08/addon-snapshot/ItemVersion/SlashCommands.lua:3: Cannot find a library instance of \"AceLocale-3.0\".\nstack traceback:\n\t(string):1: in main chunk",
    "count": 1
  },
  {
    "message": "Lua Error: @/home/osso/.worktrees/wow-ui-sim-p510-page/data/patch-api/evidence/5.1.0-session-2026-10-08/addon-snapshot/ItemVersion/SlashCommands.lua: Lua error: ...-2026-10-08/addon-snapshot/ItemVersion/SlashCommands.lua:3: Cannot find a library instance of \"AceLocale-3.0\".\nstack traceback:\n\t(string):1: in main chunk\n[Interface/AddOns/Blizzard_ScriptErrors/Blizzard_ScriptErrors.lua]:59: in function 'GetErrorData'\n[Interface/AddOns/Blizzard_ScriptErrors/Blizzard_ScriptErrors.lua]:72: in function <[Interface/AddOns/Blizzard_ScriptErrors/Blizzard_ScriptErrors.lua]:71>",
    "count": 1
  },
  {
    "message": "@/home/osso/.worktrees/wow-ui-sim-p510-page/data/patch-api/evidence/5.1.0-session-2026-10-08/addon-snapshot/Leatrix_Plus/Leatrix_Plus_Media.lua: Lua error: ...10-08/addon-snapshot/Leatrix_Plus/Leatrix_Plus_Media.lua:10: attempt to index local 'L' (a nil value)\nstack traceback:\n\t(string):1: in main chunk",
    "count": 1
  },
  {
    "message": "Lua Error: @/home/osso/.worktrees/wow-ui-sim-p510-page/data/patch-api/evidence/5.1.0-session-2026-10-08/addon-snapshot/Leatrix_Plus/Leatrix_Plus_Media.lua: Lua error: ...10-08/addon-snapshot/Leatrix_Plus/Leatrix_Plus_Media.lua:10: attempt to index local 'L' (a nil value)\nstack traceback:\n\t(string):1: in main chunk\n[Interface/AddOns/Blizzard_ScriptErrors/Blizzard_ScriptErrors.lua]:59: in function 'GetErrorData'\n[Interface/AddOns/Blizzard_ScriptErrors/Blizzard_ScriptErrors.lua]:72: in function <[Interface/AddOns/Blizzard_ScriptErrors/Blizzard_ScriptErrors.lua]:71>",
    "count": 1
  },
  {
    "message": "@/home/osso/.worktrees/wow-ui-sim-p510-page/data/patch-api/evidence/5.1.0-session-2026-10-08/addon-snapshot/Leatrix_Plus/Leatrix_Plus.lua: Lua error: ...-2026-10-08/addon-snapshot/Leatrix_Plus/Leatrix_Plus.lua:61: attempt to index local 'L' (a nil value)\nstack traceback:\n\t(string):1: in main chunk",
    "count": 1
  },
  {
    "message": "Lua Error: @/home/osso/.worktrees/wow-ui-sim-p510-page/data/patch-api/evidence/5.1.0-session-2026-10-08/addon-snapshot/Leatrix_Plus/Leatrix_Plus.lua: Lua error: ...-2026-10-08/addon-snapshot/Leatrix_Plus/Leatrix_Plus.lua:61: attempt to index local 'L' (a nil value)\nstack traceback:\n\t(string):1: in main chunk\n[Interface/AddOns/Blizzard_ScriptErrors/Blizzard_ScriptErrors.lua]:59: in function 'GetErrorData'\n[Interface/AddOns/Blizzard_ScriptErrors/Blizzard_ScriptErrors.lua]:72: in function <[Interface/AddOns/Blizzard_ScriptErrors/Blizzard_ScriptErrors.lua]:71>",
    "count": 1
  },
  {
    "message": "@/home/osso/.worktrees/wow-ui-sim-p510-page/data/patch-api/evidence/5.1.0-session-2026-10-08/addon-snapshot/Plumber/Locales/enUS.lua: Lua error: ...ssion-2026-10-08/addon-snapshot/Plumber/Locales/enUS.lua:17: attempt to index local 'L' (a nil value)\nstack traceback:\n\t(string):1: in main chunk",
    "count": 1
  },
  {
    "message": "Lua Error: @/home/osso/.worktrees/wow-ui-sim-p510-page/data/patch-api/evidence/5.1.0-session-2026-10-08/addon-snapshot/Plumber/Locales/enUS.lua: Lua error: ...ssion-2026-10-08/addon-snapshot/Plumber/Locales/enUS.lua:17: attempt to index local 'L' (a nil value)\nstack traceback:\n\t(string):1: in main chunk\n[Interface/AddOns/Blizzard_ScriptErrors/Blizzard_ScriptErrors.lua]:59: in function 'GetErrorData'\n[Interface/AddOns/Blizzard_ScriptErrors/Blizzard_ScriptErrors.lua]:72: in function <[Interface/AddOns/Blizzard_ScriptErrors/Blizzard_ScriptErrors.lua]:71>",
    "count": 1
  },
  {
    "message": "@/home/osso/.worktrees/wow-ui-sim-p510-page/data/patch-api/evidence/5.1.0-session-2026-10-08/addon-snapshot/Plumber/Modules/Shared/SharedData.lua: Lua error: ...-08/addon-snapshot/Plumber/Modules/Shared/SharedData.lua:51: attempt to index local 'L' (a nil value)\nstack traceback:\n\t(string):1: in main chunk",
    "count": 1
  },
  {
    "message": "Lua Error: @/home/osso/.worktrees/wow-ui-sim-p510-page/data/patch-api/evidence/5.1.0-session-2026-10-08/addon-snapshot/Plumber/Modules/Shared/SharedData.lua: Lua error: ...-08/addon-snapshot/Plumber/Modules/Shared/SharedData.lua:51: attempt to index local 'L' (a nil value)\nstack traceback:\n\t(string):1: in main chunk\n[Interface/AddOns/Blizzard_ScriptErrors/Blizzard_ScriptErrors.lua]:59: in function 'GetErrorData'\n[Interface/AddOns/Blizzard_ScriptErrors/Blizzard_ScriptErrors.lua]:72: in function <[Interface/AddOns/Blizzard_ScriptErrors/Blizzard_ScriptErrors.lua]:71>",
    "count": 1
  },
  {
    "message": "IO error loading /home/osso/.worktrees/wow-ui-sim-p510-page/data/patch-api/evidence/5.1.0-session-2026-10-08/addon-snapshot/Plumber/Modules/Shared/SharedWidgets.xml: No such file or directory (os error 2)\nstack traceback:\n\t(string):1: in main chunk",
    "count": 1
  },
  {
    "message": "Lua Error: IO error loading /home/osso/.worktrees/wow-ui-sim-p510-page/data/patch-api/evidence/5.1.0-session-2026-10-08/addon-snapshot/Plumber/Modules/Shared/SharedWidgets.xml: No such file or directory (os error 2)\nstack traceback:\n\t(string):1: in main chunk\n[Interface/AddOns/Blizzard_ScriptErrors/Blizzard_ScriptErrors.lua]:59: in function 'GetErrorData'\n[Interface/AddOns/Blizzard_ScriptErrors/Blizzard_ScriptErrors.lua]:72: in function <[Interface/AddOns/Blizzard_ScriptErrors/Blizzard_ScriptErrors.lua]:71>",
    "count": 1
  },
  {
    "message": "XML error: IO error loading /home/osso/.worktrees/wow-ui-sim-p510-page/data/patch-api/evidence/5.1.0-session-2026-10-08/addon-snapshot/Plumber/Modules/Shared/SharedWidgets.xml: No such file or directory (os error 2)\nstack traceback:\n\t(string):1: in main chunk",
    "count": 1
  },
  {
    "message": "Lua Error: XML error: IO error loading /home/osso/.worktrees/wow-ui-sim-p510-page/data/patch-api/evidence/5.1.0-session-2026-10-08/addon-snapshot/Plumber/Modules/Shared/SharedWidgets.xml: No such file or directory (os error 2)\nstack traceback:\n\t(string):1: in main chunk\n[Interface/AddOns/Blizzard_ScriptErrors/Blizzard_ScriptErrors.lua]:59: in function 'GetErrorData'\n[Interface/AddOns/Blizzard_ScriptErrors/Blizzard_ScriptErrors.lua]:72: in function <[Interface/AddOns/Blizzard_ScriptErrors/Blizzard_ScriptErrors.lua]:71>",
    "count": 1
  },
  {
    "message": "@/home/osso/.worktrees/wow-ui-sim-p510-page/data/patch-api/evidence/5.1.0-session-2026-10-08/addon-snapshot/Plumber/Modules/ScenarioTracker.lua: Lua error: ...10-08/addon-snapshot/Plumber/Modules/ScenarioTracker.lua:150: attempt to index local 'API' (a nil value)\nstack traceback:\n\t(string):1: in main chunk",
    "count": 1
  },
  {
    "message": "Lua Error: @/home/osso/.worktrees/wow-ui-sim-p510-page/data/patch-api/evidence/5.1.0-session-2026-10-08/addon-snapshot/Plumber/Modules/ScenarioTracker.lua: Lua error: ...10-08/addon-snapshot/Plumber/Modules/ScenarioTracker.lua:150: attempt to index local 'API' (a nil value)\nstack traceback:\n\t(string):1: in main chunk\n[Interface/AddOns/Blizzard_ScriptErrors/Blizzard_ScriptErrors.lua]:59: in function 'GetErrorData'\n[Interface/AddOns/Blizzard_ScriptErrors/Blizzard_ScriptErrors.lua]:72: in function <[Interface/AddOns/Blizzard_ScriptErrors/Blizzard_ScriptErrors.lua]:71>",
    "count": 1
  },
  {
    "message": "IO error reading /home/osso/.worktrees/wow-ui-sim-p510-page/data/patch-api/evidence/5.1.0-session-2026-10-08/addon-snapshot/Plumber/Modules/ControlCenter/Preload.lua: No such file or directory (os error 2)\nstack traceback:\n\t(string):1: in main chunk",
    "count": 1
  },
  {
    "message": "Lua Error: IO error reading /home/osso/.worktrees/wow-ui-sim-p510-page/data/patch-api/evidence/5.1.0-session-2026-10-08/addon-snapshot/Plumber/Modules/ControlCenter/Preload.lua: No such file or directory (os error 2)\nstack traceback:\n\t(string):1: in main chunk\n[Interface/AddOns/Blizzard_ScriptErrors/Blizzard_ScriptErrors.lua]:59: in function 'GetErrorData'\n[Interface/AddOns/Blizzard_ScriptErrors/Blizzard_ScriptErrors.lua]:72: in function <[Interface/AddOns/Blizzard_ScriptErrors/Blizzard_ScriptErrors.lua]:71>",
    "count": 1
  },
  {
    "message": "@/home/osso/.worktrees/wow-ui-sim-p510-page/data/patch-api/evidence/5.1.0-session-2026-10-08/addon-snapshot/Plumber/Modules/Macros.lua: Lua error: ...ion-2026-10-08/addon-snapshot/Plumber/Modules/Macros.lua:47: attempt to index local 'API' (a nil value)\nstack traceback:\n\t(string):1: in main chunk",
    "count": 1
  },
  {
    "message": "Lua Error: @/home/osso/.worktrees/wow-ui-sim-p510-page/data/patch-api/evidence/5.1.0-session-2026-10-08/addon-snapshot/Plumber/Modules/Macros.lua: Lua error: ...ion-2026-10-08/addon-snapshot/Plumber/Modules/Macros.lua:47: attempt to index local 'API' (a nil value)\nstack traceback:\n\t(string):1: in main chunk\n[Interface/AddOns/Blizzard_ScriptErrors/Blizzard_ScriptErrors.lua]:59: in function 'GetErrorData'\n[Interface/AddOns/Blizzard_ScriptErrors/Blizzard_ScriptErrors.lua]:72: in function <[Interface/AddOns/Blizzard_ScriptErrors/Blizzard_ScriptErrors.lua]:71>",
    "count": 1
  },
  {
    "message": "@/home/osso/.worktrees/wow-ui-sim-p510-page/data/patch-api/evidence/5.1.0-session-2026-10-08/addon-snapshot/Plumber/Modules/BackpackItemTracker.lua: Lua error: ...8/addon-snapshot/Plumber/Modules/BackpackItemTracker.lua:20: attempt to index local 'API' (a nil value)\nstack traceback:\n\t(string):1: in main chunk",
    "count": 1
  },
  {
    "message": "Lua Error: @/home/osso/.worktrees/wow-ui-sim-p510-page/data/patch-api/evidence/5.1.0-session-2026-10-08/addon-snapshot/Plumber/Modules/BackpackItemTracker.lua: Lua error: ...8/addon-snapshot/Plumber/Modules/BackpackItemTracker.lua:20: attempt to index local 'API' (a nil value)\nstack traceback:\n\t(string):1: in main chunk\n[Interface/AddOns/Blizzard_ScriptErrors/Blizzard_ScriptErrors.lua]:59: in function 'GetErrorData'\n[Interface/AddOns/Blizzard_ScriptErrors/Blizzard_ScriptErrors.lua]:72: in function <[Interface/AddOns/Blizzard_ScriptErrors/Blizzard_ScriptErrors.lua]:71>",
    "count": 1
  },
  {
    "message": "@/home/osso/.worktrees/wow-ui-sim-p510-page/data/patch-api/evidence/5.1.0-session-2026-10-08/addon-snapshot/Plumber/Modules/AutoJoinEvents.lua: Lua error: ...-10-08/addon-snapshot/Plumber/Modules/AutoJoinEvents.lua:7: attempt to index field 'API' (a nil value)\nstack traceback:\n\t(string):1: in main chunk",
    "count": 1
  },
  {
    "message": "Lua Error: @/home/osso/.worktrees/wow-ui-sim-p510-page/data/patch-api/evidence/5.1.0-session-2026-10-08/addon-snapshot/Plumber/Modules/AutoJoinEvents.lua: Lua error: ...-10-08/addon-snapshot/Plumber/Modules/AutoJoinEvents.lua:7: attempt to index field 'API' (a nil value)\nstack traceback:\n\t(string):1: in main chunk\n[Interface/AddOns/Blizzard_ScriptErrors/Blizzard_ScriptErrors.lua]:59: in function 'GetErrorData'\n[Interface/AddOns/Blizzard_ScriptErrors/Blizzard_ScriptErrors.lua]:72: in function <[Interface/AddOns/Blizzard_ScriptErrors/Blizzard_ScriptErrors.lua]:71>",
    "count": 1
  },
  {
    "message": "@/home/osso/.worktrees/wow-ui-sim-p510-page/data/patch-api/evidence/5.1.0-session-2026-10-08/addon-snapshot/Plumber/Modules/PlayerChoiceFrameToken.lua: Lua error: ...ddon-snapshot/Plumber/Modules/PlayerChoiceFrameToken.lua:5: attempt to index field 'API' (a nil value)\nstack traceback:\n\t(string):1: in main chunk",
    "count": 1
  },
  {
    "message": "Lua Error: @/home/osso/.worktrees/wow-ui-sim-p510-page/data/patch-api/evidence/5.1.0-session-2026-10-08/addon-snapshot/Plumber/Modules/PlayerChoiceFrameToken.lua: Lua error: ...ddon-snapshot/Plumber/Modules/PlayerChoiceFrameToken.lua:5: attempt to index field 'API' (a nil value)\nstack traceback:\n\t(string):1: in main chunk\n[Interface/AddOns/Blizzard_ScriptErrors/Blizzard_ScriptErrors.lua]:59: in function 'GetErrorData'\n[Interface/AddOns/Blizzard_ScriptErrors/Blizzard_ScriptErrors.lua]:72: in function <[Interface/AddOns/Blizzard_ScriptErrors/Blizzard_ScriptErrors.lua]:71>",
    "count": 1
  },
  {
    "message": "@/home/osso/.worktrees/wow-ui-sim-p510-page/data/patch-api/evidence/5.1.0-session-2026-10-08/addon-snapshot/Plumber/Modules/QuickSlot.lua: Lua error: ...-2026-10-08/addon-snapshot/Plumber/Modules/QuickSlot.lua:4: attempt to index local 'API' (a nil value)\nstack traceback:\n\t(string):1: in main chunk",
    "count": 1
  },
  {
    "message": "Lua Error: @/home/osso/.worktrees/wow-ui-sim-p510-page/data/patch-api/evidence/5.1.0-session-2026-10-08/addon-snapshot/Plumber/Modules/QuickSlot.lua: Lua error: ...-2026-10-08/addon-snapshot/Plumber/Modules/QuickSlot.lua:4: attempt to index local 'API' (a nil value)\nstack traceback:\n\t(string):1: in main chunk\n[Interface/AddOns/Blizzard_ScriptErrors/Blizzard_ScriptErrors.lua]:59: in function 'GetErrorData'\n[Interface/AddOns/Blizzard_ScriptErrors/Blizzard_ScriptErrors.lua]:72: in function <[Interface/AddOns/Blizzard_ScriptErrors/Blizzard_ScriptErrors.lua]:71>",
    "count": 1
  },
  {
    "message": "@/home/osso/.worktrees/wow-ui-sim-p510-page/data/patch-api/evidence/5.1.0-session-2026-10-08/addon-snapshot/Plumber/Modules/RareAnnouncement.lua: Lua error: ...0-08/addon-snapshot/Plumber/Modules/RareAnnouncement.lua:6: attempt to index local 'API' (a nil value)\nstack traceback:\n\t(string):1: in main chunk",
    "count": 1
  },
  {
    "message": "Lua Error: @/home/osso/.worktrees/wow-ui-sim-p510-page/data/patch-api/evidence/5.1.0-session-2026-10-08/addon-snapshot/Plumber/Modules/RareAnnouncement.lua: Lua error: ...0-08/addon-snapshot/Plumber/Modules/RareAnnouncement.lua:6: attempt to index local 'API' (a nil value)\nstack traceback:\n\t(string):1: in main chunk\n[Interface/AddOns/Blizzard_ScriptErrors/Blizzard_ScriptErrors.lua]:59: in function 'GetErrorData'\n[Interface/AddOns/Blizzard_ScriptErrors/Blizzard_ScriptErrors.lua]:72: in function <[Interface/AddOns/Blizzard_ScriptErrors/Blizzard_ScriptErrors.lua]:71>",
    "count": 1
  },
  {
    "message": "@/home/osso/.worktrees/wow-ui-sim-p510-page/data/patch-api/evidence/5.1.0-session-2026-10-08/addon-snapshot/Plumber/Modules/MerchantPrice.lua: Lua error: ...6-10-08/addon-snapshot/Plumber/Modules/MerchantPrice.lua:27: attempt to index local 'API' (a nil value)\nstack traceback:\n\t(string):1: in main chunk",
    "count": 1
  },
  {
    "message": "Lua Error: @/home/osso/.worktrees/wow-ui-sim-p510-page/data/patch-api/evidence/5.1.0-session-2026-10-08/addon-snapshot/Plumber/Modules/MerchantPrice.lua: Lua error: ...6-10-08/addon-snapshot/Plumber/Modules/MerchantPrice.lua:27: attempt to index local 'API' (a nil value)\nstack traceback:\n\t(string):1: in main chunk\n[Interface/AddOns/Blizzard_ScriptErrors/Blizzard_ScriptErrors.lua]:59: in function 'GetErrorData'\n[Interface/AddOns/Blizzard_ScriptErrors/Blizzard_ScriptErrors.lua]:72: in function <[Interface/AddOns/Blizzard_ScriptErrors/Blizzard_ScriptErrors.lua]:71>",
    "count": 1
  },
  {
    "message": "@/home/osso/.worktrees/wow-ui-sim-p510-page/data/patch-api/evidence/5.1.0-session-2026-10-08/addon-snapshot/Plumber/Modules/DelvesAutomation.lua: Lua error: ...0-08/addon-snapshot/Plumber/Modules/DelvesAutomation.lua:75: attempt to index field 'L' (a nil value)\nstack traceback:\n\t(string):1: in main chunk",
    "count": 1
  },
  {
    "message": "Lua Error: @/home/osso/.worktrees/wow-ui-sim-p510-page/data/patch-api/evidence/5.1.0-session-2026-10-08/addon-snapshot/Plumber/Modules/DelvesAutomation.lua: Lua error: ...0-08/addon-snapshot/Plumber/Modules/DelvesAutomation.lua:75: attempt to index field 'L' (a nil value)\nstack traceback:\n\t(string):1: in main chunk\n[Interface/AddOns/Blizzard_ScriptErrors/Blizzard_ScriptErrors.lua]:59: in function 'GetErrorData'\n[Interface/AddOns/Blizzard_ScriptErrors/Blizzard_ScriptErrors.lua]:72: in function <[Interface/AddOns/Blizzard_ScriptErrors/Blizzard_ScriptErrors.lua]:71>",
    "count": 1
  },
  {
    "message": "IO error reading /home/osso/.worktrees/wow-ui-sim-p510-page/data/patch-api/evidence/5.1.0-session-2026-10-08/addon-snapshot/Plumber/Modules/GameTooltip_Core.lua: No such file or directory (os error 2)\nstack traceback:\n\t(string):1: in main chunk",
    "count": 1
  },
  {
    "message": "Lua Error: IO error reading /home/osso/.worktrees/wow-ui-sim-p510-page/data/patch-api/evidence/5.1.0-session-2026-10-08/addon-snapshot/Plumber/Modules/GameTooltip_Core.lua: No such file or directory (os error 2)\nstack traceback:\n\t(string):1: in main chunk\n[Interface/AddOns/Blizzard_ScriptErrors/Blizzard_ScriptErrors.lua]:59: in function 'GetErrorData'\n[Interface/AddOns/Blizzard_ScriptErrors/Blizzard_ScriptErrors.lua]:72: in function <[Interface/AddOns/Blizzard_ScriptErrors/Blizzard_ScriptErrors.lua]:71>",
    "count": 1
  },
  {
    "message": "@/home/osso/.worktrees/wow-ui-sim-p510-page/data/patch-api/evidence/5.1.0-session-2026-10-08/addon-snapshot/Plumber/Modules/UnderlightAngler.lua: Lua error: ...0-08/addon-snapshot/Plumber/Modules/UnderlightAngler.lua:69: attempt to index field 'L' (a nil value)\nstack traceback:\n\t(string):1: in main chunk",
    "count": 1
  },
  {
    "message": "Lua Error: @/home/osso/.worktrees/wow-ui-sim-p510-page/data/patch-api/evidence/5.1.0-session-2026-10-08/addon-snapshot/Plumber/Modules/UnderlightAngler.lua: Lua error: ...0-08/addon-snapshot/Plumber/Modules/UnderlightAngler.lua:69: attempt to index field 'L' (a nil value)\nstack traceback:\n\t(string):1: in main chunk\n[Interface/AddOns/Blizzard_ScriptErrors/Blizzard_ScriptErrors.lua]:59: in function 'GetErrorData'\n[Interface/AddOns/Blizzard_ScriptErrors/Blizzard_ScriptErrors.lua]:72: in function <[Interface/AddOns/Blizzard_ScriptErrors/Blizzard_ScriptErrors.lua]:71>",
    "count": 1
  },
  {
    "message": "@/home/osso/.worktrees/wow-ui-sim-p510-page/data/patch-api/evidence/5.1.0-session-2026-10-08/addon-snapshot/Plumber/Modules/ChatOptions.lua: Lua error: ...026-10-08/addon-snapshot/Plumber/Modules/ChatOptions.lua:205: attempt to index local 'API' (a nil value)\nstack traceback:\n\t(string):1: in main chunk",
    "count": 1
  },
  {
    "message": "Lua Error: @/home/osso/.worktrees/wow-ui-sim-p510-page/data/patch-api/evidence/5.1.0-session-2026-10-08/addon-snapshot/Plumber/Modules/ChatOptions.lua: Lua error: ...026-10-08/addon-snapshot/Plumber/Modules/ChatOptions.lua:205: attempt to index local 'API' (a nil value)\nstack traceback:\n\t(string):1: in main chunk\n[Interface/AddOns/Blizzard_ScriptErrors/Blizzard_ScriptErrors.lua]:59: in function 'GetErrorData'\n[Interface/AddOns/Blizzard_ScriptErrors/Blizzard_ScriptErrors.lua]:72: in function <[Interface/AddOns/Blizzard_ScriptErrors/Blizzard_ScriptErrors.lua]:71>",
    "count": 1
  },
  {
    "message": "IO error reading /home/osso/.worktrees/wow-ui-sim-p510-page/data/patch-api/evidence/5.1.0-session-2026-10-08/addon-snapshot/Plumber/Modules/StaticPopup_QuestItemDestroyAlert.lua: No such file or directory (os error 2)\nstack traceback:\n\t(string):1: in main chunk",
    "count": 1
  },
  {
    "message": "Lua Error: IO error reading /home/osso/.worktrees/wow-ui-sim-p510-page/data/patch-api/evidence/5.1.0-session-2026-10-08/addon-snapshot/Plumber/Modules/StaticPopup_QuestItemDestroyAlert.lua: No such file or directory (os error 2)\nstack traceback:\n\t(string):1: in main chunk\n[Interface/AddOns/Blizzard_ScriptErrors/Blizzard_ScriptErrors.lua]:59: in function 'GetErrorData'\n[Interface/AddOns/Blizzard_ScriptErrors/Blizzard_ScriptErrors.lua]:72: in function <[Interface/AddOns/Blizzard_ScriptErrors/Blizzard_ScriptErrors.lua]:71>",
    "count": 1
  },
  {
    "message": "@/home/osso/.worktrees/wow-ui-sim-p510-page/data/patch-api/evidence/5.1.0-session-2026-10-08/addon-snapshot/Plumber/Modules/ProfessionsBook.lua: Lua error: ...10-08/addon-snapshot/Plumber/Modules/ProfessionsBook.lua:7: attempt to index field 'GameTooltipManager' (a nil value)\nstack traceback:\n\t(string):1: in main chunk",
    "count": 1
  },
  {
    "message": "Lua Error: @/home/osso/.worktrees/wow-ui-sim-p510-page/data/patch-api/evidence/5.1.0-session-2026-10-08/addon-snapshot/Plumber/Modules/ProfessionsBook.lua: Lua error: ...10-08/addon-snapshot/Plumber/Modules/ProfessionsBook.lua:7: attempt to index field 'GameTooltipManager' (a nil value)\nstack traceback:\n\t(string):1: in main chunk\n[Interface/AddOns/Blizzard_ScriptErrors/Blizzard_ScriptErrors.lua]:59: in function 'GetErrorData'\n[Interface/AddOns/Blizzard_ScriptErrors/Blizzard_ScriptErrors.lua]:72: in function <[Interface/AddOns/Blizzard_ScriptErrors/Blizzard_ScriptErrors.lua]:71>",
    "count": 1
  },
  {
    "message": "@/home/osso/.worktrees/wow-ui-sim-p510-page/data/patch-api/evidence/5.1.0-session-2026-10-08/addon-snapshot/Plumber/Modules/HolidayDungeon.lua: Lua error: ...-10-08/addon-snapshot/Plumber/Modules/HolidayDungeon.lua:90: attempt to index field 'L' (a nil value)\nstack traceback:\n\t(string):1: in main chunk",
    "count": 1
  },
  {
    "message": "Lua Error: @/home/osso/.worktrees/wow-ui-sim-p510-page/data/patch-api/evidence/5.1.0-session-2026-10-08/addon-snapshot/Plumber/Modules/HolidayDungeon.lua: Lua error: ...-10-08/addon-snapshot/Plumber/Modules/HolidayDungeon.lua:90: attempt to index field 'L' (a nil value)\nstack traceback:\n\t(string):1: in main chunk\n[Interface/AddOns/Blizzard_ScriptErrors/Blizzard_ScriptErrors.lua]:59: in function 'GetErrorData'\n[Interface/AddOns/Blizzard_ScriptErrors/Blizzard_ScriptErrors.lua]:72: in function <[Interface/AddOns/Blizzard_ScriptErrors/Blizzard_ScriptErrors.lua]:71>",
    "count": 1
  },
  {
    "message": "@/home/osso/.worktrees/wow-ui-sim-p510-page/data/patch-api/evidence/5.1.0-session-2026-10-08/addon-snapshot/Plumber/Modules/SourceAchievementLink.lua: Lua error: ...addon-snapshot/Plumber/Modules/SourceAchievementLink.lua:6: attempt to index local 'API' (a nil value)\nstack traceback:\n\t(string):1: in main chunk",
    "count": 1
  },
  {
    "message": "Lua Error: @/home/osso/.worktrees/wow-ui-sim-p510-page/data/patch-api/evidence/5.1.0-session-2026-10-08/addon-snapshot/Plumber/Modules/SourceAchievementLink.lua: Lua error: ...addon-snapshot/Plumber/Modules/SourceAchievementLink.lua:6: attempt to index local 'API' (a nil value)\nstack traceback:\n\t(string):1: in main chunk\n[Interface/AddOns/Blizzard_ScriptErrors/Blizzard_ScriptErrors.lua]:59: in function 'GetErrorData'\n[Interface/AddOns/Blizzard_ScriptErrors/Blizzard_ScriptErrors.lua]:72: in function <[Interface/AddOns/Blizzard_ScriptErrors/Blizzard_ScriptErrors.lua]:71>",
    "count": 1
  },
  {
    "message": "@/home/osso/.worktrees/wow-ui-sim-p510-page/data/patch-api/evidence/5.1.0-session-2026-10-08/addon-snapshot/Plumber/Modules/OutfitSelect.lua: Lua error: ...26-10-08/addon-snapshot/Plumber/Modules/OutfitSelect.lua:4: attempt to index field 'CooldownUtil' (a nil value)\nstack traceback:\n\t(string):1: in main chunk",
    "count": 1
  },
  {
    "message": "Lua Error: @/home/osso/.worktrees/wow-ui-sim-p510-page/data/patch-api/evidence/5.1.0-session-2026-10-08/addon-snapshot/Plumber/Modules/OutfitSelect.lua: Lua error: ...26-10-08/addon-snapshot/Plumber/Modules/OutfitSelect.lua:4: attempt to index field 'CooldownUtil' (a nil value)\nstack traceback:\n\t(string):1: in main chunk\n[Interface/AddOns/Blizzard_ScriptErrors/Blizzard_ScriptErrors.lua]:59: in function 'GetErrorData'\n[Interface/AddOns/Blizzard_ScriptErrors/Blizzard_ScriptErrors.lua]:72: in function <[Interface/AddOns/Blizzard_ScriptErrors/Blizzard_ScriptErrors.lua]:71>",
    "count": 1
  },
  {
    "message": "@/home/osso/.worktrees/wow-ui-sim-p510-page/data/patch-api/evidence/5.1.0-session-2026-10-08/addon-snapshot/Plumber/Modules/CatalystUI.lua: Lua error: ...2026-10-08/addon-snapshot/Plumber/Modules/CatalystUI.lua:178: attempt to index field 'L' (a nil value)\nstack traceback:\n\t(string):1: in main chunk",
    "count": 1
  },
  {
    "message": "Lua Error: @/home/osso/.worktrees/wow-ui-sim-p510-page/data/patch-api/evidence/5.1.0-session-2026-10-08/addon-snapshot/Plumber/Modules/CatalystUI.lua: Lua error: ...2026-10-08/addon-snapshot/Plumber/Modules/CatalystUI.lua:178: attempt to index field 'L' (a nil value)\nstack traceback:\n\t(string):1: in main chunk\n[Interface/AddOns/Blizzard_ScriptErrors/Blizzard_ScriptErrors.lua]:59: in function 'GetErrorData'\n[Interface/AddOns/Blizzard_ScriptErrors/Blizzard_ScriptErrors.lua]:72: in function <[Interface/AddOns/Blizzard_ScriptErrors/Blizzard_ScriptErrors.lua]:71>",
    "count": 1
  },
  {
    "message": "@/home/osso/.worktrees/wow-ui-sim-p510-page/data/patch-api/evidence/5.1.0-session-2026-10-08/addon-snapshot/Plumber/Modules/HuntTable.lua: Lua error: ...-2026-10-08/addon-snapshot/Plumber/Modules/HuntTable.lua:3: attempt to index field 'API' (a nil value)\nstack traceback:\n\t(string):1: in main chunk",
    "count": 1
  },
  {
    "message": "Lua Error: @/home/osso/.worktrees/wow-ui-sim-p510-page/data/patch-api/evidence/5.1.0-session-2026-10-08/addon-snapshot/Plumber/Modules/HuntTable.lua: Lua error: ...-2026-10-08/addon-snapshot/Plumber/Modules/HuntTable.lua:3: attempt to index field 'API' (a nil value)\nstack traceback:\n\t(string):1: in main chunk\n[Interface/AddOns/Blizzard_ScriptErrors/Blizzard_ScriptErrors.lua]:59: in function 'GetErrorData'\n[Interface/AddOns/Blizzard_ScriptErrors/Blizzard_ScriptErrors.lua]:72: in function <[Interface/AddOns/Blizzard_ScriptErrors/Blizzard_ScriptErrors.lua]:71>",
    "count": 1
  },
  {
    "message": "@/home/osso/.worktrees/wow-ui-sim-p510-page/data/patch-api/evidence/5.1.0-session-2026-10-08/addon-snapshot/Plumber/Modules/TransmogRestorePending.lua: Lua error: ...ddon-snapshot/Plumber/Modules/TransmogRestorePending.lua:840: attempt to index local 'L' (a nil value)\nstack traceback:\n\t(string):1: in main chunk",
    "count": 1
  },
  {
    "message": "Lua Error: @/home/osso/.worktrees/wow-ui-sim-p510-page/data/patch-api/evidence/5.1.0-session-2026-10-08/addon-snapshot/Plumber/Modules/TransmogRestorePending.lua: Lua error: ...ddon-snapshot/Plumber/Modules/TransmogRestorePending.lua:840: attempt to index local 'L' (a nil value)\nstack traceback:\n\t(string):1: in main chunk\n[Interface/AddOns/Blizzard_ScriptErrors/Blizzard_ScriptErrors.lua]:59: in function 'GetErrorData'\n[Interface/AddOns/Blizzard_ScriptErrors/Blizzard_ScriptErrors.lua]:72: in function <[Interface/AddOns/Blizzard_ScriptErrors/Blizzard_ScriptErrors.lua]:71>",
    "count": 1
  },
  {
    "message": "@/home/osso/.worktrees/wow-ui-sim-p510-page/data/patch-api/evidence/5.1.0-session-2026-10-08/addon-snapshot/SavedInstances/Init.lua: Lua error: ...ession-2026-10-08/addon-snapshot/SavedInstances/Init.lua:2: Cannot find a library instance of \"AceAddon-3.0\".\nstack traceback:\n\t(string):1: in main chunk",
    "count": 1
  },
  {
    "message": "Lua Error: @/home/osso/.worktrees/wow-ui-sim-p510-page/data/patch-api/evidence/5.1.0-session-2026-10-08/addon-snapshot/SavedInstances/Init.lua: Lua error: ...ession-2026-10-08/addon-snapshot/SavedInstances/Init.lua:2: Cannot find a library instance of \"AceAddon-3.0\".\nstack traceback:\n\t(string):1: in main chunk\n[Interface/AddOns/Blizzard_ScriptErrors/Blizzard_ScriptErrors.lua]:59: in function 'GetErrorData'\n[Interface/AddOns/Blizzard_ScriptErrors/Blizzard_ScriptErrors.lua]:72: in function <[Interface/AddOns/Blizzard_ScriptErrors/Blizzard_ScriptErrors.lua]:71>",
    "count": 1
  },
  {
    "message": "@/home/osso/.worktrees/wow-ui-sim-p510-page/data/patch-api/evidence/5.1.0-session-2026-10-08/addon-snapshot/SavedInstances/Locales/Locale.lua: Lua error: bad argument #1 to 'setmetatable' (table expected)\nstack traceback:\n\t(string):1: in main chunk",
    "count": 1
  },
  {
    "message": "Lua Error: @/home/osso/.worktrees/wow-ui-sim-p510-page/data/patch-api/evidence/5.1.0-session-2026-10-08/addon-snapshot/SavedInstances/Locales/Locale.lua: Lua error: bad argument #1 to 'setmetatable' (table expected)\nstack traceback:\n\t(string):1: in main chunk\n[Interface/AddOns/Blizzard_ScriptErrors/Blizzard_ScriptErrors.lua]:59: in function 'GetErrorData'\n[Interface/AddOns/Blizzard_ScriptErrors/Blizzard_ScriptErrors.lua]:72: in function <[Interface/AddOns/Blizzard_ScriptErrors/Blizzard_ScriptErrors.lua]:71>",
    "count": 1
  },
  {
    "message": "@/home/osso/.worktrees/wow-ui-sim-p510-page/data/patch-api/evidence/5.1.0-session-2026-10-08/addon-snapshot/SavedInstances/Core/Tooltip.lua: Lua error: ...026-10-08/addon-snapshot/SavedInstances/Core/Tooltip.lua:2: attempt to index local 'SI' (a nil value)\nstack traceback:\n\t(string):1: in main chunk",
    "count": 1
  },
  {
    "message": "Lua Error: @/home/osso/.worktrees/wow-ui-sim-p510-page/data/patch-api/evidence/5.1.0-session-2026-10-08/addon-snapshot/SavedInstances/Core/Tooltip.lua: Lua error: ...026-10-08/addon-snapshot/SavedInstances/Core/Tooltip.lua:2: attempt to index local 'SI' (a nil value)\nstack traceback:\n\t(string):1: in main chunk\n[Interface/AddOns/Blizzard_ScriptErrors/Blizzard_ScriptErrors.lua]:59: in function 'GetErrorData'\n[Interface/AddOns/Blizzard_ScriptErrors/Blizzard_ScriptErrors.lua]:72: in function <[Interface/AddOns/Blizzard_ScriptErrors/Blizzard_ScriptErrors.lua]:71>",
    "count": 1
  },
  {
    "message": "@/home/osso/.worktrees/wow-ui-sim-p510-page/data/patch-api/evidence/5.1.0-session-2026-10-08/addon-snapshot/SavedInstances/Core/Debug.lua: Lua error: ...-2026-10-08/addon-snapshot/SavedInstances/Core/Debug.lua:18: attempt to index local 'SI' (a nil value)\nstack traceback:\n\t(string):1: in main chunk",
    "count": 1
  },
  {
    "message": "Lua Error: @/home/osso/.worktrees/wow-ui-sim-p510-page/data/patch-api/evidence/5.1.0-session-2026-10-08/addon-snapshot/SavedInstances/Core/Debug.lua: Lua error: ...-2026-10-08/addon-snapshot/SavedInstances/Core/Debug.lua:18: attempt to index local 'SI' (a nil value)\nstack traceback:\n\t(string):1: in main chunk\n[Interface/AddOns/Blizzard_ScriptErrors/Blizzard_ScriptErrors.lua]:59: in function 'GetErrorData'\n[Interface/AddOns/Blizzard_ScriptErrors/Blizzard_ScriptErrors.lua]:72: in function <[Interface/AddOns/Blizzard_ScriptErrors/Blizzard_ScriptErrors.lua]:71>",
    "count": 1
  },
  {
    "message": "@/home/osso/.worktrees/wow-ui-sim-p510-page/data/patch-api/evidence/5.1.0-session-2026-10-08/addon-snapshot/SavedInstances/Modules/BonusRoll.lua: Lua error: ...0-08/addon-snapshot/SavedInstances/Modules/BonusRoll.lua:2: attempt to index local 'SI' (a nil value)\nstack traceback:\n\t(string):1: in main chunk",
    "count": 1
  },
  {
    "message": "Lua Error: @/home/osso/.worktrees/wow-ui-sim-p510-page/data/patch-api/evidence/5.1.0-session-2026-10-08/addon-snapshot/SavedInstances/Modules/BonusRoll.lua: Lua error: ...0-08/addon-snapshot/SavedInstances/Modules/BonusRoll.lua:2: attempt to index local 'SI' (a nil value)\nstack traceback:\n\t(string):1: in main chunk\n[Interface/AddOns/Blizzard_ScriptErrors/Blizzard_ScriptErrors.lua]:59: in function 'GetErrorData'\n[Interface/AddOns/Blizzard_ScriptErrors/Blizzard_ScriptErrors.lua]:72: in function <[Interface/AddOns/Blizzard_ScriptErrors/Blizzard_ScriptErrors.lua]:71>",
    "count": 1
  },
  {
    "message": "@/home/osso/.worktrees/wow-ui-sim-p510-page/data/patch-api/evidence/5.1.0-session-2026-10-08/addon-snapshot/SavedInstances/Modules/Calling.lua: Lua error: ...-10-08/addon-snapshot/SavedInstances/Modules/Calling.lua:2: attempt to index local 'SI' (a nil value)\nstack traceback:\n\t(string):1: in main chunk",
    "count": 1
  },
  {
    "message": "Lua Error: @/home/osso/.worktrees/wow-ui-sim-p510-page/data/patch-api/evidence/5.1.0-session-2026-10-08/addon-snapshot/SavedInstances/Modules/Calling.lua: Lua error: ...-10-08/addon-snapshot/SavedInstances/Modules/Calling.lua:2: attempt to index local 'SI' (a nil value)\nstack traceback:\n\t(string):1: in main chunk\n[Interface/AddOns/Blizzard_ScriptErrors/Blizzard_ScriptErrors.lua]:59: in function 'GetErrorData'\n[Interface/AddOns/Blizzard_ScriptErrors/Blizzard_ScriptErrors.lua]:72: in function <[Interface/AddOns/Blizzard_ScriptErrors/Blizzard_ScriptErrors.lua]:71>",
    "count": 1
  },
  {
    "message": "@/home/osso/.worktrees/wow-ui-sim-p510-page/data/patch-api/evidence/5.1.0-session-2026-10-08/addon-snapshot/SavedInstances/Modules/Emissary.lua: Lua error: ...10-08/addon-snapshot/SavedInstances/Modules/Emissary.lua:2: attempt to index local 'SI' (a nil value)\nstack traceback:\n\t(string):1: in main chunk",
    "count": 1
  },
  {
    "message": "Lua Error: @/home/osso/.worktrees/wow-ui-sim-p510-page/data/patch-api/evidence/5.1.0-session-2026-10-08/addon-snapshot/SavedInstances/Modules/Emissary.lua: Lua error: ...10-08/addon-snapshot/SavedInstances/Modules/Emissary.lua:2: attempt to index local 'SI' (a nil value)\nstack traceback:\n\t(string):1: in main chunk\n[Interface/AddOns/Blizzard_ScriptErrors/Blizzard_ScriptErrors.lua]:59: in function 'GetErrorData'\n[Interface/AddOns/Blizzard_ScriptErrors/Blizzard_ScriptErrors.lua]:72: in function <[Interface/AddOns/Blizzard_ScriptErrors/Blizzard_ScriptErrors.lua]:71>",
    "count": 1
  },
  {
    "message": "@/home/osso/.worktrees/wow-ui-sim-p510-page/data/patch-api/evidence/5.1.0-session-2026-10-08/addon-snapshot/SavedInstances/Modules/MythicPlus.lua: Lua error: ...-08/addon-snapshot/SavedInstances/Modules/MythicPlus.lua:2: attempt to index local 'SI' (a nil value)\nstack traceback:\n\t(string):1: in main chunk",
    "count": 1
  },
  {
    "message": "Lua Error: @/home/osso/.worktrees/wow-ui-sim-p510-page/data/patch-api/evidence/5.1.0-session-2026-10-08/addon-snapshot/SavedInstances/Modules/MythicPlus.lua: Lua error: ...-08/addon-snapshot/SavedInstances/Modules/MythicPlus.lua:2: attempt to index local 'SI' (a nil value)\nstack traceback:\n\t(string):1: in main chunk\n[Interface/AddOns/Blizzard_ScriptErrors/Blizzard_ScriptErrors.lua]:59: in function 'GetErrorData'\n[Interface/AddOns/Blizzard_ScriptErrors/Blizzard_ScriptErrors.lua]:72: in function <[Interface/AddOns/Blizzard_ScriptErrors/Blizzard_ScriptErrors.lua]:71>",
    "count": 1
  },
  {
    "message": "@/home/osso/.worktrees/wow-ui-sim-p510-page/data/patch-api/evidence/5.1.0-session-2026-10-08/addon-snapshot/SavedInstances/Modules/Paragon.lua: Lua error: ...-10-08/addon-snapshot/SavedInstances/Modules/Paragon.lua:2: attempt to index local 'SI' (a nil value)\nstack traceback:\n\t(string):1: in main chunk",
    "count": 1
  },
  {
    "message": "Lua Error: @/home/osso/.worktrees/wow-ui-sim-p510-page/data/patch-api/evidence/5.1.0-session-2026-10-08/addon-snapshot/SavedInstances/Modules/Paragon.lua: Lua error: ...-10-08/addon-snapshot/SavedInstances/Modules/Paragon.lua:2: attempt to index local 'SI' (a nil value)\nstack traceback:\n\t(string):1: in main chunk\n[Interface/AddOns/Blizzard_ScriptErrors/Blizzard_ScriptErrors.lua]:59: in function 'GetErrorData'\n[Interface/AddOns/Blizzard_ScriptErrors/Blizzard_ScriptErrors.lua]:72: in function <[Interface/AddOns/Blizzard_ScriptErrors/Blizzard_ScriptErrors.lua]:71>",
    "count": 1
  },
  {
    "message": "@/home/osso/.worktrees/wow-ui-sim-p510-page/data/patch-api/evidence/5.1.0-session-2026-10-08/addon-snapshot/SavedInstances/Modules/Progress.lua: Lua error: ...10-08/addon-snapshot/SavedInstances/Modules/Progress.lua:2: attempt to index local 'SI' (a nil value)\nstack traceback:\n\t(string):1: in main chunk",
    "count": 1
  },
  {
    "message": "Lua Error: @/home/osso/.worktrees/wow-ui-sim-p510-page/data/patch-api/evidence/5.1.0-session-2026-10-08/addon-snapshot/SavedInstances/Modules/Progress.lua: Lua error: ...10-08/addon-snapshot/SavedInstances/Modules/Progress.lua:2: attempt to index local 'SI' (a nil value)\nstack traceback:\n\t(string):1: in main chunk\n[Interface/AddOns/Blizzard_ScriptErrors/Blizzard_ScriptErrors.lua]:59: in function 'GetErrorData'\n[Interface/AddOns/Blizzard_ScriptErrors/Blizzard_ScriptErrors.lua]:72: in function <[Interface/AddOns/Blizzard_ScriptErrors/Blizzard_ScriptErrors.lua]:71>",
    "count": 1
  },
  {
    "message": "@/home/osso/.worktrees/wow-ui-sim-p510-page/data/patch-api/evidence/5.1.0-session-2026-10-08/addon-snapshot/SavedInstances/Modules/TradeSkill.lua: Lua error: ...-08/addon-snapshot/SavedInstances/Modules/TradeSkill.lua:2: attempt to index local 'SI' (a nil value)\nstack traceback:\n\t(string):1: in main chunk",
    "count": 1
  },
  {
    "message": "Lua Error: @/home/osso/.worktrees/wow-ui-sim-p510-page/data/patch-api/evidence/5.1.0-session-2026-10-08/addon-snapshot/SavedInstances/Modules/TradeSkill.lua: Lua error: ...-08/addon-snapshot/SavedInstances/Modules/TradeSkill.lua:2: attempt to index local 'SI' (a nil value)\nstack traceback:\n\t(string):1: in main chunk\n[Interface/AddOns/Blizzard_ScriptErrors/Blizzard_ScriptErrors.lua]:59: in function 'GetErrorData'\n[Interface/AddOns/Blizzard_ScriptErrors/Blizzard_ScriptErrors.lua]:72: in function <[Interface/AddOns/Blizzard_ScriptErrors/Blizzard_ScriptErrors.lua]:71>",
    "count": 1
  },
  {
    "message": "@/home/osso/.worktrees/wow-ui-sim-p510-page/data/patch-api/evidence/5.1.0-session-2026-10-08/addon-snapshot/SavedInstances/Modules/WorldBoss.lua: Lua error: ...0-08/addon-snapshot/SavedInstances/Modules/WorldBoss.lua:2: attempt to index local 'SI' (a nil value)\nstack traceback:\n\t(string):1: in main chunk",
    "count": 1
  },
  {
    "message": "Lua Error: @/home/osso/.worktrees/wow-ui-sim-p510-page/data/patch-api/evidence/5.1.0-session-2026-10-08/addon-snapshot/SavedInstances/Modules/WorldBoss.lua: Lua error: ...0-08/addon-snapshot/SavedInstances/Modules/WorldBoss.lua:2: attempt to index local 'SI' (a nil value)\nstack traceback:\n\t(string):1: in main chunk\n[Interface/AddOns/Blizzard_ScriptErrors/Blizzard_ScriptErrors.lua]:59: in function 'GetErrorData'\n[Interface/AddOns/Blizzard_ScriptErrors/Blizzard_ScriptErrors.lua]:72: in function <[Interface/AddOns/Blizzard_ScriptErrors/Blizzard_ScriptErrors.lua]:71>",
    "count": 1
  },
  {
    "message": "IO error reading /home/osso/.worktrees/wow-ui-sim-p510-page/data/patch-api/evidence/5.1.0-session-2026-10-08/addon-snapshot/Simulationcraft/libs/AceDB-3.0/AceDB-3.0.lua: No such file or directory (os error 2)\nstack traceback:\n\t(string):1: in main chunk",
    "count": 1
  },
  {
    "message": "Lua Error: IO error reading /home/osso/.worktrees/wow-ui-sim-p510-page/data/patch-api/evidence/5.1.0-session-2026-10-08/addon-snapshot/Simulationcraft/libs/AceDB-3.0/AceDB-3.0.lua: No such file or directory (os error 2)\nstack traceback:\n\t(string):1: in main chunk\n[Interface/AddOns/Blizzard_ScriptErrors/Blizzard_ScriptErrors.lua]:59: in function 'GetErrorData'\n[Interface/AddOns/Blizzard_ScriptErrors/Blizzard_ScriptErrors.lua]:72: in function <[Interface/AddOns/Blizzard_ScriptErrors/Blizzard_ScriptErrors.lua]:71>",
    "count": 1
  },
  {
    "message": "IO error reading /home/osso/.worktrees/wow-ui-sim-p510-page/data/patch-api/evidence/5.1.0-session-2026-10-08/addon-snapshot/Simulationcraft/libs/LibDBIcon-1.0/LibDBIcon-1.0.lua: No such file or directory (os error 2)\nstack traceback:\n\t(string):1: in main chunk",
    "count": 1
  },
  {
    "message": "Lua Error: IO error reading /home/osso/.worktrees/wow-ui-sim-p510-page/data/patch-api/evidence/5.1.0-session-2026-10-08/addon-snapshot/Simulationcraft/libs/LibDBIcon-1.0/LibDBIcon-1.0.lua: No such file or directory (os error 2)\nstack traceback:\n\t(string):1: in main chunk\n[Interface/AddOns/Blizzard_ScriptErrors/Blizzard_ScriptErrors.lua]:59: in function 'GetErrorData'\n[Interface/AddOns/Blizzard_ScriptErrors/Blizzard_ScriptErrors.lua]:72: in function <[Interface/AddOns/Blizzard_ScriptErrors/Blizzard_ScriptErrors.lua]:71>",
    "count": 1
  },
  {
    "message": "@/home/osso/.worktrees/wow-ui-sim-p510-page/data/patch-api/evidence/5.1.0-session-2026-10-08/addon-snapshot/Simulationcraft/core.lua: Lua error: ...ssion-2026-10-08/addon-snapshot/Simulationcraft/core.lua:6: Cannot find a library instance of \"AceAddon-3.0\".\nstack traceback:\n\t(string):1: in main chunk",
    "count": 1
  },
  {
    "message": "Lua Error: @/home/osso/.worktrees/wow-ui-sim-p510-page/data/patch-api/evidence/5.1.0-session-2026-10-08/addon-snapshot/Simulationcraft/core.lua: Lua error: ...ssion-2026-10-08/addon-snapshot/Simulationcraft/core.lua:6: Cannot find a library instance of \"AceAddon-3.0\".\nstack traceback:\n\t(string):1: in main chunk\n[Interface/AddOns/Blizzard_ScriptErrors/Blizzard_ScriptErrors.lua]:59: in function 'GetErrorData'\n[Interface/AddOns/Blizzard_ScriptErrors/Blizzard_ScriptErrors.lua]:72: in function <[Interface/AddOns/Blizzard_ScriptErrors/Blizzard_ScriptErrors.lua]:71>",
    "count": 1
  },
  {
    "message": "IO error reading /home/osso/.worktrees/wow-ui-sim-p510-page/data/patch-api/evidence/5.1.0-session-2026-10-08/addon-snapshot/Syndicator/Libs/LibBattlePetTooltipLine/LibBattlePetTooltipLine.lua: No such file or directory (os error 2)\nstack traceback:\n\t(string):1: in main chunk",
    "count": 1
  },
  {
    "message": "Lua Error: IO error reading /home/osso/.worktrees/wow-ui-sim-p510-page/data/patch-api/evidence/5.1.0-session-2026-10-08/addon-snapshot/Syndicator/Libs/LibBattlePetTooltipLine/LibBattlePetTooltipLine.lua: No such file or directory (os error 2)\nstack traceback:\n\t(string):1: in main chunk\n[Interface/AddOns/Blizzard_ScriptErrors/Blizzard_ScriptErrors.lua]:59: in function 'GetErrorData'\n[Interface/AddOns/Blizzard_ScriptErrors/Blizzard_ScriptErrors.lua]:72: in function <[Interface/AddOns/Blizzard_ScriptErrors/Blizzard_ScriptErrors.lua]:71>",
    "count": 1
  },
  {
    "message": "@/home/osso/.worktrees/wow-ui-sim-p510-page/data/patch-api/evidence/5.1.0-session-2026-10-08/addon-snapshot/Syndicator/Core/Utilities.lua: Lua error: ...-2026-10-08/addon-snapshot/Syndicator/Core/Utilities.lua:66: attempt to index field 'Constants' (a nil value)\nstack traceback:\n\t(string):1: in main chunk",
    "count": 1
  },
  {
    "message": "Lua Error: @/home/osso/.worktrees/wow-ui-sim-p510-page/data/patch-api/evidence/5.1.0-session-2026-10-08/addon-snapshot/Syndicator/Core/Utilities.lua: Lua error: ...-2026-10-08/addon-snapshot/Syndicator/Core/Utilities.lua:66: attempt to index field 'Constants' (a nil value)\nstack traceback:\n\t(string):1: in main chunk\n[Interface/AddOns/Blizzard_ScriptErrors/Blizzard_ScriptErrors.lua]:59: in function 'GetErrorData'\n[Interface/AddOns/Blizzard_ScriptErrors/Blizzard_ScriptErrors.lua]:72: in function <[Interface/AddOns/Blizzard_ScriptErrors/Blizzard_ScriptErrors.lua]:71>",
    "count": 1
  },
  {
    "message": "@/home/osso/.worktrees/wow-ui-sim-p510-page/data/patch-api/evidence/5.1.0-session-2026-10-08/addon-snapshot/Syndicator/Core/Initialize.lua: Lua error: ...2026-10-08/addon-snapshot/Syndicator/Core/Initialize.lua:6: attempt to index field 'Constants' (a nil value)\nstack traceback:\n\t(string):1: in main chunk",
    "count": 1
  },
  {
    "message": "Lua Error: @/home/osso/.worktrees/wow-ui-sim-p510-page/data/patch-api/evidence/5.1.0-session-2026-10-08/addon-snapshot/Syndicator/Core/Initialize.lua: Lua error: ...2026-10-08/addon-snapshot/Syndicator/Core/Initialize.lua:6: attempt to index field 'Constants' (a nil value)\nstack traceback:\n\t(string):1: in main chunk\n[Interface/AddOns/Blizzard_ScriptErrors/Blizzard_ScriptErrors.lua]:59: in function 'GetErrorData'\n[Interface/AddOns/Blizzard_ScriptErrors/Blizzard_ScriptErrors.lua]:72: in function <[Interface/AddOns/Blizzard_ScriptErrors/Blizzard_ScriptErrors.lua]:71>",
    "count": 1
  },
  {
    "message": "@/home/osso/.worktrees/wow-ui-sim-p510-page/data/patch-api/evidence/5.1.0-session-2026-10-08/addon-snapshot/Syndicator/Tracking/BagCache.lua: Lua error: ...26-10-08/addon-snapshot/Syndicator/Tracking/BagCache.lua:10: attempt to index local '(for state)' (a nil value)\nstack traceback:\n\t(string):1: in main chunk",
    "count": 1
  },
  {
    "message": "Lua Error: @/home/osso/.worktrees/wow-ui-sim-p510-page/data/patch-api/evidence/5.1.0-session-2026-10-08/addon-snapshot/Syndicator/Tracking/BagCache.lua: Lua error: ...26-10-08/addon-snapshot/Syndicator/Tracking/BagCache.lua:10: attempt to index local '(for state)' (a nil value)\nstack traceback:\n\t(string):1: in main chunk\n[Interface/AddOns/Blizzard_ScriptErrors/Blizzard_ScriptErrors.lua]:59: in function 'GetErrorData'\n[Interface/AddOns/Blizzard_ScriptErrors/Blizzard_ScriptErrors.lua]:72: in function <[Interface/AddOns/Blizzard_ScriptErrors/Blizzard_ScriptErrors.lua]:71>",
    "count": 1
  },
  {
    "message": "@/home/osso/.worktrees/wow-ui-sim-p510-page/data/patch-api/evidence/5.1.0-session-2026-10-08/addon-snapshot/Syndicator/Tracking/Tooltips.lua: Lua error: ...26-10-08/addon-snapshot/Syndicator/Tracking/Tooltips.lua:6: Cannot find a library instance of \"LibBattlePetTooltipLine-1-0\".\nstack traceback:\n\t(string):1: in main chunk",
    "count": 1
  },
  {
    "message": "Lua Error: @/home/osso/.worktrees/wow-ui-sim-p510-page/data/patch-api/evidence/5.1.0-session-2026-10-08/addon-snapshot/Syndicator/Tracking/Tooltips.lua: Lua error: ...26-10-08/addon-snapshot/Syndicator/Tracking/Tooltips.lua:6: Cannot find a library instance of \"LibBattlePetTooltipLine-1-0\".\nstack traceback:\n\t(string):1: in main chunk\n[Interface/AddOns/Blizzard_ScriptErrors/Blizzard_ScriptErrors.lua]:59: in function 'GetErrorData'\n[Interface/AddOns/Blizzard_ScriptErrors/Blizzard_ScriptErrors.lua]:72: in function <[Interface/AddOns/Blizzard_ScriptErrors/Blizzard_ScriptErrors.lua]:71>",
    "count": 1
  },
  {
    "message": "@/home/osso/.worktrees/wow-ui-sim-p510-page/data/patch-api/evidence/5.1.0-session-2026-10-08/addon-snapshot/Syndicator/Search/CheckItem.lua: Lua error: ...026-10-08/addon-snapshot/Syndicator/Search/CheckItem.lua:25: attempt to index field 'Constants' (a nil value)\nstack traceback:\n\t(string):1: in main chunk",
    "count": 1
  },
  {
    "message": "Lua Error: @/home/osso/.worktrees/wow-ui-sim-p510-page/data/patch-api/evidence/5.1.0-session-2026-10-08/addon-snapshot/Syndicator/Search/CheckItem.lua: Lua error: ...026-10-08/addon-snapshot/Syndicator/Search/CheckItem.lua:25: attempt to index field 'Constants' (a nil value)\nstack traceback:\n\t(string):1: in main chunk\n[Interface/AddOns/Blizzard_ScriptErrors/Blizzard_ScriptErrors.lua]:59: in function 'GetErrorData'\n[Interface/AddOns/Blizzard_ScriptErrors/Blizzard_ScriptErrors.lua]:72: in function <[Interface/AddOns/Blizzard_ScriptErrors/Blizzard_ScriptErrors.lua]:71>",
    "count": 1
  },
  {
    "message": "@/home/osso/.worktrees/wow-ui-sim-p510-page/data/patch-api/evidence/5.1.0-session-2026-10-08/addon-snapshot/Syndicator/Search/UI/Builder.lua: Lua error: ...26-10-08/addon-snapshot/Syndicator/Search/UI/Builder.lua:283: attempt to index field 'Locales' (a nil value)\nstack traceback:\n\t(string):1: in main chunk",
    "count": 1
  },
  {
    "message": "Lua Error: @/home/osso/.worktrees/wow-ui-sim-p510-page/data/patch-api/evidence/5.1.0-session-2026-10-08/addon-snapshot/Syndicator/Search/UI/Builder.lua: Lua error: ...26-10-08/addon-snapshot/Syndicator/Search/UI/Builder.lua:283: attempt to index field 'Locales' (a nil value)\nstack traceback:\n\t(string):1: in main chunk\n[Interface/AddOns/Blizzard_ScriptErrors/Blizzard_ScriptErrors.lua]:59: in function 'GetErrorData'\n[Interface/AddOns/Blizzard_ScriptErrors/Blizzard_ScriptErrors.lua]:72: in function <[Interface/AddOns/Blizzard_ScriptErrors/Blizzard_ScriptErrors.lua]:71>",
    "count": 1
  },
  {
    "message": "@/home/osso/.worktrees/wow-ui-sim-p510-page/data/patch-api/evidence/5.1.0-session-2026-10-08/addon-snapshot/Syndicator/Search/Utilities.lua: Lua error: ...026-10-08/addon-snapshot/Syndicator/Search/Utilities.lua:47: attempt to index field 'Constants' (a nil value)\nstack traceback:\n\t(string):1: in main chunk",
    "count": 1
  },
  {
    "message": "Lua Error: @/home/osso/.worktrees/wow-ui-sim-p510-page/data/patch-api/evidence/5.1.0-session-2026-10-08/addon-snapshot/Syndicator/Search/Utilities.lua: Lua error: ...026-10-08/addon-snapshot/Syndicator/Search/Utilities.lua:47: attempt to index field 'Constants' (a nil value)\nstack traceback:\n\t(string):1: in main chunk\n[Interface/AddOns/Blizzard_ScriptErrors/Blizzard_ScriptErrors.lua]:59: in function 'GetErrorData'\n[Interface/AddOns/Blizzard_ScriptErrors/Blizzard_ScriptErrors.lua]:72: in function <[Interface/AddOns/Blizzard_ScriptErrors/Blizzard_ScriptErrors.lua]:71>",
    "count": 1
  },
  {
    "message": "@/home/osso/.worktrees/wow-ui-sim-p510-page/data/patch-api/evidence/5.1.0-session-2026-10-08/addon-snapshot/CraftSim/Init/GLibs.lua: Lua error: ...ession-2026-10-08/addon-snapshot/CraftSim/Init/GLibs.lua:6: Cannot find a library instance of \"GGUI-2.1\".\nstack traceback:\n\t(string):1: in main chunk",
    "count": 1
  },
  {
    "message": "Lua Error: @/home/osso/.worktrees/wow-ui-sim-p510-page/data/patch-api/evidence/5.1.0-session-2026-10-08/addon-snapshot/CraftSim/Init/GLibs.lua: Lua error: ...ession-2026-10-08/addon-snapshot/CraftSim/Init/GLibs.lua:6: Cannot find a library instance of \"GGUI-2.1\".\nstack traceback:\n\t(string):1: in main chunk\n[Interface/AddOns/Blizzard_ScriptErrors/Blizzard_ScriptErrors.lua]:59: in function 'GetErrorData'\n[Interface/AddOns/Blizzard_ScriptErrors/Blizzard_ScriptErrors.lua]:72: in function <[Interface/AddOns/Blizzard_ScriptErrors/Blizzard_ScriptErrors.lua]:71>",
    "count": 1
  },
  {
    "message": "@/home/osso/.worktrees/wow-ui-sim-p510-page/data/patch-api/evidence/5.1.0-session-2026-10-08/addon-snapshot/CraftSim/Locals/enUS.lua: Lua error: ...ssion-2026-10-08/addon-snapshot/CraftSim/Locals/enUS.lua:5: attempt to index local 'GUTIL' (a nil value)\nstack traceback:\n\t(string):1: in main chunk",
    "count": 1
  },
  {
    "message": "Lua Error: @/home/osso/.worktrees/wow-ui-sim-p510-page/data/patch-api/evidence/5.1.0-session-2026-10-08/addon-snapshot/CraftSim/Locals/enUS.lua: Lua error: ...ssion-2026-10-08/addon-snapshot/CraftSim/Locals/enUS.lua:5: attempt to index local 'GUTIL' (a nil value)\nstack traceback:\n\t(string):1: in main chunk\n[Interface/AddOns/Blizzard_ScriptErrors/Blizzard_ScriptErrors.lua]:59: in function 'GetErrorData'\n[Interface/AddOns/Blizzard_ScriptErrors/Blizzard_ScriptErrors.lua]:72: in function <[Interface/AddOns/Blizzard_ScriptErrors/Blizzard_ScriptErrors.lua]:71>",
    "count": 1
  },
  {
    "message": "@/home/osso/.worktrees/wow-ui-sim-p510-page/data/patch-api/evidence/5.1.0-session-2026-10-08/addon-snapshot/CraftSim/Locals/Localization.lua: Lua error: ...26-10-08/addon-snapshot/CraftSim/Locals/Localization.lua:24: attempt to index field 'LOCAL_EN' (a nil value)\nstack traceback:\n\t(string):1: in main chunk",
    "count": 1
  },
  {
    "message": "Lua Error: @/home/osso/.worktrees/wow-ui-sim-p510-page/data/patch-api/evidence/5.1.0-session-2026-10-08/addon-snapshot/CraftSim/Locals/Localization.lua: Lua error: ...26-10-08/addon-snapshot/CraftSim/Locals/Localization.lua:24: attempt to index field 'LOCAL_EN' (a nil value)\nstack traceback:\n\t(string):1: in main chunk\n[Interface/AddOns/Blizzard_ScriptErrors/Blizzard_ScriptErrors.lua]:59: in function 'GetErrorData'\n[Interface/AddOns/Blizzard_ScriptErrors/Blizzard_ScriptErrors.lua]:72: in function <[Interface/AddOns/Blizzard_ScriptErrors/Blizzard_ScriptErrors.lua]:71>",
    "count": 1
  },
  {
    "message": "@/home/osso/.worktrees/wow-ui-sim-p510-page/data/patch-api/evidence/5.1.0-session-2026-10-08/addon-snapshot/CraftSim/Debug/Debug.lua: Lua error: ...ssion-2026-10-08/addon-snapshot/CraftSim/Debug/Debug.lua:60: attempt to index upvalue 'LibLog' (a nil value)\nstack traceback:\n\t(string):1: in main chunk",
    "count": 1
  },
  {
    "message": "Lua Error: @/home/osso/.worktrees/wow-ui-sim-p510-page/data/patch-api/evidence/5.1.0-session-2026-10-08/addon-snapshot/CraftSim/Debug/Debug.lua: Lua error: ...ssion-2026-10-08/addon-snapshot/CraftSim/Debug/Debug.lua:60: attempt to index upvalue 'LibLog' (a nil value)\nstack traceback:\n\t(string):1: in main chunk\n[Interface/AddOns/Blizzard_ScriptErrors/Blizzard_ScriptErrors.lua]:59: in function 'GetErrorData'\n[Interface/AddOns/Blizzard_ScriptErrors/Blizzard_ScriptErrors.lua]:72: in function <[Interface/AddOns/Blizzard_ScriptErrors/Blizzard_ScriptErrors.lua]:71>",
    "count": 1
  },
  {
    "message": "@/home/osso/.worktrees/wow-ui-sim-p510-page/data/patch-api/evidence/5.1.0-session-2026-10-08/addon-snapshot/CraftSim/Util/Util.lua: Lua error: ...session-2026-10-08/addon-snapshot/CraftSim/Util/Util.lua:7: attempt to index local 'GUTIL' (a nil value)\nstack traceback:\n\t(string):1: in main chunk",
    "count": 1
  },
  {
    "message": "Lua Error: @/home/osso/.worktrees/wow-ui-sim-p510-page/data/patch-api/evidence/5.1.0-session-2026-10-08/addon-snapshot/CraftSim/Util/Util.lua: Lua error: ...session-2026-10-08/addon-snapshot/CraftSim/Util/Util.lua:7: attempt to index local 'GUTIL' (a nil value)\nstack traceback:\n\t(string):1: in main chunk\n[Interface/AddOns/Blizzard_ScriptErrors/Blizzard_ScriptErrors.lua]:59: in function 'GetErrorData'\n[Interface/AddOns/Blizzard_ScriptErrors/Blizzard_ScriptErrors.lua]:72: in function <[Interface/AddOns/Blizzard_ScriptErrors/Blizzard_ScriptErrors.lua]:71>",
    "count": 1
  },
  {
    "message": "@/home/osso/.worktrees/wow-ui-sim-p510-page/data/patch-api/evidence/5.1.0-session-2026-10-08/addon-snapshot/CraftSim/Util/RecipeAcquisition.lua: Lua error: ...10-08/addon-snapshot/CraftSim/Util/RecipeAcquisition.lua:10: attempt to index local 'GUTIL' (a nil value)\nstack traceback:\n\t(string):1: in main chunk",
    "count": 1
  },
  {
    "message": "Lua Error: @/home/osso/.worktrees/wow-ui-sim-p510-page/data/patch-api/evidence/5.1.0-session-2026-10-08/addon-snapshot/CraftSim/Util/RecipeAcquisition.lua: Lua error: ...10-08/addon-snapshot/CraftSim/Util/RecipeAcquisition.lua:10: attempt to index local 'GUTIL' (a nil value)\nstack traceback:\n\t(string):1: in main chunk\n[Interface/AddOns/Blizzard_ScriptErrors/Blizzard_ScriptErrors.lua]:59: in function 'GetErrorData'\n[Interface/AddOns/Blizzard_ScriptErrors/Blizzard_ScriptErrors.lua]:72: in function <[Interface/AddOns/Blizzard_ScriptErrors/Blizzard_ScriptErrors.lua]:71>",
    "count": 1
  },
  {
    "message": "@/home/osso/.worktrees/wow-ui-sim-p510-page/data/patch-api/evidence/5.1.0-session-2026-10-08/addon-snapshot/CraftSim/DB/DB.lua: Lua error: ...1.0-session-2026-10-08/addon-snapshot/CraftSim/DB/DB.lua:6: attempt to index local 'GUTIL' (a nil value)\nstack traceback:\n\t(string):1: in main chunk",
    "count": 1
  },
  {
    "message": "Lua Error: @/home/osso/.worktrees/wow-ui-sim-p510-page/data/patch-api/evidence/5.1.0-session-2026-10-08/addon-snapshot/CraftSim/DB/DB.lua: Lua error: ...1.0-session-2026-10-08/addon-snapshot/CraftSim/DB/DB.lua:6: attempt to index local 'GUTIL' (a nil value)\nstack traceback:\n\t(string):1: in main chunk\n[Interface/AddOns/Blizzard_ScriptErrors/Blizzard_ScriptErrors.lua]:59: in function 'GetErrorData'\n[Interface/AddOns/Blizzard_ScriptErrors/Blizzard_ScriptErrors.lua]:72: in function <[Interface/AddOns/Blizzard_ScriptErrors/Blizzard_ScriptErrors.lua]:71>",
    "count": 1
  },
  {
    "message": "@/home/osso/.worktrees/wow-ui-sim-p510-page/data/patch-api/evidence/5.1.0-session-2026-10-08/addon-snapshot/CraftSim/DB/patronMoxieValuesDB.lua: Lua error: ...10-08/addon-snapshot/CraftSim/DB/patronMoxieValuesDB.lua:9: attempt to index field 'DB' (a nil value)\nstack traceback:\n\t(string):1: in main chunk",
    "count": 1
  },
  {
    "message": "Lua Error: @/home/osso/.worktrees/wow-ui-sim-p510-page/data/patch-api/evidence/5.1.0-session-2026-10-08/addon-snapshot/CraftSim/DB/patronMoxieValuesDB.lua: Lua error: ...10-08/addon-snapshot/CraftSim/DB/patronMoxieValuesDB.lua:9: attempt to index field 'DB' (a nil value)\nstack traceback:\n\t(string):1: in main chunk\n[Interface/AddOns/Blizzard_ScriptErrors/Blizzard_ScriptErrors.lua]:59: in function 'GetErrorData'\n[Interface/AddOns/Blizzard_ScriptErrors/Blizzard_ScriptErrors.lua]:72: in function <[Interface/AddOns/Blizzard_ScriptErrors/Blizzard_ScriptErrors.lua]:71>",
    "count": 1
  },
  {
    "message": "@/home/osso/.worktrees/wow-ui-sim-p510-page/data/patch-api/evidence/5.1.0-session-2026-10-08/addon-snapshot/CraftSim/DB/ItemCountDB.lua: Lua error: ...ssion-2026-10-08/addon-snapshot/CraftSim/Debug/Debug.lua:60: attempt to index upvalue 'LibLog' (a nil value)\nstack traceback:\n\t(string):1: in main chunk",
    "count": 1
  },
  {
    "message": "Lua Error: @/home/osso/.worktrees/wow-ui-sim-p510-page/data/patch-api/evidence/5.1.0-session-2026-10-08/addon-snapshot/CraftSim/DB/ItemCountDB.lua: Lua error: ...ssion-2026-10-08/addon-snapshot/CraftSim/Debug/Debug.lua:60: attempt to index upvalue 'LibLog' (a nil value)\nstack traceback:\n\t(string):1: in main chunk\n[Interface/AddOns/Blizzard_ScriptErrors/Blizzard_ScriptErrors.lua]:59: in function 'GetErrorData'\n[Interface/AddOns/Blizzard_ScriptErrors/Blizzard_ScriptErrors.lua]:72: in function <[Interface/AddOns/Blizzard_ScriptErrors/Blizzard_ScriptErrors.lua]:71>",
    "count": 1
  },
  {
    "message": "@/home/osso/.worktrees/wow-ui-sim-p510-page/data/patch-api/evidence/5.1.0-session-2026-10-08/addon-snapshot/CraftSim/DB/craftQueueDB.lua: Lua error: ...n-2026-10-08/addon-snapshot/CraftSim/DB/craftQueueDB.lua:10: attempt to index field 'DB' (a nil value)\nstack traceback:\n\t(string):1: in main chunk",
    "count": 1
  },
  {
    "message": "Lua Error: @/home/osso/.worktrees/wow-ui-sim-p510-page/data/patch-api/evidence/5.1.0-session-2026-10-08/addon-snapshot/CraftSim/DB/craftQueueDB.lua: Lua error: ...n-2026-10-08/addon-snapshot/CraftSim/DB/craftQueueDB.lua:10: attempt to index field 'DB' (a nil value)\nstack traceback:\n\t(string):1: in main chunk\n[Interface/AddOns/Blizzard_ScriptErrors/Blizzard_ScriptErrors.lua]:59: in function 'GetErrorData'\n[Interface/AddOns/Blizzard_ScriptErrors/Blizzard_ScriptErrors.lua]:72: in function <[Interface/AddOns/Blizzard_ScriptErrors/Blizzard_ScriptErrors.lua]:71>",
    "count": 1
  },
  {
    "message": "@/home/osso/.worktrees/wow-ui-sim-p510-page/data/patch-api/evidence/5.1.0-session-2026-10-08/addon-snapshot/CraftSim/DB/multicraftPreloadDB.lua: Lua error: ...10-08/addon-snapshot/CraftSim/DB/multicraftPreloadDB.lua:10: attempt to index field 'DB' (a nil value)\nstack traceback:\n\t(string):1: in main chunk",
    "count": 1
  },
  {
    "message": "Lua Error: @/home/osso/.worktrees/wow-ui-sim-p510-page/data/patch-api/evidence/5.1.0-session-2026-10-08/addon-snapshot/CraftSim/DB/multicraftPreloadDB.lua: Lua error: ...10-08/addon-snapshot/CraftSim/DB/multicraftPreloadDB.lua:10: attempt to index field 'DB' (a nil value)\nstack traceback:\n\t(string):1: in main chunk\n[Interface/AddOns/Blizzard_ScriptErrors/Blizzard_ScriptErrors.lua]:59: in function 'GetErrorData'\n[Interface/AddOns/Blizzard_ScriptErrors/Blizzard_ScriptErrors.lua]:72: in function <[Interface/AddOns/Blizzard_ScriptErrors/Blizzard_ScriptErrors.lua]:71>",
    "count": 1
  },
  {
    "message": "@/home/osso/.worktrees/wow-ui-sim-p510-page/data/patch-api/evidence/5.1.0-session-2026-10-08/addon-snapshot/CraftSim/Util/Widgets/QualityMeter.lua: Lua error: ...08/addon-snapshot/CraftSim/Util/Widgets/QualityMeter.lua:8: attempt to index local 'GUTIL' (a nil value)\nstack traceback:\n\t(string):1: in main chunk",
    "count": 1
  },
  {
    "message": "Lua Error: @/home/osso/.worktrees/wow-ui-sim-p510-page/data/patch-api/evidence/5.1.0-session-2026-10-08/addon-snapshot/CraftSim/Util/Widgets/QualityMeter.lua: Lua error: ...08/addon-snapshot/CraftSim/Util/Widgets/QualityMeter.lua:8: attempt to index local 'GUTIL' (a nil value)\nstack traceback:\n\t(string):1: in main chunk\n[Interface/AddOns/Blizzard_ScriptErrors/Blizzard_ScriptErrors.lua]:59: in function 'GetErrorData'\n[Interface/AddOns/Blizzard_ScriptErrors/Blizzard_ScriptErrors.lua]:72: in function <[Interface/AddOns/Blizzard_ScriptErrors/Blizzard_ScriptErrors.lua]:71>",
    "count": 1
  },
  {
    "message": "@/home/osso/.worktrees/wow-ui-sim-p510-page/data/patch-api/evidence/5.1.0-session-2026-10-08/addon-snapshot/CraftSim/Pricing/ProfitCalculation.lua: Lua error: ...ssion-2026-10-08/addon-snapshot/CraftSim/Debug/Debug.lua:60: attempt to index upvalue 'LibLog' (a nil value)\nstack traceback:\n\t(string):1: in main chunk",
    "count": 1
  },
  {
    "message": "Lua Error: @/home/osso/.worktrees/wow-ui-sim-p510-page/data/patch-api/evidence/5.1.0-session-2026-10-08/addon-snapshot/CraftSim/Pricing/ProfitCalculation.lua: Lua error: ...ssion-2026-10-08/addon-snapshot/CraftSim/Debug/Debug.lua:60: attempt to index upvalue 'LibLog' (a nil value)\nstack traceback:\n\t(string):1: in main chunk\n[Interface/AddOns/Blizzard_ScriptErrors/Blizzard_ScriptErrors.lua]:59: in function 'GetErrorData'\n[Interface/AddOns/Blizzard_ScriptErrors/Blizzard_ScriptErrors.lua]:72: in function <[Interface/AddOns/Blizzard_ScriptErrors/Blizzard_ScriptErrors.lua]:71>",
    "count": 1
  },
  {
    "message": "@/home/osso/.worktrees/wow-ui-sim-p510-page/data/patch-api/evidence/5.1.0-session-2026-10-08/addon-snapshot/CraftSim/DataSource/PriceSource.lua: Lua error: ...ssion-2026-10-08/addon-snapshot/CraftSim/Debug/Debug.lua:60: attempt to index upvalue 'LibLog' (a nil value)\nstack traceback:\n\t(string):1: in main chunk",
    "count": 1
  },
  {
    "message": "Lua Error: @/home/osso/.worktrees/wow-ui-sim-p510-page/data/patch-api/evidence/5.1.0-session-2026-10-08/addon-snapshot/CraftSim/DataSource/PriceSource.lua: Lua error: ...ssion-2026-10-08/addon-snapshot/CraftSim/Debug/Debug.lua:60: attempt to index upvalue 'LibLog' (a nil value)\nstack traceback:\n\t(string):1: in main chunk\n[Interface/AddOns/Blizzard_ScriptErrors/Blizzard_ScriptErrors.lua]:59: in function 'GetErrorData'\n[Interface/AddOns/Blizzard_ScriptErrors/Blizzard_ScriptErrors.lua]:72: in function <[Interface/AddOns/Blizzard_ScriptErrors/Blizzard_ScriptErrors.lua]:71>",
    "count": 1
  },
  {
    "message": "@/home/osso/.worktrees/wow-ui-sim-p510-page/data/patch-api/evidence/5.1.0-session-2026-10-08/addon-snapshot/CraftSim/DataSource/InventorySource.lua: Lua error: ...ssion-2026-10-08/addon-snapshot/CraftSim/Debug/Debug.lua:60: attempt to index upvalue 'LibLog' (a nil value)\nstack traceback:\n\t(string):1: in main chunk",
    "count": 1
  },
  {
    "message": "Lua Error: @/home/osso/.worktrees/wow-ui-sim-p510-page/data/patch-api/evidence/5.1.0-session-2026-10-08/addon-snapshot/CraftSim/DataSource/InventorySource.lua: Lua error: ...ssion-2026-10-08/addon-snapshot/CraftSim/Debug/Debug.lua:60: attempt to index upvalue 'LibLog' (a nil value)\nstack traceback:\n\t(string):1: in main chunk\n[Interface/AddOns/Blizzard_ScriptErrors/Blizzard_ScriptErrors.lua]:59: in function 'GetErrorData'\n[Interface/AddOns/Blizzard_ScriptErrors/Blizzard_ScriptErrors.lua]:72: in function <[Interface/AddOns/Blizzard_ScriptErrors/Blizzard_ScriptErrors.lua]:71>",
    "count": 1
  },
  {
    "message": "@/home/osso/.worktrees/wow-ui-sim-p510-page/data/patch-api/evidence/5.1.0-session-2026-10-08/addon-snapshot/CraftSim/Modules/Modules.lua: Lua error: ...n-2026-10-08/addon-snapshot/CraftSim/Modules/Modules.lua:63: attempt to index local 'GUTIL' (a nil value)\nstack traceback:\n\t(string):1: in main chunk",
    "count": 1
  },
  {
    "message": "Lua Error: @/home/osso/.worktrees/wow-ui-sim-p510-page/data/patch-api/evidence/5.1.0-session-2026-10-08/addon-snapshot/CraftSim/Modules/Modules.lua: Lua error: ...n-2026-10-08/addon-snapshot/CraftSim/Modules/Modules.lua:63: attempt to index local 'GUTIL' (a nil value)\nstack traceback:\n\t(string):1: in main chunk\n[Interface/AddOns/Blizzard_ScriptErrors/Blizzard_ScriptErrors.lua]:59: in function 'GetErrorData'\n[Interface/AddOns/Blizzard_ScriptErrors/Blizzard_ScriptErrors.lua]:72: in function <[Interface/AddOns/Blizzard_ScriptErrors/Blizzard_ScriptErrors.lua]:71>",
    "count": 1
  },
  {
    "message": "@/home/osso/.worktrees/wow-ui-sim-p510-page/data/patch-api/evidence/5.1.0-session-2026-10-08/addon-snapshot/CraftSim/Modules/ControlPanel/ControlPanel.lua: Lua error: ...-snapshot/CraftSim/Modules/ControlPanel/ControlPanel.lua:9: attempt to call method 'RegisterModule' (a nil value)\nstack traceback:\n\t(string):1: in main chunk",
    "count": 1
  },
  {
    "message": "Lua Error: @/home/osso/.worktrees/wow-ui-sim-p510-page/data/patch-api/evidence/5.1.0-session-2026-10-08/addon-snapshot/CraftSim/Modules/ControlPanel/ControlPanel.lua: Lua error: ...-snapshot/CraftSim/Modules/ControlPanel/ControlPanel.lua:9: attempt to call method 'RegisterModule' (a nil value)\nstack traceback:\n\t(string):1: in main chunk\n[Interface/AddOns/Blizzard_ScriptErrors/Blizzard_ScriptErrors.lua]:59: in function 'GetErrorData'\n[Interface/AddOns/Blizzard_ScriptErrors/Blizzard_ScriptErrors.lua]:72: in function <[Interface/AddOns/Blizzard_ScriptErrors/Blizzard_ScriptErrors.lua]:71>",
    "count": 1
  },
  {
    "message": "@/home/osso/.worktrees/wow-ui-sim-p510-page/data/patch-api/evidence/5.1.0-session-2026-10-08/addon-snapshot/CraftSim/Modules/ItemCount/ItemCount.lua: Lua error: ...ssion-2026-10-08/addon-snapshot/CraftSim/Debug/Debug.lua:60: attempt to index upvalue 'LibLog' (a nil value)\nstack traceback:\n\t(string):1: in main chunk",
    "count": 1
  },
  {
    "message": "Lua Error: @/home/osso/.worktrees/wow-ui-sim-p510-page/data/patch-api/evidence/5.1.0-session-2026-10-08/addon-snapshot/CraftSim/Modules/ItemCount/ItemCount.lua: Lua error: ...ssion-2026-10-08/addon-snapshot/CraftSim/Debug/Debug.lua:60: attempt to index upvalue 'LibLog' (a nil value)\nstack traceback:\n\t(string):1: in main chunk\n[Interface/AddOns/Blizzard_ScriptErrors/Blizzard_ScriptErrors.lua]:59: in function 'GetErrorData'\n[Interface/AddOns/Blizzard_ScriptErrors/Blizzard_ScriptErrors.lua]:72: in function <[Interface/AddOns/Blizzard_ScriptErrors/Blizzard_ScriptErrors.lua]:71>",
    "count": 1
  },
  {
    "message": "@/home/osso/.worktrees/wow-ui-sim-p510-page/data/patch-api/evidence/5.1.0-session-2026-10-08/addon-snapshot/CraftSim/Modules/Disenchant/UI.lua: Lua error: ...-10-08/addon-snapshot/CraftSim/Modules/Disenchant/UI.lua:8: attempt to index field 'DISENCHANT' (a nil value)\nstack traceback:\n\t(string):1: in main chunk",
    "count": 1
  },
  {
    "message": "Lua Error: @/home/osso/.worktrees/wow-ui-sim-p510-page/data/patch-api/evidence/5.1.0-session-2026-10-08/addon-snapshot/CraftSim/Modules/Disenchant/UI.lua: Lua error: ...-10-08/addon-snapshot/CraftSim/Modules/Disenchant/UI.lua:8: attempt to index field 'DISENCHANT' (a nil value)\nstack traceback:\n\t(string):1: in main chunk\n[Interface/AddOns/Blizzard_ScriptErrors/Blizzard_ScriptErrors.lua]:59: in function 'GetErrorData'\n[Interface/AddOns/Blizzard_ScriptErrors/Blizzard_ScriptErrors.lua]:72: in function <[Interface/AddOns/Blizzard_ScriptErrors/Blizzard_ScriptErrors.lua]:71>",
    "count": 1
  },
  {
    "message": "@/home/osso/.worktrees/wow-ui-sim-p510-page/data/patch-api/evidence/5.1.0-session-2026-10-08/addon-snapshot/CraftSim/Modules/Explanations/Explanations.lua: Lua error: ...-snapshot/CraftSim/Modules/Explanations/Explanations.lua:9: attempt to call method 'RegisterModule' (a nil value)\nstack traceback:\n\t(string):1: in main chunk",
    "count": 1
  },
  {
    "message": "Lua Error: @/home/osso/.worktrees/wow-ui-sim-p510-page/data/patch-api/evidence/5.1.0-session-2026-10-08/addon-snapshot/CraftSim/Modules/Explanations/Explanations.lua: Lua error: ...-snapshot/CraftSim/Modules/Explanations/Explanations.lua:9: attempt to call method 'RegisterModule' (a nil value)\nstack traceback:\n\t(string):1: in main chunk\n[Interface/AddOns/Blizzard_ScriptErrors/Blizzard_ScriptErrors.lua]:59: in function 'GetErrorData'\n[Interface/AddOns/Blizzard_ScriptErrors/Blizzard_ScriptErrors.lua]:72: in function <[Interface/AddOns/Blizzard_ScriptErrors/Blizzard_ScriptErrors.lua]:71>",
    "count": 1
  },
  {
    "message": "@/home/osso/.worktrees/wow-ui-sim-p510-page/data/patch-api/evidence/5.1.0-session-2026-10-08/addon-snapshot/CraftSim/Modules/CraftQueue/CraftQueue.lua: Lua error: ...ddon-snapshot/CraftSim/Modules/CraftQueue/CraftQueue.lua:8: attempt to index local 'GUTIL' (a nil value)\nstack traceback:\n\t(string):1: in main chunk",
    "count": 1
  },
  {
    "message": "Lua Error: @/home/osso/.worktrees/wow-ui-sim-p510-page/data/patch-api/evidence/5.1.0-session-2026-10-08/addon-snapshot/CraftSim/Modules/CraftQueue/CraftQueue.lua: Lua error: ...ddon-snapshot/CraftSim/Modules/CraftQueue/CraftQueue.lua:8: attempt to index local 'GUTIL' (a nil value)\nstack traceback:\n\t(string):1: in main chunk\n[Interface/AddOns/Blizzard_ScriptErrors/Blizzard_ScriptErrors.lua]:59: in function 'GetErrorData'\n[Interface/AddOns/Blizzard_ScriptErrors/Blizzard_ScriptErrors.lua]:72: in function <[Interface/AddOns/Blizzard_ScriptErrors/Blizzard_ScriptErrors.lua]:71>",
    "count": 1
  },
  {
    "message": "@/home/osso/.worktrees/wow-ui-sim-p510-page/data/patch-api/evidence/5.1.0-session-2026-10-08/addon-snapshot/CraftSim/Modules/CraftQueue/CraftLists.lua: Lua error: ...ddon-snapshot/CraftSim/Modules/CraftQueue/CraftLists.lua:8: attempt to index local 'GUTIL' (a nil value)\nstack traceback:\n\t(string):1: in main chunk",
    "count": 1
  },
  {
    "message": "Lua Error: @/home/osso/.worktrees/wow-ui-sim-p510-page/data/patch-api/evidence/5.1.0-session-2026-10-08/addon-snapshot/CraftSim/Modules/CraftQueue/CraftLists.lua: Lua error: ...ddon-snapshot/CraftSim/Modules/CraftQueue/CraftLists.lua:8: attempt to index local 'GUTIL' (a nil value)\nstack traceback:\n\t(string):1: in main chunk\n[Interface/AddOns/Blizzard_ScriptErrors/Blizzard_ScriptErrors.lua]:59: in function 'GetErrorData'\n[Interface/AddOns/Blizzard_ScriptErrors/Blizzard_ScriptErrors.lua]:72: in function <[Interface/AddOns/Blizzard_ScriptErrors/Blizzard_ScriptErrors.lua]:71>",
    "count": 1
  },
  {
    "message": "@/home/osso/.worktrees/wow-ui-sim-p510-page/data/patch-api/evidence/5.1.0-session-2026-10-08/addon-snapshot/CraftSim/Modules/CraftQueue/EditRecipe.lua: Lua error: ...ddon-snapshot/CraftSim/Modules/CraftQueue/EditRecipe.lua:8: attempt to index local 'GUTIL' (a nil value)\nstack traceback:\n\t(string):1: in main chunk",
    "count": 1
  },
  {
    "message": "Lua Error: @/home/osso/.worktrees/wow-ui-sim-p510-page/data/patch-api/evidence/5.1.0-session-2026-10-08/addon-snapshot/CraftSim/Modules/CraftQueue/EditRecipe.lua: Lua error: ...ddon-snapshot/CraftSim/Modules/CraftQueue/EditRecipe.lua:8: attempt to index local 'GUTIL' (a nil value)\nstack traceback:\n\t(string):1: in main chunk\n[Interface/AddOns/Blizzard_ScriptErrors/Blizzard_ScriptErrors.lua]:59: in function 'GetErrorData'\n[Interface/AddOns/Blizzard_ScriptErrors/Blizzard_ScriptErrors.lua]:72: in function <[Interface/AddOns/Blizzard_ScriptErrors/Blizzard_ScriptErrors.lua]:71>",
    "count": 1
  },
  {
    "message": "@/home/osso/.worktrees/wow-ui-sim-p510-page/data/patch-api/evidence/5.1.0-session-2026-10-08/addon-snapshot/CraftSim/Modules/Cooldowns/Cooldowns.lua: Lua error: .../addon-snapshot/CraftSim/Modules/Cooldowns/Cooldowns.lua:8: attempt to index local 'GUTIL' (a nil value)\nstack traceback:\n\t(string):1: in main chunk",
    "count": 1
  },
  {
    "message": "Lua Error: @/home/osso/.worktrees/wow-ui-sim-p510-page/data/patch-api/evidence/5.1.0-session-2026-10-08/addon-snapshot/CraftSim/Modules/Cooldowns/Cooldowns.lua: Lua error: .../addon-snapshot/CraftSim/Modules/Cooldowns/Cooldowns.lua:8: attempt to index local 'GUTIL' (a nil value)\nstack traceback:\n\t(string):1: in main chunk\n[Interface/AddOns/Blizzard_ScriptErrors/Blizzard_ScriptErrors.lua]:59: in function 'GetErrorData'\n[Interface/AddOns/Blizzard_ScriptErrors/Blizzard_ScriptErrors.lua]:72: in function <[Interface/AddOns/Blizzard_ScriptErrors/Blizzard_ScriptErrors.lua]:71>",
    "count": 1
  },
  {
    "message": "@/home/osso/.worktrees/wow-ui-sim-p510-page/data/patch-api/evidence/5.1.0-session-2026-10-08/addon-snapshot/CraftSim/Modules/Cooldowns/UI.lua: Lua error: ...6-10-08/addon-snapshot/CraftSim/Modules/Cooldowns/UI.lua:8: attempt to index field 'COOLDOWNS' (a nil value)\nstack traceback:\n\t(string):1: in main chunk",
    "count": 1
  },
  {
    "message": "Lua Error: @/home/osso/.worktrees/wow-ui-sim-p510-page/data/patch-api/evidence/5.1.0-session-2026-10-08/addon-snapshot/CraftSim/Modules/Cooldowns/UI.lua: Lua error: ...6-10-08/addon-snapshot/CraftSim/Modules/Cooldowns/UI.lua:8: attempt to index field 'COOLDOWNS' (a nil value)\nstack traceback:\n\t(string):1: in main chunk\n[Interface/AddOns/Blizzard_ScriptErrors/Blizzard_ScriptErrors.lua]:59: in function 'GetErrorData'\n[Interface/AddOns/Blizzard_ScriptErrors/Blizzard_ScriptErrors.lua]:72: in function <[Interface/AddOns/Blizzard_ScriptErrors/Blizzard_ScriptErrors.lua]:71>",
    "count": 1
  },
  {
    "message": "@/home/osso/.worktrees/wow-ui-sim-p510-page/data/patch-api/evidence/5.1.0-session-2026-10-08/addon-snapshot/CraftSim/Modules/CustomerHistory/CustomerHistory.lua: Lua error: ...hot/CraftSim/Modules/CustomerHistory/CustomerHistory.lua:10: attempt to index local 'GUTIL' (a nil value)\nstack traceback:\n\t(string):1: in main chunk",
    "count": 1
  },
  {
    "message": "Lua Error: @/home/osso/.worktrees/wow-ui-sim-p510-page/data/patch-api/evidence/5.1.0-session-2026-10-08/addon-snapshot/CraftSim/Modules/CustomerHistory/CustomerHistory.lua: Lua error: ...hot/CraftSim/Modules/CustomerHistory/CustomerHistory.lua:10: attempt to index local 'GUTIL' (a nil value)\nstack traceback:\n\t(string):1: in main chunk\n[Interface/AddOns/Blizzard_ScriptErrors/Blizzard_ScriptErrors.lua]:59: in function 'GetErrorData'\n[Interface/AddOns/Blizzard_ScriptErrors/Blizzard_ScriptErrors.lua]:72: in function <[Interface/AddOns/Blizzard_ScriptErrors/Blizzard_ScriptErrors.lua]:71>",
    "count": 1
  },
  {
    "message": "@/home/osso/.worktrees/wow-ui-sim-p510-page/data/patch-api/evidence/5.1.0-session-2026-10-08/addon-snapshot/CraftSim/Modules/Statistics/Statistics.lua: Lua error: ...ddon-snapshot/CraftSim/Modules/Statistics/Statistics.lua:10: attempt to call method 'RegisterModule' (a nil value)\nstack traceback:\n\t(string):1: in main chunk",
    "count": 1
  },
  {
    "message": "Lua Error: @/home/osso/.worktrees/wow-ui-sim-p510-page/data/patch-api/evidence/5.1.0-session-2026-10-08/addon-snapshot/CraftSim/Modules/Statistics/Statistics.lua: Lua error: ...ddon-snapshot/CraftSim/Modules/Statistics/Statistics.lua:10: attempt to call method 'RegisterModule' (a nil value)\nstack traceback:\n\t(string):1: in main chunk\n[Interface/AddOns/Blizzard_ScriptErrors/Blizzard_ScriptErrors.lua]:59: in function 'GetErrorData'\n[Interface/AddOns/Blizzard_ScriptErrors/Blizzard_ScriptErrors.lua]:72: in function <[Interface/AddOns/Blizzard_ScriptErrors/Blizzard_ScriptErrors.lua]:71>",
    "count": 1
  },
  {
    "message": "@/home/osso/.worktrees/wow-ui-sim-p510-page/data/patch-api/evidence/5.1.0-session-2026-10-08/addon-snapshot/CraftSim/Modules/Statistics/UI.lua: Lua error: ...-10-08/addon-snapshot/CraftSim/Modules/Statistics/UI.lua:8: attempt to index local 'GUTIL' (a nil value)\nstack traceback:\n\t(string):1: in main chunk",
    "count": 1
  },
  {
    "message": "Lua Error: @/home/osso/.worktrees/wow-ui-sim-p510-page/data/patch-api/evidence/5.1.0-session-2026-10-08/addon-snapshot/CraftSim/Modules/Statistics/UI.lua: Lua error: ...-10-08/addon-snapshot/CraftSim/Modules/Statistics/UI.lua:8: attempt to index local 'GUTIL' (a nil value)\nstack traceback:\n\t(string):1: in main chunk\n[Interface/AddOns/Blizzard_ScriptErrors/Blizzard_ScriptErrors.lua]:59: in function 'GetErrorData'\n[Interface/AddOns/Blizzard_ScriptErrors/Blizzard_ScriptErrors.lua]:72: in function <[Interface/AddOns/Blizzard_ScriptErrors/Blizzard_ScriptErrors.lua]:71>",
    "count": 1
  },
  {
    "message": "@/home/osso/.worktrees/wow-ui-sim-p510-page/data/patch-api/evidence/5.1.0-session-2026-10-08/addon-snapshot/CraftSim/Modules/CraftLog/UI.lua: Lua error: ...26-10-08/addon-snapshot/CraftSim/Modules/CraftLog/UI.lua:8: attempt to index local 'GUTIL' (a nil value)\nstack traceback:\n\t(string):1: in main chunk",
    "count": 1
  },
  {
    "message": "Lua Error: @/home/osso/.worktrees/wow-ui-sim-p510-page/data/patch-api/evidence/5.1.0-session-2026-10-08/addon-snapshot/CraftSim/Modules/CraftLog/UI.lua: Lua error: ...26-10-08/addon-snapshot/CraftSim/Modules/CraftLog/UI.lua:8: attempt to index local 'GUTIL' (a nil value)\nstack traceback:\n\t(string):1: in main chunk\n[Interface/AddOns/Blizzard_ScriptErrors/Blizzard_ScriptErrors.lua]:59: in function 'GetErrorData'\n[Interface/AddOns/Blizzard_ScriptErrors/Blizzard_ScriptErrors.lua]:72: in function <[Interface/AddOns/Blizzard_ScriptErrors/Blizzard_ScriptErrors.lua]:71>",
    "count": 1
  },
  {
    "message": "@/home/osso/.worktrees/wow-ui-sim-p510-page/data/patch-api/evidence/5.1.0-session-2026-10-08/addon-snapshot/CraftSim/Modules/Pricing/Pricing.lua: Lua error: ...0-08/addon-snapshot/CraftSim/Modules/Pricing/Pricing.lua:10: attempt to call method 'RegisterModule' (a nil value)\nstack traceback:\n\t(string):1: in main chunk",
    "count": 1
  },
  {
    "message": "Lua Error: @/home/osso/.worktrees/wow-ui-sim-p510-page/data/patch-api/evidence/5.1.0-session-2026-10-08/addon-snapshot/CraftSim/Modules/Pricing/Pricing.lua: Lua error: ...0-08/addon-snapshot/CraftSim/Modules/Pricing/Pricing.lua:10: attempt to call method 'RegisterModule' (a nil value)\nstack traceback:\n\t(string):1: in main chunk\n[Interface/AddOns/Blizzard_ScriptErrors/Blizzard_ScriptErrors.lua]:59: in function 'GetErrorData'\n[Interface/AddOns/Blizzard_ScriptErrors/Blizzard_ScriptErrors.lua]:72: in function <[Interface/AddOns/Blizzard_ScriptErrors/Blizzard_ScriptErrors.lua]:71>",
    "count": 1
  },
  {
    "message": "@/home/osso/.worktrees/wow-ui-sim-p510-page/data/patch-api/evidence/5.1.0-session-2026-10-08/addon-snapshot/CraftSim/Modules/Pricing/UI.lua: Lua error: ...ssion-2026-10-08/addon-snapshot/CraftSim/Debug/Debug.lua:60: attempt to index upvalue 'LibLog' (a nil value)\nstack traceback:\n\t(string):1: in main chunk",
    "count": 1
  },
  {
    "message": "Lua Error: @/home/osso/.worktrees/wow-ui-sim-p510-page/data/patch-api/evidence/5.1.0-session-2026-10-08/addon-snapshot/CraftSim/Modules/Pricing/UI.lua: Lua error: ...ssion-2026-10-08/addon-snapshot/CraftSim/Debug/Debug.lua:60: attempt to index upvalue 'LibLog' (a nil value)\nstack traceback:\n\t(string):1: in main chunk\n[Interface/AddOns/Blizzard_ScriptErrors/Blizzard_ScriptErrors.lua]:59: in function 'GetErrorData'\n[Interface/AddOns/Blizzard_ScriptErrors/Blizzard_ScriptErrors.lua]:72: in function <[Interface/AddOns/Blizzard_ScriptErrors/Blizzard_ScriptErrors.lua]:71>",
    "count": 1
  },
  {
    "message": "@/home/osso/.worktrees/wow-ui-sim-p510-page/data/patch-api/evidence/5.1.0-session-2026-10-08/addon-snapshot/CraftSim/Modules/SpecializationInfo/UI.lua: Lua error: ...ddon-snapshot/CraftSim/Modules/SpecializationInfo/UI.lua:7: attempt to index local 'GUTIL' (a nil value)\nstack traceback:\n\t(string):1: in main chunk",
    "count": 1
  },
  {
    "message": "Lua Error: @/home/osso/.worktrees/wow-ui-sim-p510-page/data/patch-api/evidence/5.1.0-session-2026-10-08/addon-snapshot/CraftSim/Modules/SpecializationInfo/UI.lua: Lua error: ...ddon-snapshot/CraftSim/Modules/SpecializationInfo/UI.lua:7: attempt to index local 'GUTIL' (a nil value)\nstack traceback:\n\t(string):1: in main chunk\n[Interface/AddOns/Blizzard_ScriptErrors/Blizzard_ScriptErrors.lua]:59: in function 'GetErrorData'\n[Interface/AddOns/Blizzard_ScriptErrors/Blizzard_ScriptErrors.lua]:72: in function <[Interface/AddOns/Blizzard_ScriptErrors/Blizzard_ScriptErrors.lua]:71>",
    "count": 1
  },
  {
    "message": "@/home/osso/.worktrees/wow-ui-sim-p510-page/data/patch-api/evidence/5.1.0-session-2026-10-08/addon-snapshot/CraftSim/Modules/SimulationMode/Debug.lua: Lua error: ...addon-snapshot/CraftSim/Modules/SimulationMode/Debug.lua:6: attempt to index local 'GUTIL' (a nil value)\nstack traceback:\n\t(string):1: in main chunk",
    "count": 1
  },
  {
    "message": "Lua Error: @/home/osso/.worktrees/wow-ui-sim-p510-page/data/patch-api/evidence/5.1.0-session-2026-10-08/addon-snapshot/CraftSim/Modules/SimulationMode/Debug.lua: Lua error: ...addon-snapshot/CraftSim/Modules/SimulationMode/Debug.lua:6: attempt to index local 'GUTIL' (a nil value)\nstack traceback:\n\t(string):1: in main chunk\n[Interface/AddOns/Blizzard_ScriptErrors/Blizzard_ScriptErrors.lua]:59: in function 'GetErrorData'\n[Interface/AddOns/Blizzard_ScriptErrors/Blizzard_ScriptErrors.lua]:72: in function <[Interface/AddOns/Blizzard_ScriptErrors/Blizzard_ScriptErrors.lua]:71>",
    "count": 1
  },
  {
    "message": "@/home/osso/.worktrees/wow-ui-sim-p510-page/data/patch-api/evidence/5.1.0-session-2026-10-08/addon-snapshot/CraftSim/Modules/SimulationMode/UI.lua: Lua error: ...08/addon-snapshot/CraftSim/Modules/SimulationMode/UI.lua:7: attempt to index local 'GUTIL' (a nil value)\nstack traceback:\n\t(string):1: in main chunk",
    "count": 1
  },
  {
    "message": "Lua Error: @/home/osso/.worktrees/wow-ui-sim-p510-page/data/patch-api/evidence/5.1.0-session-2026-10-08/addon-snapshot/CraftSim/Modules/SimulationMode/UI.lua: Lua error: ...08/addon-snapshot/CraftSim/Modules/SimulationMode/UI.lua:7: attempt to index local 'GUTIL' (a nil value)\nstack traceback:\n\t(string):1: in main chunk\n[Interface/AddOns/Blizzard_ScriptErrors/Blizzard_ScriptErrors.lua]:59: in function 'GetErrorData'\n[Interface/AddOns/Blizzard_ScriptErrors/Blizzard_ScriptErrors.lua]:72: in function <[Interface/AddOns/Blizzard_ScriptErrors/Blizzard_ScriptErrors.lua]:71>",
    "count": 1
  },
  {
    "message": "@/home/osso/.worktrees/wow-ui-sim-p510-page/data/patch-api/evidence/5.1.0-session-2026-10-08/addon-snapshot/CraftSim/Modules/ReagentOptimization/ReagentOptimization.lua: Lua error: ...tSim/Modules/ReagentOptimization/ReagentOptimization.lua:87: attempt to call method 'RegisterModule' (a nil value)\nstack traceback:\n\t(string):1: in main chunk",
    "count": 1
  },
  {
    "message": "Lua Error: @/home/osso/.worktrees/wow-ui-sim-p510-page/data/patch-api/evidence/5.1.0-session-2026-10-08/addon-snapshot/CraftSim/Modules/ReagentOptimization/ReagentOptimization.lua: Lua error: ...tSim/Modules/ReagentOptimization/ReagentOptimization.lua:87: attempt to call method 'RegisterModule' (a nil value)\nstack traceback:\n\t(string):1: in main chunk\n[Interface/AddOns/Blizzard_ScriptErrors/Blizzard_ScriptErrors.lua]:59: in function 'GetErrorData'\n[Interface/AddOns/Blizzard_ScriptErrors/Blizzard_ScriptErrors.lua]:72: in function <[Interface/AddOns/Blizzard_ScriptErrors/Blizzard_ScriptErrors.lua]:71>",
    "count": 1
  },
  {
    "message": "@/home/osso/.worktrees/wow-ui-sim-p510-page/data/patch-api/evidence/5.1.0-session-2026-10-08/addon-snapshot/CraftSim/Modules/ReagentOptimization/UI.lua: Lua error: ...don-snapshot/CraftSim/Modules/ReagentOptimization/UI.lua:6: attempt to index local 'GUTIL' (a nil value)\nstack traceback:\n\t(string):1: in main chunk",
    "count": 1
  },
  {
    "message": "Lua Error: @/home/osso/.worktrees/wow-ui-sim-p510-page/data/patch-api/evidence/5.1.0-session-2026-10-08/addon-snapshot/CraftSim/Modules/ReagentOptimization/UI.lua: Lua error: ...don-snapshot/CraftSim/Modules/ReagentOptimization/UI.lua:6: attempt to index local 'GUTIL' (a nil value)\nstack traceback:\n\t(string):1: in main chunk\n[Interface/AddOns/Blizzard_ScriptErrors/Blizzard_ScriptErrors.lua]:59: in function 'GetErrorData'\n[Interface/AddOns/Blizzard_ScriptErrors/Blizzard_ScriptErrors.lua]:72: in function <[Interface/AddOns/Blizzard_ScriptErrors/Blizzard_ScriptErrors.lua]:71>",
    "count": 1
  },
  {
    "message": "@/home/osso/.worktrees/wow-ui-sim-p510-page/data/patch-api/evidence/5.1.0-session-2026-10-08/addon-snapshot/CraftSim/Modules/TopGear/TopGear.lua: Lua error: ...ssion-2026-10-08/addon-snapshot/CraftSim/Debug/Debug.lua:60: attempt to index upvalue 'LibLog' (a nil value)\nstack traceback:\n\t(string):1: in main chunk",
    "count": 1
  },
  {
    "message": "Lua Error: @/home/osso/.worktrees/wow-ui-sim-p510-page/data/patch-api/evidence/5.1.0-session-2026-10-08/addon-snapshot/CraftSim/Modules/TopGear/TopGear.lua: Lua error: ...ssion-2026-10-08/addon-snapshot/CraftSim/Debug/Debug.lua:60: attempt to index upvalue 'LibLog' (a nil value)\nstack traceback:\n\t(string):1: in main chunk\n[Interface/AddOns/Blizzard_ScriptErrors/Blizzard_ScriptErrors.lua]:59: in function 'GetErrorData'\n[Interface/AddOns/Blizzard_ScriptErrors/Blizzard_ScriptErrors.lua]:72: in function <[Interface/AddOns/Blizzard_ScriptErrors/Blizzard_ScriptErrors.lua]:71>",
    "count": 1
  },
  {
    "message": "@/home/osso/.worktrees/wow-ui-sim-p510-page/data/patch-api/evidence/5.1.0-session-2026-10-08/addon-snapshot/CraftSim/Modules/TopGear/UI.lua: Lua error: ...ssion-2026-10-08/addon-snapshot/CraftSim/Debug/Debug.lua:60: attempt to index upvalue 'LibLog' (a nil value)\nstack traceback:\n\t(string):1: in main chunk",
    "count": 1
  },
  {
    "message": "Lua Error: @/home/osso/.worktrees/wow-ui-sim-p510-page/data/patch-api/evidence/5.1.0-session-2026-10-08/addon-snapshot/CraftSim/Modules/TopGear/UI.lua: Lua error: ...ssion-2026-10-08/addon-snapshot/CraftSim/Debug/Debug.lua:60: attempt to index upvalue 'LibLog' (a nil value)\nstack traceback:\n\t(string):1: in main chunk\n[Interface/AddOns/Blizzard_ScriptErrors/Blizzard_ScriptErrors.lua]:59: in function 'GetErrorData'\n[Interface/AddOns/Blizzard_ScriptErrors/Blizzard_ScriptErrors.lua]:72: in function <[Interface/AddOns/Blizzard_ScriptErrors/Blizzard_ScriptErrors.lua]:71>",
    "count": 1
  },
  {
    "message": "@/home/osso/.worktrees/wow-ui-sim-p510-page/data/patch-api/evidence/5.1.0-session-2026-10-08/addon-snapshot/CraftSim/Modules/RecipeScan/RecipeScan.lua: Lua error: ...ddon-snapshot/CraftSim/Modules/RecipeScan/RecipeScan.lua:11: attempt to call method 'RegisterModule' (a nil value)\nstack traceback:\n\t(string):1: in main chunk",
    "count": 1
  },
  {
    "message": "Lua Error: @/home/osso/.worktrees/wow-ui-sim-p510-page/data/patch-api/evidence/5.1.0-session-2026-10-08/addon-snapshot/CraftSim/Modules/RecipeScan/RecipeScan.lua: Lua error: ...ddon-snapshot/CraftSim/Modules/RecipeScan/RecipeScan.lua:11: attempt to call method 'RegisterModule' (a nil value)\nstack traceback:\n\t(string):1: in main chunk\n[Interface/AddOns/Blizzard_ScriptErrors/Blizzard_ScriptErrors.lua]:59: in function 'GetErrorData'\n[Interface/AddOns/Blizzard_ScriptErrors/Blizzard_ScriptErrors.lua]:72: in function <[Interface/AddOns/Blizzard_ScriptErrors/Blizzard_ScriptErrors.lua]:71>",
    "count": 1
  },
  {
    "message": "@/home/osso/.worktrees/wow-ui-sim-p510-page/data/patch-api/evidence/5.1.0-session-2026-10-08/addon-snapshot/CraftSim/Modules/RecipeScan/UI.lua: Lua error: ...-10-08/addon-snapshot/CraftSim/Modules/RecipeScan/UI.lua:7: attempt to index field 'GUTIL' (a nil value)\nstack traceback:\n\t(string):1: in main chunk",
    "count": 1
  },
  {
    "message": "Lua Error: @/home/osso/.worktrees/wow-ui-sim-p510-page/data/patch-api/evidence/5.1.0-session-2026-10-08/addon-snapshot/CraftSim/Modules/RecipeScan/UI.lua: Lua error: ...-10-08/addon-snapshot/CraftSim/Modules/RecipeScan/UI.lua:7: attempt to index field 'GUTIL' (a nil value)\nstack traceback:\n\t(string):1: in main chunk\n[Interface/AddOns/Blizzard_ScriptErrors/Blizzard_ScriptErrors.lua]:59: in function 'GetErrorData'\n[Interface/AddOns/Blizzard_ScriptErrors/Blizzard_ScriptErrors.lua]:72: in function <[Interface/AddOns/Blizzard_ScriptErrors/Blizzard_ScriptErrors.lua]:71>",
    "count": 1
  },
  {
    "message": "@/home/osso/.worktrees/wow-ui-sim-p510-page/data/patch-api/evidence/5.1.0-session-2026-10-08/addon-snapshot/CraftSim/Modules/Supporters/Supporters.lua: Lua error: ...ddon-snapshot/CraftSim/Modules/Supporters/Supporters.lua:6: attempt to index local 'GUTIL' (a nil value)\nstack traceback:\n\t(string):1: in main chunk",
    "count": 1
  },
  {
    "message": "Lua Error: @/home/osso/.worktrees/wow-ui-sim-p510-page/data/patch-api/evidence/5.1.0-session-2026-10-08/addon-snapshot/CraftSim/Modules/Supporters/Supporters.lua: Lua error: ...ddon-snapshot/CraftSim/Modules/Supporters/Supporters.lua:6: attempt to index local 'GUTIL' (a nil value)\nstack traceback:\n\t(string):1: in main chunk\n[Interface/AddOns/Blizzard_ScriptErrors/Blizzard_ScriptErrors.lua]:59: in function 'GetErrorData'\n[Interface/AddOns/Blizzard_ScriptErrors/Blizzard_ScriptErrors.lua]:72: in function <[Interface/AddOns/Blizzard_ScriptErrors/Blizzard_ScriptErrors.lua]:71>",
    "count": 1
  },
  {
    "message": "@/home/osso/.worktrees/wow-ui-sim-p510-page/data/patch-api/evidence/5.1.0-session-2026-10-08/addon-snapshot/CraftSim/Modules/Supporters/UI.lua: Lua error: ...-10-08/addon-snapshot/CraftSim/Modules/Supporters/UI.lua:6: attempt to index local 'GUTIL' (a nil value)\nstack traceback:\n\t(string):1: in main chunk",
    "count": 1
  },
  {
    "message": "Lua Error: @/home/osso/.worktrees/wow-ui-sim-p510-page/data/patch-api/evidence/5.1.0-session-2026-10-08/addon-snapshot/CraftSim/Modules/Supporters/UI.lua: Lua error: ...-10-08/addon-snapshot/CraftSim/Modules/Supporters/UI.lua:6: attempt to index local 'GUTIL' (a nil value)\nstack traceback:\n\t(string):1: in main chunk\n[Interface/AddOns/Blizzard_ScriptErrors/Blizzard_ScriptErrors.lua]:59: in function 'GetErrorData'\n[Interface/AddOns/Blizzard_ScriptErrors/Blizzard_ScriptErrors.lua]:72: in function <[Interface/AddOns/Blizzard_ScriptErrors/Blizzard_ScriptErrors.lua]:71>",
    "count": 1
  },
  {
    "message": "@/home/osso/.worktrees/wow-ui-sim-p510-page/data/patch-api/evidence/5.1.0-session-2026-10-08/addon-snapshot/CraftSim/Modules/CraftBuffs/CraftBuffs.lua: Lua error: ...ssion-2026-10-08/addon-snapshot/CraftSim/Debug/Debug.lua:60: attempt to index upvalue 'LibLog' (a nil value)\nstack traceback:\n\t(string):1: in main chunk",
    "count": 1
  },
  {
    "message": "Lua Error: @/home/osso/.worktrees/wow-ui-sim-p510-page/data/patch-api/evidence/5.1.0-session-2026-10-08/addon-snapshot/CraftSim/Modules/CraftBuffs/CraftBuffs.lua: Lua error: ...ssion-2026-10-08/addon-snapshot/CraftSim/Debug/Debug.lua:60: attempt to index upvalue 'LibLog' (a nil value)\nstack traceback:\n\t(string):1: in main chunk\n[Interface/AddOns/Blizzard_ScriptErrors/Blizzard_ScriptErrors.lua]:59: in function 'GetErrorData'\n[Interface/AddOns/Blizzard_ScriptErrors/Blizzard_ScriptErrors.lua]:72: in function <[Interface/AddOns/Blizzard_ScriptErrors/Blizzard_ScriptErrors.lua]:71>",
    "count": 1
  },
  {
    "message": "@/home/osso/.worktrees/wow-ui-sim-p510-page/data/patch-api/evidence/5.1.0-session-2026-10-08/addon-snapshot/CraftSim/Modules/CraftBuffs/UI.lua: Lua error: ...-10-08/addon-snapshot/CraftSim/Modules/CraftBuffs/UI.lua:11: attempt to index field 'CRAFT_BUFFS' (a nil value)\nstack traceback:\n\t(string):1: in main chunk",
    "count": 1
  },
  {
    "message": "Lua Error: @/home/osso/.worktrees/wow-ui-sim-p510-page/data/patch-api/evidence/5.1.0-session-2026-10-08/addon-snapshot/CraftSim/Modules/CraftBuffs/UI.lua: Lua error: ...-10-08/addon-snapshot/CraftSim/Modules/CraftBuffs/UI.lua:11: attempt to index field 'CRAFT_BUFFS' (a nil value)\nstack traceback:\n\t(string):1: in main chunk\n[Interface/AddOns/Blizzard_ScriptErrors/Blizzard_ScriptErrors.lua]:59: in function 'GetErrorData'\n[Interface/AddOns/Blizzard_ScriptErrors/Blizzard_ScriptErrors.lua]:72: in function <[Interface/AddOns/Blizzard_ScriptErrors/Blizzard_ScriptErrors.lua]:71>",
    "count": 1
  },
  {
    "message": "@/home/osso/.worktrees/wow-ui-sim-p510-page/data/patch-api/evidence/5.1.0-session-2026-10-08/addon-snapshot/CraftSim/Modules/ConcentrationTracker/ConcentrationTracker.lua: Lua error: ...im/Modules/ConcentrationTracker/ConcentrationTracker.lua:5: attempt to index local 'GUTIL' (a nil value)\nstack traceback:\n\t(string):1: in main chunk",
    "count": 1
  },
  {
    "message": "Lua Error: @/home/osso/.worktrees/wow-ui-sim-p510-page/data/patch-api/evidence/5.1.0-session-2026-10-08/addon-snapshot/CraftSim/Modules/ConcentrationTracker/ConcentrationTracker.lua: Lua error: ...im/Modules/ConcentrationTracker/ConcentrationTracker.lua:5: attempt to index local 'GUTIL' (a nil value)\nstack traceback:\n\t(string):1: in main chunk\n[Interface/AddOns/Blizzard_ScriptErrors/Blizzard_ScriptErrors.lua]:59: in function 'GetErrorData'\n[Interface/AddOns/Blizzard_ScriptErrors/Blizzard_ScriptErrors.lua]:72: in function <[Interface/AddOns/Blizzard_ScriptErrors/Blizzard_ScriptErrors.lua]:71>",
    "count": 1
  },
  {
    "message": "@/home/osso/.worktrees/wow-ui-sim-p510-page/data/patch-api/evidence/5.1.0-session-2026-10-08/addon-snapshot/CraftSim/Modules/ConcentrationTracker/UI.lua: Lua error: ...on-snapshot/CraftSim/Modules/ConcentrationTracker/UI.lua:11: attempt to index field 'CONCENTRATION_TRACKER' (a nil value)\nstack traceback:\n\t(string):1: in main chunk",
    "count": 1
  },
  {
    "message": "Lua Error: @/home/osso/.worktrees/wow-ui-sim-p510-page/data/patch-api/evidence/5.1.0-session-2026-10-08/addon-snapshot/CraftSim/Modules/ConcentrationTracker/UI.lua: Lua error: ...on-snapshot/CraftSim/Modules/ConcentrationTracker/UI.lua:11: attempt to index field 'CONCENTRATION_TRACKER' (a nil value)\nstack traceback:\n\t(string):1: in main chunk\n[Interface/AddOns/Blizzard_ScriptErrors/Blizzard_ScriptErrors.lua]:59: in function 'GetErrorData'\n[Interface/AddOns/Blizzard_ScriptErrors/Blizzard_ScriptErrors.lua]:72: in function <[Interface/AddOns/Blizzard_ScriptErrors/Blizzard_ScriptErrors.lua]:71>",
    "count": 1
  },
  {
    "message": "@/home/osso/.worktrees/wow-ui-sim-p510-page/data/patch-api/evidence/5.1.0-session-2026-10-08/addon-snapshot/CraftSim/Modules/WorkOrderTracker/WorkOrderTracker.lua: Lua error: ...t/CraftSim/Modules/WorkOrderTracker/WorkOrderTracker.lua:8: attempt to index local 'GUTIL' (a nil value)\nstack traceback:\n\t(string):1: in main chunk",
    "count": 1
  },
  {
    "message": "Lua Error: @/home/osso/.worktrees/wow-ui-sim-p510-page/data/patch-api/evidence/5.1.0-session-2026-10-08/addon-snapshot/CraftSim/Modules/WorkOrderTracker/WorkOrderTracker.lua: Lua error: ...t/CraftSim/Modules/WorkOrderTracker/WorkOrderTracker.lua:8: attempt to index local 'GUTIL' (a nil value)\nstack traceback:\n\t(string):1: in main chunk\n[Interface/AddOns/Blizzard_ScriptErrors/Blizzard_ScriptErrors.lua]:59: in function 'GetErrorData'\n[Interface/AddOns/Blizzard_ScriptErrors/Blizzard_ScriptErrors.lua]:72: in function <[Interface/AddOns/Blizzard_ScriptErrors/Blizzard_ScriptErrors.lua]:71>",
    "count": 1
  },
  {
    "message": "@/home/osso/.worktrees/wow-ui-sim-p510-page/data/patch-api/evidence/5.1.0-session-2026-10-08/addon-snapshot/CraftSim/Modules/WorkOrderTracker/UI.lua: Lua error: .../addon-snapshot/CraftSim/Modules/WorkOrderTracker/UI.lua:8: attempt to index field 'WORK_ORDER_TRACKER' (a nil value)\nstack traceback:\n\t(string):1: in main chunk",
    "count": 1
  },
  {
    "message": "Lua Error: @/home/osso/.worktrees/wow-ui-sim-p510-page/data/patch-api/evidence/5.1.0-session-2026-10-08/addon-snapshot/CraftSim/Modules/WorkOrderTracker/UI.lua: Lua error: .../addon-snapshot/CraftSim/Modules/WorkOrderTracker/UI.lua:8: attempt to index field 'WORK_ORDER_TRACKER' (a nil value)\nstack traceback:\n\t(string):1: in main chunk\n[Interface/AddOns/Blizzard_ScriptErrors/Blizzard_ScriptErrors.lua]:59: in function 'GetErrorData'\n[Interface/AddOns/Blizzard_ScriptErrors/Blizzard_ScriptErrors.lua]:72: in function <[Interface/AddOns/Blizzard_ScriptErrors/Blizzard_ScriptErrors.lua]:71>",
    "count": 1
  },
  {
    "message": "@/home/osso/.worktrees/wow-ui-sim-p510-page/data/patch-api/evidence/5.1.0-session-2026-10-08/addon-snapshot/CraftSim/Data/SpecializationData/Dragonflight/Blacksmithing.lua: Lua error: ...m/Data/SpecializationData/Dragonflight/Blacksmithing.lua:3: attempt to index field 'SPECIALIZATION_DATA' (a nil value)\nstack traceback:\n\t(string):1: in main chunk",
    "count": 1
  },
  {
    "message": "Lua Error: @/home/osso/.worktrees/wow-ui-sim-p510-page/data/patch-api/evidence/5.1.0-session-2026-10-08/addon-snapshot/CraftSim/Data/SpecializationData/Dragonflight/Blacksmithing.lua: Lua error: ...m/Data/SpecializationData/Dragonflight/Blacksmithing.lua:3: attempt to index field 'SPECIALIZATION_DATA' (a nil value)\nstack traceback:\n\t(string):1: in main chunk\n[Interface/AddOns/Blizzard_ScriptErrors/Blizzard_ScriptErrors.lua]:59: in function 'GetErrorData'\n[Interface/AddOns/Blizzard_ScriptErrors/Blizzard_ScriptErrors.lua]:72: in function <[Interface/AddOns/Blizzard_ScriptErrors/Blizzard_ScriptErrors.lua]:71>",
    "count": 1
  },
  {
    "message": "@/home/osso/.worktrees/wow-ui-sim-p510-page/data/patch-api/evidence/5.1.0-session-2026-10-08/addon-snapshot/CraftSim/Data/SpecializationData/Dragonflight/Enchanting.lua: Lua error: ...tSim/Data/SpecializationData/Dragonflight/Enchanting.lua:3: attempt to index field 'SPECIALIZATION_DATA' (a nil value)\nstack traceback:\n\t(string):1: in main chunk",
    "count": 1
  },
  {
    "message": "Lua Error: @/home/osso/.worktrees/wow-ui-sim-p510-page/data/patch-api/evidence/5.1.0-session-2026-10-08/addon-snapshot/CraftSim/Data/SpecializationData/Dragonflight/Enchanting.lua: Lua error: ...tSim/Data/SpecializationData/Dragonflight/Enchanting.lua:3: attempt to index field 'SPECIALIZATION_DATA' (a nil value)\nstack traceback:\n\t(string):1: in main chunk\n[Interface/AddOns/Blizzard_ScriptErrors/Blizzard_ScriptErrors.lua]:59: in function 'GetErrorData'\n[Interface/AddOns/Blizzard_ScriptErrors/Blizzard_ScriptErrors.lua]:72: in function <[Interface/AddOns/Blizzard_ScriptErrors/Blizzard_ScriptErrors.lua]:71>",
    "count": 1
  },
  {
    "message": "@/home/osso/.worktrees/wow-ui-sim-p510-page/data/patch-api/evidence/5.1.0-session-2026-10-08/addon-snapshot/CraftSim/Data/SpecializationData/Dragonflight/Leatherworking.lua: Lua error: .../Data/SpecializationData/Dragonflight/Leatherworking.lua:3: attempt to index field 'SPECIALIZATION_DATA' (a nil value)\nstack traceback:\n\t(string):1: in main chunk",
    "count": 1
  },
  {
    "message": "Lua Error: @/home/osso/.worktrees/wow-ui-sim-p510-page/data/patch-api/evidence/5.1.0-session-2026-10-08/addon-snapshot/CraftSim/Data/SpecializationData/Dragonflight/Leatherworking.lua: Lua error: .../Data/SpecializationData/Dragonflight/Leatherworking.lua:3: attempt to index field 'SPECIALIZATION_DATA' (a nil value)\nstack traceback:\n\t(string):1: in main chunk\n[Interface/AddOns/Blizzard_ScriptErrors/Blizzard_ScriptErrors.lua]:59: in function 'GetErrorData'\n[Interface/AddOns/Blizzard_ScriptErrors/Blizzard_ScriptErrors.lua]:72: in function <[Interface/AddOns/Blizzard_ScriptErrors/Blizzard_ScriptErrors.lua]:71>",
    "count": 1
  },
  {
    "message": "@/home/osso/.worktrees/wow-ui-sim-p510-page/data/patch-api/evidence/5.1.0-session-2026-10-08/addon-snapshot/CraftSim/Data/SpecializationData/Dragonflight/Engineering.lua: Lua error: ...Sim/Data/SpecializationData/Dragonflight/Engineering.lua:3: attempt to index field 'SPECIALIZATION_DATA' (a nil value)\nstack traceback:\n\t(string):1: in main chunk",
    "count": 1
  },
  {
    "message": "Lua Error: @/home/osso/.worktrees/wow-ui-sim-p510-page/data/patch-api/evidence/5.1.0-session-2026-10-08/addon-snapshot/CraftSim/Data/SpecializationData/Dragonflight/Engineering.lua: Lua error: ...Sim/Data/SpecializationData/Dragonflight/Engineering.lua:3: attempt to index field 'SPECIALIZATION_DATA' (a nil value)\nstack traceback:\n\t(string):1: in main chunk\n[Interface/AddOns/Blizzard_ScriptErrors/Blizzard_ScriptErrors.lua]:59: in function 'GetErrorData'\n[Interface/AddOns/Blizzard_ScriptErrors/Blizzard_ScriptErrors.lua]:72: in function <[Interface/AddOns/Blizzard_ScriptErrors/Blizzard_ScriptErrors.lua]:71>",
    "count": 1
  },
  {
    "message": "@/home/osso/.worktrees/wow-ui-sim-p510-page/data/patch-api/evidence/5.1.0-session-2026-10-08/addon-snapshot/CraftSim/Data/SpecializationData/The_War_Within/Blacksmithing.lua: Lua error: ...Data/SpecializationData/The_War_Within/Blacksmithing.lua:3: attempt to index field 'SPECIALIZATION_DATA' (a nil value)\nstack traceback:\n\t(string):1: in main chunk",
    "count": 1
  },
  {
    "message": "Lua Error: @/home/osso/.worktrees/wow-ui-sim-p510-page/data/patch-api/evidence/5.1.0-session-2026-10-08/addon-snapshot/CraftSim/Data/SpecializationData/The_War_Within/Blacksmithing.lua: Lua error: ...Data/SpecializationData/The_War_Within/Blacksmithing.lua:3: attempt to index field 'SPECIALIZATION_DATA' (a nil value)\nstack traceback:\n\t(string):1: in main chunk\n[Interface/AddOns/Blizzard_ScriptErrors/Blizzard_ScriptErrors.lua]:59: in function 'GetErrorData'\n[Interface/AddOns/Blizzard_ScriptErrors/Blizzard_ScriptErrors.lua]:72: in function <[Interface/AddOns/Blizzard_ScriptErrors/Blizzard_ScriptErrors.lua]:71>",
    "count": 1
  },
  {
    "message": "@/home/osso/.worktrees/wow-ui-sim-p510-page/data/patch-api/evidence/5.1.0-session-2026-10-08/addon-snapshot/CraftSim/Data/SpecializationData/The_War_Within/Inscription.lua: Lua error: ...m/Data/SpecializationData/The_War_Within/Inscription.lua:3: attempt to index field 'SPECIALIZATION_DATA' (a nil value)\nstack traceback:\n\t(string):1: in main chunk",
    "count": 1
  },
  {
    "message": "Lua Error: @/home/osso/.worktrees/wow-ui-sim-p510-page/data/patch-api/evidence/5.1.0-session-2026-10-08/addon-snapshot/CraftSim/Data/SpecializationData/The_War_Within/Inscription.lua: Lua error: ...m/Data/SpecializationData/The_War_Within/Inscription.lua:3: attempt to index field 'SPECIALIZATION_DATA' (a nil value)\nstack traceback:\n\t(string):1: in main chunk\n[Interface/AddOns/Blizzard_ScriptErrors/Blizzard_ScriptErrors.lua]:59: in function 'GetErrorData'\n[Interface/AddOns/Blizzard_ScriptErrors/Blizzard_ScriptErrors.lua]:72: in function <[Interface/AddOns/Blizzard_ScriptErrors/Blizzard_ScriptErrors.lua]:71>",
    "count": 1
  },
  {
    "message": "@/home/osso/.worktrees/wow-ui-sim-p510-page/data/patch-api/evidence/5.1.0-session-2026-10-08/addon-snapshot/CraftSim/Data/SpecializationData/The_War_Within/Jewelcrafting.lua: Lua error: ...Data/SpecializationData/The_War_Within/Jewelcrafting.lua:3: attempt to index field 'SPECIALIZATION_DATA' (a nil value)\nstack traceback:\n\t(string):1: in main chunk",
    "count": 1
  },
  {
    "message": "Lua Error: @/home/osso/.worktrees/wow-ui-sim-p510-page/data/patch-api/evidence/5.1.0-session-2026-10-08/addon-snapshot/CraftSim/Data/SpecializationData/The_War_Within/Jewelcrafting.lua: Lua error: ...Data/SpecializationData/The_War_Within/Jewelcrafting.lua:3: attempt to index field 'SPECIALIZATION_DATA' (a nil value)\nstack traceback:\n\t(string):1: in main chunk\n[Interface/AddOns/Blizzard_ScriptErrors/Blizzard_ScriptErrors.lua]:59: in function 'GetErrorData'\n[Interface/AddOns/Blizzard_ScriptErrors/Blizzard_ScriptErrors.lua]:72: in function <[Interface/AddOns/Blizzard_ScriptErrors/Blizzard_ScriptErrors.lua]:71>",
    "count": 1
  },
  {
    "message": "@/home/osso/.worktrees/wow-ui-sim-p510-page/data/patch-api/evidence/5.1.0-session-2026-10-08/addon-snapshot/CraftSim/Data/SpecializationData/The_War_Within/Engineering.lua: Lua error: ...m/Data/SpecializationData/The_War_Within/Engineering.lua:3: attempt to index field 'SPECIALIZATION_DATA' (a nil value)\nstack traceback:\n\t(string):1: in main chunk",
    "count": 1
  },
  {
    "message": "Lua Error: @/home/osso/.worktrees/wow-ui-sim-p510-page/data/patch-api/evidence/5.1.0-session-2026-10-08/addon-snapshot/CraftSim/Data/SpecializationData/The_War_Within/Engineering.lua: Lua error: ...m/Data/SpecializationData/The_War_Within/Engineering.lua:3: attempt to index field 'SPECIALIZATION_DATA' (a nil value)\nstack traceback:\n\t(string):1: in main chunk\n[Interface/AddOns/Blizzard_ScriptErrors/Blizzard_ScriptErrors.lua]:59: in function 'GetErrorData'\n[Interface/AddOns/Blizzard_ScriptErrors/Blizzard_ScriptErrors.lua]:72: in function <[Interface/AddOns/Blizzard_ScriptErrors/Blizzard_ScriptErrors.lua]:71>",
    "count": 1
  },
  {
    "message": "@/home/osso/.worktrees/wow-ui-sim-p510-page/data/patch-api/evidence/5.1.0-session-2026-10-08/addon-snapshot/CraftSim/Data/SpecializationData/Midnight/Alchemy.lua: Lua error: ...ot/CraftSim/Data/SpecializationData/Midnight/Alchemy.lua:3: attempt to index field 'SPECIALIZATION_DATA' (a nil value)\nstack traceback:\n\t(string):1: in main chunk",
    "count": 1
  },
  {
    "message": "Lua Error: @/home/osso/.worktrees/wow-ui-sim-p510-page/data/patch-api/evidence/5.1.0-session-2026-10-08/addon-snapshot/CraftSim/Data/SpecializationData/Midnight/Alchemy.lua: Lua error: ...ot/CraftSim/Data/SpecializationData/Midnight/Alchemy.lua:3: attempt to index field 'SPECIALIZATION_DATA' (a nil value)\nstack traceback:\n\t(string):1: in main chunk\n[Interface/AddOns/Blizzard_ScriptErrors/Blizzard_ScriptErrors.lua]:59: in function 'GetErrorData'\n[Interface/AddOns/Blizzard_ScriptErrors/Blizzard_ScriptErrors.lua]:72: in function <[Interface/AddOns/Blizzard_ScriptErrors/Blizzard_ScriptErrors.lua]:71>",
    "count": 1
  },
  {
    "message": "@/home/osso/.worktrees/wow-ui-sim-p510-page/data/patch-api/evidence/5.1.0-session-2026-10-08/addon-snapshot/CraftSim/Data/SpecializationData/Midnight/Enchanting.lua: Lua error: ...CraftSim/Data/SpecializationData/Midnight/Enchanting.lua:3: attempt to index field 'SPECIALIZATION_DATA' (a nil value)\nstack traceback:\n\t(string):1: in main chunk",
    "count": 1
  },
  {
    "message": "Lua Error: @/home/osso/.worktrees/wow-ui-sim-p510-page/data/patch-api/evidence/5.1.0-session-2026-10-08/addon-snapshot/CraftSim/Data/SpecializationData/Midnight/Enchanting.lua: Lua error: ...CraftSim/Data/SpecializationData/Midnight/Enchanting.lua:3: attempt to index field 'SPECIALIZATION_DATA' (a nil value)\nstack traceback:\n\t(string):1: in main chunk\n[Interface/AddOns/Blizzard_ScriptErrors/Blizzard_ScriptErrors.lua]:59: in function 'GetErrorData'\n[Interface/AddOns/Blizzard_ScriptErrors/Blizzard_ScriptErrors.lua]:72: in function <[Interface/AddOns/Blizzard_ScriptErrors/Blizzard_ScriptErrors.lua]:71>",
    "count": 1
  },
  {
    "message": "@/home/osso/.worktrees/wow-ui-sim-p510-page/data/patch-api/evidence/5.1.0-session-2026-10-08/addon-snapshot/CraftSim/Data/SpecializationData/Midnight/Jewelcrafting.lua: Lua error: ...ftSim/Data/SpecializationData/Midnight/Jewelcrafting.lua:3: attempt to index field 'SPECIALIZATION_DATA' (a nil value)\nstack traceback:\n\t(string):1: in main chunk",
    "count": 1
  },
  {
    "message": "Lua Error: @/home/osso/.worktrees/wow-ui-sim-p510-page/data/patch-api/evidence/5.1.0-session-2026-10-08/addon-snapshot/CraftSim/Data/SpecializationData/Midnight/Jewelcrafting.lua: Lua error: ...ftSim/Data/SpecializationData/Midnight/Jewelcrafting.lua:3: attempt to index field 'SPECIALIZATION_DATA' (a nil value)\nstack traceback:\n\t(string):1: in main chunk\n[Interface/AddOns/Blizzard_ScriptErrors/Blizzard_ScriptErrors.lua]:59: in function 'GetErrorData'\n[Interface/AddOns/Blizzard_ScriptErrors/Blizzard_ScriptErrors.lua]:72: in function <[Interface/AddOns/Blizzard_ScriptErrors/Blizzard_ScriptErrors.lua]:71>",
    "count": 1
  },
  {
    "message": "@/home/osso/.worktrees/wow-ui-sim-p510-page/data/patch-api/evidence/5.1.0-session-2026-10-08/addon-snapshot/CraftSim/Data/SpecializationData/Midnight/Tailoring.lua: Lua error: .../CraftSim/Data/SpecializationData/Midnight/Tailoring.lua:3: attempt to index field 'SPECIALIZATION_DATA' (a nil value)\nstack traceback:\n\t(string):1: in main chunk",
    "count": 1
  },
  {
    "message": "Lua Error: @/home/osso/.worktrees/wow-ui-sim-p510-page/data/patch-api/evidence/5.1.0-session-2026-10-08/addon-snapshot/CraftSim/Data/SpecializationData/Midnight/Tailoring.lua: Lua error: .../CraftSim/Data/SpecializationData/Midnight/Tailoring.lua:3: attempt to index field 'SPECIALIZATION_DATA' (a nil value)\nstack traceback:\n\t(string):1: in main chunk\n[Interface/AddOns/Blizzard_ScriptErrors/Blizzard_ScriptErrors.lua]:59: in function 'GetErrorData'\n[Interface/AddOns/Blizzard_ScriptErrors/Blizzard_ScriptErrors.lua]:72: in function <[Interface/AddOns/Blizzard_ScriptErrors/Blizzard_ScriptErrors.lua]:71>",
    "count": 1
  },
  {
    "message": "@/home/osso/.worktrees/wow-ui-sim-p510-page/data/patch-api/evidence/5.1.0-session-2026-10-08/addon-snapshot/CraftSim/Data/SpecializationData/Midnight/Engineering.lua: Lua error: ...raftSim/Data/SpecializationData/Midnight/Engineering.lua:3: attempt to index field 'SPECIALIZATION_DATA' (a nil value)\nstack traceback:\n\t(string):1: in main chunk",
    "count": 1
  },
  {
    "message": "Lua Error: @/home/osso/.worktrees/wow-ui-sim-p510-page/data/patch-api/evidence/5.1.0-session-2026-10-08/addon-snapshot/CraftSim/Data/SpecializationData/Midnight/Engineering.lua: Lua error: ...raftSim/Data/SpecializationData/Midnight/Engineering.lua:3: attempt to index field 'SPECIALIZATION_DATA' (a nil value)\nstack traceback:\n\t(string):1: in main chunk\n[Interface/AddOns/Blizzard_ScriptErrors/Blizzard_ScriptErrors.lua]:59: in function 'GetErrorData'\n[Interface/AddOns/Blizzard_ScriptErrors/Blizzard_ScriptErrors.lua]:72: in function <[Interface/AddOns/Blizzard_ScriptErrors/Blizzard_ScriptErrors.lua]:71>",
    "count": 1
  },
  {
    "message": "@/home/osso/.worktrees/wow-ui-sim-p510-page/data/patch-api/evidence/5.1.0-session-2026-10-08/addon-snapshot/CraftSim/Classes/OnCraftData.lua: Lua error: ...26-10-08/addon-snapshot/CraftSim/Classes/OnCraftData.lua:8: attempt to index field 'CraftSimObject' (a nil value)\nstack traceback:\n\t(string):1: in main chunk",
    "count": 1
  },
  {
    "message": "Lua Error: @/home/osso/.worktrees/wow-ui-sim-p510-page/data/patch-api/evidence/5.1.0-session-2026-10-08/addon-snapshot/CraftSim/Classes/OnCraftData.lua: Lua error: ...26-10-08/addon-snapshot/CraftSim/Classes/OnCraftData.lua:8: attempt to index field 'CraftSimObject' (a nil value)\nstack traceback:\n\t(string):1: in main chunk\n[Interface/AddOns/Blizzard_ScriptErrors/Blizzard_ScriptErrors.lua]:59: in function 'GetErrorData'\n[Interface/AddOns/Blizzard_ScriptErrors/Blizzard_ScriptErrors.lua]:72: in function <[Interface/AddOns/Blizzard_ScriptErrors/Blizzard_ScriptErrors.lua]:71>",
    "count": 1
  },
  {
    "message": "@/home/osso/.worktrees/wow-ui-sim-p510-page/data/patch-api/evidence/5.1.0-session-2026-10-08/addon-snapshot/CraftSim/Classes/ProfessionData.lua: Lua error: ...ssion-2026-10-08/addon-snapshot/CraftSim/Debug/Debug.lua:60: attempt to index upvalue 'LibLog' (a nil value)\nstack traceback:\n\t(string):1: in main chunk",
    "count": 1
  },
  {
    "message": "Lua Error: @/home/osso/.worktrees/wow-ui-sim-p510-page/data/patch-api/evidence/5.1.0-session-2026-10-08/addon-snapshot/CraftSim/Classes/ProfessionData.lua: Lua error: ...ssion-2026-10-08/addon-snapshot/CraftSim/Debug/Debug.lua:60: attempt to index upvalue 'LibLog' (a nil value)\nstack traceback:\n\t(string):1: in main chunk\n[Interface/AddOns/Blizzard_ScriptErrors/Blizzard_ScriptErrors.lua]:59: in function 'GetErrorData'\n[Interface/AddOns/Blizzard_ScriptErrors/Blizzard_ScriptErrors.lua]:72: in function <[Interface/AddOns/Blizzard_ScriptErrors/Blizzard_ScriptErrors.lua]:71>",
    "count": 1
  },
  {
    "message": "@/home/osso/.worktrees/wow-ui-sim-p510-page/data/patch-api/evidence/5.1.0-session-2026-10-08/addon-snapshot/CraftSim/Classes/RecipeData.lua: Lua error: ...ssion-2026-10-08/addon-snapshot/CraftSim/Debug/Debug.lua:60: attempt to index upvalue 'LibLog' (a nil value)\nstack traceback:\n\t(string):1: in main chunk",
    "count": 1
  },
  {
    "message": "Lua Error: @/home/osso/.worktrees/wow-ui-sim-p510-page/data/patch-api/evidence/5.1.0-session-2026-10-08/addon-snapshot/CraftSim/Classes/RecipeData.lua: Lua error: ...ssion-2026-10-08/addon-snapshot/CraftSim/Debug/Debug.lua:60: attempt to index upvalue 'LibLog' (a nil value)\nstack traceback:\n\t(string):1: in main chunk\n[Interface/AddOns/Blizzard_ScriptErrors/Blizzard_ScriptErrors.lua]:59: in function 'GetErrorData'\n[Interface/AddOns/Blizzard_ScriptErrors/Blizzard_ScriptErrors.lua]:72: in function <[Interface/AddOns/Blizzard_ScriptErrors/Blizzard_ScriptErrors.lua]:71>",
    "count": 1
  },
  {
    "message": "@/home/osso/.worktrees/wow-ui-sim-p510-page/data/patch-api/evidence/5.1.0-session-2026-10-08/addon-snapshot/CraftSim/Classes/ReagentItem.lua: Lua error: ...26-10-08/addon-snapshot/CraftSim/Classes/ReagentItem.lua:7: attempt to index field 'CraftSimObject' (a nil value)\nstack traceback:\n\t(string):1: in main chunk",
    "count": 1
  },
  {
    "message": "Lua Error: @/home/osso/.worktrees/wow-ui-sim-p510-page/data/patch-api/evidence/5.1.0-session-2026-10-08/addon-snapshot/CraftSim/Classes/ReagentItem.lua: Lua error: ...26-10-08/addon-snapshot/CraftSim/Classes/ReagentItem.lua:7: attempt to index field 'CraftSimObject' (a nil value)\nstack traceback:\n\t(string):1: in main chunk\n[Interface/AddOns/Blizzard_ScriptErrors/Blizzard_ScriptErrors.lua]:59: in function 'GetErrorData'\n[Interface/AddOns/Blizzard_ScriptErrors/Blizzard_ScriptErrors.lua]:72: in function <[Interface/AddOns/Blizzard_ScriptErrors/Blizzard_ScriptErrors.lua]:71>",
    "count": 1
  },
  {
    "message": "@/home/osso/.worktrees/wow-ui-sim-p510-page/data/patch-api/evidence/5.1.0-session-2026-10-08/addon-snapshot/CraftSim/Classes/ProfessionStats.lua: Lua error: ...0-08/addon-snapshot/CraftSim/Classes/ProfessionStats.lua:6: attempt to index field 'CraftSimObject' (a nil value)\nstack traceback:\n\t(string):1: in main chunk",
    "count": 1
  },
  {
    "message": "Lua Error: @/home/osso/.worktrees/wow-ui-sim-p510-page/data/patch-api/evidence/5.1.0-session-2026-10-08/addon-snapshot/CraftSim/Classes/ProfessionStats.lua: Lua error: ...0-08/addon-snapshot/CraftSim/Classes/ProfessionStats.lua:6: attempt to index field 'CraftSimObject' (a nil value)\nstack traceback:\n\t(string):1: in main chunk\n[Interface/AddOns/Blizzard_ScriptErrors/Blizzard_ScriptErrors.lua]:59: in function 'GetErrorData'\n[Interface/AddOns/Blizzard_ScriptErrors/Blizzard_ScriptErrors.lua]:72: in function <[Interface/AddOns/Blizzard_ScriptErrors/Blizzard_ScriptErrors.lua]:71>",
    "count": 1
  },
  {
    "message": "@/home/osso/.worktrees/wow-ui-sim-p510-page/data/patch-api/evidence/5.1.0-session-2026-10-08/addon-snapshot/CraftSim/Classes/ProfessionStat.lua: Lua error: ...10-08/addon-snapshot/CraftSim/Classes/ProfessionStat.lua:7: attempt to index field 'CraftSimObject' (a nil value)\nstack traceback:\n\t(string):1: in main chunk",
    "count": 1
  },
  {
    "message": "Lua Error: @/home/osso/.worktrees/wow-ui-sim-p510-page/data/patch-api/evidence/5.1.0-session-2026-10-08/addon-snapshot/CraftSim/Classes/ProfessionStat.lua: Lua error: ...10-08/addon-snapshot/CraftSim/Classes/ProfessionStat.lua:7: attempt to index field 'CraftSimObject' (a nil value)\nstack traceback:\n\t(string):1: in main chunk\n[Interface/AddOns/Blizzard_ScriptErrors/Blizzard_ScriptErrors.lua]:59: in function 'GetErrorData'\n[Interface/AddOns/Blizzard_ScriptErrors/Blizzard_ScriptErrors.lua]:72: in function <[Interface/AddOns/Blizzard_ScriptErrors/Blizzard_ScriptErrors.lua]:71>",
    "count": 1
  },
  {
    "message": "@/home/osso/.worktrees/wow-ui-sim-p510-page/data/patch-api/evidence/5.1.0-session-2026-10-08/addon-snapshot/CraftSim/Classes/ProfessionGearSet.lua: Lua error: ...08/addon-snapshot/CraftSim/Classes/ProfessionGearSet.lua:6: attempt to index field 'CraftSimObject' (a nil value)\nstack traceback:\n\t(string):1: in main chunk",
    "count": 1
  },
  {
    "message": "Lua Error: @/home/osso/.worktrees/wow-ui-sim-p510-page/data/patch-api/evidence/5.1.0-session-2026-10-08/addon-snapshot/CraftSim/Classes/ProfessionGearSet.lua: Lua error: ...08/addon-snapshot/CraftSim/Classes/ProfessionGearSet.lua:6: attempt to index field 'CraftSimObject' (a nil value)\nstack traceback:\n\t(string):1: in main chunk\n[Interface/AddOns/Blizzard_ScriptErrors/Blizzard_ScriptErrors.lua]:59: in function 'GetErrorData'\n[Interface/AddOns/Blizzard_ScriptErrors/Blizzard_ScriptErrors.lua]:72: in function <[Interface/AddOns/Blizzard_ScriptErrors/Blizzard_ScriptErrors.lua]:71>",
    "count": 1
  },
  {
    "message": "@/home/osso/.worktrees/wow-ui-sim-p510-page/data/patch-api/evidence/5.1.0-session-2026-10-08/addon-snapshot/CraftSim/Classes/ProfessionGear.lua: Lua error: ...10-08/addon-snapshot/CraftSim/Classes/ProfessionGear.lua:8: attempt to index field 'CraftSimObject' (a nil value)\nstack traceback:\n\t(string):1: in main chunk",
    "count": 1
  },
  {
    "message": "Lua Error: @/home/osso/.worktrees/wow-ui-sim-p510-page/data/patch-api/evidence/5.1.0-session-2026-10-08/addon-snapshot/CraftSim/Classes/ProfessionGear.lua: Lua error: ...10-08/addon-snapshot/CraftSim/Classes/ProfessionGear.lua:8: attempt to index field 'CraftSimObject' (a nil value)\nstack traceback:\n\t(string):1: in main chunk\n[Interface/AddOns/Blizzard_ScriptErrors/Blizzard_ScriptErrors.lua]:59: in function 'GetErrorData'\n[Interface/AddOns/Blizzard_ScriptErrors/Blizzard_ScriptErrors.lua]:72: in function <[Interface/AddOns/Blizzard_ScriptErrors/Blizzard_ScriptErrors.lua]:71>",
    "count": 1
  },
  {
    "message": "@/home/osso/.worktrees/wow-ui-sim-p510-page/data/patch-api/evidence/5.1.0-session-2026-10-08/addon-snapshot/CraftSim/Classes/ResultData.lua: Lua error: ...ssion-2026-10-08/addon-snapshot/CraftSim/Debug/Debug.lua:60: attempt to index upvalue 'LibLog' (a nil value)\nstack traceback:\n\t(string):1: in main chunk",
    "count": 1
  },
  {
    "message": "Lua Error: @/home/osso/.worktrees/wow-ui-sim-p510-page/data/patch-api/evidence/5.1.0-session-2026-10-08/addon-snapshot/CraftSim/Classes/ResultData.lua: Lua error: ...ssion-2026-10-08/addon-snapshot/CraftSim/Debug/Debug.lua:60: attempt to index upvalue 'LibLog' (a nil value)\nstack traceback:\n\t(string):1: in main chunk\n[Interface/AddOns/Blizzard_ScriptErrors/Blizzard_ScriptErrors.lua]:59: in function 'GetErrorData'\n[Interface/AddOns/Blizzard_ScriptErrors/Blizzard_ScriptErrors.lua]:72: in function <[Interface/AddOns/Blizzard_ScriptErrors/Blizzard_ScriptErrors.lua]:71>",
    "count": 1
  },
  {
    "message": "@/home/osso/.worktrees/wow-ui-sim-p510-page/data/patch-api/evidence/5.1.0-session-2026-10-08/addon-snapshot/CraftSim/Classes/SalvageReagentSlot.lua: Lua error: ...8/addon-snapshot/CraftSim/Classes/SalvageReagentSlot.lua:8: attempt to index field 'CraftSimObject' (a nil value)\nstack traceback:\n\t(string):1: in main chunk",
    "count": 1
  },
  {
    "message": "Lua Error: @/home/osso/.worktrees/wow-ui-sim-p510-page/data/patch-api/evidence/5.1.0-session-2026-10-08/addon-snapshot/CraftSim/Classes/SalvageReagentSlot.lua: Lua error: ...8/addon-snapshot/CraftSim/Classes/SalvageReagentSlot.lua:8: attempt to index field 'CraftSimObject' (a nil value)\nstack traceback:\n\t(string):1: in main chunk\n[Interface/AddOns/Blizzard_ScriptErrors/Blizzard_ScriptErrors.lua]:59: in function 'GetErrorData'\n[Interface/AddOns/Blizzard_ScriptErrors/Blizzard_ScriptErrors.lua]:72: in function <[Interface/AddOns/Blizzard_ScriptErrors/Blizzard_ScriptErrors.lua]:71>",
    "count": 1
  },
  {
    "message": "@/home/osso/.worktrees/wow-ui-sim-p510-page/data/patch-api/evidence/5.1.0-session-2026-10-08/addon-snapshot/CraftSim/Classes/SpecializationData.lua: Lua error: ...ssion-2026-10-08/addon-snapshot/CraftSim/Debug/Debug.lua:60: attempt to index upvalue 'LibLog' (a nil value)\nstack traceback:\n\t(string):1: in main chunk",
    "count": 1
  },
  {
    "message": "Lua Error: @/home/osso/.worktrees/wow-ui-sim-p510-page/data/patch-api/evidence/5.1.0-session-2026-10-08/addon-snapshot/CraftSim/Classes/SpecializationData.lua: Lua error: ...ssion-2026-10-08/addon-snapshot/CraftSim/Debug/Debug.lua:60: attempt to index upvalue 'LibLog' (a nil value)\nstack traceback:\n\t(string):1: in main chunk\n[Interface/AddOns/Blizzard_ScriptErrors/Blizzard_ScriptErrors.lua]:59: in function 'GetErrorData'\n[Interface/AddOns/Blizzard_ScriptErrors/Blizzard_ScriptErrors.lua]:72: in function <[Interface/AddOns/Blizzard_ScriptErrors/Blizzard_ScriptErrors.lua]:71>",
    "count": 1
  },
  {
    "message": "@/home/osso/.worktrees/wow-ui-sim-p510-page/data/patch-api/evidence/5.1.0-session-2026-10-08/addon-snapshot/CraftSim/Classes/NodeData.lua: Lua error: ...-2026-10-08/addon-snapshot/CraftSim/Classes/NodeData.lua:6: attempt to index local 'GUTIL' (a nil value)\nstack traceback:\n\t(string):1: in main chunk",
    "count": 1
  },
  {
    "message": "Lua Error: @/home/osso/.worktrees/wow-ui-sim-p510-page/data/patch-api/evidence/5.1.0-session-2026-10-08/addon-snapshot/CraftSim/Classes/NodeData.lua: Lua error: ...-2026-10-08/addon-snapshot/CraftSim/Classes/NodeData.lua:6: attempt to index local 'GUTIL' (a nil value)\nstack traceback:\n\t(string):1: in main chunk\n[Interface/AddOns/Blizzard_ScriptErrors/Blizzard_ScriptErrors.lua]:59: in function 'GetErrorData'\n[Interface/AddOns/Blizzard_ScriptErrors/Blizzard_ScriptErrors.lua]:72: in function <[Interface/AddOns/Blizzard_ScriptErrors/Blizzard_ScriptErrors.lua]:71>",
    "count": 1
  },
  {
    "message": "@/home/osso/.worktrees/wow-ui-sim-p510-page/data/patch-api/evidence/5.1.0-session-2026-10-08/addon-snapshot/CraftSim/Classes/PerkData.lua: Lua error: ...ssion-2026-10-08/addon-snapshot/CraftSim/Debug/Debug.lua:60: attempt to index upvalue 'LibLog' (a nil value)\nstack traceback:\n\t(string):1: in main chunk",
    "count": 1
  },
  {
    "message": "Lua Error: @/home/osso/.worktrees/wow-ui-sim-p510-page/data/patch-api/evidence/5.1.0-session-2026-10-08/addon-snapshot/CraftSim/Classes/PerkData.lua: Lua error: ...ssion-2026-10-08/addon-snapshot/CraftSim/Debug/Debug.lua:60: attempt to index upvalue 'LibLog' (a nil value)\nstack traceback:\n\t(string):1: in main chunk\n[Interface/AddOns/Blizzard_ScriptErrors/Blizzard_ScriptErrors.lua]:59: in function 'GetErrorData'\n[Interface/AddOns/Blizzard_ScriptErrors/Blizzard_ScriptErrors.lua]:72: in function <[Interface/AddOns/Blizzard_ScriptErrors/Blizzard_ScriptErrors.lua]:71>",
    "count": 1
  },
  {
    "message": "@/home/osso/.worktrees/wow-ui-sim-p510-page/data/patch-api/evidence/5.1.0-session-2026-10-08/addon-snapshot/CraftSim/Classes/CraftRecipeData.lua: Lua error: ...0-08/addon-snapshot/CraftSim/Classes/CraftRecipeData.lua:65: attempt to index field 'CraftSimObject' (a nil value)\nstack traceback:\n\t(string):1: in main chunk",
    "count": 1
  },
  {
    "message": "Lua Error: @/home/osso/.worktrees/wow-ui-sim-p510-page/data/patch-api/evidence/5.1.0-session-2026-10-08/addon-snapshot/CraftSim/Classes/CraftRecipeData.lua: Lua error: ...0-08/addon-snapshot/CraftSim/Classes/CraftRecipeData.lua:65: attempt to index field 'CraftSimObject' (a nil value)\nstack traceback:\n\t(string):1: in main chunk\n[Interface/AddOns/Blizzard_ScriptErrors/Blizzard_ScriptErrors.lua]:59: in function 'GetErrorData'\n[Interface/AddOns/Blizzard_ScriptErrors/Blizzard_ScriptErrors.lua]:72: in function <[Interface/AddOns/Blizzard_ScriptErrors/Blizzard_ScriptErrors.lua]:71>",
    "count": 1
  },
  {
    "message": "@/home/osso/.worktrees/wow-ui-sim-p510-page/data/patch-api/evidence/5.1.0-session-2026-10-08/addon-snapshot/CraftSim/Classes/JSONBuilder.lua: Lua error: ...26-10-08/addon-snapshot/CraftSim/Classes/JSONBuilder.lua:7: attempt to index field 'CraftSimObject' (a nil value)\nstack traceback:\n\t(string):1: in main chunk",
    "count": 1
  },
  {
    "message": "Lua Error: @/home/osso/.worktrees/wow-ui-sim-p510-page/data/patch-api/evidence/5.1.0-session-2026-10-08/addon-snapshot/CraftSim/Classes/JSONBuilder.lua: Lua error: ...26-10-08/addon-snapshot/CraftSim/Classes/JSONBuilder.lua:7: attempt to index field 'CraftSimObject' (a nil value)\nstack traceback:\n\t(string):1: in main chunk\n[Interface/AddOns/Blizzard_ScriptErrors/Blizzard_ScriptErrors.lua]:59: in function 'GetErrorData'\n[Interface/AddOns/Blizzard_ScriptErrors/Blizzard_ScriptErrors.lua]:72: in function <[Interface/AddOns/Blizzard_ScriptErrors/Blizzard_ScriptErrors.lua]:71>",
    "count": 1
  },
  {
    "message": "@/home/osso/.worktrees/wow-ui-sim-p510-page/data/patch-api/evidence/5.1.0-session-2026-10-08/addon-snapshot/CraftSim/Classes/Buff.lua: Lua error: ...ssion-2026-10-08/addon-snapshot/CraftSim/Debug/Debug.lua:60: attempt to index upvalue 'LibLog' (a nil value)\nstack traceback:\n\t(string):1: in main chunk",
    "count": 1
  },
  {
    "message": "Lua Error: @/home/osso/.worktrees/wow-ui-sim-p510-page/data/patch-api/evidence/5.1.0-session-2026-10-08/addon-snapshot/CraftSim/Classes/Buff.lua: Lua error: ...ssion-2026-10-08/addon-snapshot/CraftSim/Debug/Debug.lua:60: attempt to index upvalue 'LibLog' (a nil value)\nstack traceback:\n\t(string):1: in main chunk\n[Interface/AddOns/Blizzard_ScriptErrors/Blizzard_ScriptErrors.lua]:59: in function 'GetErrorData'\n[Interface/AddOns/Blizzard_ScriptErrors/Blizzard_ScriptErrors.lua]:72: in function <[Interface/AddOns/Blizzard_ScriptErrors/Blizzard_ScriptErrors.lua]:71>",
    "count": 1
  },
  {
    "message": "@/home/osso/.worktrees/wow-ui-sim-p510-page/data/patch-api/evidence/5.1.0-session-2026-10-08/addon-snapshot/CraftSim/Classes/CraftQueue.lua: Lua error: ...026-10-08/addon-snapshot/CraftSim/Classes/CraftQueue.lua:7: attempt to index field 'CraftSimObject' (a nil value)\nstack traceback:\n\t(string):1: in main chunk",
    "count": 1
  },
  {
    "message": "Lua Error: @/home/osso/.worktrees/wow-ui-sim-p510-page/data/patch-api/evidence/5.1.0-session-2026-10-08/addon-snapshot/CraftSim/Classes/CraftQueue.lua: Lua error: ...026-10-08/addon-snapshot/CraftSim/Classes/CraftQueue.lua:7: attempt to index field 'CraftSimObject' (a nil value)\nstack traceback:\n\t(string):1: in main chunk\n[Interface/AddOns/Blizzard_ScriptErrors/Blizzard_ScriptErrors.lua]:59: in function 'GetErrorData'\n[Interface/AddOns/Blizzard_ScriptErrors/Blizzard_ScriptErrors.lua]:72: in function <[Interface/AddOns/Blizzard_ScriptErrors/Blizzard_ScriptErrors.lua]:71>",
    "count": 1
  },
  {
    "message": "@/home/osso/.worktrees/wow-ui-sim-p510-page/data/patch-api/evidence/5.1.0-session-2026-10-08/addon-snapshot/CraftSim/Classes/CraftQueueItem.lua: Lua error: ...10-08/addon-snapshot/CraftSim/Classes/CraftQueueItem.lua:8: attempt to index field 'CraftSimObject' (a nil value)\nstack traceback:\n\t(string):1: in main chunk",
    "count": 1
  },
  {
    "message": "Lua Error: @/home/osso/.worktrees/wow-ui-sim-p510-page/data/patch-api/evidence/5.1.0-session-2026-10-08/addon-snapshot/CraftSim/Classes/CraftQueueItem.lua: Lua error: ...10-08/addon-snapshot/CraftSim/Classes/CraftQueueItem.lua:8: attempt to index field 'CraftSimObject' (a nil value)\nstack traceback:\n\t(string):1: in main chunk\n[Interface/AddOns/Blizzard_ScriptErrors/Blizzard_ScriptErrors.lua]:59: in function 'GetErrorData'\n[Interface/AddOns/Blizzard_ScriptErrors/Blizzard_ScriptErrors.lua]:72: in function <[Interface/AddOns/Blizzard_ScriptErrors/Blizzard_ScriptErrors.lua]:71>",
    "count": 1
  },
  {
    "message": "IO error reading /home/osso/.worktrees/wow-ui-sim-p510-page/data/patch-api/evidence/5.1.0-session-2026-10-08/addon-snapshot/XIV_Databar_Continued/Libs/CallbackHandler-1.0/CallbackHandler-1.0.lua: No such file or directory (os error 2)\nstack traceback:\n\t(string):1: in main chunk",
    "count": 2
  },
  {
    "message": "Lua Error: IO error reading /home/osso/.worktrees/wow-ui-sim-p510-page/data/patch-api/evidence/5.1.0-session-2026-10-08/addon-snapshot/XIV_Databar_Continued/Libs/CallbackHandler-1.0/CallbackHandler-1.0.lua: No such file or directory (os error 2)\nstack traceback:\n\t(string):1: in main chunk\n[Interface/AddOns/Blizzard_ScriptErrors/Blizzard_ScriptErrors.lua]:59: in function 'GetErrorData'\n[Interface/AddOns/Blizzard_ScriptErrors/Blizzard_ScriptErrors.lua]:72: in function <[Interface/AddOns/Blizzard_ScriptErrors/Blizzard_ScriptErrors.lua]:71>",
    "count": 2
  },
  {
    "message": "@/home/osso/.worktrees/wow-ui-sim-p510-page/data/patch-api/evidence/5.1.0-session-2026-10-08/addon-snapshot/XIV_Databar_Continued/locales/enUS.lua: Lua error: ...08/addon-snapshot/XIV_Databar_Continued/locales/enUS.lua:4: Cannot find a library instance of \"AceLocale-3.0\".\nstack traceback:\n\t(string):1: in main chunk",
    "count": 1
  },
  {
    "message": "Lua Error: @/home/osso/.worktrees/wow-ui-sim-p510-page/data/patch-api/evidence/5.1.0-session-2026-10-08/addon-snapshot/XIV_Databar_Continued/locales/enUS.lua: Lua error: ...08/addon-snapshot/XIV_Databar_Continued/locales/enUS.lua:4: Cannot find a library instance of \"AceLocale-3.0\".\nstack traceback:\n\t(string):1: in main chunk\n[Interface/AddOns/Blizzard_ScriptErrors/Blizzard_ScriptErrors.lua]:59: in function 'GetErrorData'\n[Interface/AddOns/Blizzard_ScriptErrors/Blizzard_ScriptErrors.lua]:72: in function <[Interface/AddOns/Blizzard_ScriptErrors/Blizzard_ScriptErrors.lua]:71>",
    "count": 1
  },
  {
    "message": "@/home/osso/.worktrees/wow-ui-sim-p510-page/data/patch-api/evidence/5.1.0-session-2026-10-08/addon-snapshot/XIV_Databar_Continued/core.lua: Lua error: ...2026-10-08/addon-snapshot/XIV_Databar_Continued/core.lua:6: Cannot find a library instance of \"AceAddon-3.0\".\nstack traceback:\n\t(string):1: in main chunk",
    "count": 1
  },
  {
    "message": "Lua Error: @/home/osso/.worktrees/wow-ui-sim-p510-page/data/patch-api/evidence/5.1.0-session-2026-10-08/addon-snapshot/XIV_Databar_Continued/core.lua: Lua error: ...2026-10-08/addon-snapshot/XIV_Databar_Continued/core.lua:6: Cannot find a library instance of \"AceAddon-3.0\".\nstack traceback:\n\t(string):1: in main chunk\n[Interface/AddOns/Blizzard_ScriptErrors/Blizzard_ScriptErrors.lua]:59: in function 'GetErrorData'\n[Interface/AddOns/Blizzard_ScriptErrors/Blizzard_ScriptErrors.lua]:72: in function <[Interface/AddOns/Blizzard_ScriptErrors/Blizzard_ScriptErrors.lua]:71>",
    "count": 1
  },
  {
    "message": "@/home/osso/.worktrees/wow-ui-sim-p510-page/data/patch-api/evidence/5.1.0-session-2026-10-08/addon-snapshot/XIV_Databar_Continued/options.lua: Lua error: ...6-10-08/addon-snapshot/XIV_Databar_Continued/options.lua:5: Cannot find a library instance of \"AceConfig-3.0\".\nstack traceback:\n\t(string):1: in main chunk",
    "count": 1
  },
  {
    "message": "Lua Error: @/home/osso/.worktrees/wow-ui-sim-p510-page/data/patch-api/evidence/5.1.0-session-2026-10-08/addon-snapshot/XIV_Databar_Continued/options.lua: Lua error: ...6-10-08/addon-snapshot/XIV_Databar_Continued/options.lua:5: Cannot find a library instance of \"AceConfig-3.0\".\nstack traceback:\n\t(string):1: in main chunk\n[Interface/AddOns/Blizzard_ScriptErrors/Blizzard_ScriptErrors.lua]:59: in function 'GetErrorData'\n[Interface/AddOns/Blizzard_ScriptErrors/Blizzard_ScriptErrors.lua]:72: in function <[Interface/AddOns/Blizzard_ScriptErrors/Blizzard_ScriptErrors.lua]:71>",
    "count": 1
  },
  {
    "message": "@/home/osso/.worktrees/wow-ui-sim-p510-page/data/patch-api/evidence/5.1.0-session-2026-10-08/addon-snapshot/XIV_Databar_Continued/Core/utils/changelog/Old/v1/1.0.lua: Lua error: ...IV_Databar_Continued/Core/utils/changelog/Old/v1/1.0.lua:3: attempt to index field 'Changelog' (a nil value)\nstack traceback:\n\t(string):1: in main chunk",
    "count": 1
  },
  {
    "message": "Lua Error: @/home/osso/.worktrees/wow-ui-sim-p510-page/data/patch-api/evidence/5.1.0-session-2026-10-08/addon-snapshot/XIV_Databar_Continued/Core/utils/changelog/Old/v1/1.0.lua: Lua error: ...IV_Databar_Continued/Core/utils/changelog/Old/v1/1.0.lua:3: attempt to index field 'Changelog' (a nil value)\nstack traceback:\n\t(string):1: in main chunk\n[Interface/AddOns/Blizzard_ScriptErrors/Blizzard_ScriptErrors.lua]:59: in function 'GetErrorData'\n[Interface/AddOns/Blizzard_ScriptErrors/Blizzard_ScriptErrors.lua]:72: in function <[Interface/AddOns/Blizzard_ScriptErrors/Blizzard_ScriptErrors.lua]:71>",
    "count": 1
  },
  {
    "message": "@/home/osso/.worktrees/wow-ui-sim-p510-page/data/patch-api/evidence/5.1.0-session-2026-10-08/addon-snapshot/XIV_Databar_Continued/Core/utils/mythicteleports/expansions/classic.lua: Lua error: ...tinued/Core/utils/mythicteleports/expansions/classic.lua:6: attempt to index local 'L' (a nil value)\nstack traceback:\n\t(string):1: in main chunk",
    "count": 1
  },
  {
    "message": "Lua Error: @/home/osso/.worktrees/wow-ui-sim-p510-page/data/patch-api/evidence/5.1.0-session-2026-10-08/addon-snapshot/XIV_Databar_Continued/Core/utils/mythicteleports/expansions/classic.lua: Lua error: ...tinued/Core/utils/mythicteleports/expansions/classic.lua:6: attempt to index local 'L' (a nil value)\nstack traceback:\n\t(string):1: in main chunk\n[Interface/AddOns/Blizzard_ScriptErrors/Blizzard_ScriptErrors.lua]:59: in function 'GetErrorData'\n[Interface/AddOns/Blizzard_ScriptErrors/Blizzard_ScriptErrors.lua]:72: in function <[Interface/AddOns/Blizzard_ScriptErrors/Blizzard_ScriptErrors.lua]:71>",
    "count": 1
  },
  {
    "message": "Lua Error: ...llesmereUICooldownManager/EllesmereUICooldownManager.lua:10032: attempt to call field 'RefreshRotationAssistIcon' (a nil value)\n[Interface/AddOns/Blizzard_ScriptErrors/Blizzard_ScriptErrors.lua]:59: in function 'GetErrorData'\n[Interface/AddOns/Blizzard_ScriptErrors/Blizzard_ScriptErrors.lua]:72: in function <[Interface/AddOns/Blizzard_ScriptErrors/Blizzard_ScriptErrors.lua]:71>\n=(tail call): ?\n=(tail call): ?\n=[C]:: in function 'native_xpcall'\n=(string):11: in function 'RefreshRotationAssistIcon'\n[/home/osso/.worktrees/wow-ui-sim-p510-page/data/patch-api/evidence/5.1.0-session-2026-10-08/addon-snapshot/EllesmereUICooldownManager/EllesmereUICooldownManager.lua]:10032: in function <[/home/osso/.worktrees/wow-ui-sim-p510-page/data/patch-api/evidence/5.1.0-session-2026-10-08/addon-snapshot/EllesmereUICooldownManager/EllesmereUICooldownManager.lua]:9898>\n=(tail call): ?\n=[C]:: in function 'native_xpcall'\n=(string):8: in function <=(string):5>\n=(tail call): ?\n[Interface/AddOns/EllesmereUI/EllesmereUI_Lite.lua]:476: in function 'FlushEnableQueue'\n[Interface/AddOns/EllesmereUI/EllesmereUI_Lite.lua]:551: in function <[Interface/AddOns/EllesmereUI/EllesmereUI_Lite.lua]:493>\n=(tail call): ?\n=(tail call): ?\n=[C]:: in function 'native_xpcall'\n=(string):8: in function <=(string):5>\n=(tail call): ?",
    "count": 1
  },
  {
    "message": "[OnEvent] frame=#48595 addon=EllesmereUI source=@Interface/AddOns/EllesmereUI/EllesmereUI.lua:3429: Interface/AddOns/EllesmereUI/EllesmereUI_UICore.lua:352: attempt to call method 'RefreshPage' (a nil value)\nstack traceback:\n\t(string):12: in function <(string):12>\n\t[C]: in function 'native_xpcall'\n\t(string):11: in function 'RefreshPage'\n\tInterface/AddOns/EllesmereUI/EllesmereUI_UICore.lua:352: in function 'ApplyAccentLive'\n\tInterface/AddOns/EllesmereUI/EllesmereUI_UICore.lua:377: in function 'ApplyAccentColorLive'\n\tInterface/AddOns/EllesmereUI/EllesmereUI.lua:3872: in function <Interface/AddOns/EllesmereUI/EllesmereUI.lua:3429>\n\t(tail call): ?\n\t(tail call): ?\n\t[C]: in function 'native_xpcall'\n\t(string):8: in function <(string):5>\n\t(tail call): ?",
    "count": 1
  },
  {
    "message": "Lua Error: [OnEvent] frame=#48595 addon=EllesmereUI source=@Interface/AddOns/EllesmereUI/EllesmereUI.lua:3429: Interface/AddOns/EllesmereUI/EllesmereUI_UICore.lua:352: attempt to call method 'RefreshPage' (a nil value)\nstack traceback:\n\t(string):12: in function <(string):12>\n\t[C]: in function 'native_xpcall'\n\t(string):11: in function 'RefreshPage'\n\tInterface/AddOns/EllesmereUI/EllesmereUI_UICore.lua:352: in function 'ApplyAccentLive'\n\tInterface/AddOns/EllesmereUI/EllesmereUI_UICore.lua:377: in function 'ApplyAccentColorLive'\n\tInterface/AddOns/EllesmereUI/EllesmereUI.lua:3872: in function <Interface/AddOns/EllesmereUI/EllesmereUI.lua:3429>\n\t(tail call): ?\n\t(tail call): ?\n\t[C]: in function 'native_xpcall'\n\t(string):8: in function <(string):5>\n\t(tail call): ?\n[Interface/AddOns/Blizzard_ScriptErrors/Blizzard_ScriptErrors.lua]:59: in function 'GetErrorData'\n[Interface/AddOns/Blizzard_ScriptErrors/Blizzard_ScriptErrors.lua]:72: in function <[Interface/AddOns/Blizzard_ScriptErrors/Blizzard_ScriptErrors.lua]:71>",
    "count": 1
  },
  {
    "message": "[OnEvent] frame=#48513 addon=DandersFrames source=@/home/osso/.worktrees/wow-ui-sim-p510-page/data/patch-api/evidence/5.1.0-session-2026-10-08/addon-snapshot/DandersFrames/ClickCasting/Events.lua:569: ...-08/addon-snapshot/DandersFrames/ClickCasting/Frames.lua:333: attempt to call method 'CreateHovercastButton' (a nil value)\nstack traceback:\n\t(string):12: in function <(string):12>\n\t[C]: in function 'native_xpcall'\n\t(string):11: in function 'CreateHovercastButton'\n\t...-08/addon-snapshot/DandersFrames/ClickCasting/Frames.lua:333: in function 'InitializeSecureFrames'\n\t...-08/addon-snapshot/DandersFrames/ClickCasting/Frames.lua:49: in function 'Initialize'\n\t...-08/addon-snapshot/DandersFrames/ClickCasting/Events.lua:572: in function <...-08/addon-snapshot/DandersFrames/ClickCasting/Events.lua:569>\n\t(tail call): ?\n\t(tail call): ?\n\t[C]: in function 'native_xpcall'\n\t(string):8: in function <(string):5>\n\t(tail call): ?",
    "count": 1
  },
  {
    "message": "Lua Error: [OnEvent] frame=#48513 addon=DandersFrames source=@/home/osso/.worktrees/wow-ui-sim-p510-page/data/patch-api/evidence/5.1.0-session-2026-10-08/addon-snapshot/DandersFrames/ClickCasting/Events.lua:569: ...-08/addon-snapshot/DandersFrames/ClickCasting/Frames.lua:333: attempt to call method 'CreateHovercastButton' (a nil value)\nstack traceback:\n\t(string):12: in function <(string):12>\n\t[C]: in function 'native_xpcall'\n\t(string):11: in function 'CreateHovercastButton'\n\t...-08/addon-snapshot/DandersFrames/ClickCasting/Frames.lua:333: in function 'InitializeSecureFrames'\n\t...-08/addon-snapshot/DandersFrames/ClickCasting/Frames.lua:49: in function 'Initialize'\n\t...-08/addon-snapshot/DandersFrames/ClickCasting/Events.lua:572: in function <...-08/addon-snapshot/DandersFrames/ClickCasting/Events.lua:569>\n\t(tail call): ?\n\t(tail call): ?\n\t[C]: in function 'native_xpcall'\n\t(string):8: in function <(string):5>\n\t(tail call): ?\n[Interface/AddOns/Blizzard_ScriptErrors/Blizzard_ScriptErrors.lua]:59: in function 'GetErrorData'\n[Interface/AddOns/Blizzard_ScriptErrors/Blizzard_ScriptErrors.lua]:72: in function <[Interface/AddOns/Blizzard_ScriptErrors/Blizzard_ScriptErrors.lua]:71>",
    "count": 1
  },
  {
    "message": "[OnEvent] frame=#48646 addon=EllesmereUICooldownManager source=@Interface/AddOns/EllesmereUI/EllesmereUI_Lite.lua:79: ...llesmereUICooldownManager/EllesmereUICooldownManager.lua:7929: attempt to call field 'RescanTalentCondFlag' (a nil value)\nstack traceback:\n\t(string):12: in function <(string):12>\n\t[C]: in function 'native_xpcall'\n\t(string):11: in function 'RescanTalentCondFlag'\n\t...llesmereUICooldownManager/EllesmereUICooldownManager.lua:7929: in function '(for generator)'\n\t...llesmereUICooldownManager/EllesmereUICooldownManager.lua:8234: in function '_origFullCDMRebuild'\n\t.../EllesmereUICooldownManager/EllesmereUICdmFakeActive.lua:1610: in function 'FullCDMRebuild'\n\t...llesmereUICooldownManager/EllesmereUICooldownManager.lua:10141: in function 'CDMFinishSetup'\n\t...llesmereUICooldownManager/EllesmereUICooldownManager.lua:10044: in function '?'\n\tInterface/AddOns/EllesmereUI/EllesmereUI_Lite.lua:146: in function 'handler'\n\tInterface/AddOns/EllesmereUI/EllesmereUI_Lite.lua:82: in function <Interface/AddOns/EllesmereUI/EllesmereUI_Lite.lua:79>\n\t(tail call): ?\n\t(tail call): ?\n\t[C]: in function 'native_xpcall'\n\t(string):8: in function <(string):5>\n\t(tail call): ?",
    "count": 1
  },
  {
    "message": "Lua Error: [OnEvent] frame=#48646 addon=EllesmereUICooldownManager source=@Interface/AddOns/EllesmereUI/EllesmereUI_Lite.lua:79: ...llesmereUICooldownManager/EllesmereUICooldownManager.lua:7929: attempt to call field 'RescanTalentCondFlag' (a nil value)\nstack traceback:\n\t(string):12: in function <(string):12>\n\t[C]: in function 'native_xpcall'\n\t(string):11: in function 'RescanTalentCondFlag'\n\t...llesmereUICooldownManager/EllesmereUICooldownManager.lua:7929: in function '(for generator)'\n\t...llesmereUICooldownManager/EllesmereUICooldownManager.lua:8234: in function '_origFullCDMRebuild'\n\t.../EllesmereUICooldownManager/EllesmereUICdmFakeActive.lua:1610: in function 'FullCDMRebuild'\n\t...llesmereUICooldownManager/EllesmereUICooldownManager.lua:10141: in function 'CDMFinishSetup'\n\t...llesmereUICooldownManager/EllesmereUICooldownManager.lua:10044: in function '?'\n\tInterface/AddOns/EllesmereUI/EllesmereUI_Lite.lua:146: in function 'handler'\n\tInterface/AddOns/EllesmereUI/EllesmereUI_Lite.lua:82: in function <Interface/AddOns/EllesmereUI/EllesmereUI_Lite.lua:79>\n\t(tail call): ?\n\t(tail call): ?\n\t[C]: in function 'native_xpcall'\n\t(string):8: in function <(string):5>\n\t(tail call): ?\n[Interface/AddOns/Blizzard_ScriptErrors/Blizzard_ScriptErrors.lua]:59: in function 'GetErrorData'\n[Interface/AddOns/Blizzard_ScriptErrors/Blizzard_ScriptErrors.lua]:72: in function <[Interface/AddOns/Blizzard_ScriptErrors/Blizzard_ScriptErrors.lua]:71>",
    "count": 1
  },
  {
    "message": "[OnEvent] frame=FalconAddOnFrame addon=Falcon source=@/home/osso/.worktrees/wow-ui-sim-p510-page/data/patch-api/evidence/5.1.0-session-2026-10-08/addon-snapshot/Falcon/Falcon.lua:333: ....1.0-session-2026-10-08/addon-snapshot/Falcon/Falcon.lua:334: attempt to call method 'IsInEditMode' (a nil value)\nstack traceback:\n\t(string):12: in function <(string):12>\n\t[C]: in function 'native_xpcall'\n\t(string):11: in function 'IsInEditMode'\n\t....1.0-session-2026-10-08/addon-snapshot/Falcon/Falcon.lua:334: in function <....1.0-session-2026-10-08/addon-snapshot/Falcon/Falcon.lua:333>\n\t(tail call): ?\n\t(tail call): ?\n\t[C]: in function 'native_xpcall'\n\t(string):8: in function <(string):5>\n\t(tail call): ?",
    "count": 5
  },
  {
    "message": "Lua Error: [OnEvent] frame=FalconAddOnFrame addon=Falcon source=@/home/osso/.worktrees/wow-ui-sim-p510-page/data/patch-api/evidence/5.1.0-session-2026-10-08/addon-snapshot/Falcon/Falcon.lua:333: ....1.0-session-2026-10-08/addon-snapshot/Falcon/Falcon.lua:334: attempt to call method 'IsInEditMode' (a nil value)\nstack traceback:\n\t(string):12: in function <(string):12>\n\t[C]: in function 'native_xpcall'\n\t(string):11: in function 'IsInEditMode'\n\t....1.0-session-2026-10-08/addon-snapshot/Falcon/Falcon.lua:334: in function <....1.0-session-2026-10-08/addon-snapshot/Falcon/Falcon.lua:333>\n\t(tail call): ?\n\t(tail call): ?\n\t[C]: in function 'native_xpcall'\n\t(string):8: in function <(string):5>\n\t(tail call): ?\n[Interface/AddOns/Blizzard_ScriptErrors/Blizzard_ScriptErrors.lua]:59: in function 'GetErrorData'\n[Interface/AddOns/Blizzard_ScriptErrors/Blizzard_ScriptErrors.lua]:72: in function <[Interface/AddOns/Blizzard_ScriptErrors/Blizzard_ScriptErrors.lua]:71>",
    "count": 5
  },
  {
    "message": "...on-snapshot/BetterBlizzFrames/retail/modules/castbar.lua:1688: attempt to perform arithmetic on local 'w' (a nil value)\nstack traceback:\n\t(string):1: in main chunk",
    "count": 2
  },
  {
    "message": "Lua Error: ...on-snapshot/BetterBlizzFrames/retail/modules/castbar.lua:1688: attempt to perform arithmetic on local 'w' (a nil value)\nstack traceback:\n\t(string):1: in main chunk\n[Interface/AddOns/Blizzard_ScriptErrors/Blizzard_ScriptErrors.lua]:59: in function 'GetErrorData'\n[Interface/AddOns/Blizzard_ScriptErrors/Blizzard_ScriptErrors.lua]:72: in function <[Interface/AddOns/Blizzard_ScriptErrors/Blizzard_ScriptErrors.lua]:71>",
    "count": 2
  },
  {
    "message": "Interface/AddOns/EllesmereUI/EllesmereUI_UICore.lua:1073: attempt to call a nil value\nstack traceback:\n\t(string):1: in main chunk",
    "count": 1
  },
  {
    "message": "Lua Error: Interface/AddOns/EllesmereUI/EllesmereUI_UICore.lua:1073: attempt to call a nil value\nstack traceback:\n\t(string):1: in main chunk\n[Interface/AddOns/Blizzard_ScriptErrors/Blizzard_ScriptErrors.lua]:59: in function 'GetErrorData'\n[Interface/AddOns/Blizzard_ScriptErrors/Blizzard_ScriptErrors.lua]:72: in function <[Interface/AddOns/Blizzard_ScriptErrors/Blizzard_ScriptErrors.lua]:71>",
    "count": 1
  },
  {
    "message": "...6-10-08/addon-snapshot/DandersFrames/Features/Dispel.lua:2974: attempt to call method 'IterateAllFrames' (a nil value)\nstack traceback:\n\t(string):1: in main chunk",
    "count": 1
  },
  {
    "message": "Lua Error: ...6-10-08/addon-snapshot/DandersFrames/Features/Dispel.lua:2974: attempt to call method 'IterateAllFrames' (a nil value)\nstack traceback:\n\t(string):1: in main chunk\n[Interface/AddOns/Blizzard_ScriptErrors/Blizzard_ScriptErrors.lua]:59: in function 'GetErrorData'\n[Interface/AddOns/Blizzard_ScriptErrors/Blizzard_ScriptErrors.lua]:72: in function <[Interface/AddOns/Blizzard_ScriptErrors/Blizzard_ScriptErrors.lua]:71>",
    "count": 1
  }
]
