[  0.000s] [startup] wow-sim process started pid=3855922
[  0.000s] Resource limits: 2 CPU core(s)
[  0.004s] [Startup] WowLuaEnv::new begin
[  0.022s] [Startup] SimState::default complete in 17.31ms
[  0.023s] [Startup] rilua VM created in 1.42ms
[  0.024s] [Startup] builtin frames initialized in 855.24µs
[  0.024s] [Startup] template registry cleared in 80.33µs
[  0.024s] [Startup] intrinsic templates registered in 13.24µs
[  0.024s] [Startup] initial app_data lua handle installed in 962.00ns
[  0.305s] [Startup] init_lua_state complete in 281.14ms
[  0.305s] [Startup] final app_data lua handle installed in 521.00ns
[  0.305s] [Startup] initial screen globals installed in 200.70µs
[  0.305s] [Startup] WowLuaEnv::new complete
[  0.306s] [Startup] screen size set to 1600x1200 in 249.86µs
[  0.306s] [Startup] WowFontSystem::new begin casc=false
[  0.316s] [Startup] font system fallback loaded in 10.63ms
[  0.317s] [Startup] cosmic font system built in 325.59µs
[  0.317s] [Startup] swash cache created in 141.10µs
[  0.317s] [Startup] WowFontSystem::new complete in 11.14ms
[  0.317s] [Startup] font system created in 11.33ms
ALSA lib confmisc.c:855:(parse_card) [error.core] cannot find card '0'
ALSA lib conf.c:5211:(_snd_config_evaluate) [error.core] function snd_func_card_inum returned error: No such file or directory
ALSA lib confmisc.c:422:(snd_func_concat) [error.core] error evaluating strings
ALSA lib conf.c:5211:(_snd_config_evaluate) [error.core] function snd_func_concat returned error: No such file or directory
ALSA lib confmisc.c:1342:(snd_func_refer) [error.core] error evaluating name
ALSA lib conf.c:5211:(_snd_config_evaluate) [error.core] function snd_func_refer returned error: No such file or directory
ALSA lib conf.c:5734:(snd_config_expand) [error.core] Evaluate error: No such file or directory
ALSA lib pcm.c:2722:(snd_pcm_open_noupdate) [error.pcm] Unknown PCM default
[  0.319s] Sound: no audio device available
[  0.320s] [Startup] begin stop GC
[  0.320s] [Startup] end stop GC in 241.00ns
[  0.320s] [Startup] begin configure saved variables
[  0.320s] SavedVariables loading disabled
[  0.320s] [Startup] end configure saved variables in 2.16µs
[  0.320s] [Startup] begin load keybindings
[  0.320s] [Startup] end load keybindings in 161.00ns
[  0.320s] [Startup] begin configure edit mode cache
[  0.320s] EditMode cache source (read-only): 50868465#2 @ Burning Blade/Haky
[  0.320s] [Startup] end configure edit mode cache in 181.10µs
[  0.320s] [Startup] begin read ServerSnapshot edit mode layout
[  0.320s] [Startup] end read ServerSnapshot edit mode layout in 30.00ns
[  0.320s] [Startup] begin load edit mode cache
[  0.320s] Loaded EditMode layout cache from WTF
[  0.320s] [Startup] end load edit mode cache in 371.24µs
[  0.320s] [Startup] begin load ServerSnapshot character state
[  0.320s] [Startup] end load ServerSnapshot character state in 60.00ns
[  0.320s] [Startup] begin load Blizzard addons
[  0.332s] Loading 291 Blizzard addons...
[  4.853s] Blizzard addons loaded in 4.53s (io=10.08ms xml=241.84ms xmlproc=3.04s frames⊂xmlproc=3.01s lua=897.11ms [compile=744.38ms call=152.73ms] gc=deferred, bytecode cache: 234/1569 hits (15%, lookup_miss=1335 replay_fail=0 stored=1335 store_fail=0))
  frame breakdown: setup=1.49s finalize=3.52s (2482 frames)
  setup: code_build=16.03ms exec_lua=1.47s props=13.43ms
  finalize: layers=128.65ms (1151 tex, 689 fs) anim=27.98ms button=62.33ms lifecycle=1.24s (1761 fires)
[  4.853s] [Startup] end load Blizzard addons in 4.53s
[  4.853s] [Startup] begin prepare chat frame for third-party addons
[  4.855s] [Startup] end prepare chat frame for third-party addons in 1.63ms
[  4.855s] [Startup] begin apply post-Blizzard load workarounds
[  4.855s] [Startup] applying post-load workarounds
[  4.849s] [Startup] apply_post_load_workarounds: begin
[  4.849s] [Workarounds] starting patch_edit_mode_manager
[  4.849s] [Workarounds] finished patch_edit_mode_manager in 596.50µs
[  4.849s] [Workarounds] starting init_edit_mode_layout
[  4.849s] [EditMode] starting setup_layout_info
[  4.859s] [EditMode] finished setup_layout_info in 9.09ms
[  4.859s] [EditMode] starting apply_system_anchors
[  5.167s] [EditMode] finished apply_system_anchors in 308.59ms
[  5.167s] [EditMode] starting finalize_action_bar_positions
[  5.171s] [EditMode] finished finalize_action_bar_positions in 4.15ms
[  5.171s] [EditMode] starting invoke_anchor_changed_hooks
[  5.172s] [EditMode] finished invoke_anchor_changed_hooks in 883.84µs
[  5.172s] [EditMode] starting fix_action_bar_nan_size
[  5.172s] [EditMode] finished fix_action_bar_nan_size in 101.22µs
[  5.172s] [EditMode] starting fix_action_bar_scale
[  5.172s] [EditMode] finished fix_action_bar_scale in 8.44µs
[  5.172s] [Workarounds] finished init_edit_mode_layout in 323.00ms
[  5.172s] [Workarounds] starting patch_ui_parent_panel_toggles
[  5.173s] [Workarounds] finished patch_ui_parent_panel_toggles in 378.09µs
[  5.173s] [Workarounds] starting patch_uiparent_onupdate_worklists
[  5.173s] [Workarounds] finished patch_uiparent_onupdate_worklists in 159.53µs
[  5.173s] [Workarounds] starting init_chat_type_colors
[  5.173s] [Workarounds] finished init_chat_type_colors in 215.34µs
[  5.173s] [Workarounds] starting patch_chat_voice_button_surface
[  5.173s] [Workarounds] finished patch_chat_voice_button_surface in 227.21µs
[  5.173s] [Workarounds] starting patch_item_socketing_tooltips
[  5.174s] [Workarounds] finished patch_item_socketing_tooltips in 118.12µs
[  5.174s] [Workarounds] starting patch_character_select_selected_name
[  5.174s] [Workarounds] finished patch_character_select_selected_name in 47.40µs
[  5.174s] [Workarounds] starting patch_character_create_defaults
[  5.174s] [Workarounds] finished patch_character_create_defaults in 345.36µs
[  5.174s] [Workarounds] starting patch_character_frame_title_refresh
[  5.186s] [Workarounds] finished patch_character_frame_title_refresh in 12.11ms
[  5.186s] [Workarounds] starting patch_vignette_pin_template
[  5.186s] [Workarounds] finished patch_vignette_pin_template in 222.32µs
[  5.186s] [Workarounds] starting patch_fog_of_war_pin_mixin
[  5.187s] [Workarounds] finished patch_fog_of_war_pin_mixin in 546.82µs
[  5.187s] [Workarounds] starting patch_map_exploration_pin_mixin
[  5.198s] [Workarounds] finished patch_map_exploration_pin_mixin in 10.83ms
[  5.198s] [Workarounds] starting patch_map_canvas_data_provider_attachment
[  5.198s] [Workarounds] finished patch_map_canvas_data_provider_attachment in 199.79µs
[  5.198s] [Workarounds] starting ensure_adventure_map_frame_surface
[  5.199s] [Workarounds] finished ensure_adventure_map_frame_surface in 905.21µs
[  5.199s] [Workarounds] starting patch_action_bar_button_event_fanout
[  5.199s] [Workarounds] finished patch_action_bar_button_event_fanout in 207.98µs
[  5.199s] [Workarounds] starting patch_paging_controls_page_text
[  5.199s] [Workarounds] finished patch_paging_controls_page_text in 67.85µs
[  5.199s] [Workarounds] starting patch_talent_edge_frame_level_sync
[  5.199s] [Workarounds] finished patch_talent_edge_frame_level_sync in 43.24µs
[  5.199s] [Workarounds] starting patch_catalog_shop_product_card_defaults
[  5.199s] [Workarounds] finished patch_catalog_shop_product_card_defaults in 89.79µs
[  5.199s] [Workarounds] starting patch_game_time_defaults
[  5.199s] [Workarounds] finished patch_game_time_defaults in 18.18µs
[  5.199s] [Workarounds] starting patch_tooltip_nineslice_surface
[  5.200s] [Workarounds] finished patch_tooltip_nineslice_surface in 74.00µs
[  5.200s] [Workarounds] starting patch_container_frame_token_tracker
[  5.200s] [Workarounds] finished patch_container_frame_token_tracker in 78.53µs
[  5.200s] [Workarounds] starting patch_achievement_display_set_achievements
[  5.200s] [Workarounds] finished patch_achievement_display_set_achievements in 13.56µs
[  5.200s] [Workarounds] starting patch_housing_dashboard_preload
[  5.200s] [Workarounds] finished patch_housing_dashboard_preload in 348.57µs
[  5.200s] [Workarounds] starting patch_lfg_lock_list
[  5.200s] [Workarounds] finished patch_lfg_lock_list in 73.41µs
[  5.200s] [Workarounds] starting patch_auction_house_browse_results_event
[  5.200s] [Workarounds] finished patch_auction_house_browse_results_event in 100.70µs
[  5.200s] [Workarounds] starting patch_auction_house_search_context_aliases
[  5.200s] [Workarounds] finished patch_auction_house_search_context_aliases in 45.40µs
[  5.200s] [Workarounds] starting patch_auth_challenge_frame_parent
[  5.200s] [Workarounds] finished patch_auth_challenge_frame_parent in 125.02µs
[  5.200s] [Workarounds] starting patch_settings_surface_defaults
[  5.201s] [Workarounds] finished patch_settings_surface_defaults in 614.37µs
[  5.201s] [Workarounds] starting patch_settings_canvas_layout_visibility
[  5.201s] [Workarounds] finished patch_settings_canvas_layout_visibility in 182.56µs
[  5.201s] [Startup] apply_post_load_workarounds: workarounds complete
[  5.334s] [Startup] apply_post_load_workarounds: globals restored
[  5.335s] [Startup] apply_post_load_workarounds: patch 12.1 compatibility restored
[  5.335s] [Startup] apply_post_load_workarounds: seterrorhandler restored
[  5.341s] [Startup] post-load workarounds complete in 486.21ms
[  5.341s] [Startup] end apply post-Blizzard load workarounds in 486.23ms
[  5.341s] [Startup] begin load third-party addons
[  5.374s] Loading 9 Blizzard addon dependencies for third-party addons...
[  5.636s] Loading 47 addons...
Lua error: @Interface/AddOns/AdvancedInterfaceOptions/cvars.lua: Lua error: Interface/AddOns/AdvancedInterfaceOptions/cvars.lua:1165: attempt to call local '(for state)' (a nil value)
stack traceback:
	(string):1: in main chunk
Lua error: Lua Error: @Interface/AddOns/AdvancedInterfaceOptions/cvars.lua: Lua error: Interface/AddOns/AdvancedInterfaceOptions/cvars.lua:1165: attempt to call local '(for state)' (a nil value)
stack traceback:
	(string):1: in main chunk
[Interface/AddOns/Blizzard_ScriptErrors/Blizzard_ScriptErrors.lua]:59: in function 'GetErrorData'
[Interface/AddOns/Blizzard_ScriptErrors/Blizzard_ScriptErrors.lua]:72: in function <[Interface/AddOns/Blizzard_ScriptErrors/Blizzard_ScriptErrors.lua]:71>

Lua error: @Interface/AddOns/AdvancedInterfaceOptions/browser.lua: Lua error: Interface/AddOns/AdvancedInterfaceOptions/browser.lua:2: attempt to call method 'Eve' (a nil value)
stack traceback:
	(string):1: in main chunk
Lua error: Lua Error: @Interface/AddOns/AdvancedInterfaceOptions/browser.lua: Lua error: Interface/AddOns/AdvancedInterfaceOptions/browser.lua:2: attempt to call method 'Eve' (a nil value)
stack traceback:
	(string):1: in main chunk
[Interface/AddOns/Blizzard_ScriptErrors/Blizzard_ScriptErrors.lua]:59: in function 'GetErrorData'
[Interface/AddOns/Blizzard_ScriptErrors/Blizzard_ScriptErrors.lua]:72: in function <[Interface/AddOns/Blizzard_ScriptErrors/Blizzard_ScriptErrors.lua]:71>

Lua error: @Interface/AddOns/AdvancedInterfaceOptions/basicOptions.lua: Lua error: Interface/AddOns/AdvancedInterfaceOptions/basicOptions.lua:2: attempt to call method 'Eve' (a nil value)
stack traceback:
	(string):1: in main chunk
Lua error: Lua Error: @Interface/AddOns/AdvancedInterfaceOptions/basicOptions.lua: Lua error: Interface/AddOns/AdvancedInterfaceOptions/basicOptions.lua:2: attempt to call method 'Eve' (a nil value)
stack traceback:
	(string):1: in main chunk
[Interface/AddOns/Blizzard_ScriptErrors/Blizzard_ScriptErrors.lua]:59: in function 'GetErrorData'
[Interface/AddOns/Blizzard_ScriptErrors/Blizzard_ScriptErrors.lua]:72: in function <[Interface/AddOns/Blizzard_ScriptErrors/Blizzard_ScriptErrors.lua]:71>

Lua error: IO error reading /syncthing/World of Warcraft/_retail_/Interface/AddOns/AstralKeys/Libs/LibStub/LibStub.lua: No such file or directory (os error 2)
stack traceback:
	(string):1: in main chunk
Lua error: Lua Error: IO error reading /syncthing/World of Warcraft/_retail_/Interface/AddOns/AstralKeys/Libs/LibStub/LibStub.lua: No such file or directory (os error 2)
stack traceback:
	(string):1: in main chunk
[Interface/AddOns/Blizzard_ScriptErrors/Blizzard_ScriptErrors.lua]:59: in function 'GetErrorData'
[Interface/AddOns/Blizzard_ScriptErrors/Blizzard_ScriptErrors.lua]:72: in function <[Interface/AddOns/Blizzard_ScriptErrors/Blizzard_ScriptErrors.lua]:71>

Lua error: @Interface/AddOns/AstralKeys/Dialog.lua: Lua error: Interface/AddOns/AstralKeys/Localization/Localization.lua:17: stack overflow
stack traceback:
	(string):1: in main chunk
Lua error: Lua Error: @Interface/AddOns/AstralKeys/Dialog.lua: Lua error: Interface/AddOns/AstralKeys/Localization/Localization.lua:17: stack overflow
stack traceback:
	(string):1: in main chunk
[Interface/AddOns/Blizzard_ScriptErrors/Blizzard_ScriptErrors.lua]:59: in function 'GetErrorData'
[Interface/AddOns/Blizzard_ScriptErrors/Blizzard_ScriptErrors.lua]:72: in function <[Interface/AddOns/Blizzard_ScriptErrors/Blizzard_ScriptErrors.lua]:71>

Lua error: @Interface/AddOns/AstralKeys/Communications.lua: Lua error: Interface/AddOns/AstralKeys/Communications.lua:252: attempt to index global 'AstralEvents' (a nil value)
stack traceback:
	(string):1: in main chunk
Lua error: Lua Error: @Interface/AddOns/AstralKeys/Communications.lua: Lua error: Interface/AddOns/AstralKeys/Communications.lua:252: attempt to index global 'AstralEvents' (a nil value)
stack traceback:
	(string):1: in main chunk
[Interface/AddOns/Blizzard_ScriptErrors/Blizzard_ScriptErrors.lua]:59: in function 'GetErrorData'
[Interface/AddOns/Blizzard_ScriptErrors/Blizzard_ScriptErrors.lua]:72: in function <[Interface/AddOns/Blizzard_ScriptErrors/Blizzard_ScriptErrors.lua]:71>

Lua error: @Interface/AddOns/AstralKeys/Lists/Friends.lua: Lua error: Interface/AddOns/AstralKeys/Lists/Friends.lua:75: attempt to index global 'AstralEvents' (a nil value)
stack traceback:
	(string):1: in main chunk
Lua error: Lua Error: @Interface/AddOns/AstralKeys/Lists/Friends.lua: Lua error: Interface/AddOns/AstralKeys/Lists/Friends.lua:75: attempt to index global 'AstralEvents' (a nil value)
stack traceback:
	(string):1: in main chunk
[Interface/AddOns/Blizzard_ScriptErrors/Blizzard_ScriptErrors.lua]:59: in function 'GetErrorData'
[Interface/AddOns/Blizzard_ScriptErrors/Blizzard_ScriptErrors.lua]:72: in function <[Interface/AddOns/Blizzard_ScriptErrors/Blizzard_ScriptErrors.lua]:71>

Lua error: @Interface/AddOns/AstralKeys/Lists/Guild.lua: Lua error: Interface/AddOns/AstralKeys/Lists/Guild.lua:19: attempt to index global 'AstralEvents' (a nil value)
stack traceback:
	(string):1: in main chunk
Lua error: Lua Error: @Interface/AddOns/AstralKeys/Lists/Guild.lua: Lua error: Interface/AddOns/AstralKeys/Lists/Guild.lua:19: attempt to index global 'AstralEvents' (a nil value)
stack traceback:
	(string):1: in main chunk
[Interface/AddOns/Blizzard_ScriptErrors/Blizzard_ScriptErrors.lua]:59: in function 'GetErrorData'
[Interface/AddOns/Blizzard_ScriptErrors/Blizzard_ScriptErrors.lua]:72: in function <[Interface/AddOns/Blizzard_ScriptErrors/Blizzard_ScriptErrors.lua]:71>

Lua error: @Interface/AddOns/AstralKeys/Dungeons.lua: Lua error: Interface/AddOns/AstralKeys/Localization/Localization.lua:17: stack overflow
stack traceback:
	(string):1: in main chunk
Lua error: Lua Error: @Interface/AddOns/AstralKeys/Dungeons.lua: Lua error: Interface/AddOns/AstralKeys/Localization/Localization.lua:17: stack overflow
stack traceback:
	(string):1: in main chunk
[Interface/AddOns/Blizzard_ScriptErrors/Blizzard_ScriptErrors.lua]:59: in function 'GetErrorData'
[Interface/AddOns/Blizzard_ScriptErrors/Blizzard_ScriptErrors.lua]:72: in function <[Interface/AddOns/Blizzard_ScriptErrors/Blizzard_ScriptErrors.lua]:71>

Lua error: @Interface/AddOns/AstralKeys/AstralKeys.lua: Lua error: Interface/AddOns/AstralKeys/AstralKeys.lua:93: attempt to index global 'AstralEvents' (a nil value)
stack traceback:
	(string):1: in main chunk
Lua error: Lua Error: @Interface/AddOns/AstralKeys/AstralKeys.lua: Lua error: Interface/AddOns/AstralKeys/AstralKeys.lua:93: attempt to index global 'AstralEvents' (a nil value)
stack traceback:
	(string):1: in main chunk
[Interface/AddOns/Blizzard_ScriptErrors/Blizzard_ScriptErrors.lua]:59: in function 'GetErrorData'
[Interface/AddOns/Blizzard_ScriptErrors/Blizzard_ScriptErrors.lua]:72: in function <[Interface/AddOns/Blizzard_ScriptErrors/Blizzard_ScriptErrors.lua]:71>

Lua error: IO error reading /syncthing/World of Warcraft/_retail_/Interface/AddOns/AstralKeys/Frame.lua: No such file or directory (os error 2)
stack traceback:
	(string):1: in main chunk
Lua error: Lua Error: IO error reading /syncthing/World of Warcraft/_retail_/Interface/AddOns/AstralKeys/Frame.lua: No such file or directory (os error 2)
stack traceback:
	(string):1: in main chunk
[Interface/AddOns/Blizzard_ScriptErrors/Blizzard_ScriptErrors.lua]:59: in function 'GetErrorData'
[Interface/AddOns/Blizzard_ScriptErrors/Blizzard_ScriptErrors.lua]:72: in function <[Interface/AddOns/Blizzard_ScriptErrors/Blizzard_ScriptErrors.lua]:71>

Lua error: @Interface/AddOns/AstralKeys/MinimapButton.lua: Lua error: Interface/AddOns/AstralKeys/MinimapButton.lua:4: attempt to call a nil value
stack traceback:
	(string):1: in main chunk
Lua error: Lua Error: @Interface/AddOns/AstralKeys/MinimapButton.lua: Lua error: Interface/AddOns/AstralKeys/MinimapButton.lua:4: attempt to call a nil value
stack traceback:
	(string):1: in main chunk
[Interface/AddOns/Blizzard_ScriptErrors/Blizzard_ScriptErrors.lua]:59: in function 'GetErrorData'
[Interface/AddOns/Blizzard_ScriptErrors/Blizzard_ScriptErrors.lua]:72: in function <[Interface/AddOns/Blizzard_ScriptErrors/Blizzard_ScriptErrors.lua]:71>

Lua error: IO error reading /syncthing/World of Warcraft/_retail_/Interface/AddOns/BetterBlizzFrames/libs/LibStub/LibStub.lua: No such file or directory (os error 2)
stack traceback:
	(string):1: in main chunk
Lua error: Lua Error: IO error reading /syncthing/World of Warcraft/_retail_/Interface/AddOns/BetterBlizzFrames/libs/LibStub/LibStub.lua: No such file or directory (os error 2)
stack traceback:
	(string):1: in main chunk
[Interface/AddOns/Blizzard_ScriptErrors/Blizzard_ScriptErrors.lua]:59: in function 'GetErrorData'
[Interface/AddOns/Blizzard_ScriptErrors/Blizzard_ScriptErrors.lua]:72: in function <[Interface/AddOns/Blizzard_ScriptErrors/Blizzard_ScriptErrors.lua]:71>

Lua error: @Interface/AddOns/BetterBlizzFrames/shared/functions.lua: Lua error: Interface/AddOns/BetterBlizzFrames/shared/functions.lua:329: attempt to call a nil value
stack traceback:
	(string):1: in main chunk
Lua error: Lua Error: @Interface/AddOns/BetterBlizzFrames/shared/functions.lua: Lua error: Interface/AddOns/BetterBlizzFrames/shared/functions.lua:329: attempt to call a nil value
stack traceback:
	(string):1: in main chunk
[Interface/AddOns/Blizzard_ScriptErrors/Blizzard_ScriptErrors.lua]:59: in function 'GetErrorData'
[Interface/AddOns/Blizzard_ScriptErrors/Blizzard_ScriptErrors.lua]:72: in function <[Interface/AddOns/Blizzard_ScriptErrors/Blizzard_ScriptErrors.lua]:71>

Lua error: @Interface/AddOns/BetterBlizzFrames/shared/ImportExport.lua: Lua error: Interface/AddOns/BetterBlizzFrames/shared/ImportExport.lua:2: attempt to call a nil value
stack traceback:
	(string):1: in main chunk
Lua error: Lua Error: @Interface/AddOns/BetterBlizzFrames/shared/ImportExport.lua: Lua error: Interface/AddOns/BetterBlizzFrames/shared/ImportExport.lua:2: attempt to call a nil value
stack traceback:
	(string):1: in main chunk
[Interface/AddOns/Blizzard_ScriptErrors/Blizzard_ScriptErrors.lua]:59: in function 'GetErrorData'
[Interface/AddOns/Blizzard_ScriptErrors/Blizzard_ScriptErrors.lua]:72: in function <[Interface/AddOns/Blizzard_ScriptErrors/Blizzard_ScriptErrors.lua]:71>

Lua error: @Interface/AddOns/BetterBlizzFrames/retail/modules/prd.lua: Lua error: Interface/AddOns/BetterBlizzFrames/retail/modules/prd.lua:1: attempt to call a nil value
stack traceback:
	(string):1: in main chunk
Lua error: Lua Error: @Interface/AddOns/BetterBlizzFrames/retail/modules/prd.lua: Lua error: Interface/AddOns/BetterBlizzFrames/retail/modules/prd.lua:1: attempt to call a nil value
stack traceback:
	(string):1: in main chunk
[Interface/AddOns/Blizzard_ScriptErrors/Blizzard_ScriptErrors.lua]:59: in function 'GetErrorData'
[Interface/AddOns/Blizzard_ScriptErrors/Blizzard_ScriptErrors.lua]:72: in function <[Interface/AddOns/Blizzard_ScriptErrors/Blizzard_ScriptErrors.lua]:71>

Lua error: @Interface/AddOns/BetterBlizzFrames/retail/gui.lua: Lua error: Interface/AddOns/BetterBlizzFrames/retail/gui.lua:2: attempt to index global 'LibStub' (a nil value)
stack traceback:
	(string):1: in main chunk
Lua error: Lua Error: @Interface/AddOns/BetterBlizzFrames/retail/gui.lua: Lua error: Interface/AddOns/BetterBlizzFrames/retail/gui.lua:2: attempt to index global 'LibStub' (a nil value)
stack traceback:
	(string):1: in main chunk
[Interface/AddOns/Blizzard_ScriptErrors/Blizzard_ScriptErrors.lua]:59: in function 'GetErrorData'
[Interface/AddOns/Blizzard_ScriptErrors/Blizzard_ScriptErrors.lua]:72: in function <[Interface/AddOns/Blizzard_ScriptErrors/Blizzard_ScriptErrors.lua]:71>

Lua error: IO error loading /syncthing/World of Warcraft/_retail_/Interface/AddOns/BlizzMove/Libs/CallbackHandler-1.0/CallbackHandler-1.0.xml: No such file or directory (os error 2)
stack traceback:
	(string):1: in main chunk
Lua error: Lua Error: IO error loading /syncthing/World of Warcraft/_retail_/Interface/AddOns/BlizzMove/Libs/CallbackHandler-1.0/CallbackHandler-1.0.xml: No such file or directory (os error 2)
stack traceback:
	(string):1: in main chunk
[Interface/AddOns/Blizzard_ScriptErrors/Blizzard_ScriptErrors.lua]:59: in function 'GetErrorData'
[Interface/AddOns/Blizzard_ScriptErrors/Blizzard_ScriptErrors.lua]:72: in function <[Interface/AddOns/Blizzard_ScriptErrors/Blizzard_ScriptErrors.lua]:71>

Lua error: XML error: IO error loading /syncthing/World of Warcraft/_retail_/Interface/AddOns/BlizzMove/Libs/CallbackHandler-1.0/CallbackHandler-1.0.xml: No such file or directory (os error 2)
stack traceback:
	(string):1: in main chunk
Lua error: Lua Error: XML error: IO error loading /syncthing/World of Warcraft/_retail_/Interface/AddOns/BlizzMove/Libs/CallbackHandler-1.0/CallbackHandler-1.0.xml: No such file or directory (os error 2)
stack traceback:
	(string):1: in main chunk
[Interface/AddOns/Blizzard_ScriptErrors/Blizzard_ScriptErrors.lua]:59: in function 'GetErrorData'
[Interface/AddOns/Blizzard_ScriptErrors/Blizzard_ScriptErrors.lua]:72: in function <[Interface/AddOns/Blizzard_ScriptErrors/Blizzard_ScriptErrors.lua]:71>

Lua error: IO error reading /syncthing/World of Warcraft/_retail_/Interface/AddOns/BlizzMove/Locale/enUS.lua: No such file or directory (os error 2)
stack traceback:
	(string):1: in main chunk
Lua error: Lua Error: IO error reading /syncthing/World of Warcraft/_retail_/Interface/AddOns/BlizzMove/Locale/enUS.lua: No such file or directory (os error 2)
stack traceback:
	(string):1: in main chunk
[Interface/AddOns/Blizzard_ScriptErrors/Blizzard_ScriptErrors.lua]:59: in function 'GetErrorData'
[Interface/AddOns/Blizzard_ScriptErrors/Blizzard_ScriptErrors.lua]:72: in function <[Interface/AddOns/Blizzard_ScriptErrors/Blizzard_ScriptErrors.lua]:71>

Lua error: @Interface/AddOns/BlizzMove/BlizzMove.lua: Lua error: Interface/AddOns/BlizzMove/BlizzMove.lua:34: Cannot find a library instance of "AceAddon-3.0".
stack traceback:
	(string):1: in main chunk
Lua error: Lua Error: @Interface/AddOns/BlizzMove/BlizzMove.lua: Lua error: Interface/AddOns/BlizzMove/BlizzMove.lua:34: Cannot find a library instance of "AceAddon-3.0".
stack traceback:
	(string):1: in main chunk
[Interface/AddOns/Blizzard_ScriptErrors/Blizzard_ScriptErrors.lua]:59: in function 'GetErrorData'
[Interface/AddOns/Blizzard_ScriptErrors/Blizzard_ScriptErrors.lua]:72: in function <[Interface/AddOns/Blizzard_ScriptErrors/Blizzard_ScriptErrors.lua]:71>

Lua error: @Interface/AddOns/BlizzMove/BlizzMoveConfig.lua: Lua error: Interface/AddOns/BlizzMove/BlizzMoveConfig.lua:13: Cannot find a library instance of "AceAddon-3.0".
stack traceback:
	(string):1: in main chunk
Lua error: Lua Error: @Interface/AddOns/BlizzMove/BlizzMoveConfig.lua: Lua error: Interface/AddOns/BlizzMove/BlizzMoveConfig.lua:13: Cannot find a library instance of "AceAddon-3.0".
stack traceback:
	(string):1: in main chunk
[Interface/AddOns/Blizzard_ScriptErrors/Blizzard_ScriptErrors.lua]:59: in function 'GetErrorData'
[Interface/AddOns/Blizzard_ScriptErrors/Blizzard_ScriptErrors.lua]:72: in function <[Interface/AddOns/Blizzard_ScriptErrors/Blizzard_ScriptErrors.lua]:71>

Lua error: @Interface/AddOns/BossHelper/Core/BossData.lua: Lua error: Interface/AddOns/BossHelper/Core/BossData.lua:37: attempt to index global 'BossHelper' (a nil value)
stack traceback:
	(string):1: in main chunk
Lua error: Lua Error: @Interface/AddOns/BossHelper/Core/BossData.lua: Lua error: Interface/AddOns/BossHelper/Core/BossData.lua:37: attempt to index global 'BossHelper' (a nil value)
stack traceback:
	(string):1: in main chunk
[Interface/AddOns/Blizzard_ScriptErrors/Blizzard_ScriptErrors.lua]:59: in function 'GetErrorData'
[Interface/AddOns/Blizzard_ScriptErrors/Blizzard_ScriptErrors.lua]:72: in function <[Interface/AddOns/Blizzard_ScriptErrors/Blizzard_ScriptErrors.lua]:71>

Lua error: @Interface/AddOns/BossHelper/Core/AffixData.lua: Lua error: Interface/AddOns/BossHelper/Core/AffixData.lua:8: attempt to index global 'BossHelper' (a nil value)
stack traceback:
	(string):1: in main chunk
Lua error: Lua Error: @Interface/AddOns/BossHelper/Core/AffixData.lua: Lua error: Interface/AddOns/BossHelper/Core/AffixData.lua:8: attempt to index global 'BossHelper' (a nil value)
stack traceback:
	(string):1: in main chunk
[Interface/AddOns/Blizzard_ScriptErrors/Blizzard_ScriptErrors.lua]:59: in function 'GetErrorData'
[Interface/AddOns/Blizzard_ScriptErrors/Blizzard_ScriptErrors.lua]:72: in function <[Interface/AddOns/Blizzard_ScriptErrors/Blizzard_ScriptErrors.lua]:71>

Lua error: @Interface/AddOns/BossHelper/Core/Functions.lua: Lua error: Interface/AddOns/BossHelper/Core/Functions.lua:10: attempt to index global 'BossHelper' (a nil value)
stack traceback:
	(string):1: in main chunk
Lua error: Lua Error: @Interface/AddOns/BossHelper/Core/Functions.lua: Lua error: Interface/AddOns/BossHelper/Core/Functions.lua:10: attempt to index global 'BossHelper' (a nil value)
stack traceback:
	(string):1: in main chunk
[Interface/AddOns/Blizzard_ScriptErrors/Blizzard_ScriptErrors.lua]:59: in function 'GetErrorData'
[Interface/AddOns/Blizzard_ScriptErrors/Blizzard_ScriptErrors.lua]:72: in function <[Interface/AddOns/Blizzard_ScriptErrors/Blizzard_ScriptErrors.lua]:71>

Lua error: @Interface/AddOns/BossHelper/Core/EditModeLogic.lua: Lua error: Interface/AddOns/BossHelper/Core/EditModeLogic.lua:3: attempt to index global 'BossHelper' (a nil value)
stack traceback:
	(string):1: in main chunk
Lua error: Lua Error: @Interface/AddOns/BossHelper/Core/EditModeLogic.lua: Lua error: Interface/AddOns/BossHelper/Core/EditModeLogic.lua:3: attempt to index global 'BossHelper' (a nil value)
stack traceback:
	(string):1: in main chunk
[Interface/AddOns/Blizzard_ScriptErrors/Blizzard_ScriptErrors.lua]:59: in function 'GetErrorData'
[Interface/AddOns/Blizzard_ScriptErrors/Blizzard_ScriptErrors.lua]:72: in function <[Interface/AddOns/Blizzard_ScriptErrors/Blizzard_ScriptErrors.lua]:71>

Lua error: @Interface/AddOns/BossHelper/UI/StartPage.lua: Lua error: Interface/AddOns/BossHelper/UI/StartPage.lua:12: attempt to index field 'UI' (a nil value)
stack traceback:
	(string):1: in main chunk
Lua error: Lua Error: @Interface/AddOns/BossHelper/UI/StartPage.lua: Lua error: Interface/AddOns/BossHelper/UI/StartPage.lua:12: attempt to index field 'UI' (a nil value)
stack traceback:
	(string):1: in main chunk
[Interface/AddOns/Blizzard_ScriptErrors/Blizzard_ScriptErrors.lua]:59: in function 'GetErrorData'
[Interface/AddOns/Blizzard_ScriptErrors/Blizzard_ScriptErrors.lua]:72: in function <[Interface/AddOns/Blizzard_ScriptErrors/Blizzard_ScriptErrors.lua]:71>

Lua error: @Interface/AddOns/BossHelper/UI/Settings.lua: Lua error: Interface/AddOns/BossHelper/UI/Settings.lua:40: attempt to index field 'UI' (a nil value)
stack traceback:
	(string):1: in main chunk
Lua error: Lua Error: @Interface/AddOns/BossHelper/UI/Settings.lua: Lua error: Interface/AddOns/BossHelper/UI/Settings.lua:40: attempt to index field 'UI' (a nil value)
stack traceback:
	(string):1: in main chunk
[Interface/AddOns/Blizzard_ScriptErrors/Blizzard_ScriptErrors.lua]:59: in function 'GetErrorData'
[Interface/AddOns/Blizzard_ScriptErrors/Blizzard_ScriptErrors.lua]:72: in function <[Interface/AddOns/Blizzard_ScriptErrors/Blizzard_ScriptErrors.lua]:71>

Lua error: @Interface/AddOns/BossHelper/UI/EditTactics.lua: Lua error: Interface/AddOns/BossHelper/UI/EditTactics.lua:28: attempt to index field 'UI' (a nil value)
stack traceback:
	(string):1: in main chunk
Lua error: Lua Error: @Interface/AddOns/BossHelper/UI/EditTactics.lua: Lua error: Interface/AddOns/BossHelper/UI/EditTactics.lua:28: attempt to index field 'UI' (a nil value)
stack traceback:
	(string):1: in main chunk
[Interface/AddOns/Blizzard_ScriptErrors/Blizzard_ScriptErrors.lua]:59: in function 'GetErrorData'
[Interface/AddOns/Blizzard_ScriptErrors/Blizzard_ScriptErrors.lua]:72: in function <[Interface/AddOns/Blizzard_ScriptErrors/Blizzard_ScriptErrors.lua]:71>

Lua error: @Interface/AddOns/BossHelper/UI/Affixes.lua: Lua error: Interface/AddOns/BossHelper/UI/Affixes.lua:10: attempt to index field 'AffixData' (a nil value)
stack traceback:
	(string):1: in main chunk
Lua error: Lua Error: @Interface/AddOns/BossHelper/UI/Affixes.lua: Lua error: Interface/AddOns/BossHelper/UI/Affixes.lua:10: attempt to index field 'AffixData' (a nil value)
stack traceback:
	(string):1: in main chunk
[Interface/AddOns/Blizzard_ScriptErrors/Blizzard_ScriptErrors.lua]:59: in function 'GetErrorData'
[Interface/AddOns/Blizzard_ScriptErrors/Blizzard_ScriptErrors.lua]:72: in function <[Interface/AddOns/Blizzard_ScriptErrors/Blizzard_ScriptErrors.lua]:71>

Lua error: @Interface/AddOns/BossHelper/UI/QuickStart.lua: Lua error: Interface/AddOns/BossHelper/UI/QuickStart.lua:11: attempt to index field 'UI' (a nil value)
stack traceback:
	(string):1: in main chunk
Lua error: Lua Error: @Interface/AddOns/BossHelper/UI/QuickStart.lua: Lua error: Interface/AddOns/BossHelper/UI/QuickStart.lua:11: attempt to index field 'UI' (a nil value)
stack traceback:
	(string):1: in main chunk
[Interface/AddOns/Blizzard_ScriptErrors/Blizzard_ScriptErrors.lua]:59: in function 'GetErrorData'
[Interface/AddOns/Blizzard_ScriptErrors/Blizzard_ScriptErrors.lua]:72: in function <[Interface/AddOns/Blizzard_ScriptErrors/Blizzard_ScriptErrors.lua]:71>

Lua error: @Interface/AddOns/BossHelper/Modules/MiniWindow.lua: Lua error: Interface/AddOns/BossHelper/Modules/MiniWindow.lua:97: attempt to index field 'UI' (a nil value)
stack traceback:
	(string):1: in main chunk
Lua error: Lua Error: @Interface/AddOns/BossHelper/Modules/MiniWindow.lua: Lua error: Interface/AddOns/BossHelper/Modules/MiniWindow.lua:97: attempt to index field 'UI' (a nil value)
stack traceback:
	(string):1: in main chunk
[Interface/AddOns/Blizzard_ScriptErrors/Blizzard_ScriptErrors.lua]:59: in function 'GetErrorData'
[Interface/AddOns/Blizzard_ScriptErrors/Blizzard_ScriptErrors.lua]:72: in function <[Interface/AddOns/Blizzard_ScriptErrors/Blizzard_ScriptErrors.lua]:71>

Lua error: IO error reading /syncthing/World of Warcraft/_retail_/Interface/AddOns/BugSack/Libs/LibStub/LibStub.lua: No such file or directory (os error 2)
stack traceback:
	(string):1: in main chunk
Lua error: Lua Error: IO error reading /syncthing/World of Warcraft/_retail_/Interface/AddOns/BugSack/Libs/LibStub/LibStub.lua: No such file or directory (os error 2)
stack traceback:
	(string):1: in main chunk
[Interface/AddOns/Blizzard_ScriptErrors/Blizzard_ScriptErrors.lua]:59: in function 'GetErrorData'
[Interface/AddOns/Blizzard_ScriptErrors/Blizzard_ScriptErrors.lua]:72: in function <[Interface/AddOns/Blizzard_ScriptErrors/Blizzard_ScriptErrors.lua]:71>

Lua error: IO error reading /syncthing/World of Warcraft/_retail_/Interface/AddOns/Chattynator/Libs/LibSharedMedia-3.0/LibSharedMedia-3.0.lua: No such file or directory (os error 2)
stack traceback:
	(string):1: in main chunk
Lua error: Lua Error: IO error reading /syncthing/World of Warcraft/_retail_/Interface/AddOns/Chattynator/Libs/LibSharedMedia-3.0/LibSharedMedia-3.0.lua: No such file or directory (os error 2)
stack traceback:
	(string):1: in main chunk
[Interface/AddOns/Blizzard_ScriptErrors/Blizzard_ScriptErrors.lua]:59: in function 'GetErrorData'
[Interface/AddOns/Blizzard_ScriptErrors/Blizzard_ScriptErrors.lua]:72: in function <[Interface/AddOns/Blizzard_ScriptErrors/Blizzard_ScriptErrors.lua]:71>

Lua error: @Interface/AddOns/Chattynator/Core/Config.lua: Lua error: Interface/AddOns/Chattynator/Core/Config.lua:77: attempt to index field 'Constants' (a nil value)
stack traceback:
	(string):1: in main chunk
Lua error: Lua Error: @Interface/AddOns/Chattynator/Core/Config.lua: Lua error: Interface/AddOns/Chattynator/Core/Config.lua:77: attempt to index field 'Constants' (a nil value)
stack traceback:
	(string):1: in main chunk
[Interface/AddOns/Blizzard_ScriptErrors/Blizzard_ScriptErrors.lua]:59: in function 'GetErrorData'
[Interface/AddOns/Blizzard_ScriptErrors/Blizzard_ScriptErrors.lua]:72: in function <[Interface/AddOns/Blizzard_ScriptErrors/Blizzard_ScriptErrors.lua]:71>

Lua error: @Interface/AddOns/Chattynator/Core/Utilities.lua: Lua error: Interface/AddOns/Chattynator/Core/Utilities.lua:4: attempt to index field 'Utilities' (a nil value)
stack traceback:
	(string):1: in main chunk
Lua error: Lua Error: @Interface/AddOns/Chattynator/Core/Utilities.lua: Lua error: Interface/AddOns/Chattynator/Core/Utilities.lua:4: attempt to index field 'Utilities' (a nil value)
stack traceback:
	(string):1: in main chunk
[Interface/AddOns/Blizzard_ScriptErrors/Blizzard_ScriptErrors.lua]:59: in function 'GetErrorData'
[Interface/AddOns/Blizzard_ScriptErrors/Blizzard_ScriptErrors.lua]:72: in function <[Interface/AddOns/Blizzard_ScriptErrors/Blizzard_ScriptErrors.lua]:71>

Lua error: @Interface/AddOns/Chattynator/Core/Fonts.lua: Lua error: Interface/AddOns/Chattynator/Core/Fonts.lua:4: Cannot find a library instance of "LibSharedMedia-3.0".
stack traceback:
	(string):1: in main chunk
Lua error: Lua Error: @Interface/AddOns/Chattynator/Core/Fonts.lua: Lua error: Interface/AddOns/Chattynator/Core/Fonts.lua:4: Cannot find a library instance of "LibSharedMedia-3.0".
stack traceback:
	(string):1: in main chunk
[Interface/AddOns/Blizzard_ScriptErrors/Blizzard_ScriptErrors.lua]:59: in function 'GetErrorData'
[Interface/AddOns/Blizzard_ScriptErrors/Blizzard_ScriptErrors.lua]:72: in function <[Interface/AddOns/Blizzard_ScriptErrors/Blizzard_ScriptErrors.lua]:71>

Lua error: @Interface/AddOns/Chattynator/Core/Overrides.lua: Lua error: Interface/AddOns/Chattynator/Core/Overrides.lua:4: attempt to index field 'Core' (a nil value)
stack traceback:
	(string):1: in main chunk
Lua error: Lua Error: @Interface/AddOns/Chattynator/Core/Overrides.lua: Lua error: Interface/AddOns/Chattynator/Core/Overrides.lua:4: attempt to index field 'Core' (a nil value)
stack traceback:
	(string):1: in main chunk
[Interface/AddOns/Blizzard_ScriptErrors/Blizzard_ScriptErrors.lua]:59: in function 'GetErrorData'
[Interface/AddOns/Blizzard_ScriptErrors/Blizzard_ScriptErrors.lua]:72: in function <[Interface/AddOns/Blizzard_ScriptErrors/Blizzard_ScriptErrors.lua]:71>

Lua error: @Interface/AddOns/Chattynator/Core/Initialize.lua: Lua error: Interface/AddOns/Chattynator/Core/Initialize.lua:6: attempt to index field 'Constants' (a nil value)
stack traceback:
	(string):1: in main chunk
Lua error: Lua Error: @Interface/AddOns/Chattynator/Core/Initialize.lua: Lua error: Interface/AddOns/Chattynator/Core/Initialize.lua:6: attempt to index field 'Constants' (a nil value)
stack traceback:
	(string):1: in main chunk
[Interface/AddOns/Blizzard_ScriptErrors/Blizzard_ScriptErrors.lua]:59: in function 'GetErrorData'
[Interface/AddOns/Blizzard_ScriptErrors/Blizzard_ScriptErrors.lua]:72: in function <[Interface/AddOns/Blizzard_ScriptErrors/Blizzard_ScriptErrors.lua]:71>

Lua error: @Interface/AddOns/Chattynator/Display/Tabs.lua: Lua error: Interface/AddOns/Chattynator/Display/Tabs.lua:23: attempt to index field 'Display' (a nil value)
stack traceback:
	(string):1: in main chunk
Lua error: Lua Error: @Interface/AddOns/Chattynator/Display/Tabs.lua: Lua error: Interface/AddOns/Chattynator/Display/Tabs.lua:23: attempt to index field 'Display' (a nil value)
stack traceback:
	(string):1: in main chunk
[Interface/AddOns/Blizzard_ScriptErrors/Blizzard_ScriptErrors.lua]:59: in function 'GetErrorData'
[Interface/AddOns/Blizzard_ScriptErrors/Blizzard_ScriptErrors.lua]:72: in function <[Interface/AddOns/Blizzard_ScriptErrors/Blizzard_ScriptErrors.lua]:71>

Lua error: @Interface/AddOns/Chattynator/Modifiers/URLs.lua: Lua error: Interface/AddOns/Chattynator/Modifiers/URLs.lua:23: attempt to index field 'Modifiers' (a nil value)
stack traceback:
	(string):1: in main chunk
Lua error: Lua Error: @Interface/AddOns/Chattynator/Modifiers/URLs.lua: Lua error: Interface/AddOns/Chattynator/Modifiers/URLs.lua:23: attempt to index field 'Modifiers' (a nil value)
stack traceback:
	(string):1: in main chunk
[Interface/AddOns/Blizzard_ScriptErrors/Blizzard_ScriptErrors.lua]:59: in function 'GetErrorData'
[Interface/AddOns/Blizzard_ScriptErrors/Blizzard_ScriptErrors.lua]:72: in function <[Interface/AddOns/Blizzard_ScriptErrors/Blizzard_ScriptErrors.lua]:71>

Lua error: @Interface/AddOns/Chattynator/Modifiers/RedundantText.lua: Lua error: Interface/AddOns/Chattynator/Modifiers/RedundantText.lua:37: attempt to index field 'Modifiers' (a nil value)
stack traceback:
	(string):1: in main chunk
Lua error: Lua Error: @Interface/AddOns/Chattynator/Modifiers/RedundantText.lua: Lua error: Interface/AddOns/Chattynator/Modifiers/RedundantText.lua:37: attempt to index field 'Modifiers' (a nil value)
stack traceback:
	(string):1: in main chunk
[Interface/AddOns/Blizzard_ScriptErrors/Blizzard_ScriptErrors.lua]:59: in function 'GetErrorData'
[Interface/AddOns/Blizzard_ScriptErrors/Blizzard_ScriptErrors.lua]:72: in function <[Interface/AddOns/Blizzard_ScriptErrors/Blizzard_ScriptErrors.lua]:71>

Lua error: @Interface/AddOns/Chattynator/Skins/Main.lua: Lua error: Interface/AddOns/Chattynator/Skins/Main.lua:4: attempt to index field 'Skins' (a nil value)
stack traceback:
	(string):1: in main chunk
Lua error: Lua Error: @Interface/AddOns/Chattynator/Skins/Main.lua: Lua error: Interface/AddOns/Chattynator/Skins/Main.lua:4: attempt to index field 'Skins' (a nil value)
stack traceback:
	(string):1: in main chunk
[Interface/AddOns/Blizzard_ScriptErrors/Blizzard_ScriptErrors.lua]:59: in function 'GetErrorData'
[Interface/AddOns/Blizzard_ScriptErrors/Blizzard_ScriptErrors.lua]:72: in function <[Interface/AddOns/Blizzard_ScriptErrors/Blizzard_ScriptErrors.lua]:71>

Lua error: @Interface/AddOns/Chattynator/Skins/Blizzard.lua: Lua error: Interface/AddOns/Chattynator/Skins/Blizzard.lua:294: attempt to index field 'Skins' (a nil value)
stack traceback:
	(string):1: in main chunk
Lua error: Lua Error: @Interface/AddOns/Chattynator/Skins/Blizzard.lua: Lua error: Interface/AddOns/Chattynator/Skins/Blizzard.lua:294: attempt to index field 'Skins' (a nil value)
stack traceback:
	(string):1: in main chunk
[Interface/AddOns/Blizzard_ScriptErrors/Blizzard_ScriptErrors.lua]:59: in function 'GetErrorData'
[Interface/AddOns/Blizzard_ScriptErrors/Blizzard_ScriptErrors.lua]:72: in function <[Interface/AddOns/Blizzard_ScriptErrors/Blizzard_ScriptErrors.lua]:71>

Lua error: @Interface/AddOns/Chattynator/Skins/Dark.lua: Lua error: Interface/AddOns/Chattynator/Skins/Dark.lua:457: attempt to index field 'Skins' (a nil value)
stack traceback:
	(string):1: in main chunk
Lua error: Lua Error: @Interface/AddOns/Chattynator/Skins/Dark.lua: Lua error: Interface/AddOns/Chattynator/Skins/Dark.lua:457: attempt to index field 'Skins' (a nil value)
stack traceback:
	(string):1: in main chunk
[Interface/AddOns/Blizzard_ScriptErrors/Blizzard_ScriptErrors.lua]:59: in function 'GetErrorData'
[Interface/AddOns/Blizzard_ScriptErrors/Blizzard_ScriptErrors.lua]:72: in function <[Interface/AddOns/Blizzard_ScriptErrors/Blizzard_ScriptErrors.lua]:71>

Lua error: @Interface/AddOns/Chattynator/CustomiseDialog/Initialize.lua: Lua error: Interface/AddOns/Chattynator/CustomiseDialog/Initialize.lua:5: attempt to index field 'CustomiseDialog' (a nil value)
stack traceback:
	(string):1: in main chunk
Lua error: Lua Error: @Interface/AddOns/Chattynator/CustomiseDialog/Initialize.lua: Lua error: Interface/AddOns/Chattynator/CustomiseDialog/Initialize.lua:5: attempt to index field 'CustomiseDialog' (a nil value)
stack traceback:
	(string):1: in main chunk
[Interface/AddOns/Blizzard_ScriptErrors/Blizzard_ScriptErrors.lua]:59: in function 'GetErrorData'
[Interface/AddOns/Blizzard_ScriptErrors/Blizzard_ScriptErrors.lua]:72: in function <[Interface/AddOns/Blizzard_ScriptErrors/Blizzard_ScriptErrors.lua]:71>

Lua error: @Interface/AddOns/Chattynator/CustomiseDialog/Filtering.lua: Lua error: Interface/AddOns/Chattynator/CustomiseDialog/Filtering.lua:4: attempt to index field 'CustomiseDialog' (a nil value)
stack traceback:
	(string):1: in main chunk
Lua error: Lua Error: @Interface/AddOns/Chattynator/CustomiseDialog/Filtering.lua: Lua error: Interface/AddOns/Chattynator/CustomiseDialog/Filtering.lua:4: attempt to index field 'CustomiseDialog' (a nil value)
stack traceback:
	(string):1: in main chunk
[Interface/AddOns/Blizzard_ScriptErrors/Blizzard_ScriptErrors.lua]:59: in function 'GetErrorData'
[Interface/AddOns/Blizzard_ScriptErrors/Blizzard_ScriptErrors.lua]:72: in function <[Interface/AddOns/Blizzard_ScriptErrors/Blizzard_ScriptErrors.lua]:71>

Lua error: IO error reading /syncthing/World of Warcraft/_retail_/Interface/AddOns/Clicked/Libs/LibStub/LibStub.lua: No such file or directory (os error 2)
stack traceback:
	(string):1: in main chunk
Lua error: Lua Error: IO error reading /syncthing/World of Warcraft/_retail_/Interface/AddOns/Clicked/Libs/LibStub/LibStub.lua: No such file or directory (os error 2)
stack traceback:
	(string):1: in main chunk
[Interface/AddOns/Blizzard_ScriptErrors/Blizzard_ScriptErrors.lua]:59: in function 'GetErrorData'
[Interface/AddOns/Blizzard_ScriptErrors/Blizzard_ScriptErrors.lua]:72: in function <[Interface/AddOns/Blizzard_ScriptErrors/Blizzard_ScriptErrors.lua]:71>

Lua error: IO error reading /syncthing/World of Warcraft/_retail_/Interface/AddOns/Clicked/Widgets/AceGUIContainer-ClickedTreeGroup.lua: No such file or directory (os error 2)
stack traceback:
	(string):1: in main chunk
Lua error: Lua Error: IO error reading /syncthing/World of Warcraft/_retail_/Interface/AddOns/Clicked/Widgets/AceGUIContainer-ClickedTreeGroup.lua: No such file or directory (os error 2)
stack traceback:
	(string):1: in main chunk
[Interface/AddOns/Blizzard_ScriptErrors/Blizzard_ScriptErrors.lua]:59: in function 'GetErrorData'
[Interface/AddOns/Blizzard_ScriptErrors/Blizzard_ScriptErrors.lua]:72: in function <[Interface/AddOns/Blizzard_ScriptErrors/Blizzard_ScriptErrors.lua]:71>

Lua error: @Interface/AddOns/Clicked/Core/BindingProcessor.lua: Lua error: Interface/AddOns/Clicked/Core/BindingProcessor.lua:24: attempt to index global 'Clicked' (a nil value)
stack traceback:
	(string):1: in main chunk
Lua error: Lua Error: @Interface/AddOns/Clicked/Core/BindingProcessor.lua: Lua error: Interface/AddOns/Clicked/Core/BindingProcessor.lua:24: attempt to index global 'Clicked' (a nil value)
stack traceback:
	(string):1: in main chunk
[Interface/AddOns/Blizzard_ScriptErrors/Blizzard_ScriptErrors.lua]:59: in function 'GetErrorData'
[Interface/AddOns/Blizzard_ScriptErrors/Blizzard_ScriptErrors.lua]:72: in function <[Interface/AddOns/Blizzard_ScriptErrors/Blizzard_ScriptErrors.lua]:71>

Lua error: @Interface/AddOns/Clicked/Conditions/ConditionUtils.lua: Lua error: Interface/AddOns/Clicked/Conditions/ConditionUtils.lua:37: Cannot find a library instance of "LibTalentInfo-1.0".
stack traceback:
	(string):1: in main chunk
Lua error: Lua Error: @Interface/AddOns/Clicked/Conditions/ConditionUtils.lua: Lua error: Interface/AddOns/Clicked/Conditions/ConditionUtils.lua:37: Cannot find a library instance of "LibTalentInfo-1.0".
stack traceback:
	(string):1: in main chunk
[Interface/AddOns/Blizzard_ScriptErrors/Blizzard_ScriptErrors.lua]:59: in function 'GetErrorData'
[Interface/AddOns/Blizzard_ScriptErrors/Blizzard_ScriptErrors.lua]:72: in function <[Interface/AddOns/Blizzard_ScriptErrors/Blizzard_ScriptErrors.lua]:71>

Lua error: @Interface/AddOns/Clicked/Conditions/LoadConditions.lua: Lua error: Interface/AddOns/Clicked/Conditions/LoadConditions.lua:47: attempt to call method 'IsForever' (a nil value)
stack traceback:
	(string):1: in main chunk
Lua error: Lua Error: @Interface/AddOns/Clicked/Conditions/LoadConditions.lua: Lua error: Interface/AddOns/Clicked/Conditions/LoadConditions.lua:47: attempt to call method 'IsForever' (a nil value)
stack traceback:
	(string):1: in main chunk
[Interface/AddOns/Blizzard_ScriptErrors/Blizzard_ScriptErrors.lua]:59: in function 'GetErrorData'
[Interface/AddOns/Blizzard_ScriptErrors/Blizzard_ScriptErrors.lua]:72: in function <[Interface/AddOns/Blizzard_ScriptErrors/Blizzard_ScriptErrors.lua]:71>

Lua error: @Interface/AddOns/Clicked/Config/Profile.lua: Lua error: Interface/AddOns/Clicked/Config/Profile.lua:17: Cannot find a library instance of "AceConfig-3.0".
stack traceback:
	(string):1: in main chunk
Lua error: Lua Error: @Interface/AddOns/Clicked/Config/Profile.lua: Lua error: Interface/AddOns/Clicked/Config/Profile.lua:17: Cannot find a library instance of "AceConfig-3.0".
stack traceback:
	(string):1: in main chunk
[Interface/AddOns/Blizzard_ScriptErrors/Blizzard_ScriptErrors.lua]:59: in function 'GetErrorData'
[Interface/AddOns/Blizzard_ScriptErrors/Blizzard_ScriptErrors.lua]:72: in function <[Interface/AddOns/Blizzard_ScriptErrors/Blizzard_ScriptErrors.lua]:71>

Lua error: @Interface/AddOns/Clicked/Config/KeyVisualizer.lua: Lua error: Interface/AddOns/Clicked/Config/KeyVisualizer.lua:17: Cannot find a library instance of "AceGUI-3.0".
stack traceback:
	(string):1: in main chunk
Lua error: Lua Error: @Interface/AddOns/Clicked/Config/KeyVisualizer.lua: Lua error: Interface/AddOns/Clicked/Config/KeyVisualizer.lua:17: Cannot find a library instance of "AceGUI-3.0".
stack traceback:
	(string):1: in main chunk
[Interface/AddOns/Blizzard_ScriptErrors/Blizzard_ScriptErrors.lua]:59: in function 'GetErrorData'
[Interface/AddOns/Blizzard_ScriptErrors/Blizzard_ScriptErrors.lua]:72: in function <[Interface/AddOns/Blizzard_ScriptErrors/Blizzard_ScriptErrors.lua]:71>

Lua error: @Interface/AddOns/Clicked/Debug/StatusOutput.lua: Lua error: Interface/AddOns/Clicked/Debug/StatusOutput.lua:17: Cannot find a library instance of "AceGUI-3.0".
stack traceback:
	(string):1: in main chunk
Lua error: Lua Error: @Interface/AddOns/Clicked/Debug/StatusOutput.lua: Lua error: Interface/AddOns/Clicked/Debug/StatusOutput.lua:17: Cannot find a library instance of "AceGUI-3.0".
stack traceback:
	(string):1: in main chunk
[Interface/AddOns/Blizzard_ScriptErrors/Blizzard_ScriptErrors.lua]:59: in function 'GetErrorData'
[Interface/AddOns/Blizzard_ScriptErrors/Blizzard_ScriptErrors.lua]:72: in function <[Interface/AddOns/Blizzard_ScriptErrors/Blizzard_ScriptErrors.lua]:71>

Lua error: IO error reading /syncthing/World of Warcraft/_retail_/Interface/AddOns/Clicked/BindingConfig/Tabs/Action.lua: No such file or directory (os error 2)
stack traceback:
	(string):1: in main chunk
Lua error: Lua Error: IO error reading /syncthing/World of Warcraft/_retail_/Interface/AddOns/Clicked/BindingConfig/Tabs/Action.lua: No such file or directory (os error 2)
stack traceback:
	(string):1: in main chunk
[Interface/AddOns/Blizzard_ScriptErrors/Blizzard_ScriptErrors.lua]:59: in function 'GetErrorData'
[Interface/AddOns/Blizzard_ScriptErrors/Blizzard_ScriptErrors.lua]:72: in function <[Interface/AddOns/Blizzard_ScriptErrors/Blizzard_ScriptErrors.lua]:71>

Lua error: @Interface/AddOns/Clicked/BindingConfig/BindingConfig.lua: Lua error: Interface/AddOns/Clicked/BindingConfig/BindingConfig.lua:31: Cannot find a library instance of "AceGUI-3.0".
stack traceback:
	(string):1: in main chunk
Lua error: Lua Error: @Interface/AddOns/Clicked/BindingConfig/BindingConfig.lua: Lua error: Interface/AddOns/Clicked/BindingConfig/BindingConfig.lua:31: Cannot find a library instance of "AceGUI-3.0".
stack traceback:
	(string):1: in main chunk
[Interface/AddOns/Blizzard_ScriptErrors/Blizzard_ScriptErrors.lua]:59: in function 'GetErrorData'
[Interface/AddOns/Blizzard_ScriptErrors/Blizzard_ScriptErrors.lua]:72: in function <[Interface/AddOns/Blizzard_ScriptErrors/Blizzard_ScriptErrors.lua]:71>

Lua error: @Interface/AddOns/CursorRing/Locales/enUS.lua: Lua error: Interface/AddOns/CursorRing/Locales/enUS.lua:2: attempt to call field 'NewLocale' (a nil value)
stack traceback:
	(string):1: in main chunk
Lua error: Lua Error: @Interface/AddOns/CursorRing/Locales/enUS.lua: Lua error: Interface/AddOns/CursorRing/Locales/enUS.lua:2: attempt to call field 'NewLocale' (a nil value)
stack traceback:
	(string):1: in main chunk
[Interface/AddOns/Blizzard_ScriptErrors/Blizzard_ScriptErrors.lua]:59: in function 'GetErrorData'
[Interface/AddOns/Blizzard_ScriptErrors/Blizzard_ScriptErrors.lua]:72: in function <[Interface/AddOns/Blizzard_ScriptErrors/Blizzard_ScriptErrors.lua]:71>

Lua error: @Interface/AddOns/CursorRing/Locales/deDE.lua: Lua error: Interface/AddOns/CursorRing/Locales/deDE.lua:2: attempt to call field 'NewLocale' (a nil value)
stack traceback:
	(string):1: in main chunk
Lua error: Lua Error: @Interface/AddOns/CursorRing/Locales/deDE.lua: Lua error: Interface/AddOns/CursorRing/Locales/deDE.lua:2: attempt to call field 'NewLocale' (a nil value)
stack traceback:
	(string):1: in main chunk
[Interface/AddOns/Blizzard_ScriptErrors/Blizzard_ScriptErrors.lua]:59: in function 'GetErrorData'
[Interface/AddOns/Blizzard_ScriptErrors/Blizzard_ScriptErrors.lua]:72: in function <[Interface/AddOns/Blizzard_ScriptErrors/Blizzard_ScriptErrors.lua]:71>

Lua error: @Interface/AddOns/CursorRing/Modules/Resources/Druid.lua: Lua error: Interface/AddOns/CursorRing/Modules/Resources/Druid.lua:5: attempt to call field 'RegisterResourceModule' (a nil value)
stack traceback:
	(string):1: in main chunk
Lua error: Lua Error: @Interface/AddOns/CursorRing/Modules/Resources/Druid.lua: Lua error: Interface/AddOns/CursorRing/Modules/Resources/Druid.lua:5: attempt to call field 'RegisterResourceModule' (a nil value)
stack traceback:
	(string):1: in main chunk
[Interface/AddOns/Blizzard_ScriptErrors/Blizzard_ScriptErrors.lua]:59: in function 'GetErrorData'
[Interface/AddOns/Blizzard_ScriptErrors/Blizzard_ScriptErrors.lua]:72: in function <[Interface/AddOns/Blizzard_ScriptErrors/Blizzard_ScriptErrors.lua]:71>

Lua error: @Interface/AddOns/CursorRing/Modules/Resources/Paladin.lua: Lua error: Interface/AddOns/CursorRing/Modules/Resources/Paladin.lua:5: attempt to call field 'RegisterResourceModule' (a nil value)
stack traceback:
	(string):1: in main chunk
Lua error: Lua Error: @Interface/AddOns/CursorRing/Modules/Resources/Paladin.lua: Lua error: Interface/AddOns/CursorRing/Modules/Resources/Paladin.lua:5: attempt to call field 'RegisterResourceModule' (a nil value)
stack traceback:
	(string):1: in main chunk
[Interface/AddOns/Blizzard_ScriptErrors/Blizzard_ScriptErrors.lua]:59: in function 'GetErrorData'
[Interface/AddOns/Blizzard_ScriptErrors/Blizzard_ScriptErrors.lua]:72: in function <[Interface/AddOns/Blizzard_ScriptErrors/Blizzard_ScriptErrors.lua]:71>

Lua error: @Interface/AddOns/CursorRing/Modules/Resources/Monk.lua: Lua error: Interface/AddOns/CursorRing/Modules/Resources/Monk.lua:5: attempt to call field 'RegisterResourceModule' (a nil value)
stack traceback:
	(string):1: in main chunk
Lua error: Lua Error: @Interface/AddOns/CursorRing/Modules/Resources/Monk.lua: Lua error: Interface/AddOns/CursorRing/Modules/Resources/Monk.lua:5: attempt to call field 'RegisterResourceModule' (a nil value)
stack traceback:
	(string):1: in main chunk
[Interface/AddOns/Blizzard_ScriptErrors/Blizzard_ScriptErrors.lua]:59: in function 'GetErrorData'
[Interface/AddOns/Blizzard_ScriptErrors/Blizzard_ScriptErrors.lua]:72: in function <[Interface/AddOns/Blizzard_ScriptErrors/Blizzard_ScriptErrors.lua]:71>

Lua error: @Interface/AddOns/CursorRing/Modules/Resources/Warlock.lua: Lua error: Interface/AddOns/CursorRing/Modules/Resources/Warlock.lua:30: attempt to call field 'RegisterResourceModule' (a nil value)
stack traceback:
	(string):1: in main chunk
Lua error: Lua Error: @Interface/AddOns/CursorRing/Modules/Resources/Warlock.lua: Lua error: Interface/AddOns/CursorRing/Modules/Resources/Warlock.lua:30: attempt to call field 'RegisterResourceModule' (a nil value)
stack traceback:
	(string):1: in main chunk
[Interface/AddOns/Blizzard_ScriptErrors/Blizzard_ScriptErrors.lua]:59: in function 'GetErrorData'
[Interface/AddOns/Blizzard_ScriptErrors/Blizzard_ScriptErrors.lua]:72: in function <[Interface/AddOns/Blizzard_ScriptErrors/Blizzard_ScriptErrors.lua]:71>

Lua error: @Interface/AddOns/CursorRing/Modules/Resources/Evoker.lua: Lua error: Interface/AddOns/CursorRing/Modules/Resources/Evoker.lua:18: attempt to call field 'RegisterResourceModule' (a nil value)
stack traceback:
	(string):1: in main chunk
Lua error: Lua Error: @Interface/AddOns/CursorRing/Modules/Resources/Evoker.lua: Lua error: Interface/AddOns/CursorRing/Modules/Resources/Evoker.lua:18: attempt to call field 'RegisterResourceModule' (a nil value)
stack traceback:
	(string):1: in main chunk
[Interface/AddOns/Blizzard_ScriptErrors/Blizzard_ScriptErrors.lua]:59: in function 'GetErrorData'
[Interface/AddOns/Blizzard_ScriptErrors/Blizzard_ScriptErrors.lua]:72: in function <[Interface/AddOns/Blizzard_ScriptErrors/Blizzard_ScriptErrors.lua]:71>

Lua error: @Interface/AddOns/DandersFrames/Core/AutoProfiles.lua: Lua error: Interface/AddOns/DandersFrames/Core/AutoProfiles.lua:97: attempt to index upvalue 'L' (a nil value)
stack traceback:
	(string):1: in main chunk
Lua error: Lua Error: @Interface/AddOns/DandersFrames/Core/AutoProfiles.lua: Lua error: Interface/AddOns/DandersFrames/Core/AutoProfiles.lua:97: attempt to index upvalue 'L' (a nil value)
stack traceback:
	(string):1: in main chunk
[Interface/AddOns/Blizzard_ScriptErrors/Blizzard_ScriptErrors.lua]:59: in function 'GetErrorData'
[Interface/AddOns/Blizzard_ScriptErrors/Blizzard_ScriptErrors.lua]:72: in function <[Interface/AddOns/Blizzard_ScriptErrors/Blizzard_ScriptErrors.lua]:71>

Lua error: @Interface/AddOns/DandersFrames/Frames/Headers.lua: Lua error: Interface/AddOns/DandersFrames/Frames/Headers.lua:506: attempt to call method 'RegisterDebugSlash' (a nil value)
stack traceback:
	(string):1: in main chunk
Lua error: Lua Error: @Interface/AddOns/DandersFrames/Frames/Headers.lua: Lua error: Interface/AddOns/DandersFrames/Frames/Headers.lua:506: attempt to call method 'RegisterDebugSlash' (a nil value)
stack traceback:
	(string):1: in main chunk
[Interface/AddOns/Blizzard_ScriptErrors/Blizzard_ScriptErrors.lua]:59: in function 'GetErrorData'
[Interface/AddOns/Blizzard_ScriptErrors/Blizzard_ScriptErrors.lua]:72: in function <[Interface/AddOns/Blizzard_ScriptErrors/Blizzard_ScriptErrors.lua]:71>

Lua error: @Interface/AddOns/DandersFrames/Frames/Position.lua: Lua error: Interface/AddOns/DandersFrames/Frames/Position.lua:72: attempt to index local 'L' (a nil value)
stack traceback:
	(string):1: in main chunk
Lua error: Lua Error: @Interface/AddOns/DandersFrames/Frames/Position.lua: Lua error: Interface/AddOns/DandersFrames/Frames/Position.lua:72: attempt to index local 'L' (a nil value)
stack traceback:
	(string):1: in main chunk
[Interface/AddOns/Blizzard_ScriptErrors/Blizzard_ScriptErrors.lua]:59: in function 'GetErrorData'
[Interface/AddOns/Blizzard_ScriptErrors/Blizzard_ScriptErrors.lua]:72: in function <[Interface/AddOns/Blizzard_ScriptErrors/Blizzard_ScriptErrors.lua]:71>

Lua error: @Interface/AddOns/DandersFrames/Features/Range.lua: Lua error: Interface/AddOns/DandersFrames/Features/Range.lua:984: attempt to call method 'RegisterRosterUnitEvent' (a nil value)
stack traceback:
	(string):1: in main chunk
Lua error: Lua Error: @Interface/AddOns/DandersFrames/Features/Range.lua: Lua error: Interface/AddOns/DandersFrames/Features/Range.lua:984: attempt to call method 'RegisterRosterUnitEvent' (a nil value)
stack traceback:
	(string):1: in main chunk
[Interface/AddOns/Blizzard_ScriptErrors/Blizzard_ScriptErrors.lua]:59: in function 'GetErrorData'
[Interface/AddOns/Blizzard_ScriptErrors/Blizzard_ScriptErrors.lua]:72: in function <[Interface/AddOns/Blizzard_ScriptErrors/Blizzard_ScriptErrors.lua]:71>

Lua error: @Interface/AddOns/DandersFrames/Features/Dispel.lua: Lua error: Interface/AddOns/DandersFrames/Features/Dispel.lua:3133: attempt to call method 'RegisterDebugSlash' (a nil value)
stack traceback:
	(string):1: in main chunk
Lua error: Lua Error: @Interface/AddOns/DandersFrames/Features/Dispel.lua: Lua error: Interface/AddOns/DandersFrames/Features/Dispel.lua:3133: attempt to call method 'RegisterDebugSlash' (a nil value)
stack traceback:
	(string):1: in main chunk
[Interface/AddOns/Blizzard_ScriptErrors/Blizzard_ScriptErrors.lua]:59: in function 'GetErrorData'
[Interface/AddOns/Blizzard_ScriptErrors/Blizzard_ScriptErrors.lua]:72: in function <[Interface/AddOns/Blizzard_ScriptErrors/Blizzard_ScriptErrors.lua]:71>

Lua error: @Interface/AddOns/DeModal/DeModal.lua: Lua error: Interface/AddOns/DeModal/DeModal.lua:9: attempt to call field 'LoadSlashCommands' (a nil value)
stack traceback:
	(string):1: in main chunk
Lua error: Lua Error: @Interface/AddOns/DeModal/DeModal.lua: Lua error: Interface/AddOns/DeModal/DeModal.lua:9: attempt to call field 'LoadSlashCommands' (a nil value)
stack traceback:
	(string):1: in main chunk
[Interface/AddOns/Blizzard_ScriptErrors/Blizzard_ScriptErrors.lua]:59: in function 'GetErrorData'
[Interface/AddOns/Blizzard_ScriptErrors/Blizzard_ScriptErrors.lua]:72: in function <[Interface/AddOns/Blizzard_ScriptErrors/Blizzard_ScriptErrors.lua]:71>

Lua error: IO error reading /syncthing/World of Warcraft/_retail_/Interface/AddOns/Dejunk/src/addon.lua: No such file or directory (os error 2)
stack traceback:
	(string):1: in main chunk
Lua error: Lua Error: IO error reading /syncthing/World of Warcraft/_retail_/Interface/AddOns/Dejunk/src/addon.lua: No such file or directory (os error 2)
stack traceback:
	(string):1: in main chunk
[Interface/AddOns/Blizzard_ScriptErrors/Blizzard_ScriptErrors.lua]:59: in function 'GetErrorData'
[Interface/AddOns/Blizzard_ScriptErrors/Blizzard_ScriptErrors.lua]:72: in function <[Interface/AddOns/Blizzard_ScriptErrors/Blizzard_ScriptErrors.lua]:71>

Lua error: IO error reading /syncthing/World of Warcraft/_retail_/Interface/AddOns/DialogueUI/Code/Utility/FontUtil.lua: No such file or directory (os error 2)
stack traceback:
	(string):1: in main chunk
Lua error: Lua Error: IO error reading /syncthing/World of Warcraft/_retail_/Interface/AddOns/DialogueUI/Code/Utility/FontUtil.lua: No such file or directory (os error 2)
stack traceback:
	(string):1: in main chunk
[Interface/AddOns/Blizzard_ScriptErrors/Blizzard_ScriptErrors.lua]:59: in function 'GetErrorData'
[Interface/AddOns/Blizzard_ScriptErrors/Blizzard_ScriptErrors.lua]:72: in function <[Interface/AddOns/Blizzard_ScriptErrors/Blizzard_ScriptErrors.lua]:71>

Lua error: @Interface/AddOns/DialogueUI/Code/Sound.lua: Lua error: Interface/AddOns/DialogueUI/Code/Sound.lua:78: attempt to index field 'CallbackRegistry' (a nil value)
stack traceback:
	(string):1: in main chunk
Lua error: Lua Error: @Interface/AddOns/DialogueUI/Code/Sound.lua: Lua error: Interface/AddOns/DialogueUI/Code/Sound.lua:78: attempt to index field 'CallbackRegistry' (a nil value)
stack traceback:
	(string):1: in main chunk
[Interface/AddOns/Blizzard_ScriptErrors/Blizzard_ScriptErrors.lua]:59: in function 'GetErrorData'
[Interface/AddOns/Blizzard_ScriptErrors/Blizzard_ScriptErrors.lua]:72: in function <[Interface/AddOns/Blizzard_ScriptErrors/Blizzard_ScriptErrors.lua]:71>

Lua error: IO error reading /syncthing/World of Warcraft/_retail_/Interface/AddOns/DialogueUI/Code/Scroll/Scroll_Swipe.lua: No such file or directory (os error 2)
stack traceback:
	(string):1: in main chunk
Lua error: Lua Error: IO error reading /syncthing/World of Warcraft/_retail_/Interface/AddOns/DialogueUI/Code/Scroll/Scroll_Swipe.lua: No such file or directory (os error 2)
stack traceback:
	(string):1: in main chunk
[Interface/AddOns/Blizzard_ScriptErrors/Blizzard_ScriptErrors.lua]:59: in function 'GetErrorData'
[Interface/AddOns/Blizzard_ScriptErrors/Blizzard_ScriptErrors.lua]:72: in function <[Interface/AddOns/Blizzard_ScriptErrors/Blizzard_ScriptErrors.lua]:71>

Lua error: IO error reading /syncthing/World of Warcraft/_retail_/Interface/AddOns/DialogueUI/Code/Settings/Settings_Definitions.lua: No such file or directory (os error 2)
stack traceback:
	(string):1: in main chunk
Lua error: Lua Error: IO error reading /syncthing/World of Warcraft/_retail_/Interface/AddOns/DialogueUI/Code/Settings/Settings_Definitions.lua: No such file or directory (os error 2)
stack traceback:
	(string):1: in main chunk
[Interface/AddOns/Blizzard_ScriptErrors/Blizzard_ScriptErrors.lua]:59: in function 'GetErrorData'
[Interface/AddOns/Blizzard_ScriptErrors/Blizzard_ScriptErrors.lua]:72: in function <[Interface/AddOns/Blizzard_ScriptErrors/Blizzard_ScriptErrors.lua]:71>

Lua error: @Interface/AddOns/DialogueUI/Code/NameplateGossip.lua: Lua error: Interface/AddOns/DialogueUI/Code/NameplateGossip.lua:260: attempt to index field 'CallbackRegistry' (a nil value)
stack traceback:
	(string):1: in main chunk
Lua error: Lua Error: @Interface/AddOns/DialogueUI/Code/NameplateGossip.lua: Lua error: Interface/AddOns/DialogueUI/Code/NameplateGossip.lua:260: attempt to index field 'CallbackRegistry' (a nil value)
stack traceback:
	(string):1: in main chunk
[Interface/AddOns/Blizzard_ScriptErrors/Blizzard_ScriptErrors.lua]:59: in function 'GetErrorData'
[Interface/AddOns/Blizzard_ScriptErrors/Blizzard_ScriptErrors.lua]:72: in function <[Interface/AddOns/Blizzard_ScriptErrors/Blizzard_ScriptErrors.lua]:71>

Lua error: IO error reading /syncthing/World of Warcraft/_retail_/Interface/AddOns/DialogueUI/Code/Dialogue/Clipboard.lua: No such file or directory (os error 2)
stack traceback:
	(string):1: in main chunk
Lua error: Lua Error: IO error reading /syncthing/World of Warcraft/_retail_/Interface/AddOns/DialogueUI/Code/Dialogue/Clipboard.lua: No such file or directory (os error 2)
stack traceback:
	(string):1: in main chunk
[Interface/AddOns/Blizzard_ScriptErrors/Blizzard_ScriptErrors.lua]:59: in function 'GetErrorData'
[Interface/AddOns/Blizzard_ScriptErrors/Blizzard_ScriptErrors.lua]:72: in function <[Interface/AddOns/Blizzard_ScriptErrors/Blizzard_ScriptErrors.lua]:71>

Lua error: @Interface/AddOns/DialogueUI/Code/Book/BookUI_Component.lua: Lua error: Interface/AddOns/DialogueUI/Code/Book/BookUI_Component.lua:440: attempt to index field 'TooltipAPI' (a nil value)
stack traceback:
	(string):1: in main chunk
Lua error: Lua Error: @Interface/AddOns/DialogueUI/Code/Book/BookUI_Component.lua: Lua error: Interface/AddOns/DialogueUI/Code/Book/BookUI_Component.lua:440: attempt to index field 'TooltipAPI' (a nil value)
stack traceback:
	(string):1: in main chunk
[Interface/AddOns/Blizzard_ScriptErrors/Blizzard_ScriptErrors.lua]:59: in function 'GetErrorData'
[Interface/AddOns/Blizzard_ScriptErrors/Blizzard_ScriptErrors.lua]:72: in function <[Interface/AddOns/Blizzard_ScriptErrors/Blizzard_ScriptErrors.lua]:71>

Lua error: IO error reading /syncthing/World of Warcraft/_retail_/Interface/AddOns/DialogueUI/Code/Widget/WidgetManager.lua: No such file or directory (os error 2)
stack traceback:
	(string):1: in main chunk
Lua error: Lua Error: IO error reading /syncthing/World of Warcraft/_retail_/Interface/AddOns/DialogueUI/Code/Widget/WidgetManager.lua: No such file or directory (os error 2)
stack traceback:
	(string):1: in main chunk
[Interface/AddOns/Blizzard_ScriptErrors/Blizzard_ScriptErrors.lua]:59: in function 'GetErrorData'
[Interface/AddOns/Blizzard_ScriptErrors/Blizzard_ScriptErrors.lua]:72: in function <[Interface/AddOns/Blizzard_ScriptErrors/Blizzard_ScriptErrors.lua]:71>

Lua error: @Interface/AddOns/DialogueUI/Code/Core.lua: Lua error: Interface/AddOns/DialogueUI/Code/Core.lua:74: attempt to call field 'AddCustomLinkType' (a nil value)
stack traceback:
	(string):1: in main chunk
Lua error: Lua Error: @Interface/AddOns/DialogueUI/Code/Core.lua: Lua error: Interface/AddOns/DialogueUI/Code/Core.lua:74: attempt to call field 'AddCustomLinkType' (a nil value)
stack traceback:
	(string):1: in main chunk
[Interface/AddOns/Blizzard_ScriptErrors/Blizzard_ScriptErrors.lua]:59: in function 'GetErrorData'
[Interface/AddOns/Blizzard_ScriptErrors/Blizzard_ScriptErrors.lua]:72: in function <[Interface/AddOns/Blizzard_ScriptErrors/Blizzard_ScriptErrors.lua]:71>

Lua error: [OnEvent] frame=#48560 addon=DialogueUI source=@Interface/AddOns/DialogueUI/Initialization.lua:204: Interface/AddOns/DialogueUI/Initialization.lua:137: attempt to index field 'CallbackRegistry' (a nil value)
stack traceback:
	(string):12: in function <(string):12>
	[C]: in function 'native_xpcall'
	(string):11: in function <(string):10>
	Interface/AddOns/DialogueUI/Initialization.lua:137: in function 'SetDBValue'
	Interface/AddOns/DialogueUI/Initialization.lua:177: in function 'LoadDatabase'
	Interface/AddOns/DialogueUI/Initialization.lua:209: in function <Interface/AddOns/DialogueUI/Initialization.lua:204>
	(tail call): ?
	(tail call): ?
	[C]: in function 'native_xpcall'
	(string):8: in function <(string):5>
	(tail call): ?
Lua error: Lua Error: [OnEvent] frame=#48560 addon=DialogueUI source=@Interface/AddOns/DialogueUI/Initialization.lua:204: Interface/AddOns/DialogueUI/Initialization.lua:137: attempt to index field 'CallbackRegistry' (a nil value)
stack traceback:
	(string):12: in function <(string):12>
	[C]: in function 'native_xpcall'
	(string):11: in function <(string):10>
	Interface/AddOns/DialogueUI/Initialization.lua:137: in function 'SetDBValue'
	Interface/AddOns/DialogueUI/Initialization.lua:177: in function 'LoadDatabase'
	Interface/AddOns/DialogueUI/Initialization.lua:209: in function <Interface/AddOns/DialogueUI/Initialization.lua:204>
	(tail call): ?
	(tail call): ?
	[C]: in function 'native_xpcall'
	(string):8: in function <(string):5>
	(tail call): ?
[Interface/AddOns/Blizzard_ScriptErrors/Blizzard_ScriptErrors.lua]:59: in function 'GetErrorData'
[Interface/AddOns/Blizzard_ScriptErrors/Blizzard_ScriptErrors.lua]:72: in function <[Interface/AddOns/Blizzard_ScriptErrors/Blizzard_ScriptErrors.lua]:71>

Lua error: IO error reading /syncthing/World of Warcraft/_retail_/Interface/AddOns/EnhanceQoL/libs/AceLocale-3.0/AceLocale-3.0.lua: No such file or directory (os error 2)
stack traceback:
	(string):1: in main chunk
Lua error: Lua Error: IO error reading /syncthing/World of Warcraft/_retail_/Interface/AddOns/EnhanceQoL/libs/AceLocale-3.0/AceLocale-3.0.lua: No such file or directory (os error 2)
stack traceback:
	(string):1: in main chunk
[Interface/AddOns/Blizzard_ScriptErrors/Blizzard_ScriptErrors.lua]:59: in function 'GetErrorData'
[Interface/AddOns/Blizzard_ScriptErrors/Blizzard_ScriptErrors.lua]:72: in function <[Interface/AddOns/Blizzard_ScriptErrors/Blizzard_ScriptErrors.lua]:71>

Lua error: @Interface/AddOns/EnhanceQoL/Init.lua: Lua error: Interface/AddOns/EnhanceQoL/Init.lua:70: Cannot find a library instance of "AceLocale-3.0".
stack traceback:
	(string):1: in main chunk
Lua error: Lua Error: @Interface/AddOns/EnhanceQoL/Init.lua: Lua error: Interface/AddOns/EnhanceQoL/Init.lua:70: Cannot find a library instance of "AceLocale-3.0".
stack traceback:
	(string):1: in main chunk
[Interface/AddOns/Blizzard_ScriptErrors/Blizzard_ScriptErrors.lua]:59: in function 'GetErrorData'
[Interface/AddOns/Blizzard_ScriptErrors/Blizzard_ScriptErrors.lua]:72: in function <[Interface/AddOns/Blizzard_ScriptErrors/Blizzard_ScriptErrors.lua]:71>

Lua error: IO error reading /syncthing/World of Warcraft/_retail_/Interface/AddOns/EnhanceQoL/libs/LibDeflate/LibDeflate.lua: No such file or directory (os error 2)
stack traceback:
	(string):1: in main chunk
Lua error: Lua Error: IO error reading /syncthing/World of Warcraft/_retail_/Interface/AddOns/EnhanceQoL/libs/LibDeflate/LibDeflate.lua: No such file or directory (os error 2)
stack traceback:
	(string):1: in main chunk
[Interface/AddOns/Blizzard_ScriptErrors/Blizzard_ScriptErrors.lua]:59: in function 'GetErrorData'
[Interface/AddOns/Blizzard_ScriptErrors/Blizzard_ScriptErrors.lua]:72: in function <[Interface/AddOns/Blizzard_ScriptErrors/Blizzard_ScriptErrors.lua]:71>

Lua error: IO error reading /syncthing/World of Warcraft/_retail_/Interface/AddOns/EnhanceQoL/libs/LibSettingsDesigner/LibSettingsDesignerConfig.lua: No such file or directory (os error 2)
stack traceback:
	(string):1: in main chunk
Lua error: Lua Error: IO error reading /syncthing/World of Warcraft/_retail_/Interface/AddOns/EnhanceQoL/libs/LibSettingsDesigner/LibSettingsDesignerConfig.lua: No such file or directory (os error 2)
stack traceback:
	(string):1: in main chunk
[Interface/AddOns/Blizzard_ScriptErrors/Blizzard_ScriptErrors.lua]:59: in function 'GetErrorData'
[Interface/AddOns/Blizzard_ScriptErrors/Blizzard_ScriptErrors.lua]:72: in function <[Interface/AddOns/Blizzard_ScriptErrors/Blizzard_ScriptErrors.lua]:71>

Lua error: @Interface/AddOns/EnhanceQoL/Core/EditMode.lua: Lua error: EnhanceQoL Edit Mode integration is not loaded
stack traceback:
	(string):1: in main chunk
Lua error: Lua Error: @Interface/AddOns/EnhanceQoL/Core/EditMode.lua: Lua error: EnhanceQoL Edit Mode integration is not loaded
stack traceback:
	(string):1: in main chunk
[Interface/AddOns/Blizzard_ScriptErrors/Blizzard_ScriptErrors.lua]:59: in function 'GetErrorData'
[Interface/AddOns/Blizzard_ScriptErrors/Blizzard_ScriptErrors.lua]:72: in function <[Interface/AddOns/Blizzard_ScriptErrors/Blizzard_ScriptErrors.lua]:71>

Lua error: @Interface/AddOns/EnhanceQoL/Core/SharedAnchors.lua: Lua error: Interface/AddOns/EnhanceQoL/Core/SharedAnchors.lua:14: Cannot find a library instance of "AceLocale-3.0".
stack traceback:
	(string):1: in main chunk
Lua error: Lua Error: @Interface/AddOns/EnhanceQoL/Core/SharedAnchors.lua: Lua error: Interface/AddOns/EnhanceQoL/Core/SharedAnchors.lua:14: Cannot find a library instance of "AceLocale-3.0".
stack traceback:
	(string):1: in main chunk
[Interface/AddOns/Blizzard_ScriptErrors/Blizzard_ScriptErrors.lua]:59: in function 'GetErrorData'
[Interface/AddOns/Blizzard_ScriptErrors/Blizzard_ScriptErrors.lua]:72: in function <[Interface/AddOns/Blizzard_ScriptErrors/Blizzard_ScriptErrors.lua]:71>

Lua error: @Interface/AddOns/EnhanceQoL/Core/EditModeAnchors.lua: Lua error: Interface/AddOns/EnhanceQoL/Core/EditModeAnchors.lua:8: Cannot find a library instance of "AceLocale-3.0".
stack traceback:
	(string):1: in main chunk
Lua error: Lua Error: @Interface/AddOns/EnhanceQoL/Core/EditModeAnchors.lua: Lua error: Interface/AddOns/EnhanceQoL/Core/EditModeAnchors.lua:8: Cannot find a library instance of "AceLocale-3.0".
stack traceback:
	(string):1: in main chunk
[Interface/AddOns/Blizzard_ScriptErrors/Blizzard_ScriptErrors.lua]:59: in function 'GetErrorData'
[Interface/AddOns/Blizzard_ScriptErrors/Blizzard_ScriptErrors.lua]:72: in function <[Interface/AddOns/Blizzard_ScriptErrors/Blizzard_ScriptErrors.lua]:71>

Lua error: @Interface/AddOns/EnhanceQoL/Core/EditModeAnchorUI.lua: Lua error: Interface/AddOns/EnhanceQoL/Core/EditModeAnchorUI.lua:6: Cannot find a library instance of "AceLocale-3.0".
stack traceback:
	(string):1: in main chunk
Lua error: Lua Error: @Interface/AddOns/EnhanceQoL/Core/EditModeAnchorUI.lua: Lua error: Interface/AddOns/EnhanceQoL/Core/EditModeAnchorUI.lua:6: Cannot find a library instance of "AceLocale-3.0".
stack traceback:
	(string):1: in main chunk
[Interface/AddOns/Blizzard_ScriptErrors/Blizzard_ScriptErrors.lua]:59: in function 'GetErrorData'
[Interface/AddOns/Blizzard_ScriptErrors/Blizzard_ScriptErrors.lua]:72: in function <[Interface/AddOns/Blizzard_ScriptErrors/Blizzard_ScriptErrors.lua]:71>

Lua error: @Interface/AddOns/EnhanceQoL/Core/Streams/Stream_Currency.lua: Lua error: ...rface/AddOns/EnhanceQoL/Core/Streams/Stream_Currency.lua:18: attempt to index local 'L' (a nil value)
stack traceback:
	(string):1: in main chunk
Lua error: Lua Error: @Interface/AddOns/EnhanceQoL/Core/Streams/Stream_Currency.lua: Lua error: ...rface/AddOns/EnhanceQoL/Core/Streams/Stream_Currency.lua:18: attempt to index local 'L' (a nil value)
stack traceback:
	(string):1: in main chunk
[Interface/AddOns/Blizzard_ScriptErrors/Blizzard_ScriptErrors.lua]:59: in function 'GetErrorData'
[Interface/AddOns/Blizzard_ScriptErrors/Blizzard_ScriptErrors.lua]:72: in function <[Interface/AddOns/Blizzard_ScriptErrors/Blizzard_ScriptErrors.lua]:71>

Lua error: @Interface/AddOns/EnhanceQoL/Submodules/GemHelper.lua: Lua error: Interface/AddOns/EnhanceQoL/Submodules/GemHelper.lua:3: Cannot find a library instance of "AceLocale-3.0".
stack traceback:
	(string):1: in main chunk
Lua error: Lua Error: @Interface/AddOns/EnhanceQoL/Submodules/GemHelper.lua: Lua error: Interface/AddOns/EnhanceQoL/Submodules/GemHelper.lua:3: Cannot find a library instance of "AceLocale-3.0".
stack traceback:
	(string):1: in main chunk
[Interface/AddOns/Blizzard_ScriptErrors/Blizzard_ScriptErrors.lua]:59: in function 'GetErrorData'
[Interface/AddOns/Blizzard_ScriptErrors/Blizzard_ScriptErrors.lua]:72: in function <[Interface/AddOns/Blizzard_ScriptErrors/Blizzard_ScriptErrors.lua]:71>

Lua error: @Interface/AddOns/EnhanceQoL/Submodules/MountActions.lua: Lua error: Interface/AddOns/EnhanceQoL/Submodules/MountActions.lua:9: Cannot find a library instance of "AceLocale-3.0".
stack traceback:
	(string):1: in main chunk
Lua error: Lua Error: @Interface/AddOns/EnhanceQoL/Submodules/MountActions.lua: Lua error: Interface/AddOns/EnhanceQoL/Submodules/MountActions.lua:9: Cannot find a library instance of "AceLocale-3.0".
stack traceback:
	(string):1: in main chunk
[Interface/AddOns/Blizzard_ScriptErrors/Blizzard_ScriptErrors.lua]:59: in function 'GetErrorData'
[Interface/AddOns/Blizzard_ScriptErrors/Blizzard_ScriptErrors.lua]:72: in function <[Interface/AddOns/Blizzard_ScriptErrors/Blizzard_ScriptErrors.lua]:71>

Lua error: @Interface/AddOns/EnhanceQoL/Submodules/ActionTracker.lua: Lua error: Interface/AddOns/EnhanceQoL/Submodules/ActionTracker.lua:13: Cannot find a library instance of "AceLocale-3.0".
stack traceback:
	(string):1: in main chunk
Lua error: Lua Error: @Interface/AddOns/EnhanceQoL/Submodules/ActionTracker.lua: Lua error: Interface/AddOns/EnhanceQoL/Submodules/ActionTracker.lua:13: Cannot find a library instance of "AceLocale-3.0".
stack traceback:
	(string):1: in main chunk
[Interface/AddOns/Blizzard_ScriptErrors/Blizzard_ScriptErrors.lua]:59: in function 'GetErrorData'
[Interface/AddOns/Blizzard_ScriptErrors/Blizzard_ScriptErrors.lua]:72: in function <[Interface/AddOns/Blizzard_ScriptErrors/Blizzard_ScriptErrors.lua]:71>

Lua error: @Interface/AddOns/EnhanceQoL/Submodules/GroupTools.lua: Lua error: Interface/AddOns/EnhanceQoL/Submodules/GroupTools.lua:14: Cannot find a library instance of "AceLocale-3.0".
stack traceback:
	(string):1: in main chunk
Lua error: Lua Error: @Interface/AddOns/EnhanceQoL/Submodules/GroupTools.lua: Lua error: Interface/AddOns/EnhanceQoL/Submodules/GroupTools.lua:14: Cannot find a library instance of "AceLocale-3.0".
stack traceback:
	(string):1: in main chunk
[Interface/AddOns/Blizzard_ScriptErrors/Blizzard_ScriptErrors.lua]:59: in function 'GetErrorData'
[Interface/AddOns/Blizzard_ScriptErrors/Blizzard_ScriptErrors.lua]:72: in function <[Interface/AddOns/Blizzard_ScriptErrors/Blizzard_ScriptErrors.lua]:71>

Lua error: IO error reading /syncthing/World of Warcraft/_retail_/Interface/AddOns/EnhanceQoL/Settings/SettingsUI.lua: No such file or directory (os error 2)
stack traceback:
	(string):1: in main chunk
Lua error: Lua Error: IO error reading /syncthing/World of Warcraft/_retail_/Interface/AddOns/EnhanceQoL/Settings/SettingsUI.lua: No such file or directory (os error 2)
stack traceback:
	(string):1: in main chunk
[Interface/AddOns/Blizzard_ScriptErrors/Blizzard_ScriptErrors.lua]:59: in function 'GetErrorData'
[Interface/AddOns/Blizzard_ScriptErrors/Blizzard_ScriptErrors.lua]:72: in function <[Interface/AddOns/Blizzard_ScriptErrors/Blizzard_ScriptErrors.lua]:71>

Lua error: @Interface/AddOns/EnhanceQoL/Modules/Mouse/Mouse.lua: Lua error: Interface/AddOns/EnhanceQoL/Modules/Mouse/Mouse.lua:10: Cannot find a library instance of "AceLocale-3.0".
stack traceback:
	(string):1: in main chunk
Lua error: Lua Error: @Interface/AddOns/EnhanceQoL/Modules/Mouse/Mouse.lua: Lua error: Interface/AddOns/EnhanceQoL/Modules/Mouse/Mouse.lua:10: Cannot find a library instance of "AceLocale-3.0".
stack traceback:
	(string):1: in main chunk
[Interface/AddOns/Blizzard_ScriptErrors/Blizzard_ScriptErrors.lua]:59: in function 'GetErrorData'
[Interface/AddOns/Blizzard_ScriptErrors/Blizzard_ScriptErrors.lua]:72: in function <[Interface/AddOns/Blizzard_ScriptErrors/Blizzard_ScriptErrors.lua]:71>

Lua error: IO error reading /syncthing/World of Warcraft/_retail_/Interface/AddOns/EnhanceQoL/Modules/Food/Drinks.lua: No such file or directory (os error 2)
stack traceback:
	(string):1: in main chunk
Lua error: Lua Error: IO error reading /syncthing/World of Warcraft/_retail_/Interface/AddOns/EnhanceQoL/Modules/Food/Drinks.lua: No such file or directory (os error 2)
stack traceback:
	(string):1: in main chunk
[Interface/AddOns/Blizzard_ScriptErrors/Blizzard_ScriptErrors.lua]:59: in function 'GetErrorData'
[Interface/AddOns/Blizzard_ScriptErrors/Blizzard_ScriptErrors.lua]:72: in function <[Interface/AddOns/Blizzard_ScriptErrors/Blizzard_ScriptErrors.lua]:71>

Lua error: @Interface/AddOns/InTime/InTime_UI.lua: Lua error: Interface/AddOns/InTime/InTime_UI.lua:131: attempt to index local 'L' (a nil value)
stack traceback:
	(string):1: in main chunk
Lua error: Lua Error: @Interface/AddOns/InTime/InTime_UI.lua: Lua error: Interface/AddOns/InTime/InTime_UI.lua:131: attempt to index local 'L' (a nil value)
stack traceback:
	(string):1: in main chunk
[Interface/AddOns/Blizzard_ScriptErrors/Blizzard_ScriptErrors.lua]:59: in function 'GetErrorData'
[Interface/AddOns/Blizzard_ScriptErrors/Blizzard_ScriptErrors.lua]:72: in function <[Interface/AddOns/Blizzard_ScriptErrors/Blizzard_ScriptErrors.lua]:71>

Lua error: @Interface/AddOns/InTime/InTime_Core.lua: Lua error: Interface/AddOns/InTime/InTime_Core.lua:20: attempt to index local 'L' (a nil value)
stack traceback:
	(string):1: in main chunk
Lua error: Lua Error: @Interface/AddOns/InTime/InTime_Core.lua: Lua error: Interface/AddOns/InTime/InTime_Core.lua:20: attempt to index local 'L' (a nil value)
stack traceback:
	(string):1: in main chunk
[Interface/AddOns/Blizzard_ScriptErrors/Blizzard_ScriptErrors.lua]:59: in function 'GetErrorData'
[Interface/AddOns/Blizzard_ScriptErrors/Blizzard_ScriptErrors.lua]:72: in function <[Interface/AddOns/Blizzard_ScriptErrors/Blizzard_ScriptErrors.lua]:71>

Lua error: @Interface/AddOns/ItemVersion/Locales/enUS.lua: Lua error: Interface/AddOns/ItemVersion/Locales/enUS.lua:6: Cannot find a library instance of "AceLocale-3.0".
stack traceback:
	(string):1: in main chunk
Lua error: Lua Error: @Interface/AddOns/ItemVersion/Locales/enUS.lua: Lua error: Interface/AddOns/ItemVersion/Locales/enUS.lua:6: Cannot find a library instance of "AceLocale-3.0".
stack traceback:
	(string):1: in main chunk
[Interface/AddOns/Blizzard_ScriptErrors/Blizzard_ScriptErrors.lua]:59: in function 'GetErrorData'
[Interface/AddOns/Blizzard_ScriptErrors/Blizzard_ScriptErrors.lua]:72: in function <[Interface/AddOns/Blizzard_ScriptErrors/Blizzard_ScriptErrors.lua]:71>

Lua error: @Interface/AddOns/ItemVersion/Locales/zhCN.lua: Lua error: Interface/AddOns/ItemVersion/Locales/zhCN.lua:6: Cannot find a library instance of "AceLocale-3.0".
stack traceback:
	(string):1: in main chunk
Lua error: Lua Error: @Interface/AddOns/ItemVersion/Locales/zhCN.lua: Lua error: Interface/AddOns/ItemVersion/Locales/zhCN.lua:6: Cannot find a library instance of "AceLocale-3.0".
stack traceback:
	(string):1: in main chunk
[Interface/AddOns/Blizzard_ScriptErrors/Blizzard_ScriptErrors.lua]:59: in function 'GetErrorData'
[Interface/AddOns/Blizzard_ScriptErrors/Blizzard_ScriptErrors.lua]:72: in function <[Interface/AddOns/Blizzard_ScriptErrors/Blizzard_ScriptErrors.lua]:71>

Lua error: @Interface/AddOns/ItemVersion/Profile.lua: Lua error: Interface/AddOns/ItemVersion/Profile.lua:3: Cannot find a library instance of "AceLocale-3.0".
stack traceback:
	(string):1: in main chunk
Lua error: Lua Error: @Interface/AddOns/ItemVersion/Profile.lua: Lua error: Interface/AddOns/ItemVersion/Profile.lua:3: Cannot find a library instance of "AceLocale-3.0".
stack traceback:
	(string):1: in main chunk
[Interface/AddOns/Blizzard_ScriptErrors/Blizzard_ScriptErrors.lua]:59: in function 'GetErrorData'
[Interface/AddOns/Blizzard_ScriptErrors/Blizzard_ScriptErrors.lua]:72: in function <[Interface/AddOns/Blizzard_ScriptErrors/Blizzard_ScriptErrors.lua]:71>

Lua error: @Interface/AddOns/ItemVersion/Expansion.lua: Lua error: Interface/AddOns/ItemVersion/Expansion.lua:3: Cannot find a library instance of "AceLocale-3.0".
stack traceback:
	(string):1: in main chunk
Lua error: Lua Error: @Interface/AddOns/ItemVersion/Expansion.lua: Lua error: Interface/AddOns/ItemVersion/Expansion.lua:3: Cannot find a library instance of "AceLocale-3.0".
stack traceback:
	(string):1: in main chunk
[Interface/AddOns/Blizzard_ScriptErrors/Blizzard_ScriptErrors.lua]:59: in function 'GetErrorData'
[Interface/AddOns/Blizzard_ScriptErrors/Blizzard_ScriptErrors.lua]:72: in function <[Interface/AddOns/Blizzard_ScriptErrors/Blizzard_ScriptErrors.lua]:71>

Lua error: @Interface/AddOns/ItemVersion/Options.lua: Lua error: Interface/AddOns/ItemVersion/Options.lua:3: Cannot find a library instance of "AceLocale-3.0".
stack traceback:
	(string):1: in main chunk
Lua error: Lua Error: @Interface/AddOns/ItemVersion/Options.lua: Lua error: Interface/AddOns/ItemVersion/Options.lua:3: Cannot find a library instance of "AceLocale-3.0".
stack traceback:
	(string):1: in main chunk
[Interface/AddOns/Blizzard_ScriptErrors/Blizzard_ScriptErrors.lua]:59: in function 'GetErrorData'
[Interface/AddOns/Blizzard_ScriptErrors/Blizzard_ScriptErrors.lua]:72: in function <[Interface/AddOns/Blizzard_ScriptErrors/Blizzard_ScriptErrors.lua]:71>

Lua error: @Interface/AddOns/ItemVersion/SlashCommands.lua: Lua error: Interface/AddOns/ItemVersion/SlashCommands.lua:3: Cannot find a library instance of "AceLocale-3.0".
stack traceback:
	(string):1: in main chunk
Lua error: Lua Error: @Interface/AddOns/ItemVersion/SlashCommands.lua: Lua error: Interface/AddOns/ItemVersion/SlashCommands.lua:3: Cannot find a library instance of "AceLocale-3.0".
stack traceback:
	(string):1: in main chunk
[Interface/AddOns/Blizzard_ScriptErrors/Blizzard_ScriptErrors.lua]:59: in function 'GetErrorData'
[Interface/AddOns/Blizzard_ScriptErrors/Blizzard_ScriptErrors.lua]:72: in function <[Interface/AddOns/Blizzard_ScriptErrors/Blizzard_ScriptErrors.lua]:71>

Lua error: @Interface/AddOns/Leatrix_Plus/Leatrix_Plus_Media.lua: Lua error: Interface/AddOns/Leatrix_Plus/Leatrix_Plus_Media.lua:10: attempt to index local 'L' (a nil value)
stack traceback:
	(string):1: in main chunk
Lua error: Lua Error: @Interface/AddOns/Leatrix_Plus/Leatrix_Plus_Media.lua: Lua error: Interface/AddOns/Leatrix_Plus/Leatrix_Plus_Media.lua:10: attempt to index local 'L' (a nil value)
stack traceback:
	(string):1: in main chunk
[Interface/AddOns/Blizzard_ScriptErrors/Blizzard_ScriptErrors.lua]:59: in function 'GetErrorData'
[Interface/AddOns/Blizzard_ScriptErrors/Blizzard_ScriptErrors.lua]:72: in function <[Interface/AddOns/Blizzard_ScriptErrors/Blizzard_ScriptErrors.lua]:71>

Lua error: @Interface/AddOns/Leatrix_Plus/Leatrix_Plus.lua: Lua error: Interface/AddOns/Leatrix_Plus/Leatrix_Plus.lua:61: attempt to index local 'L' (a nil value)
stack traceback:
	(string):1: in main chunk
Lua error: Lua Error: @Interface/AddOns/Leatrix_Plus/Leatrix_Plus.lua: Lua error: Interface/AddOns/Leatrix_Plus/Leatrix_Plus.lua:61: attempt to index local 'L' (a nil value)
stack traceback:
	(string):1: in main chunk
[Interface/AddOns/Blizzard_ScriptErrors/Blizzard_ScriptErrors.lua]:59: in function 'GetErrorData'
[Interface/AddOns/Blizzard_ScriptErrors/Blizzard_ScriptErrors.lua]:72: in function <[Interface/AddOns/Blizzard_ScriptErrors/Blizzard_ScriptErrors.lua]:71>

Lua error: @Interface/AddOns/Plumber/Locales/enUS.lua: Lua error: Interface/AddOns/Plumber/Locales/enUS.lua:17: attempt to index local 'L' (a nil value)
stack traceback:
	(string):1: in main chunk
Lua error: Lua Error: @Interface/AddOns/Plumber/Locales/enUS.lua: Lua error: Interface/AddOns/Plumber/Locales/enUS.lua:17: attempt to index local 'L' (a nil value)
stack traceback:
	(string):1: in main chunk
[Interface/AddOns/Blizzard_ScriptErrors/Blizzard_ScriptErrors.lua]:59: in function 'GetErrorData'
[Interface/AddOns/Blizzard_ScriptErrors/Blizzard_ScriptErrors.lua]:72: in function <[Interface/AddOns/Blizzard_ScriptErrors/Blizzard_ScriptErrors.lua]:71>

Lua error: @Interface/AddOns/Plumber/Modules/Shared/SharedData.lua: Lua error: Interface/AddOns/Plumber/Modules/Shared/SharedData.lua:51: attempt to index local 'L' (a nil value)
stack traceback:
	(string):1: in main chunk
Lua error: Lua Error: @Interface/AddOns/Plumber/Modules/Shared/SharedData.lua: Lua error: Interface/AddOns/Plumber/Modules/Shared/SharedData.lua:51: attempt to index local 'L' (a nil value)
stack traceback:
	(string):1: in main chunk
[Interface/AddOns/Blizzard_ScriptErrors/Blizzard_ScriptErrors.lua]:59: in function 'GetErrorData'
[Interface/AddOns/Blizzard_ScriptErrors/Blizzard_ScriptErrors.lua]:72: in function <[Interface/AddOns/Blizzard_ScriptErrors/Blizzard_ScriptErrors.lua]:71>

Lua error: IO error loading /syncthing/World of Warcraft/_retail_/Interface/AddOns/Plumber/Modules/Shared/SharedWidgets.xml: No such file or directory (os error 2)
stack traceback:
	(string):1: in main chunk
Lua error: Lua Error: IO error loading /syncthing/World of Warcraft/_retail_/Interface/AddOns/Plumber/Modules/Shared/SharedWidgets.xml: No such file or directory (os error 2)
stack traceback:
	(string):1: in main chunk
[Interface/AddOns/Blizzard_ScriptErrors/Blizzard_ScriptErrors.lua]:59: in function 'GetErrorData'
[Interface/AddOns/Blizzard_ScriptErrors/Blizzard_ScriptErrors.lua]:72: in function <[Interface/AddOns/Blizzard_ScriptErrors/Blizzard_ScriptErrors.lua]:71>

Lua error: XML error: IO error loading /syncthing/World of Warcraft/_retail_/Interface/AddOns/Plumber/Modules/Shared/SharedWidgets.xml: No such file or directory (os error 2)
stack traceback:
	(string):1: in main chunk
Lua error: Lua Error: XML error: IO error loading /syncthing/World of Warcraft/_retail_/Interface/AddOns/Plumber/Modules/Shared/SharedWidgets.xml: No such file or directory (os error 2)
stack traceback:
	(string):1: in main chunk
[Interface/AddOns/Blizzard_ScriptErrors/Blizzard_ScriptErrors.lua]:59: in function 'GetErrorData'
[Interface/AddOns/Blizzard_ScriptErrors/Blizzard_ScriptErrors.lua]:72: in function <[Interface/AddOns/Blizzard_ScriptErrors/Blizzard_ScriptErrors.lua]:71>

Lua error: @Interface/AddOns/Plumber/Modules/ScenarioTracker.lua: Lua error: Interface/AddOns/Plumber/Modules/ScenarioTracker.lua:150: attempt to index local 'API' (a nil value)
stack traceback:
	(string):1: in main chunk
Lua error: Lua Error: @Interface/AddOns/Plumber/Modules/ScenarioTracker.lua: Lua error: Interface/AddOns/Plumber/Modules/ScenarioTracker.lua:150: attempt to index local 'API' (a nil value)
stack traceback:
	(string):1: in main chunk
[Interface/AddOns/Blizzard_ScriptErrors/Blizzard_ScriptErrors.lua]:59: in function 'GetErrorData'
[Interface/AddOns/Blizzard_ScriptErrors/Blizzard_ScriptErrors.lua]:72: in function <[Interface/AddOns/Blizzard_ScriptErrors/Blizzard_ScriptErrors.lua]:71>

Lua error: IO error reading /syncthing/World of Warcraft/_retail_/Interface/AddOns/Plumber/Modules/ControlCenter/Preload.lua: No such file or directory (os error 2)
stack traceback:
	(string):1: in main chunk
Lua error: Lua Error: IO error reading /syncthing/World of Warcraft/_retail_/Interface/AddOns/Plumber/Modules/ControlCenter/Preload.lua: No such file or directory (os error 2)
stack traceback:
	(string):1: in main chunk
[Interface/AddOns/Blizzard_ScriptErrors/Blizzard_ScriptErrors.lua]:59: in function 'GetErrorData'
[Interface/AddOns/Blizzard_ScriptErrors/Blizzard_ScriptErrors.lua]:72: in function <[Interface/AddOns/Blizzard_ScriptErrors/Blizzard_ScriptErrors.lua]:71>

Lua error: @Interface/AddOns/Plumber/Modules/Macros.lua: Lua error: Interface/AddOns/Plumber/Modules/Macros.lua:47: attempt to index local 'API' (a nil value)
stack traceback:
	(string):1: in main chunk
Lua error: Lua Error: @Interface/AddOns/Plumber/Modules/Macros.lua: Lua error: Interface/AddOns/Plumber/Modules/Macros.lua:47: attempt to index local 'API' (a nil value)
stack traceback:
	(string):1: in main chunk
[Interface/AddOns/Blizzard_ScriptErrors/Blizzard_ScriptErrors.lua]:59: in function 'GetErrorData'
[Interface/AddOns/Blizzard_ScriptErrors/Blizzard_ScriptErrors.lua]:72: in function <[Interface/AddOns/Blizzard_ScriptErrors/Blizzard_ScriptErrors.lua]:71>

Lua error: @Interface/AddOns/Plumber/Modules/BackpackItemTracker.lua: Lua error: Interface/AddOns/Plumber/Modules/BackpackItemTracker.lua:20: attempt to index local 'API' (a nil value)
stack traceback:
	(string):1: in main chunk
Lua error: Lua Error: @Interface/AddOns/Plumber/Modules/BackpackItemTracker.lua: Lua error: Interface/AddOns/Plumber/Modules/BackpackItemTracker.lua:20: attempt to index local 'API' (a nil value)
stack traceback:
	(string):1: in main chunk
[Interface/AddOns/Blizzard_ScriptErrors/Blizzard_ScriptErrors.lua]:59: in function 'GetErrorData'
[Interface/AddOns/Blizzard_ScriptErrors/Blizzard_ScriptErrors.lua]:72: in function <[Interface/AddOns/Blizzard_ScriptErrors/Blizzard_ScriptErrors.lua]:71>

Lua error: @Interface/AddOns/Plumber/Modules/PlayerChoiceFrameToken.lua: Lua error: Interface/AddOns/Plumber/Modules/PlayerChoiceFrameToken.lua:5: attempt to index field 'API' (a nil value)
stack traceback:
	(string):1: in main chunk
Lua error: Lua Error: @Interface/AddOns/Plumber/Modules/PlayerChoiceFrameToken.lua: Lua error: Interface/AddOns/Plumber/Modules/PlayerChoiceFrameToken.lua:5: attempt to index field 'API' (a nil value)
stack traceback:
	(string):1: in main chunk
[Interface/AddOns/Blizzard_ScriptErrors/Blizzard_ScriptErrors.lua]:59: in function 'GetErrorData'
[Interface/AddOns/Blizzard_ScriptErrors/Blizzard_ScriptErrors.lua]:72: in function <[Interface/AddOns/Blizzard_ScriptErrors/Blizzard_ScriptErrors.lua]:71>

Lua error: @Interface/AddOns/Plumber/Modules/QuickSlot.lua: Lua error: Interface/AddOns/Plumber/Modules/QuickSlot.lua:4: attempt to index local 'API' (a nil value)
stack traceback:
	(string):1: in main chunk
Lua error: Lua Error: @Interface/AddOns/Plumber/Modules/QuickSlot.lua: Lua error: Interface/AddOns/Plumber/Modules/QuickSlot.lua:4: attempt to index local 'API' (a nil value)
stack traceback:
	(string):1: in main chunk
[Interface/AddOns/Blizzard_ScriptErrors/Blizzard_ScriptErrors.lua]:59: in function 'GetErrorData'
[Interface/AddOns/Blizzard_ScriptErrors/Blizzard_ScriptErrors.lua]:72: in function <[Interface/AddOns/Blizzard_ScriptErrors/Blizzard_ScriptErrors.lua]:71>

Lua error: @Interface/AddOns/Plumber/Modules/RareAnnouncement.lua: Lua error: Interface/AddOns/Plumber/Modules/RareAnnouncement.lua:6: attempt to index local 'API' (a nil value)
stack traceback:
	(string):1: in main chunk
Lua error: Lua Error: @Interface/AddOns/Plumber/Modules/RareAnnouncement.lua: Lua error: Interface/AddOns/Plumber/Modules/RareAnnouncement.lua:6: attempt to index local 'API' (a nil value)
stack traceback:
	(string):1: in main chunk
[Interface/AddOns/Blizzard_ScriptErrors/Blizzard_ScriptErrors.lua]:59: in function 'GetErrorData'
[Interface/AddOns/Blizzard_ScriptErrors/Blizzard_ScriptErrors.lua]:72: in function <[Interface/AddOns/Blizzard_ScriptErrors/Blizzard_ScriptErrors.lua]:71>

Lua error: @Interface/AddOns/Plumber/Modules/MerchantPrice.lua: Lua error: Interface/AddOns/Plumber/Modules/MerchantPrice.lua:27: attempt to index local 'API' (a nil value)
stack traceback:
	(string):1: in main chunk
Lua error: Lua Error: @Interface/AddOns/Plumber/Modules/MerchantPrice.lua: Lua error: Interface/AddOns/Plumber/Modules/MerchantPrice.lua:27: attempt to index local 'API' (a nil value)
stack traceback:
	(string):1: in main chunk
[Interface/AddOns/Blizzard_ScriptErrors/Blizzard_ScriptErrors.lua]:59: in function 'GetErrorData'
[Interface/AddOns/Blizzard_ScriptErrors/Blizzard_ScriptErrors.lua]:72: in function <[Interface/AddOns/Blizzard_ScriptErrors/Blizzard_ScriptErrors.lua]:71>

Lua error: @Interface/AddOns/Plumber/Modules/DelvesAutomation.lua: Lua error: Interface/AddOns/Plumber/Modules/DelvesAutomation.lua:75: attempt to index field 'L' (a nil value)
stack traceback:
	(string):1: in main chunk
Lua error: Lua Error: @Interface/AddOns/Plumber/Modules/DelvesAutomation.lua: Lua error: Interface/AddOns/Plumber/Modules/DelvesAutomation.lua:75: attempt to index field 'L' (a nil value)
stack traceback:
	(string):1: in main chunk
[Interface/AddOns/Blizzard_ScriptErrors/Blizzard_ScriptErrors.lua]:59: in function 'GetErrorData'
[Interface/AddOns/Blizzard_ScriptErrors/Blizzard_ScriptErrors.lua]:72: in function <[Interface/AddOns/Blizzard_ScriptErrors/Blizzard_ScriptErrors.lua]:71>

Lua error: IO error reading /syncthing/World of Warcraft/_retail_/Interface/AddOns/Plumber/Modules/GameTooltip_Core.lua: No such file or directory (os error 2)
stack traceback:
	(string):1: in main chunk
Lua error: Lua Error: IO error reading /syncthing/World of Warcraft/_retail_/Interface/AddOns/Plumber/Modules/GameTooltip_Core.lua: No such file or directory (os error 2)
stack traceback:
	(string):1: in main chunk
[Interface/AddOns/Blizzard_ScriptErrors/Blizzard_ScriptErrors.lua]:59: in function 'GetErrorData'
[Interface/AddOns/Blizzard_ScriptErrors/Blizzard_ScriptErrors.lua]:72: in function <[Interface/AddOns/Blizzard_ScriptErrors/Blizzard_ScriptErrors.lua]:71>

Lua error: @Interface/AddOns/Plumber/Modules/UnderlightAngler.lua: Lua error: Interface/AddOns/Plumber/Modules/UnderlightAngler.lua:69: attempt to index field 'L' (a nil value)
stack traceback:
	(string):1: in main chunk
Lua error: Lua Error: @Interface/AddOns/Plumber/Modules/UnderlightAngler.lua: Lua error: Interface/AddOns/Plumber/Modules/UnderlightAngler.lua:69: attempt to index field 'L' (a nil value)
stack traceback:
	(string):1: in main chunk
[Interface/AddOns/Blizzard_ScriptErrors/Blizzard_ScriptErrors.lua]:59: in function 'GetErrorData'
[Interface/AddOns/Blizzard_ScriptErrors/Blizzard_ScriptErrors.lua]:72: in function <[Interface/AddOns/Blizzard_ScriptErrors/Blizzard_ScriptErrors.lua]:71>

Lua error: @Interface/AddOns/Plumber/Modules/ChatOptions.lua: Lua error: Interface/AddOns/Plumber/Modules/ChatOptions.lua:205: attempt to index local 'API' (a nil value)
stack traceback:
	(string):1: in main chunk
Lua error: Lua Error: @Interface/AddOns/Plumber/Modules/ChatOptions.lua: Lua error: Interface/AddOns/Plumber/Modules/ChatOptions.lua:205: attempt to index local 'API' (a nil value)
stack traceback:
	(string):1: in main chunk
[Interface/AddOns/Blizzard_ScriptErrors/Blizzard_ScriptErrors.lua]:59: in function 'GetErrorData'
[Interface/AddOns/Blizzard_ScriptErrors/Blizzard_ScriptErrors.lua]:72: in function <[Interface/AddOns/Blizzard_ScriptErrors/Blizzard_ScriptErrors.lua]:71>

Lua error: IO error reading /syncthing/World of Warcraft/_retail_/Interface/AddOns/Plumber/Modules/StaticPopup_QuestItemDestroyAlert.lua: No such file or directory (os error 2)
stack traceback:
	(string):1: in main chunk
Lua error: Lua Error: IO error reading /syncthing/World of Warcraft/_retail_/Interface/AddOns/Plumber/Modules/StaticPopup_QuestItemDestroyAlert.lua: No such file or directory (os error 2)
stack traceback:
	(string):1: in main chunk
[Interface/AddOns/Blizzard_ScriptErrors/Blizzard_ScriptErrors.lua]:59: in function 'GetErrorData'
[Interface/AddOns/Blizzard_ScriptErrors/Blizzard_ScriptErrors.lua]:72: in function <[Interface/AddOns/Blizzard_ScriptErrors/Blizzard_ScriptErrors.lua]:71>

Lua error: @Interface/AddOns/Plumber/Modules/ProfessionsBook.lua: Lua error: Interface/AddOns/Plumber/Modules/ProfessionsBook.lua:7: attempt to index field 'GameTooltipManager' (a nil value)
stack traceback:
	(string):1: in main chunk
Lua error: Lua Error: @Interface/AddOns/Plumber/Modules/ProfessionsBook.lua: Lua error: Interface/AddOns/Plumber/Modules/ProfessionsBook.lua:7: attempt to index field 'GameTooltipManager' (a nil value)
stack traceback:
	(string):1: in main chunk
[Interface/AddOns/Blizzard_ScriptErrors/Blizzard_ScriptErrors.lua]:59: in function 'GetErrorData'
[Interface/AddOns/Blizzard_ScriptErrors/Blizzard_ScriptErrors.lua]:72: in function <[Interface/AddOns/Blizzard_ScriptErrors/Blizzard_ScriptErrors.lua]:71>

Lua error: @Interface/AddOns/Plumber/Modules/HolidayDungeon.lua: Lua error: Interface/AddOns/Plumber/Modules/HolidayDungeon.lua:90: attempt to index field 'L' (a nil value)
stack traceback:
	(string):1: in main chunk
Lua error: Lua Error: @Interface/AddOns/Plumber/Modules/HolidayDungeon.lua: Lua error: Interface/AddOns/Plumber/Modules/HolidayDungeon.lua:90: attempt to index field 'L' (a nil value)
stack traceback:
	(string):1: in main chunk
[Interface/AddOns/Blizzard_ScriptErrors/Blizzard_ScriptErrors.lua]:59: in function 'GetErrorData'
[Interface/AddOns/Blizzard_ScriptErrors/Blizzard_ScriptErrors.lua]:72: in function <[Interface/AddOns/Blizzard_ScriptErrors/Blizzard_ScriptErrors.lua]:71>

Lua error: @Interface/AddOns/Plumber/Modules/SourceAchievementLink.lua: Lua error: Interface/AddOns/Plumber/Modules/SourceAchievementLink.lua:6: attempt to index local 'API' (a nil value)
stack traceback:
	(string):1: in main chunk
Lua error: Lua Error: @Interface/AddOns/Plumber/Modules/SourceAchievementLink.lua: Lua error: Interface/AddOns/Plumber/Modules/SourceAchievementLink.lua:6: attempt to index local 'API' (a nil value)
stack traceback:
	(string):1: in main chunk
[Interface/AddOns/Blizzard_ScriptErrors/Blizzard_ScriptErrors.lua]:59: in function 'GetErrorData'
[Interface/AddOns/Blizzard_ScriptErrors/Blizzard_ScriptErrors.lua]:72: in function <[Interface/AddOns/Blizzard_ScriptErrors/Blizzard_ScriptErrors.lua]:71>

Lua error: IO error reading /syncthing/World of Warcraft/_retail_/Interface/AddOns/Plumber/Modules/OutfitSelect.lua: No such file or directory (os error 2)
stack traceback:
	(string):1: in main chunk
Lua error: Lua Error: IO error reading /syncthing/World of Warcraft/_retail_/Interface/AddOns/Plumber/Modules/OutfitSelect.lua: No such file or directory (os error 2)
stack traceback:
	(string):1: in main chunk
[Interface/AddOns/Blizzard_ScriptErrors/Blizzard_ScriptErrors.lua]:59: in function 'GetErrorData'
[Interface/AddOns/Blizzard_ScriptErrors/Blizzard_ScriptErrors.lua]:72: in function <[Interface/AddOns/Blizzard_ScriptErrors/Blizzard_ScriptErrors.lua]:71>

Lua error: @Interface/AddOns/Plumber/Modules/CatalystUI.lua: Lua error: Interface/AddOns/Plumber/Modules/CatalystUI.lua:178: attempt to index field 'L' (a nil value)
stack traceback:
	(string):1: in main chunk
Lua error: Lua Error: @Interface/AddOns/Plumber/Modules/CatalystUI.lua: Lua error: Interface/AddOns/Plumber/Modules/CatalystUI.lua:178: attempt to index field 'L' (a nil value)
stack traceback:
	(string):1: in main chunk
[Interface/AddOns/Blizzard_ScriptErrors/Blizzard_ScriptErrors.lua]:59: in function 'GetErrorData'
[Interface/AddOns/Blizzard_ScriptErrors/Blizzard_ScriptErrors.lua]:72: in function <[Interface/AddOns/Blizzard_ScriptErrors/Blizzard_ScriptErrors.lua]:71>

Lua error: @Interface/AddOns/Plumber/Modules/HuntTable.lua: Lua error: Interface/AddOns/Plumber/Modules/HuntTable.lua:3: attempt to index field 'API' (a nil value)
stack traceback:
	(string):1: in main chunk
Lua error: Lua Error: @Interface/AddOns/Plumber/Modules/HuntTable.lua: Lua error: Interface/AddOns/Plumber/Modules/HuntTable.lua:3: attempt to index field 'API' (a nil value)
stack traceback:
	(string):1: in main chunk
[Interface/AddOns/Blizzard_ScriptErrors/Blizzard_ScriptErrors.lua]:59: in function 'GetErrorData'
[Interface/AddOns/Blizzard_ScriptErrors/Blizzard_ScriptErrors.lua]:72: in function <[Interface/AddOns/Blizzard_ScriptErrors/Blizzard_ScriptErrors.lua]:71>

Lua error: @Interface/AddOns/SavedInstances/Init.lua: Lua error: Interface/AddOns/SavedInstances/Init.lua:2: Cannot find a library instance of "AceAddon-3.0".
stack traceback:
	(string):1: in main chunk
Lua error: Lua Error: @Interface/AddOns/SavedInstances/Init.lua: Lua error: Interface/AddOns/SavedInstances/Init.lua:2: Cannot find a library instance of "AceAddon-3.0".
stack traceback:
	(string):1: in main chunk
[Interface/AddOns/Blizzard_ScriptErrors/Blizzard_ScriptErrors.lua]:59: in function 'GetErrorData'
[Interface/AddOns/Blizzard_ScriptErrors/Blizzard_ScriptErrors.lua]:72: in function <[Interface/AddOns/Blizzard_ScriptErrors/Blizzard_ScriptErrors.lua]:71>

Lua error: @Interface/AddOns/SavedInstances/Locales/Locale.lua: Lua error: bad argument #1 to 'setmetatable' (table expected)
stack traceback:
	(string):1: in main chunk
Lua error: Lua Error: @Interface/AddOns/SavedInstances/Locales/Locale.lua: Lua error: bad argument #1 to 'setmetatable' (table expected)
stack traceback:
	(string):1: in main chunk
[Interface/AddOns/Blizzard_ScriptErrors/Blizzard_ScriptErrors.lua]:59: in function 'GetErrorData'
[Interface/AddOns/Blizzard_ScriptErrors/Blizzard_ScriptErrors.lua]:72: in function <[Interface/AddOns/Blizzard_ScriptErrors/Blizzard_ScriptErrors.lua]:71>

Lua error: @Interface/AddOns/SavedInstances/Core/Tooltip.lua: Lua error: Interface/AddOns/SavedInstances/Core/Tooltip.lua:2: attempt to index local 'SI' (a nil value)
stack traceback:
	(string):1: in main chunk
Lua error: Lua Error: @Interface/AddOns/SavedInstances/Core/Tooltip.lua: Lua error: Interface/AddOns/SavedInstances/Core/Tooltip.lua:2: attempt to index local 'SI' (a nil value)
stack traceback:
	(string):1: in main chunk
[Interface/AddOns/Blizzard_ScriptErrors/Blizzard_ScriptErrors.lua]:59: in function 'GetErrorData'
[Interface/AddOns/Blizzard_ScriptErrors/Blizzard_ScriptErrors.lua]:72: in function <[Interface/AddOns/Blizzard_ScriptErrors/Blizzard_ScriptErrors.lua]:71>

Lua error: @Interface/AddOns/SavedInstances/Core/Debug.lua: Lua error: Interface/AddOns/SavedInstances/Core/Debug.lua:18: attempt to index local 'SI' (a nil value)
stack traceback:
	(string):1: in main chunk
Lua error: Lua Error: @Interface/AddOns/SavedInstances/Core/Debug.lua: Lua error: Interface/AddOns/SavedInstances/Core/Debug.lua:18: attempt to index local 'SI' (a nil value)
stack traceback:
	(string):1: in main chunk
[Interface/AddOns/Blizzard_ScriptErrors/Blizzard_ScriptErrors.lua]:59: in function 'GetErrorData'
[Interface/AddOns/Blizzard_ScriptErrors/Blizzard_ScriptErrors.lua]:72: in function <[Interface/AddOns/Blizzard_ScriptErrors/Blizzard_ScriptErrors.lua]:71>

Lua error: @Interface/AddOns/SavedInstances/Modules/BonusRoll.lua: Lua error: Interface/AddOns/SavedInstances/Modules/BonusRoll.lua:2: attempt to index local 'SI' (a nil value)
stack traceback:
	(string):1: in main chunk
Lua error: Lua Error: @Interface/AddOns/SavedInstances/Modules/BonusRoll.lua: Lua error: Interface/AddOns/SavedInstances/Modules/BonusRoll.lua:2: attempt to index local 'SI' (a nil value)
stack traceback:
	(string):1: in main chunk
[Interface/AddOns/Blizzard_ScriptErrors/Blizzard_ScriptErrors.lua]:59: in function 'GetErrorData'
[Interface/AddOns/Blizzard_ScriptErrors/Blizzard_ScriptErrors.lua]:72: in function <[Interface/AddOns/Blizzard_ScriptErrors/Blizzard_ScriptErrors.lua]:71>

Lua error: @Interface/AddOns/SavedInstances/Modules/Calling.lua: Lua error: Interface/AddOns/SavedInstances/Modules/Calling.lua:2: attempt to index local 'SI' (a nil value)
stack traceback:
	(string):1: in main chunk
Lua error: Lua Error: @Interface/AddOns/SavedInstances/Modules/Calling.lua: Lua error: Interface/AddOns/SavedInstances/Modules/Calling.lua:2: attempt to index local 'SI' (a nil value)
stack traceback:
	(string):1: in main chunk
[Interface/AddOns/Blizzard_ScriptErrors/Blizzard_ScriptErrors.lua]:59: in function 'GetErrorData'
[Interface/AddOns/Blizzard_ScriptErrors/Blizzard_ScriptErrors.lua]:72: in function <[Interface/AddOns/Blizzard_ScriptErrors/Blizzard_ScriptErrors.lua]:71>

Lua error: @Interface/AddOns/SavedInstances/Modules/Emissary.lua: Lua error: Interface/AddOns/SavedInstances/Modules/Emissary.lua:2: attempt to index local 'SI' (a nil value)
stack traceback:
	(string):1: in main chunk
Lua error: Lua Error: @Interface/AddOns/SavedInstances/Modules/Emissary.lua: Lua error: Interface/AddOns/SavedInstances/Modules/Emissary.lua:2: attempt to index local 'SI' (a nil value)
stack traceback:
	(string):1: in main chunk
[Interface/AddOns/Blizzard_ScriptErrors/Blizzard_ScriptErrors.lua]:59: in function 'GetErrorData'
[Interface/AddOns/Blizzard_ScriptErrors/Blizzard_ScriptErrors.lua]:72: in function <[Interface/AddOns/Blizzard_ScriptErrors/Blizzard_ScriptErrors.lua]:71>

Lua error: @Interface/AddOns/SavedInstances/Modules/MythicPlus.lua: Lua error: Interface/AddOns/SavedInstances/Modules/MythicPlus.lua:2: attempt to index local 'SI' (a nil value)
stack traceback:
	(string):1: in main chunk
Lua error: Lua Error: @Interface/AddOns/SavedInstances/Modules/MythicPlus.lua: Lua error: Interface/AddOns/SavedInstances/Modules/MythicPlus.lua:2: attempt to index local 'SI' (a nil value)
stack traceback:
	(string):1: in main chunk
[Interface/AddOns/Blizzard_ScriptErrors/Blizzard_ScriptErrors.lua]:59: in function 'GetErrorData'
[Interface/AddOns/Blizzard_ScriptErrors/Blizzard_ScriptErrors.lua]:72: in function <[Interface/AddOns/Blizzard_ScriptErrors/Blizzard_ScriptErrors.lua]:71>

Lua error: @Interface/AddOns/SavedInstances/Modules/Paragon.lua: Lua error: Interface/AddOns/SavedInstances/Modules/Paragon.lua:2: attempt to index local 'SI' (a nil value)
stack traceback:
	(string):1: in main chunk
Lua error: Lua Error: @Interface/AddOns/SavedInstances/Modules/Paragon.lua: Lua error: Interface/AddOns/SavedInstances/Modules/Paragon.lua:2: attempt to index local 'SI' (a nil value)
stack traceback:
	(string):1: in main chunk
[Interface/AddOns/Blizzard_ScriptErrors/Blizzard_ScriptErrors.lua]:59: in function 'GetErrorData'
[Interface/AddOns/Blizzard_ScriptErrors/Blizzard_ScriptErrors.lua]:72: in function <[Interface/AddOns/Blizzard_ScriptErrors/Blizzard_ScriptErrors.lua]:71>

Lua error: @Interface/AddOns/SavedInstances/Modules/TradeSkill.lua: Lua error: Interface/AddOns/SavedInstances/Modules/TradeSkill.lua:2: attempt to index local 'SI' (a nil value)
stack traceback:
	(string):1: in main chunk
Lua error: Lua Error: @Interface/AddOns/SavedInstances/Modules/TradeSkill.lua: Lua error: Interface/AddOns/SavedInstances/Modules/TradeSkill.lua:2: attempt to index local 'SI' (a nil value)
stack traceback:
	(string):1: in main chunk
[Interface/AddOns/Blizzard_ScriptErrors/Blizzard_ScriptErrors.lua]:59: in function 'GetErrorData'
[Interface/AddOns/Blizzard_ScriptErrors/Blizzard_ScriptErrors.lua]:72: in function <[Interface/AddOns/Blizzard_ScriptErrors/Blizzard_ScriptErrors.lua]:71>

Lua error: @Interface/AddOns/SavedInstances/Modules/WorldBoss.lua: Lua error: Interface/AddOns/SavedInstances/Modules/WorldBoss.lua:2: attempt to index local 'SI' (a nil value)
stack traceback:
	(string):1: in main chunk
Lua error: Lua Error: @Interface/AddOns/SavedInstances/Modules/WorldBoss.lua: Lua error: Interface/AddOns/SavedInstances/Modules/WorldBoss.lua:2: attempt to index local 'SI' (a nil value)
stack traceback:
	(string):1: in main chunk
[Interface/AddOns/Blizzard_ScriptErrors/Blizzard_ScriptErrors.lua]:59: in function 'GetErrorData'
[Interface/AddOns/Blizzard_ScriptErrors/Blizzard_ScriptErrors.lua]:72: in function <[Interface/AddOns/Blizzard_ScriptErrors/Blizzard_ScriptErrors.lua]:71>

Lua error: IO error reading /syncthing/World of Warcraft/_retail_/Interface/AddOns/Simulationcraft/libs/AceDB-3.0/AceDB-3.0.lua: No such file or directory (os error 2)
stack traceback:
	(string):1: in main chunk
Lua error: Lua Error: IO error reading /syncthing/World of Warcraft/_retail_/Interface/AddOns/Simulationcraft/libs/AceDB-3.0/AceDB-3.0.lua: No such file or directory (os error 2)
stack traceback:
	(string):1: in main chunk
[Interface/AddOns/Blizzard_ScriptErrors/Blizzard_ScriptErrors.lua]:59: in function 'GetErrorData'
[Interface/AddOns/Blizzard_ScriptErrors/Blizzard_ScriptErrors.lua]:72: in function <[Interface/AddOns/Blizzard_ScriptErrors/Blizzard_ScriptErrors.lua]:71>

Lua error: IO error reading /syncthing/World of Warcraft/_retail_/Interface/AddOns/Syndicator/Libs/LibBattlePetTooltipLine/LibBattlePetTooltipLine.lua: No such file or directory (os error 2)
stack traceback:
	(string):1: in main chunk
Lua error: Lua Error: IO error reading /syncthing/World of Warcraft/_retail_/Interface/AddOns/Syndicator/Libs/LibBattlePetTooltipLine/LibBattlePetTooltipLine.lua: No such file or directory (os error 2)
stack traceback:
	(string):1: in main chunk
[Interface/AddOns/Blizzard_ScriptErrors/Blizzard_ScriptErrors.lua]:59: in function 'GetErrorData'
[Interface/AddOns/Blizzard_ScriptErrors/Blizzard_ScriptErrors.lua]:72: in function <[Interface/AddOns/Blizzard_ScriptErrors/Blizzard_ScriptErrors.lua]:71>

Lua error: @Interface/AddOns/Syndicator/Core/Utilities.lua: Lua error: Interface/AddOns/Syndicator/Core/Utilities.lua:66: attempt to index field 'Constants' (a nil value)
stack traceback:
	(string):1: in main chunk
Lua error: Lua Error: @Interface/AddOns/Syndicator/Core/Utilities.lua: Lua error: Interface/AddOns/Syndicator/Core/Utilities.lua:66: attempt to index field 'Constants' (a nil value)
stack traceback:
	(string):1: in main chunk
[Interface/AddOns/Blizzard_ScriptErrors/Blizzard_ScriptErrors.lua]:59: in function 'GetErrorData'
[Interface/AddOns/Blizzard_ScriptErrors/Blizzard_ScriptErrors.lua]:72: in function <[Interface/AddOns/Blizzard_ScriptErrors/Blizzard_ScriptErrors.lua]:71>

Lua error: @Interface/AddOns/Syndicator/Core/Initialize.lua: Lua error: Interface/AddOns/Syndicator/Core/Initialize.lua:6: attempt to index field 'Constants' (a nil value)
stack traceback:
	(string):1: in main chunk
Lua error: Lua Error: @Interface/AddOns/Syndicator/Core/Initialize.lua: Lua error: Interface/AddOns/Syndicator/Core/Initialize.lua:6: attempt to index field 'Constants' (a nil value)
stack traceback:
	(string):1: in main chunk
[Interface/AddOns/Blizzard_ScriptErrors/Blizzard_ScriptErrors.lua]:59: in function 'GetErrorData'
[Interface/AddOns/Blizzard_ScriptErrors/Blizzard_ScriptErrors.lua]:72: in function <[Interface/AddOns/Blizzard_ScriptErrors/Blizzard_ScriptErrors.lua]:71>

Lua error: @Interface/AddOns/Syndicator/Tracking/BagCache.lua: Lua error: Interface/AddOns/Syndicator/Tracking/BagCache.lua:10: attempt to index local '(for state)' (a nil value)
stack traceback:
	(string):1: in main chunk
Lua error: Lua Error: @Interface/AddOns/Syndicator/Tracking/BagCache.lua: Lua error: Interface/AddOns/Syndicator/Tracking/BagCache.lua:10: attempt to index local '(for state)' (a nil value)
stack traceback:
	(string):1: in main chunk
[Interface/AddOns/Blizzard_ScriptErrors/Blizzard_ScriptErrors.lua]:59: in function 'GetErrorData'
[Interface/AddOns/Blizzard_ScriptErrors/Blizzard_ScriptErrors.lua]:72: in function <[Interface/AddOns/Blizzard_ScriptErrors/Blizzard_ScriptErrors.lua]:71>

Lua error: @Interface/AddOns/Syndicator/Tracking/Tooltips.lua: Lua error: Interface/AddOns/Syndicator/Tracking/Tooltips.lua:6: Cannot find a library instance of "LibBattlePetTooltipLine-1-0".
stack traceback:
	(string):1: in main chunk
Lua error: Lua Error: @Interface/AddOns/Syndicator/Tracking/Tooltips.lua: Lua error: Interface/AddOns/Syndicator/Tracking/Tooltips.lua:6: Cannot find a library instance of "LibBattlePetTooltipLine-1-0".
stack traceback:
	(string):1: in main chunk
[Interface/AddOns/Blizzard_ScriptErrors/Blizzard_ScriptErrors.lua]:59: in function 'GetErrorData'
[Interface/AddOns/Blizzard_ScriptErrors/Blizzard_ScriptErrors.lua]:72: in function <[Interface/AddOns/Blizzard_ScriptErrors/Blizzard_ScriptErrors.lua]:71>

Lua error: @Interface/AddOns/Syndicator/Search/CheckItem.lua: Lua error: Interface/AddOns/Syndicator/Search/CheckItem.lua:25: attempt to index field 'Constants' (a nil value)
stack traceback:
	(string):1: in main chunk
Lua error: Lua Error: @Interface/AddOns/Syndicator/Search/CheckItem.lua: Lua error: Interface/AddOns/Syndicator/Search/CheckItem.lua:25: attempt to index field 'Constants' (a nil value)
stack traceback:
	(string):1: in main chunk
[Interface/AddOns/Blizzard_ScriptErrors/Blizzard_ScriptErrors.lua]:59: in function 'GetErrorData'
[Interface/AddOns/Blizzard_ScriptErrors/Blizzard_ScriptErrors.lua]:72: in function <[Interface/AddOns/Blizzard_ScriptErrors/Blizzard_ScriptErrors.lua]:71>

Lua error: @Interface/AddOns/Syndicator/Search/UI/Builder.lua: Lua error: Interface/AddOns/Syndicator/Search/UI/Builder.lua:283: attempt to index field 'Locales' (a nil value)
stack traceback:
	(string):1: in main chunk
Lua error: Lua Error: @Interface/AddOns/Syndicator/Search/UI/Builder.lua: Lua error: Interface/AddOns/Syndicator/Search/UI/Builder.lua:283: attempt to index field 'Locales' (a nil value)
stack traceback:
	(string):1: in main chunk
[Interface/AddOns/Blizzard_ScriptErrors/Blizzard_ScriptErrors.lua]:59: in function 'GetErrorData'
[Interface/AddOns/Blizzard_ScriptErrors/Blizzard_ScriptErrors.lua]:72: in function <[Interface/AddOns/Blizzard_ScriptErrors/Blizzard_ScriptErrors.lua]:71>

Lua error: @Interface/AddOns/Syndicator/Search/Utilities.lua: Lua error: Interface/AddOns/Syndicator/Search/Utilities.lua:47: attempt to index field 'Constants' (a nil value)
stack traceback:
	(string):1: in main chunk
Lua error: Lua Error: @Interface/AddOns/Syndicator/Search/Utilities.lua: Lua error: Interface/AddOns/Syndicator/Search/Utilities.lua:47: attempt to index field 'Constants' (a nil value)
stack traceback:
	(string):1: in main chunk
[Interface/AddOns/Blizzard_ScriptErrors/Blizzard_ScriptErrors.lua]:59: in function 'GetErrorData'
[Interface/AddOns/Blizzard_ScriptErrors/Blizzard_ScriptErrors.lua]:72: in function <[Interface/AddOns/Blizzard_ScriptErrors/Blizzard_ScriptErrors.lua]:71>

Lua error: @Interface/AddOns/CraftSim/Init/GLibs.lua: Lua error: Interface/AddOns/CraftSim/Init/GLibs.lua:6: Cannot find a library instance of "GGUI-2.1".
stack traceback:
	(string):1: in main chunk
Lua error: Lua Error: @Interface/AddOns/CraftSim/Init/GLibs.lua: Lua error: Interface/AddOns/CraftSim/Init/GLibs.lua:6: Cannot find a library instance of "GGUI-2.1".
stack traceback:
	(string):1: in main chunk
[Interface/AddOns/Blizzard_ScriptErrors/Blizzard_ScriptErrors.lua]:59: in function 'GetErrorData'
[Interface/AddOns/Blizzard_ScriptErrors/Blizzard_ScriptErrors.lua]:72: in function <[Interface/AddOns/Blizzard_ScriptErrors/Blizzard_ScriptErrors.lua]:71>

Lua error: @Interface/AddOns/CraftSim/Locals/enUS.lua: Lua error: Interface/AddOns/CraftSim/Locals/enUS.lua:5: attempt to index local 'GUTIL' (a nil value)
stack traceback:
	(string):1: in main chunk
Lua error: Lua Error: @Interface/AddOns/CraftSim/Locals/enUS.lua: Lua error: Interface/AddOns/CraftSim/Locals/enUS.lua:5: attempt to index local 'GUTIL' (a nil value)
stack traceback:
	(string):1: in main chunk
[Interface/AddOns/Blizzard_ScriptErrors/Blizzard_ScriptErrors.lua]:59: in function 'GetErrorData'
[Interface/AddOns/Blizzard_ScriptErrors/Blizzard_ScriptErrors.lua]:72: in function <[Interface/AddOns/Blizzard_ScriptErrors/Blizzard_ScriptErrors.lua]:71>

Lua error: @Interface/AddOns/CraftSim/Locals/Localization.lua: Lua error: Interface/AddOns/CraftSim/Locals/Localization.lua:24: attempt to index field 'LOCAL_EN' (a nil value)
stack traceback:
	(string):1: in main chunk
Lua error: Lua Error: @Interface/AddOns/CraftSim/Locals/Localization.lua: Lua error: Interface/AddOns/CraftSim/Locals/Localization.lua:24: attempt to index field 'LOCAL_EN' (a nil value)
stack traceback:
	(string):1: in main chunk
[Interface/AddOns/Blizzard_ScriptErrors/Blizzard_ScriptErrors.lua]:59: in function 'GetErrorData'
[Interface/AddOns/Blizzard_ScriptErrors/Blizzard_ScriptErrors.lua]:72: in function <[Interface/AddOns/Blizzard_ScriptErrors/Blizzard_ScriptErrors.lua]:71>

Lua error: @Interface/AddOns/CraftSim/Debug/Debug.lua: Lua error: Interface/AddOns/CraftSim/Debug/Debug.lua:60: attempt to index upvalue 'LibLog' (a nil value)
stack traceback:
	(string):1: in main chunk
Lua error: Lua Error: @Interface/AddOns/CraftSim/Debug/Debug.lua: Lua error: Interface/AddOns/CraftSim/Debug/Debug.lua:60: attempt to index upvalue 'LibLog' (a nil value)
stack traceback:
	(string):1: in main chunk
[Interface/AddOns/Blizzard_ScriptErrors/Blizzard_ScriptErrors.lua]:59: in function 'GetErrorData'
[Interface/AddOns/Blizzard_ScriptErrors/Blizzard_ScriptErrors.lua]:72: in function <[Interface/AddOns/Blizzard_ScriptErrors/Blizzard_ScriptErrors.lua]:71>

Lua error: @Interface/AddOns/CraftSim/Util/Util.lua: Lua error: Interface/AddOns/CraftSim/Util/Util.lua:7: attempt to index local 'GUTIL' (a nil value)
stack traceback:
	(string):1: in main chunk
Lua error: Lua Error: @Interface/AddOns/CraftSim/Util/Util.lua: Lua error: Interface/AddOns/CraftSim/Util/Util.lua:7: attempt to index local 'GUTIL' (a nil value)
stack traceback:
	(string):1: in main chunk
[Interface/AddOns/Blizzard_ScriptErrors/Blizzard_ScriptErrors.lua]:59: in function 'GetErrorData'
[Interface/AddOns/Blizzard_ScriptErrors/Blizzard_ScriptErrors.lua]:72: in function <[Interface/AddOns/Blizzard_ScriptErrors/Blizzard_ScriptErrors.lua]:71>

Lua error: @Interface/AddOns/CraftSim/Util/RecipeAcquisition.lua: Lua error: Interface/AddOns/CraftSim/Util/RecipeAcquisition.lua:10: attempt to index local 'GUTIL' (a nil value)
stack traceback:
	(string):1: in main chunk
Lua error: Lua Error: @Interface/AddOns/CraftSim/Util/RecipeAcquisition.lua: Lua error: Interface/AddOns/CraftSim/Util/RecipeAcquisition.lua:10: attempt to index local 'GUTIL' (a nil value)
stack traceback:
	(string):1: in main chunk
[Interface/AddOns/Blizzard_ScriptErrors/Blizzard_ScriptErrors.lua]:59: in function 'GetErrorData'
[Interface/AddOns/Blizzard_ScriptErrors/Blizzard_ScriptErrors.lua]:72: in function <[Interface/AddOns/Blizzard_ScriptErrors/Blizzard_ScriptErrors.lua]:71>

Lua error: @Interface/AddOns/CraftSim/DB/DB.lua: Lua error: Interface/AddOns/CraftSim/DB/DB.lua:6: attempt to index local 'GUTIL' (a nil value)
stack traceback:
	(string):1: in main chunk
Lua error: Lua Error: @Interface/AddOns/CraftSim/DB/DB.lua: Lua error: Interface/AddOns/CraftSim/DB/DB.lua:6: attempt to index local 'GUTIL' (a nil value)
stack traceback:
	(string):1: in main chunk
[Interface/AddOns/Blizzard_ScriptErrors/Blizzard_ScriptErrors.lua]:59: in function 'GetErrorData'
[Interface/AddOns/Blizzard_ScriptErrors/Blizzard_ScriptErrors.lua]:72: in function <[Interface/AddOns/Blizzard_ScriptErrors/Blizzard_ScriptErrors.lua]:71>

Lua error: @Interface/AddOns/CraftSim/DB/patronMoxieValuesDB.lua: Lua error: Interface/AddOns/CraftSim/DB/patronMoxieValuesDB.lua:9: attempt to index field 'DB' (a nil value)
stack traceback:
	(string):1: in main chunk
Lua error: Lua Error: @Interface/AddOns/CraftSim/DB/patronMoxieValuesDB.lua: Lua error: Interface/AddOns/CraftSim/DB/patronMoxieValuesDB.lua:9: attempt to index field 'DB' (a nil value)
stack traceback:
	(string):1: in main chunk
[Interface/AddOns/Blizzard_ScriptErrors/Blizzard_ScriptErrors.lua]:59: in function 'GetErrorData'
[Interface/AddOns/Blizzard_ScriptErrors/Blizzard_ScriptErrors.lua]:72: in function <[Interface/AddOns/Blizzard_ScriptErrors/Blizzard_ScriptErrors.lua]:71>

Lua error: @Interface/AddOns/CraftSim/DB/ItemCountDB.lua: Lua error: Interface/AddOns/CraftSim/Debug/Debug.lua:60: attempt to index upvalue 'LibLog' (a nil value)
stack traceback:
	(string):1: in main chunk
Lua error: Lua Error: @Interface/AddOns/CraftSim/DB/ItemCountDB.lua: Lua error: Interface/AddOns/CraftSim/Debug/Debug.lua:60: attempt to index upvalue 'LibLog' (a nil value)
stack traceback:
	(string):1: in main chunk
[Interface/AddOns/Blizzard_ScriptErrors/Blizzard_ScriptErrors.lua]:59: in function 'GetErrorData'
[Interface/AddOns/Blizzard_ScriptErrors/Blizzard_ScriptErrors.lua]:72: in function <[Interface/AddOns/Blizzard_ScriptErrors/Blizzard_ScriptErrors.lua]:71>

Lua error: @Interface/AddOns/CraftSim/DB/craftQueueDB.lua: Lua error: Interface/AddOns/CraftSim/DB/craftQueueDB.lua:10: attempt to index field 'DB' (a nil value)
stack traceback:
	(string):1: in main chunk
Lua error: Lua Error: @Interface/AddOns/CraftSim/DB/craftQueueDB.lua: Lua error: Interface/AddOns/CraftSim/DB/craftQueueDB.lua:10: attempt to index field 'DB' (a nil value)
stack traceback:
	(string):1: in main chunk
[Interface/AddOns/Blizzard_ScriptErrors/Blizzard_ScriptErrors.lua]:59: in function 'GetErrorData'
[Interface/AddOns/Blizzard_ScriptErrors/Blizzard_ScriptErrors.lua]:72: in function <[Interface/AddOns/Blizzard_ScriptErrors/Blizzard_ScriptErrors.lua]:71>

Lua error: @Interface/AddOns/CraftSim/DB/multicraftPreloadDB.lua: Lua error: Interface/AddOns/CraftSim/DB/multicraftPreloadDB.lua:10: attempt to index field 'DB' (a nil value)
stack traceback:
	(string):1: in main chunk
Lua error: Lua Error: @Interface/AddOns/CraftSim/DB/multicraftPreloadDB.lua: Lua error: Interface/AddOns/CraftSim/DB/multicraftPreloadDB.lua:10: attempt to index field 'DB' (a nil value)
stack traceback:
	(string):1: in main chunk
[Interface/AddOns/Blizzard_ScriptErrors/Blizzard_ScriptErrors.lua]:59: in function 'GetErrorData'
[Interface/AddOns/Blizzard_ScriptErrors/Blizzard_ScriptErrors.lua]:72: in function <[Interface/AddOns/Blizzard_ScriptErrors/Blizzard_ScriptErrors.lua]:71>

Lua error: @Interface/AddOns/CraftSim/Util/Widgets/QualityMeter.lua: Lua error: Interface/AddOns/CraftSim/Util/Widgets/QualityMeter.lua:8: attempt to index local 'GUTIL' (a nil value)
stack traceback:
	(string):1: in main chunk
Lua error: Lua Error: @Interface/AddOns/CraftSim/Util/Widgets/QualityMeter.lua: Lua error: Interface/AddOns/CraftSim/Util/Widgets/QualityMeter.lua:8: attempt to index local 'GUTIL' (a nil value)
stack traceback:
	(string):1: in main chunk
[Interface/AddOns/Blizzard_ScriptErrors/Blizzard_ScriptErrors.lua]:59: in function 'GetErrorData'
[Interface/AddOns/Blizzard_ScriptErrors/Blizzard_ScriptErrors.lua]:72: in function <[Interface/AddOns/Blizzard_ScriptErrors/Blizzard_ScriptErrors.lua]:71>

Lua error: @Interface/AddOns/CraftSim/Pricing/ProfitCalculation.lua: Lua error: Interface/AddOns/CraftSim/Debug/Debug.lua:60: attempt to index upvalue 'LibLog' (a nil value)
stack traceback:
	(string):1: in main chunk
Lua error: Lua Error: @Interface/AddOns/CraftSim/Pricing/ProfitCalculation.lua: Lua error: Interface/AddOns/CraftSim/Debug/Debug.lua:60: attempt to index upvalue 'LibLog' (a nil value)
stack traceback:
	(string):1: in main chunk
[Interface/AddOns/Blizzard_ScriptErrors/Blizzard_ScriptErrors.lua]:59: in function 'GetErrorData'
[Interface/AddOns/Blizzard_ScriptErrors/Blizzard_ScriptErrors.lua]:72: in function <[Interface/AddOns/Blizzard_ScriptErrors/Blizzard_ScriptErrors.lua]:71>

Lua error: @Interface/AddOns/CraftSim/DataSource/PriceSource.lua: Lua error: Interface/AddOns/CraftSim/Debug/Debug.lua:60: attempt to index upvalue 'LibLog' (a nil value)
stack traceback:
	(string):1: in main chunk
Lua error: Lua Error: @Interface/AddOns/CraftSim/DataSource/PriceSource.lua: Lua error: Interface/AddOns/CraftSim/Debug/Debug.lua:60: attempt to index upvalue 'LibLog' (a nil value)
stack traceback:
	(string):1: in main chunk
[Interface/AddOns/Blizzard_ScriptErrors/Blizzard_ScriptErrors.lua]:59: in function 'GetErrorData'
[Interface/AddOns/Blizzard_ScriptErrors/Blizzard_ScriptErrors.lua]:72: in function <[Interface/AddOns/Blizzard_ScriptErrors/Blizzard_ScriptErrors.lua]:71>

Lua error: @Interface/AddOns/CraftSim/DataSource/InventorySource.lua: Lua error: Interface/AddOns/CraftSim/Debug/Debug.lua:60: attempt to index upvalue 'LibLog' (a nil value)
stack traceback:
	(string):1: in main chunk
Lua error: Lua Error: @Interface/AddOns/CraftSim/DataSource/InventorySource.lua: Lua error: Interface/AddOns/CraftSim/Debug/Debug.lua:60: attempt to index upvalue 'LibLog' (a nil value)
stack traceback:
	(string):1: in main chunk
[Interface/AddOns/Blizzard_ScriptErrors/Blizzard_ScriptErrors.lua]:59: in function 'GetErrorData'
[Interface/AddOns/Blizzard_ScriptErrors/Blizzard_ScriptErrors.lua]:72: in function <[Interface/AddOns/Blizzard_ScriptErrors/Blizzard_ScriptErrors.lua]:71>

Lua error: @Interface/AddOns/CraftSim/Modules/Modules.lua: Lua error: Interface/AddOns/CraftSim/Modules/Modules.lua:63: attempt to index local 'GUTIL' (a nil value)
stack traceback:
	(string):1: in main chunk
Lua error: Lua Error: @Interface/AddOns/CraftSim/Modules/Modules.lua: Lua error: Interface/AddOns/CraftSim/Modules/Modules.lua:63: attempt to index local 'GUTIL' (a nil value)
stack traceback:
	(string):1: in main chunk
[Interface/AddOns/Blizzard_ScriptErrors/Blizzard_ScriptErrors.lua]:59: in function 'GetErrorData'
[Interface/AddOns/Blizzard_ScriptErrors/Blizzard_ScriptErrors.lua]:72: in function <[Interface/AddOns/Blizzard_ScriptErrors/Blizzard_ScriptErrors.lua]:71>

Lua error: @Interface/AddOns/CraftSim/Modules/ControlPanel/ControlPanel.lua: Lua error: ...ce/AddOns/CraftSim/Modules/ControlPanel/ControlPanel.lua:9: attempt to call method 'RegisterModule' (a nil value)
stack traceback:
	(string):1: in main chunk
Lua error: Lua Error: @Interface/AddOns/CraftSim/Modules/ControlPanel/ControlPanel.lua: Lua error: ...ce/AddOns/CraftSim/Modules/ControlPanel/ControlPanel.lua:9: attempt to call method 'RegisterModule' (a nil value)
stack traceback:
	(string):1: in main chunk
[Interface/AddOns/Blizzard_ScriptErrors/Blizzard_ScriptErrors.lua]:59: in function 'GetErrorData'
[Interface/AddOns/Blizzard_ScriptErrors/Blizzard_ScriptErrors.lua]:72: in function <[Interface/AddOns/Blizzard_ScriptErrors/Blizzard_ScriptErrors.lua]:71>

Lua error: @Interface/AddOns/CraftSim/Modules/ItemCount/ItemCount.lua: Lua error: Interface/AddOns/CraftSim/Debug/Debug.lua:60: attempt to index upvalue 'LibLog' (a nil value)
stack traceback:
	(string):1: in main chunk
Lua error: Lua Error: @Interface/AddOns/CraftSim/Modules/ItemCount/ItemCount.lua: Lua error: Interface/AddOns/CraftSim/Debug/Debug.lua:60: attempt to index upvalue 'LibLog' (a nil value)
stack traceback:
	(string):1: in main chunk
[Interface/AddOns/Blizzard_ScriptErrors/Blizzard_ScriptErrors.lua]:59: in function 'GetErrorData'
[Interface/AddOns/Blizzard_ScriptErrors/Blizzard_ScriptErrors.lua]:72: in function <[Interface/AddOns/Blizzard_ScriptErrors/Blizzard_ScriptErrors.lua]:71>

Lua error: @Interface/AddOns/CraftSim/Modules/Disenchant/UI.lua: Lua error: Interface/AddOns/CraftSim/Modules/Disenchant/UI.lua:8: attempt to index field 'DISENCHANT' (a nil value)
stack traceback:
	(string):1: in main chunk
Lua error: Lua Error: @Interface/AddOns/CraftSim/Modules/Disenchant/UI.lua: Lua error: Interface/AddOns/CraftSim/Modules/Disenchant/UI.lua:8: attempt to index field 'DISENCHANT' (a nil value)
stack traceback:
	(string):1: in main chunk
[Interface/AddOns/Blizzard_ScriptErrors/Blizzard_ScriptErrors.lua]:59: in function 'GetErrorData'
[Interface/AddOns/Blizzard_ScriptErrors/Blizzard_ScriptErrors.lua]:72: in function <[Interface/AddOns/Blizzard_ScriptErrors/Blizzard_ScriptErrors.lua]:71>

Lua error: @Interface/AddOns/CraftSim/Modules/Explanations/Explanations.lua: Lua error: ...ce/AddOns/CraftSim/Modules/Explanations/Explanations.lua:9: attempt to call method 'RegisterModule' (a nil value)
stack traceback:
	(string):1: in main chunk
Lua error: Lua Error: @Interface/AddOns/CraftSim/Modules/Explanations/Explanations.lua: Lua error: ...ce/AddOns/CraftSim/Modules/Explanations/Explanations.lua:9: attempt to call method 'RegisterModule' (a nil value)
stack traceback:
	(string):1: in main chunk
[Interface/AddOns/Blizzard_ScriptErrors/Blizzard_ScriptErrors.lua]:59: in function 'GetErrorData'
[Interface/AddOns/Blizzard_ScriptErrors/Blizzard_ScriptErrors.lua]:72: in function <[Interface/AddOns/Blizzard_ScriptErrors/Blizzard_ScriptErrors.lua]:71>

Lua error: @Interface/AddOns/CraftSim/Modules/CraftQueue/CraftQueue.lua: Lua error: Interface/AddOns/CraftSim/Modules/CraftQueue/CraftQueue.lua:8: attempt to index local 'GUTIL' (a nil value)
stack traceback:
	(string):1: in main chunk
Lua error: Lua Error: @Interface/AddOns/CraftSim/Modules/CraftQueue/CraftQueue.lua: Lua error: Interface/AddOns/CraftSim/Modules/CraftQueue/CraftQueue.lua:8: attempt to index local 'GUTIL' (a nil value)
stack traceback:
	(string):1: in main chunk
[Interface/AddOns/Blizzard_ScriptErrors/Blizzard_ScriptErrors.lua]:59: in function 'GetErrorData'
[Interface/AddOns/Blizzard_ScriptErrors/Blizzard_ScriptErrors.lua]:72: in function <[Interface/AddOns/Blizzard_ScriptErrors/Blizzard_ScriptErrors.lua]:71>

Lua error: @Interface/AddOns/CraftSim/Modules/CraftQueue/CraftLists.lua: Lua error: Interface/AddOns/CraftSim/Modules/CraftQueue/CraftLists.lua:8: attempt to index local 'GUTIL' (a nil value)
stack traceback:
	(string):1: in main chunk
Lua error: Lua Error: @Interface/AddOns/CraftSim/Modules/CraftQueue/CraftLists.lua: Lua error: Interface/AddOns/CraftSim/Modules/CraftQueue/CraftLists.lua:8: attempt to index local 'GUTIL' (a nil value)
stack traceback:
	(string):1: in main chunk
[Interface/AddOns/Blizzard_ScriptErrors/Blizzard_ScriptErrors.lua]:59: in function 'GetErrorData'
[Interface/AddOns/Blizzard_ScriptErrors/Blizzard_ScriptErrors.lua]:72: in function <[Interface/AddOns/Blizzard_ScriptErrors/Blizzard_ScriptErrors.lua]:71>

Lua error: @Interface/AddOns/CraftSim/Modules/CraftQueue/EditRecipe.lua: Lua error: Interface/AddOns/CraftSim/Modules/CraftQueue/EditRecipe.lua:8: attempt to index local 'GUTIL' (a nil value)
stack traceback:
	(string):1: in main chunk
Lua error: Lua Error: @Interface/AddOns/CraftSim/Modules/CraftQueue/EditRecipe.lua: Lua error: Interface/AddOns/CraftSim/Modules/CraftQueue/EditRecipe.lua:8: attempt to index local 'GUTIL' (a nil value)
stack traceback:
	(string):1: in main chunk
[Interface/AddOns/Blizzard_ScriptErrors/Blizzard_ScriptErrors.lua]:59: in function 'GetErrorData'
[Interface/AddOns/Blizzard_ScriptErrors/Blizzard_ScriptErrors.lua]:72: in function <[Interface/AddOns/Blizzard_ScriptErrors/Blizzard_ScriptErrors.lua]:71>

Lua error: @Interface/AddOns/CraftSim/Modules/Cooldowns/Cooldowns.lua: Lua error: Interface/AddOns/CraftSim/Modules/Cooldowns/Cooldowns.lua:8: attempt to index local 'GUTIL' (a nil value)
stack traceback:
	(string):1: in main chunk
Lua error: Lua Error: @Interface/AddOns/CraftSim/Modules/Cooldowns/Cooldowns.lua: Lua error: Interface/AddOns/CraftSim/Modules/Cooldowns/Cooldowns.lua:8: attempt to index local 'GUTIL' (a nil value)
stack traceback:
	(string):1: in main chunk
[Interface/AddOns/Blizzard_ScriptErrors/Blizzard_ScriptErrors.lua]:59: in function 'GetErrorData'
[Interface/AddOns/Blizzard_ScriptErrors/Blizzard_ScriptErrors.lua]:72: in function <[Interface/AddOns/Blizzard_ScriptErrors/Blizzard_ScriptErrors.lua]:71>

Lua error: @Interface/AddOns/CraftSim/Modules/Cooldowns/UI.lua: Lua error: Interface/AddOns/CraftSim/Modules/Cooldowns/UI.lua:8: attempt to index field 'COOLDOWNS' (a nil value)
stack traceback:
	(string):1: in main chunk
Lua error: Lua Error: @Interface/AddOns/CraftSim/Modules/Cooldowns/UI.lua: Lua error: Interface/AddOns/CraftSim/Modules/Cooldowns/UI.lua:8: attempt to index field 'COOLDOWNS' (a nil value)
stack traceback:
	(string):1: in main chunk
[Interface/AddOns/Blizzard_ScriptErrors/Blizzard_ScriptErrors.lua]:59: in function 'GetErrorData'
[Interface/AddOns/Blizzard_ScriptErrors/Blizzard_ScriptErrors.lua]:72: in function <[Interface/AddOns/Blizzard_ScriptErrors/Blizzard_ScriptErrors.lua]:71>

Lua error: @Interface/AddOns/CraftSim/Modules/CustomerHistory/CustomerHistory.lua: Lua error: ...Ons/CraftSim/Modules/CustomerHistory/CustomerHistory.lua:10: attempt to index local 'GUTIL' (a nil value)
stack traceback:
	(string):1: in main chunk
Lua error: Lua Error: @Interface/AddOns/CraftSim/Modules/CustomerHistory/CustomerHistory.lua: Lua error: ...Ons/CraftSim/Modules/CustomerHistory/CustomerHistory.lua:10: attempt to index local 'GUTIL' (a nil value)
stack traceback:
	(string):1: in main chunk
[Interface/AddOns/Blizzard_ScriptErrors/Blizzard_ScriptErrors.lua]:59: in function 'GetErrorData'
[Interface/AddOns/Blizzard_ScriptErrors/Blizzard_ScriptErrors.lua]:72: in function <[Interface/AddOns/Blizzard_ScriptErrors/Blizzard_ScriptErrors.lua]:71>

Lua error: @Interface/AddOns/CraftSim/Modules/Statistics/Statistics.lua: Lua error: Interface/AddOns/CraftSim/Modules/Statistics/Statistics.lua:10: attempt to call method 'RegisterModule' (a nil value)
stack traceback:
	(string):1: in main chunk
Lua error: Lua Error: @Interface/AddOns/CraftSim/Modules/Statistics/Statistics.lua: Lua error: Interface/AddOns/CraftSim/Modules/Statistics/Statistics.lua:10: attempt to call method 'RegisterModule' (a nil value)
stack traceback:
	(string):1: in main chunk
[Interface/AddOns/Blizzard_ScriptErrors/Blizzard_ScriptErrors.lua]:59: in function 'GetErrorData'
[Interface/AddOns/Blizzard_ScriptErrors/Blizzard_ScriptErrors.lua]:72: in function <[Interface/AddOns/Blizzard_ScriptErrors/Blizzard_ScriptErrors.lua]:71>

Lua error: @Interface/AddOns/CraftSim/Modules/Statistics/UI.lua: Lua error: Interface/AddOns/CraftSim/Modules/Statistics/UI.lua:8: attempt to index local 'GUTIL' (a nil value)
stack traceback:
	(string):1: in main chunk
Lua error: Lua Error: @Interface/AddOns/CraftSim/Modules/Statistics/UI.lua: Lua error: Interface/AddOns/CraftSim/Modules/Statistics/UI.lua:8: attempt to index local 'GUTIL' (a nil value)
stack traceback:
	(string):1: in main chunk
[Interface/AddOns/Blizzard_ScriptErrors/Blizzard_ScriptErrors.lua]:59: in function 'GetErrorData'
[Interface/AddOns/Blizzard_ScriptErrors/Blizzard_ScriptErrors.lua]:72: in function <[Interface/AddOns/Blizzard_ScriptErrors/Blizzard_ScriptErrors.lua]:71>

Lua error: @Interface/AddOns/CraftSim/Modules/CraftLog/UI.lua: Lua error: Interface/AddOns/CraftSim/Modules/CraftLog/UI.lua:8: attempt to index local 'GUTIL' (a nil value)
stack traceback:
	(string):1: in main chunk
Lua error: Lua Error: @Interface/AddOns/CraftSim/Modules/CraftLog/UI.lua: Lua error: Interface/AddOns/CraftSim/Modules/CraftLog/UI.lua:8: attempt to index local 'GUTIL' (a nil value)
stack traceback:
	(string):1: in main chunk
[Interface/AddOns/Blizzard_ScriptErrors/Blizzard_ScriptErrors.lua]:59: in function 'GetErrorData'
[Interface/AddOns/Blizzard_ScriptErrors/Blizzard_ScriptErrors.lua]:72: in function <[Interface/AddOns/Blizzard_ScriptErrors/Blizzard_ScriptErrors.lua]:71>

Lua error: @Interface/AddOns/CraftSim/Modules/Pricing/UI.lua: Lua error: Interface/AddOns/CraftSim/Modules/Pricing/UI.lua:8: attempt to index field 'PRICING' (a nil value)
stack traceback:
	(string):1: in main chunk
Lua error: Lua Error: @Interface/AddOns/CraftSim/Modules/Pricing/UI.lua: Lua error: Interface/AddOns/CraftSim/Modules/Pricing/UI.lua:8: attempt to index field 'PRICING' (a nil value)
stack traceback:
	(string):1: in main chunk
[Interface/AddOns/Blizzard_ScriptErrors/Blizzard_ScriptErrors.lua]:59: in function 'GetErrorData'
[Interface/AddOns/Blizzard_ScriptErrors/Blizzard_ScriptErrors.lua]:72: in function <[Interface/AddOns/Blizzard_ScriptErrors/Blizzard_ScriptErrors.lua]:71>

Lua error: @Interface/AddOns/CraftSim/Modules/SpecializationInfo/UI.lua: Lua error: Interface/AddOns/CraftSim/Modules/SpecializationInfo/UI.lua:7: attempt to index local 'GUTIL' (a nil value)
stack traceback:
	(string):1: in main chunk
Lua error: Lua Error: @Interface/AddOns/CraftSim/Modules/SpecializationInfo/UI.lua: Lua error: Interface/AddOns/CraftSim/Modules/SpecializationInfo/UI.lua:7: attempt to index local 'GUTIL' (a nil value)
stack traceback:
	(string):1: in main chunk
[Interface/AddOns/Blizzard_ScriptErrors/Blizzard_ScriptErrors.lua]:59: in function 'GetErrorData'
[Interface/AddOns/Blizzard_ScriptErrors/Blizzard_ScriptErrors.lua]:72: in function <[Interface/AddOns/Blizzard_ScriptErrors/Blizzard_ScriptErrors.lua]:71>

Lua error: @Interface/AddOns/CraftSim/Modules/SimulationMode/Debug.lua: Lua error: Interface/AddOns/CraftSim/Modules/SimulationMode/Debug.lua:6: attempt to index local 'GUTIL' (a nil value)
stack traceback:
	(string):1: in main chunk
Lua error: Lua Error: @Interface/AddOns/CraftSim/Modules/SimulationMode/Debug.lua: Lua error: Interface/AddOns/CraftSim/Modules/SimulationMode/Debug.lua:6: attempt to index local 'GUTIL' (a nil value)
stack traceback:
	(string):1: in main chunk
[Interface/AddOns/Blizzard_ScriptErrors/Blizzard_ScriptErrors.lua]:59: in function 'GetErrorData'
[Interface/AddOns/Blizzard_ScriptErrors/Blizzard_ScriptErrors.lua]:72: in function <[Interface/AddOns/Blizzard_ScriptErrors/Blizzard_ScriptErrors.lua]:71>

Lua error: @Interface/AddOns/CraftSim/Modules/SimulationMode/UI.lua: Lua error: Interface/AddOns/CraftSim/Modules/SimulationMode/UI.lua:7: attempt to index local 'GUTIL' (a nil value)
stack traceback:
	(string):1: in main chunk
Lua error: Lua Error: @Interface/AddOns/CraftSim/Modules/SimulationMode/UI.lua: Lua error: Interface/AddOns/CraftSim/Modules/SimulationMode/UI.lua:7: attempt to index local 'GUTIL' (a nil value)
stack traceback:
	(string):1: in main chunk
[Interface/AddOns/Blizzard_ScriptErrors/Blizzard_ScriptErrors.lua]:59: in function 'GetErrorData'
[Interface/AddOns/Blizzard_ScriptErrors/Blizzard_ScriptErrors.lua]:72: in function <[Interface/AddOns/Blizzard_ScriptErrors/Blizzard_ScriptErrors.lua]:71>

Lua error: @Interface/AddOns/CraftSim/Modules/ReagentOptimization/ReagentOptimization.lua: Lua error: ...tSim/Modules/ReagentOptimization/ReagentOptimization.lua:87: attempt to call method 'RegisterModule' (a nil value)
stack traceback:
	(string):1: in main chunk
Lua error: Lua Error: @Interface/AddOns/CraftSim/Modules/ReagentOptimization/ReagentOptimization.lua: Lua error: ...tSim/Modules/ReagentOptimization/ReagentOptimization.lua:87: attempt to call method 'RegisterModule' (a nil value)
stack traceback:
	(string):1: in main chunk
[Interface/AddOns/Blizzard_ScriptErrors/Blizzard_ScriptErrors.lua]:59: in function 'GetErrorData'
[Interface/AddOns/Blizzard_ScriptErrors/Blizzard_ScriptErrors.lua]:72: in function <[Interface/AddOns/Blizzard_ScriptErrors/Blizzard_ScriptErrors.lua]:71>

Lua error: @Interface/AddOns/CraftSim/Modules/ReagentOptimization/UI.lua: Lua error: ...rface/AddOns/CraftSim/Modules/ReagentOptimization/UI.lua:6: attempt to index local 'GUTIL' (a nil value)
stack traceback:
	(string):1: in main chunk
Lua error: Lua Error: @Interface/AddOns/CraftSim/Modules/ReagentOptimization/UI.lua: Lua error: ...rface/AddOns/CraftSim/Modules/ReagentOptimization/UI.lua:6: attempt to index local 'GUTIL' (a nil value)
stack traceback:
	(string):1: in main chunk
[Interface/AddOns/Blizzard_ScriptErrors/Blizzard_ScriptErrors.lua]:59: in function 'GetErrorData'
[Interface/AddOns/Blizzard_ScriptErrors/Blizzard_ScriptErrors.lua]:72: in function <[Interface/AddOns/Blizzard_ScriptErrors/Blizzard_ScriptErrors.lua]:71>

Lua error: @Interface/AddOns/CraftSim/Modules/TopGear/TopGear.lua: Lua error: Interface/AddOns/CraftSim/Debug/Debug.lua:60: attempt to index upvalue 'LibLog' (a nil value)
stack traceback:
	(string):1: in main chunk
Lua error: Lua Error: @Interface/AddOns/CraftSim/Modules/TopGear/TopGear.lua: Lua error: Interface/AddOns/CraftSim/Debug/Debug.lua:60: attempt to index upvalue 'LibLog' (a nil value)
stack traceback:
	(string):1: in main chunk
[Interface/AddOns/Blizzard_ScriptErrors/Blizzard_ScriptErrors.lua]:59: in function 'GetErrorData'
[Interface/AddOns/Blizzard_ScriptErrors/Blizzard_ScriptErrors.lua]:72: in function <[Interface/AddOns/Blizzard_ScriptErrors/Blizzard_ScriptErrors.lua]:71>

Lua error: @Interface/AddOns/CraftSim/Modules/TopGear/UI.lua: Lua error: Interface/AddOns/CraftSim/Debug/Debug.lua:60: attempt to index upvalue 'LibLog' (a nil value)
stack traceback:
	(string):1: in main chunk
Lua error: Lua Error: @Interface/AddOns/CraftSim/Modules/TopGear/UI.lua: Lua error: Interface/AddOns/CraftSim/Debug/Debug.lua:60: attempt to index upvalue 'LibLog' (a nil value)
stack traceback:
	(string):1: in main chunk
[Interface/AddOns/Blizzard_ScriptErrors/Blizzard_ScriptErrors.lua]:59: in function 'GetErrorData'
[Interface/AddOns/Blizzard_ScriptErrors/Blizzard_ScriptErrors.lua]:72: in function <[Interface/AddOns/Blizzard_ScriptErrors/Blizzard_ScriptErrors.lua]:71>

Lua error: @Interface/AddOns/CraftSim/Modules/RecipeScan/RecipeScan.lua: Lua error: Interface/AddOns/CraftSim/Modules/RecipeScan/RecipeScan.lua:11: attempt to call method 'RegisterModule' (a nil value)
stack traceback:
	(string):1: in main chunk
Lua error: Lua Error: @Interface/AddOns/CraftSim/Modules/RecipeScan/RecipeScan.lua: Lua error: Interface/AddOns/CraftSim/Modules/RecipeScan/RecipeScan.lua:11: attempt to call method 'RegisterModule' (a nil value)
stack traceback:
	(string):1: in main chunk
[Interface/AddOns/Blizzard_ScriptErrors/Blizzard_ScriptErrors.lua]:59: in function 'GetErrorData'
[Interface/AddOns/Blizzard_ScriptErrors/Blizzard_ScriptErrors.lua]:72: in function <[Interface/AddOns/Blizzard_ScriptErrors/Blizzard_ScriptErrors.lua]:71>

Lua error: @Interface/AddOns/CraftSim/Modules/RecipeScan/UI.lua: Lua error: Interface/AddOns/CraftSim/Modules/RecipeScan/UI.lua:7: attempt to index field 'GUTIL' (a nil value)
stack traceback:
	(string):1: in main chunk
Lua error: Lua Error: @Interface/AddOns/CraftSim/Modules/RecipeScan/UI.lua: Lua error: Interface/AddOns/CraftSim/Modules/RecipeScan/UI.lua:7: attempt to index field 'GUTIL' (a nil value)
stack traceback:
	(string):1: in main chunk
[Interface/AddOns/Blizzard_ScriptErrors/Blizzard_ScriptErrors.lua]:59: in function 'GetErrorData'
[Interface/AddOns/Blizzard_ScriptErrors/Blizzard_ScriptErrors.lua]:72: in function <[Interface/AddOns/Blizzard_ScriptErrors/Blizzard_ScriptErrors.lua]:71>

Lua error: @Interface/AddOns/CraftSim/Modules/Supporters/Supporters.lua: Lua error: Interface/AddOns/CraftSim/Modules/Supporters/Supporters.lua:6: attempt to index local 'GUTIL' (a nil value)
stack traceback:
	(string):1: in main chunk
Lua error: Lua Error: @Interface/AddOns/CraftSim/Modules/Supporters/Supporters.lua: Lua error: Interface/AddOns/CraftSim/Modules/Supporters/Supporters.lua:6: attempt to index local 'GUTIL' (a nil value)
stack traceback:
	(string):1: in main chunk
[Interface/AddOns/Blizzard_ScriptErrors/Blizzard_ScriptErrors.lua]:59: in function 'GetErrorData'
[Interface/AddOns/Blizzard_ScriptErrors/Blizzard_ScriptErrors.lua]:72: in function <[Interface/AddOns/Blizzard_ScriptErrors/Blizzard_ScriptErrors.lua]:71>

Lua error: @Interface/AddOns/CraftSim/Modules/Supporters/UI.lua: Lua error: Interface/AddOns/CraftSim/Modules/Supporters/UI.lua:6: attempt to index local 'GUTIL' (a nil value)
stack traceback:
	(string):1: in main chunk
Lua error: Lua Error: @Interface/AddOns/CraftSim/Modules/Supporters/UI.lua: Lua error: Interface/AddOns/CraftSim/Modules/Supporters/UI.lua:6: attempt to index local 'GUTIL' (a nil value)
stack traceback:
	(string):1: in main chunk
[Interface/AddOns/Blizzard_ScriptErrors/Blizzard_ScriptErrors.lua]:59: in function 'GetErrorData'
[Interface/AddOns/Blizzard_ScriptErrors/Blizzard_ScriptErrors.lua]:72: in function <[Interface/AddOns/Blizzard_ScriptErrors/Blizzard_ScriptErrors.lua]:71>

Lua error: @Interface/AddOns/CraftSim/Modules/CraftBuffs/CraftBuffs.lua: Lua error: Interface/AddOns/CraftSim/Debug/Debug.lua:60: attempt to index upvalue 'LibLog' (a nil value)
stack traceback:
	(string):1: in main chunk
Lua error: Lua Error: @Interface/AddOns/CraftSim/Modules/CraftBuffs/CraftBuffs.lua: Lua error: Interface/AddOns/CraftSim/Debug/Debug.lua:60: attempt to index upvalue 'LibLog' (a nil value)
stack traceback:
	(string):1: in main chunk
[Interface/AddOns/Blizzard_ScriptErrors/Blizzard_ScriptErrors.lua]:59: in function 'GetErrorData'
[Interface/AddOns/Blizzard_ScriptErrors/Blizzard_ScriptErrors.lua]:72: in function <[Interface/AddOns/Blizzard_ScriptErrors/Blizzard_ScriptErrors.lua]:71>

Lua error: @Interface/AddOns/CraftSim/Modules/CraftBuffs/UI.lua: Lua error: Interface/AddOns/CraftSim/Modules/CraftBuffs/UI.lua:11: attempt to index field 'CRAFT_BUFFS' (a nil value)
stack traceback:
	(string):1: in main chunk
Lua error: Lua Error: @Interface/AddOns/CraftSim/Modules/CraftBuffs/UI.lua: Lua error: Interface/AddOns/CraftSim/Modules/CraftBuffs/UI.lua:11: attempt to index field 'CRAFT_BUFFS' (a nil value)
stack traceback:
	(string):1: in main chunk
[Interface/AddOns/Blizzard_ScriptErrors/Blizzard_ScriptErrors.lua]:59: in function 'GetErrorData'
[Interface/AddOns/Blizzard_ScriptErrors/Blizzard_ScriptErrors.lua]:72: in function <[Interface/AddOns/Blizzard_ScriptErrors/Blizzard_ScriptErrors.lua]:71>

Lua error: @Interface/AddOns/CraftSim/Modules/ConcentrationTracker/ConcentrationTracker.lua: Lua error: ...im/Modules/ConcentrationTracker/ConcentrationTracker.lua:5: attempt to index local 'GUTIL' (a nil value)
stack traceback:
	(string):1: in main chunk
Lua error: Lua Error: @Interface/AddOns/CraftSim/Modules/ConcentrationTracker/ConcentrationTracker.lua: Lua error: ...im/Modules/ConcentrationTracker/ConcentrationTracker.lua:5: attempt to index local 'GUTIL' (a nil value)
stack traceback:
	(string):1: in main chunk
[Interface/AddOns/Blizzard_ScriptErrors/Blizzard_ScriptErrors.lua]:59: in function 'GetErrorData'
[Interface/AddOns/Blizzard_ScriptErrors/Blizzard_ScriptErrors.lua]:72: in function <[Interface/AddOns/Blizzard_ScriptErrors/Blizzard_ScriptErrors.lua]:71>

Lua error: @Interface/AddOns/CraftSim/Modules/ConcentrationTracker/UI.lua: Lua error: ...face/AddOns/CraftSim/Modules/ConcentrationTracker/UI.lua:11: attempt to index field 'CONCENTRATION_TRACKER' (a nil value)
stack traceback:
	(string):1: in main chunk
Lua error: Lua Error: @Interface/AddOns/CraftSim/Modules/ConcentrationTracker/UI.lua: Lua error: ...face/AddOns/CraftSim/Modules/ConcentrationTracker/UI.lua:11: attempt to index field 'CONCENTRATION_TRACKER' (a nil value)
stack traceback:
	(string):1: in main chunk
[Interface/AddOns/Blizzard_ScriptErrors/Blizzard_ScriptErrors.lua]:59: in function 'GetErrorData'
[Interface/AddOns/Blizzard_ScriptErrors/Blizzard_ScriptErrors.lua]:72: in function <[Interface/AddOns/Blizzard_ScriptErrors/Blizzard_ScriptErrors.lua]:71>

Lua error: @Interface/AddOns/CraftSim/Modules/WorkOrderTracker/WorkOrderTracker.lua: Lua error: ...s/CraftSim/Modules/WorkOrderTracker/WorkOrderTracker.lua:8: attempt to index local 'GUTIL' (a nil value)
stack traceback:
	(string):1: in main chunk
Lua error: Lua Error: @Interface/AddOns/CraftSim/Modules/WorkOrderTracker/WorkOrderTracker.lua: Lua error: ...s/CraftSim/Modules/WorkOrderTracker/WorkOrderTracker.lua:8: attempt to index local 'GUTIL' (a nil value)
stack traceback:
	(string):1: in main chunk
[Interface/AddOns/Blizzard_ScriptErrors/Blizzard_ScriptErrors.lua]:59: in function 'GetErrorData'
[Interface/AddOns/Blizzard_ScriptErrors/Blizzard_ScriptErrors.lua]:72: in function <[Interface/AddOns/Blizzard_ScriptErrors/Blizzard_ScriptErrors.lua]:71>

Lua error: @Interface/AddOns/CraftSim/Modules/WorkOrderTracker/UI.lua: Lua error: Interface/AddOns/CraftSim/Modules/WorkOrderTracker/UI.lua:8: attempt to index field 'WORK_ORDER_TRACKER' (a nil value)
stack traceback:
	(string):1: in main chunk
Lua error: Lua Error: @Interface/AddOns/CraftSim/Modules/WorkOrderTracker/UI.lua: Lua error: Interface/AddOns/CraftSim/Modules/WorkOrderTracker/UI.lua:8: attempt to index field 'WORK_ORDER_TRACKER' (a nil value)
stack traceback:
	(string):1: in main chunk
[Interface/AddOns/Blizzard_ScriptErrors/Blizzard_ScriptErrors.lua]:59: in function 'GetErrorData'
[Interface/AddOns/Blizzard_ScriptErrors/Blizzard_ScriptErrors.lua]:72: in function <[Interface/AddOns/Blizzard_ScriptErrors/Blizzard_ScriptErrors.lua]:71>

Lua error: @Interface/AddOns/CraftSim/Data/SpecializationData/Dragonflight/Blacksmithing.lua: Lua error: ...m/Data/SpecializationData/Dragonflight/Blacksmithing.lua:3: attempt to index field 'SPECIALIZATION_DATA' (a nil value)
stack traceback:
	(string):1: in main chunk
Lua error: Lua Error: @Interface/AddOns/CraftSim/Data/SpecializationData/Dragonflight/Blacksmithing.lua: Lua error: ...m/Data/SpecializationData/Dragonflight/Blacksmithing.lua:3: attempt to index field 'SPECIALIZATION_DATA' (a nil value)
stack traceback:
	(string):1: in main chunk
[Interface/AddOns/Blizzard_ScriptErrors/Blizzard_ScriptErrors.lua]:59: in function 'GetErrorData'
[Interface/AddOns/Blizzard_ScriptErrors/Blizzard_ScriptErrors.lua]:72: in function <[Interface/AddOns/Blizzard_ScriptErrors/Blizzard_ScriptErrors.lua]:71>

Lua error: @Interface/AddOns/CraftSim/Data/SpecializationData/Dragonflight/Enchanting.lua: Lua error: ...tSim/Data/SpecializationData/Dragonflight/Enchanting.lua:3: attempt to index field 'SPECIALIZATION_DATA' (a nil value)
stack traceback:
	(string):1: in main chunk
Lua error: Lua Error: @Interface/AddOns/CraftSim/Data/SpecializationData/Dragonflight/Enchanting.lua: Lua error: ...tSim/Data/SpecializationData/Dragonflight/Enchanting.lua:3: attempt to index field 'SPECIALIZATION_DATA' (a nil value)
stack traceback:
	(string):1: in main chunk
[Interface/AddOns/Blizzard_ScriptErrors/Blizzard_ScriptErrors.lua]:59: in function 'GetErrorData'
[Interface/AddOns/Blizzard_ScriptErrors/Blizzard_ScriptErrors.lua]:72: in function <[Interface/AddOns/Blizzard_ScriptErrors/Blizzard_ScriptErrors.lua]:71>

Lua error: @Interface/AddOns/CraftSim/Data/SpecializationData/Dragonflight/Leatherworking.lua: Lua error: .../Data/SpecializationData/Dragonflight/Leatherworking.lua:3: attempt to index field 'SPECIALIZATION_DATA' (a nil value)
stack traceback:
	(string):1: in main chunk
Lua error: Lua Error: @Interface/AddOns/CraftSim/Data/SpecializationData/Dragonflight/Leatherworking.lua: Lua error: .../Data/SpecializationData/Dragonflight/Leatherworking.lua:3: attempt to index field 'SPECIALIZATION_DATA' (a nil value)
stack traceback:
	(string):1: in main chunk
[Interface/AddOns/Blizzard_ScriptErrors/Blizzard_ScriptErrors.lua]:59: in function 'GetErrorData'
[Interface/AddOns/Blizzard_ScriptErrors/Blizzard_ScriptErrors.lua]:72: in function <[Interface/AddOns/Blizzard_ScriptErrors/Blizzard_ScriptErrors.lua]:71>

Lua error: @Interface/AddOns/CraftSim/Data/SpecializationData/Dragonflight/Engineering.lua: Lua error: ...Sim/Data/SpecializationData/Dragonflight/Engineering.lua:3: attempt to index field 'SPECIALIZATION_DATA' (a nil value)
stack traceback:
	(string):1: in main chunk
Lua error: Lua Error: @Interface/AddOns/CraftSim/Data/SpecializationData/Dragonflight/Engineering.lua: Lua error: ...Sim/Data/SpecializationData/Dragonflight/Engineering.lua:3: attempt to index field 'SPECIALIZATION_DATA' (a nil value)
stack traceback:
	(string):1: in main chunk
[Interface/AddOns/Blizzard_ScriptErrors/Blizzard_ScriptErrors.lua]:59: in function 'GetErrorData'
[Interface/AddOns/Blizzard_ScriptErrors/Blizzard_ScriptErrors.lua]:72: in function <[Interface/AddOns/Blizzard_ScriptErrors/Blizzard_ScriptErrors.lua]:71>

Lua error: @Interface/AddOns/CraftSim/Data/SpecializationData/The_War_Within/Blacksmithing.lua: Lua error: ...Data/SpecializationData/The_War_Within/Blacksmithing.lua:3: attempt to index field 'SPECIALIZATION_DATA' (a nil value)
stack traceback:
	(string):1: in main chunk
Lua error: Lua Error: @Interface/AddOns/CraftSim/Data/SpecializationData/The_War_Within/Blacksmithing.lua: Lua error: ...Data/SpecializationData/The_War_Within/Blacksmithing.lua:3: attempt to index field 'SPECIALIZATION_DATA' (a nil value)
stack traceback:
	(string):1: in main chunk
[Interface/AddOns/Blizzard_ScriptErrors/Blizzard_ScriptErrors.lua]:59: in function 'GetErrorData'
[Interface/AddOns/Blizzard_ScriptErrors/Blizzard_ScriptErrors.lua]:72: in function <[Interface/AddOns/Blizzard_ScriptErrors/Blizzard_ScriptErrors.lua]:71>

Lua error: @Interface/AddOns/CraftSim/Data/SpecializationData/The_War_Within/Inscription.lua: Lua error: ...m/Data/SpecializationData/The_War_Within/Inscription.lua:3: attempt to index field 'SPECIALIZATION_DATA' (a nil value)
stack traceback:
	(string):1: in main chunk
Lua error: Lua Error: @Interface/AddOns/CraftSim/Data/SpecializationData/The_War_Within/Inscription.lua: Lua error: ...m/Data/SpecializationData/The_War_Within/Inscription.lua:3: attempt to index field 'SPECIALIZATION_DATA' (a nil value)
stack traceback:
	(string):1: in main chunk
[Interface/AddOns/Blizzard_ScriptErrors/Blizzard_ScriptErrors.lua]:59: in function 'GetErrorData'
[Interface/AddOns/Blizzard_ScriptErrors/Blizzard_ScriptErrors.lua]:72: in function <[Interface/AddOns/Blizzard_ScriptErrors/Blizzard_ScriptErrors.lua]:71>

Lua error: @Interface/AddOns/CraftSim/Data/SpecializationData/The_War_Within/Jewelcrafting.lua: Lua error: ...Data/SpecializationData/The_War_Within/Jewelcrafting.lua:3: attempt to index field 'SPECIALIZATION_DATA' (a nil value)
stack traceback:
	(string):1: in main chunk
Lua error: Lua Error: @Interface/AddOns/CraftSim/Data/SpecializationData/The_War_Within/Jewelcrafting.lua: Lua error: ...Data/SpecializationData/The_War_Within/Jewelcrafting.lua:3: attempt to index field 'SPECIALIZATION_DATA' (a nil value)
stack traceback:
	(string):1: in main chunk
[Interface/AddOns/Blizzard_ScriptErrors/Blizzard_ScriptErrors.lua]:59: in function 'GetErrorData'
[Interface/AddOns/Blizzard_ScriptErrors/Blizzard_ScriptErrors.lua]:72: in function <[Interface/AddOns/Blizzard_ScriptErrors/Blizzard_ScriptErrors.lua]:71>

Lua error: @Interface/AddOns/CraftSim/Data/SpecializationData/The_War_Within/Engineering.lua: Lua error: ...m/Data/SpecializationData/The_War_Within/Engineering.lua:3: attempt to index field 'SPECIALIZATION_DATA' (a nil value)
stack traceback:
	(string):1: in main chunk
Lua error: Lua Error: @Interface/AddOns/CraftSim/Data/SpecializationData/The_War_Within/Engineering.lua: Lua error: ...m/Data/SpecializationData/The_War_Within/Engineering.lua:3: attempt to index field 'SPECIALIZATION_DATA' (a nil value)
stack traceback:
	(string):1: in main chunk
[Interface/AddOns/Blizzard_ScriptErrors/Blizzard_ScriptErrors.lua]:59: in function 'GetErrorData'
[Interface/AddOns/Blizzard_ScriptErrors/Blizzard_ScriptErrors.lua]:72: in function <[Interface/AddOns/Blizzard_ScriptErrors/Blizzard_ScriptErrors.lua]:71>

Lua error: @Interface/AddOns/CraftSim/Data/SpecializationData/Midnight/Alchemy.lua: Lua error: ...ns/CraftSim/Data/SpecializationData/Midnight/Alchemy.lua:3: attempt to index field 'SPECIALIZATION_DATA' (a nil value)
stack traceback:
	(string):1: in main chunk
Lua error: Lua Error: @Interface/AddOns/CraftSim/Data/SpecializationData/Midnight/Alchemy.lua: Lua error: ...ns/CraftSim/Data/SpecializationData/Midnight/Alchemy.lua:3: attempt to index field 'SPECIALIZATION_DATA' (a nil value)
stack traceback:
	(string):1: in main chunk
[Interface/AddOns/Blizzard_ScriptErrors/Blizzard_ScriptErrors.lua]:59: in function 'GetErrorData'
[Interface/AddOns/Blizzard_ScriptErrors/Blizzard_ScriptErrors.lua]:72: in function <[Interface/AddOns/Blizzard_ScriptErrors/Blizzard_ScriptErrors.lua]:71>

Lua error: @Interface/AddOns/CraftSim/Data/SpecializationData/Midnight/Enchanting.lua: Lua error: ...CraftSim/Data/SpecializationData/Midnight/Enchanting.lua:3: attempt to index field 'SPECIALIZATION_DATA' (a nil value)
stack traceback:
	(string):1: in main chunk
Lua error: Lua Error: @Interface/AddOns/CraftSim/Data/SpecializationData/Midnight/Enchanting.lua: Lua error: ...CraftSim/Data/SpecializationData/Midnight/Enchanting.lua:3: attempt to index field 'SPECIALIZATION_DATA' (a nil value)
stack traceback:
	(string):1: in main chunk
[Interface/AddOns/Blizzard_ScriptErrors/Blizzard_ScriptErrors.lua]:59: in function 'GetErrorData'
[Interface/AddOns/Blizzard_ScriptErrors/Blizzard_ScriptErrors.lua]:72: in function <[Interface/AddOns/Blizzard_ScriptErrors/Blizzard_ScriptErrors.lua]:71>

Lua error: @Interface/AddOns/CraftSim/Data/SpecializationData/Midnight/Jewelcrafting.lua: Lua error: ...ftSim/Data/SpecializationData/Midnight/Jewelcrafting.lua:3: attempt to index field 'SPECIALIZATION_DATA' (a nil value)
stack traceback:
	(string):1: in main chunk
Lua error: Lua Error: @Interface/AddOns/CraftSim/Data/SpecializationData/Midnight/Jewelcrafting.lua: Lua error: ...ftSim/Data/SpecializationData/Midnight/Jewelcrafting.lua:3: attempt to index field 'SPECIALIZATION_DATA' (a nil value)
stack traceback:
	(string):1: in main chunk
[Interface/AddOns/Blizzard_ScriptErrors/Blizzard_ScriptErrors.lua]:59: in function 'GetErrorData'
[Interface/AddOns/Blizzard_ScriptErrors/Blizzard_ScriptErrors.lua]:72: in function <[Interface/AddOns/Blizzard_ScriptErrors/Blizzard_ScriptErrors.lua]:71>

Lua error: @Interface/AddOns/CraftSim/Data/SpecializationData/Midnight/Tailoring.lua: Lua error: .../CraftSim/Data/SpecializationData/Midnight/Tailoring.lua:3: attempt to index field 'SPECIALIZATION_DATA' (a nil value)
stack traceback:
	(string):1: in main chunk
Lua error: Lua Error: @Interface/AddOns/CraftSim/Data/SpecializationData/Midnight/Tailoring.lua: Lua error: .../CraftSim/Data/SpecializationData/Midnight/Tailoring.lua:3: attempt to index field 'SPECIALIZATION_DATA' (a nil value)
stack traceback:
	(string):1: in main chunk
[Interface/AddOns/Blizzard_ScriptErrors/Blizzard_ScriptErrors.lua]:59: in function 'GetErrorData'
[Interface/AddOns/Blizzard_ScriptErrors/Blizzard_ScriptErrors.lua]:72: in function <[Interface/AddOns/Blizzard_ScriptErrors/Blizzard_ScriptErrors.lua]:71>

Lua error: @Interface/AddOns/CraftSim/Data/SpecializationData/Midnight/Engineering.lua: Lua error: ...raftSim/Data/SpecializationData/Midnight/Engineering.lua:3: attempt to index field 'SPECIALIZATION_DATA' (a nil value)
stack traceback:
	(string):1: in main chunk
Lua error: Lua Error: @Interface/AddOns/CraftSim/Data/SpecializationData/Midnight/Engineering.lua: Lua error: ...raftSim/Data/SpecializationData/Midnight/Engineering.lua:3: attempt to index field 'SPECIALIZATION_DATA' (a nil value)
stack traceback:
	(string):1: in main chunk
[Interface/AddOns/Blizzard_ScriptErrors/Blizzard_ScriptErrors.lua]:59: in function 'GetErrorData'
[Interface/AddOns/Blizzard_ScriptErrors/Blizzard_ScriptErrors.lua]:72: in function <[Interface/AddOns/Blizzard_ScriptErrors/Blizzard_ScriptErrors.lua]:71>

Lua error: @Interface/AddOns/CraftSim/Classes/ProfessionData.lua: Lua error: Interface/AddOns/CraftSim/Debug/Debug.lua:60: attempt to index upvalue 'LibLog' (a nil value)
stack traceback:
	(string):1: in main chunk
Lua error: Lua Error: @Interface/AddOns/CraftSim/Classes/ProfessionData.lua: Lua error: Interface/AddOns/CraftSim/Debug/Debug.lua:60: attempt to index upvalue 'LibLog' (a nil value)
stack traceback:
	(string):1: in main chunk
[Interface/AddOns/Blizzard_ScriptErrors/Blizzard_ScriptErrors.lua]:59: in function 'GetErrorData'
[Interface/AddOns/Blizzard_ScriptErrors/Blizzard_ScriptErrors.lua]:72: in function <[Interface/AddOns/Blizzard_ScriptErrors/Blizzard_ScriptErrors.lua]:71>

Lua error: @Interface/AddOns/CraftSim/Classes/RecipeData.lua: Lua error: Interface/AddOns/CraftSim/Debug/Debug.lua:60: attempt to index upvalue 'LibLog' (a nil value)
stack traceback:
	(string):1: in main chunk
Lua error: Lua Error: @Interface/AddOns/CraftSim/Classes/RecipeData.lua: Lua error: Interface/AddOns/CraftSim/Debug/Debug.lua:60: attempt to index upvalue 'LibLog' (a nil value)
stack traceback:
	(string):1: in main chunk
[Interface/AddOns/Blizzard_ScriptErrors/Blizzard_ScriptErrors.lua]:59: in function 'GetErrorData'
[Interface/AddOns/Blizzard_ScriptErrors/Blizzard_ScriptErrors.lua]:72: in function <[Interface/AddOns/Blizzard_ScriptErrors/Blizzard_ScriptErrors.lua]:71>

Lua error: @Interface/AddOns/CraftSim/Classes/ProfessionStats.lua: Lua error: Interface/AddOns/CraftSim/Classes/ProfessionStats.lua:6: attempt to index field 'CraftSimObject' (a nil value)
stack traceback:
	(string):1: in main chunk
Lua error: Lua Error: @Interface/AddOns/CraftSim/Classes/ProfessionStats.lua: Lua error: Interface/AddOns/CraftSim/Classes/ProfessionStats.lua:6: attempt to index field 'CraftSimObject' (a nil value)
stack traceback:
	(string):1: in main chunk
[Interface/AddOns/Blizzard_ScriptErrors/Blizzard_ScriptErrors.lua]:59: in function 'GetErrorData'
[Interface/AddOns/Blizzard_ScriptErrors/Blizzard_ScriptErrors.lua]:72: in function <[Interface/AddOns/Blizzard_ScriptErrors/Blizzard_ScriptErrors.lua]:71>

Lua error: @Interface/AddOns/CraftSim/Classes/ProfessionStat.lua: Lua error: Interface/AddOns/CraftSim/Classes/ProfessionStat.lua:7: attempt to index field 'CraftSimObject' (a nil value)
stack traceback:
	(string):1: in main chunk
Lua error: Lua Error: @Interface/AddOns/CraftSim/Classes/ProfessionStat.lua: Lua error: Interface/AddOns/CraftSim/Classes/ProfessionStat.lua:7: attempt to index field 'CraftSimObject' (a nil value)
stack traceback:
	(string):1: in main chunk
[Interface/AddOns/Blizzard_ScriptErrors/Blizzard_ScriptErrors.lua]:59: in function 'GetErrorData'
[Interface/AddOns/Blizzard_ScriptErrors/Blizzard_ScriptErrors.lua]:72: in function <[Interface/AddOns/Blizzard_ScriptErrors/Blizzard_ScriptErrors.lua]:71>

Lua error: @Interface/AddOns/CraftSim/Classes/ProfessionGearSet.lua: Lua error: Interface/AddOns/CraftSim/Classes/ProfessionGearSet.lua:6: attempt to index field 'CraftSimObject' (a nil value)
stack traceback:
	(string):1: in main chunk
Lua error: Lua Error: @Interface/AddOns/CraftSim/Classes/ProfessionGearSet.lua: Lua error: Interface/AddOns/CraftSim/Classes/ProfessionGearSet.lua:6: attempt to index field 'CraftSimObject' (a nil value)
stack traceback:
	(string):1: in main chunk
[Interface/AddOns/Blizzard_ScriptErrors/Blizzard_ScriptErrors.lua]:59: in function 'GetErrorData'
[Interface/AddOns/Blizzard_ScriptErrors/Blizzard_ScriptErrors.lua]:72: in function <[Interface/AddOns/Blizzard_ScriptErrors/Blizzard_ScriptErrors.lua]:71>

Lua error: @Interface/AddOns/CraftSim/Classes/ProfessionGear.lua: Lua error: Interface/AddOns/CraftSim/Classes/ProfessionGear.lua:8: attempt to index field 'CraftSimObject' (a nil value)
stack traceback:
	(string):1: in main chunk
Lua error: Lua Error: @Interface/AddOns/CraftSim/Classes/ProfessionGear.lua: Lua error: Interface/AddOns/CraftSim/Classes/ProfessionGear.lua:8: attempt to index field 'CraftSimObject' (a nil value)
stack traceback:
	(string):1: in main chunk
[Interface/AddOns/Blizzard_ScriptErrors/Blizzard_ScriptErrors.lua]:59: in function 'GetErrorData'
[Interface/AddOns/Blizzard_ScriptErrors/Blizzard_ScriptErrors.lua]:72: in function <[Interface/AddOns/Blizzard_ScriptErrors/Blizzard_ScriptErrors.lua]:71>

Lua error: @Interface/AddOns/CraftSim/Classes/ResultData.lua: Lua error: Interface/AddOns/CraftSim/Debug/Debug.lua:60: attempt to index upvalue 'LibLog' (a nil value)
stack traceback:
	(string):1: in main chunk
Lua error: Lua Error: @Interface/AddOns/CraftSim/Classes/ResultData.lua: Lua error: Interface/AddOns/CraftSim/Debug/Debug.lua:60: attempt to index upvalue 'LibLog' (a nil value)
stack traceback:
	(string):1: in main chunk
[Interface/AddOns/Blizzard_ScriptErrors/Blizzard_ScriptErrors.lua]:59: in function 'GetErrorData'
[Interface/AddOns/Blizzard_ScriptErrors/Blizzard_ScriptErrors.lua]:72: in function <[Interface/AddOns/Blizzard_ScriptErrors/Blizzard_ScriptErrors.lua]:71>

Lua error: @Interface/AddOns/CraftSim/Classes/SalvageReagentSlot.lua: Lua error: Interface/AddOns/CraftSim/Classes/SalvageReagentSlot.lua:8: attempt to index field 'CraftSimObject' (a nil value)
stack traceback:
	(string):1: in main chunk
Lua error: Lua Error: @Interface/AddOns/CraftSim/Classes/SalvageReagentSlot.lua: Lua error: Interface/AddOns/CraftSim/Classes/SalvageReagentSlot.lua:8: attempt to index field 'CraftSimObject' (a nil value)
stack traceback:
	(string):1: in main chunk
[Interface/AddOns/Blizzard_ScriptErrors/Blizzard_ScriptErrors.lua]:59: in function 'GetErrorData'
[Interface/AddOns/Blizzard_ScriptErrors/Blizzard_ScriptErrors.lua]:72: in function <[Interface/AddOns/Blizzard_ScriptErrors/Blizzard_ScriptErrors.lua]:71>

Lua error: @Interface/AddOns/CraftSim/Classes/SpecializationData.lua: Lua error: Interface/AddOns/CraftSim/Debug/Debug.lua:60: attempt to index upvalue 'LibLog' (a nil value)
stack traceback:
	(string):1: in main chunk
Lua error: Lua Error: @Interface/AddOns/CraftSim/Classes/SpecializationData.lua: Lua error: Interface/AddOns/CraftSim/Debug/Debug.lua:60: attempt to index upvalue 'LibLog' (a nil value)
stack traceback:
	(string):1: in main chunk
[Interface/AddOns/Blizzard_ScriptErrors/Blizzard_ScriptErrors.lua]:59: in function 'GetErrorData'
[Interface/AddOns/Blizzard_ScriptErrors/Blizzard_ScriptErrors.lua]:72: in function <[Interface/AddOns/Blizzard_ScriptErrors/Blizzard_ScriptErrors.lua]:71>

Lua error: @Interface/AddOns/CraftSim/Classes/NodeData.lua: Lua error: Interface/AddOns/CraftSim/Classes/NodeData.lua:6: attempt to index local 'GUTIL' (a nil value)
stack traceback:
	(string):1: in main chunk
Lua error: Lua Error: @Interface/AddOns/CraftSim/Classes/NodeData.lua: Lua error: Interface/AddOns/CraftSim/Classes/NodeData.lua:6: attempt to index local 'GUTIL' (a nil value)
stack traceback:
	(string):1: in main chunk
[Interface/AddOns/Blizzard_ScriptErrors/Blizzard_ScriptErrors.lua]:59: in function 'GetErrorData'
[Interface/AddOns/Blizzard_ScriptErrors/Blizzard_ScriptErrors.lua]:72: in function <[Interface/AddOns/Blizzard_ScriptErrors/Blizzard_ScriptErrors.lua]:71>

Lua error: @Interface/AddOns/CraftSim/Classes/PerkData.lua: Lua error: Interface/AddOns/CraftSim/Debug/Debug.lua:60: attempt to index upvalue 'LibLog' (a nil value)
stack traceback:
	(string):1: in main chunk
Lua error: Lua Error: @Interface/AddOns/CraftSim/Classes/PerkData.lua: Lua error: Interface/AddOns/CraftSim/Debug/Debug.lua:60: attempt to index upvalue 'LibLog' (a nil value)
stack traceback:
	(string):1: in main chunk
[Interface/AddOns/Blizzard_ScriptErrors/Blizzard_ScriptErrors.lua]:59: in function 'GetErrorData'
[Interface/AddOns/Blizzard_ScriptErrors/Blizzard_ScriptErrors.lua]:72: in function <[Interface/AddOns/Blizzard_ScriptErrors/Blizzard_ScriptErrors.lua]:71>

Lua error: @Interface/AddOns/CraftSim/Classes/CraftRecipeData.lua: Lua error: Interface/AddOns/CraftSim/Classes/CraftRecipeData.lua:65: attempt to index field 'CraftSimObject' (a nil value)
stack traceback:
	(string):1: in main chunk
Lua error: Lua Error: @Interface/AddOns/CraftSim/Classes/CraftRecipeData.lua: Lua error: Interface/AddOns/CraftSim/Classes/CraftRecipeData.lua:65: attempt to index field 'CraftSimObject' (a nil value)
stack traceback:
	(string):1: in main chunk
[Interface/AddOns/Blizzard_ScriptErrors/Blizzard_ScriptErrors.lua]:59: in function 'GetErrorData'
[Interface/AddOns/Blizzard_ScriptErrors/Blizzard_ScriptErrors.lua]:72: in function <[Interface/AddOns/Blizzard_ScriptErrors/Blizzard_ScriptErrors.lua]:71>

Lua error: @Interface/AddOns/CraftSim/Classes/JSONBuilder.lua: Lua error: Interface/AddOns/CraftSim/Classes/JSONBuilder.lua:7: attempt to index field 'CraftSimObject' (a nil value)
stack traceback:
	(string):1: in main chunk
Lua error: Lua Error: @Interface/AddOns/CraftSim/Classes/JSONBuilder.lua: Lua error: Interface/AddOns/CraftSim/Classes/JSONBuilder.lua:7: attempt to index field 'CraftSimObject' (a nil value)
stack traceback:
	(string):1: in main chunk
[Interface/AddOns/Blizzard_ScriptErrors/Blizzard_ScriptErrors.lua]:59: in function 'GetErrorData'
[Interface/AddOns/Blizzard_ScriptErrors/Blizzard_ScriptErrors.lua]:72: in function <[Interface/AddOns/Blizzard_ScriptErrors/Blizzard_ScriptErrors.lua]:71>

Lua error: @Interface/AddOns/CraftSim/Classes/Buff.lua: Lua error: Interface/AddOns/CraftSim/Debug/Debug.lua:60: attempt to index upvalue 'LibLog' (a nil value)
stack traceback:
	(string):1: in main chunk
Lua error: Lua Error: @Interface/AddOns/CraftSim/Classes/Buff.lua: Lua error: Interface/AddOns/CraftSim/Debug/Debug.lua:60: attempt to index upvalue 'LibLog' (a nil value)
stack traceback:
	(string):1: in main chunk
[Interface/AddOns/Blizzard_ScriptErrors/Blizzard_ScriptErrors.lua]:59: in function 'GetErrorData'
[Interface/AddOns/Blizzard_ScriptErrors/Blizzard_ScriptErrors.lua]:72: in function <[Interface/AddOns/Blizzard_ScriptErrors/Blizzard_ScriptErrors.lua]:71>

Lua error: @Interface/AddOns/CraftSim/Classes/CraftQueue.lua: Lua error: Interface/AddOns/CraftSim/Classes/CraftQueue.lua:7: attempt to index field 'CraftSimObject' (a nil value)
stack traceback:
	(string):1: in main chunk
Lua error: Lua Error: @Interface/AddOns/CraftSim/Classes/CraftQueue.lua: Lua error: Interface/AddOns/CraftSim/Classes/CraftQueue.lua:7: attempt to index field 'CraftSimObject' (a nil value)
stack traceback:
	(string):1: in main chunk
[Interface/AddOns/Blizzard_ScriptErrors/Blizzard_ScriptErrors.lua]:59: in function 'GetErrorData'
[Interface/AddOns/Blizzard_ScriptErrors/Blizzard_ScriptErrors.lua]:72: in function <[Interface/AddOns/Blizzard_ScriptErrors/Blizzard_ScriptErrors.lua]:71>

Lua error: @Interface/AddOns/CraftSim/Classes/CraftQueueItem.lua: Lua error: Interface/AddOns/CraftSim/Classes/CraftQueueItem.lua:8: attempt to index field 'CraftSimObject' (a nil value)
stack traceback:
	(string):1: in main chunk
Lua error: Lua Error: @Interface/AddOns/CraftSim/Classes/CraftQueueItem.lua: Lua error: Interface/AddOns/CraftSim/Classes/CraftQueueItem.lua:8: attempt to index field 'CraftSimObject' (a nil value)
stack traceback:
	(string):1: in main chunk
[Interface/AddOns/Blizzard_ScriptErrors/Blizzard_ScriptErrors.lua]:59: in function 'GetErrorData'
[Interface/AddOns/Blizzard_ScriptErrors/Blizzard_ScriptErrors.lua]:72: in function <[Interface/AddOns/Blizzard_ScriptErrors/Blizzard_ScriptErrors.lua]:71>

Lua error: IO error reading /syncthing/World of Warcraft/_retail_/Interface/AddOns/XIV_Databar_Continued/Libs/CallbackHandler-1.0/CallbackHandler-1.0.lua: No such file or directory (os error 2)
stack traceback:
	(string):1: in main chunk
Lua error: Lua Error: IO error reading /syncthing/World of Warcraft/_retail_/Interface/AddOns/XIV_Databar_Continued/Libs/CallbackHandler-1.0/CallbackHandler-1.0.lua: No such file or directory (os error 2)
stack traceback:
	(string):1: in main chunk
[Interface/AddOns/Blizzard_ScriptErrors/Blizzard_ScriptErrors.lua]:59: in function 'GetErrorData'
[Interface/AddOns/Blizzard_ScriptErrors/Blizzard_ScriptErrors.lua]:72: in function <[Interface/AddOns/Blizzard_ScriptErrors/Blizzard_ScriptErrors.lua]:71>

Lua error: Lua Error: IO error reading /syncthing/World of Warcraft/_retail_/Interface/AddOns/XIV_Databar_Continued/Libs/CallbackHandler-1.0/CallbackHandler-1.0.lua: No such file or directory (os error 2)
stack traceback:
	(string):1: in main chunk
[Interface/AddOns/Blizzard_ScriptErrors/Blizzard_ScriptErrors.lua]:59: in function 'GetErrorData'
[Interface/AddOns/Blizzard_ScriptErrors/Blizzard_ScriptErrors.lua]:72: in function <[Interface/AddOns/Blizzard_ScriptErrors/Blizzard_ScriptErrors.lua]:71>

Lua error: @Interface/AddOns/XIV_Databar_Continued/locales/enUS.lua: Lua error: Interface/AddOns/XIV_Databar_Continued/locales/enUS.lua:4: Cannot find a library instance of "AceLocale-3.0".
stack traceback:
	(string):1: in main chunk
Lua error: Lua Error: @Interface/AddOns/XIV_Databar_Continued/locales/enUS.lua: Lua error: Interface/AddOns/XIV_Databar_Continued/locales/enUS.lua:4: Cannot find a library instance of "AceLocale-3.0".
stack traceback:
	(string):1: in main chunk
[Interface/AddOns/Blizzard_ScriptErrors/Blizzard_ScriptErrors.lua]:59: in function 'GetErrorData'
[Interface/AddOns/Blizzard_ScriptErrors/Blizzard_ScriptErrors.lua]:72: in function <[Interface/AddOns/Blizzard_ScriptErrors/Blizzard_ScriptErrors.lua]:71>

Lua error: @Interface/AddOns/XIV_Databar_Continued/core.lua: Lua error: Interface/AddOns/XIV_Databar_Continued/core.lua:6: Cannot find a library instance of "AceAddon-3.0".
stack traceback:
	(string):1: in main chunk
Lua error: Lua Error: @Interface/AddOns/XIV_Databar_Continued/core.lua: Lua error: Interface/AddOns/XIV_Databar_Continued/core.lua:6: Cannot find a library instance of "AceAddon-3.0".
stack traceback:
	(string):1: in main chunk
[Interface/AddOns/Blizzard_ScriptErrors/Blizzard_ScriptErrors.lua]:59: in function 'GetErrorData'
[Interface/AddOns/Blizzard_ScriptErrors/Blizzard_ScriptErrors.lua]:72: in function <[Interface/AddOns/Blizzard_ScriptErrors/Blizzard_ScriptErrors.lua]:71>

Lua error: @Interface/AddOns/XIV_Databar_Continued/options.lua: Lua error: Interface/AddOns/XIV_Databar_Continued/options.lua:5: Cannot find a library instance of "AceConfig-3.0".
stack traceback:
	(string):1: in main chunk
Lua error: Lua Error: @Interface/AddOns/XIV_Databar_Continued/options.lua: Lua error: Interface/AddOns/XIV_Databar_Continued/options.lua:5: Cannot find a library instance of "AceConfig-3.0".
stack traceback:
	(string):1: in main chunk
[Interface/AddOns/Blizzard_ScriptErrors/Blizzard_ScriptErrors.lua]:59: in function 'GetErrorData'
[Interface/AddOns/Blizzard_ScriptErrors/Blizzard_ScriptErrors.lua]:72: in function <[Interface/AddOns/Blizzard_ScriptErrors/Blizzard_ScriptErrors.lua]:71>

Lua error: @Interface/AddOns/XIV_Databar_Continued/Core/utils/changelog/Old/v1/1.0.lua: Lua error: ...IV_Databar_Continued/Core/utils/changelog/Old/v1/1.0.lua:3: attempt to index field 'Changelog' (a nil value)
stack traceback:
	(string):1: in main chunk
Lua error: Lua Error: @Interface/AddOns/XIV_Databar_Continued/Core/utils/changelog/Old/v1/1.0.lua: Lua error: ...IV_Databar_Continued/Core/utils/changelog/Old/v1/1.0.lua:3: attempt to index field 'Changelog' (a nil value)
stack traceback:
	(string):1: in main chunk
[Interface/AddOns/Blizzard_ScriptErrors/Blizzard_ScriptErrors.lua]:59: in function 'GetErrorData'
[Interface/AddOns/Blizzard_ScriptErrors/Blizzard_ScriptErrors.lua]:72: in function <[Interface/AddOns/Blizzard_ScriptErrors/Blizzard_ScriptErrors.lua]:71>

Lua error: @Interface/AddOns/XIV_Databar_Continued/Core/utils/mythicteleports/expansions/classic.lua: Lua error: ...tinued/Core/utils/mythicteleports/expansions/classic.lua:6: attempt to index local 'L' (a nil value)
stack traceback:
	(string):1: in main chunk
Lua error: Lua Error: @Interface/AddOns/XIV_Databar_Continued/Core/utils/mythicteleports/expansions/classic.lua: Lua error: ...tinued/Core/utils/mythicteleports/expansions/classic.lua:6: attempt to index local 'L' (a nil value)
stack traceback:
	(string):1: in main chunk
[Interface/AddOns/Blizzard_ScriptErrors/Blizzard_ScriptErrors.lua]:59: in function 'GetErrorData'
[Interface/AddOns/Blizzard_ScriptErrors/Blizzard_ScriptErrors.lua]:72: in function <[Interface/AddOns/Blizzard_ScriptErrors/Blizzard_ScriptErrors.lua]:71>


=== Addon loading summary (before startup events) ===
Loaded: 28/47 addons
Failed during loading: 26
Load failures: 3
Loaded with Lua errors during loading: 23
Total: 198 Lua files, 10 XML files, 627 warnings
Total time: 906.40ms
  IO:         62.26ms (6.9%)
  XML parse:  16.62ms (1.8%)
  XML proc:   13.29ms (1.5%)
  XML frames: 2.26ms (0.2%, subset of XML proc)
    setup:  1.88ms  (code_build=14.66µs exec_lua=1.87ms props=6.85µs)
    finalize: 180.33µs  (layers=1.23µs anim=271.00ns button=4.56µs lifecycle=167.86µs)
    1 frames, 0 textures, 0 fontstrings, 1 lifecycle fires
  Lua exec:   814.21ms (89.8%)
    compile:  671.29ms (74.1%, subset of Lua exec)
    call:     142.92ms (15.8%, subset of Lua exec)
  SavedVars:  12.64µs (0.0%)
Bytecode cache: 0/411 hits (0%, lookup_miss=411 replay_fail=0 stored=411 store_fail=0)

Slowest addons:
  208.8ms  DandersFrames (lua=197.5ms compile=172.3ms call=25.2ms sv=311.0ns xml=0.0ns)
  160.7ms  CraftSim (lua=147.0ms compile=115.5ms call=31.5ms sv=370.0ns xml=0.0ns)
   74.0ms  BetterBlizzFrames (lua=70.2ms compile=64.6ms call=5.6ms sv=902.0ns xml=515.5µs)
   58.3ms  EnhanceQoL (lua=51.9ms compile=43.4ms call=8.5ms sv=300.0ns xml=2.2ms)
   52.0ms  Leatrix_Plus (lua=50.0ms compile=48.2ms call=1.8ms sv=671.0ns xml=583.5µs)
   41.9ms  BossHelper (lua=36.1ms compile=27.7ms call=8.4ms sv=1.1µs xml=0.0ns)
   38.1ms  Plumber (lua=32.0ms compile=25.4ms call=6.6ms sv=411.0ns xml=4.0ms)
   33.3ms  Syndicator (lua=30.1ms compile=24.6ms call=5.5ms sv=480.0ns xml=303.2µs)
   31.9ms  ItemVersion (lua=30.6ms compile=27.5ms call=3.1ms sv=260.0ns xml=0.0ns)
   28.9ms  Chattynator (lua=24.2ms compile=15.4ms call=8.8ms sv=291.0ns xml=2.6ms)
[  6.645s] [Startup] end load third-party addons in 1.30s
[  6.645s] [Startup] begin sync addon names to Lua
[  6.646s] [Startup] end sync addon names to Lua in 649.83µs
[  6.646s] [Startup] applying post-load workarounds
[  6.640s] [Startup] apply_post_load_workarounds: begin
[  6.640s] [Workarounds] starting patch_edit_mode_manager
[  6.641s] [Workarounds] finished patch_edit_mode_manager in 583.90µs
[  6.641s] [Workarounds] starting init_edit_mode_layout
[  6.641s] [EditMode] starting setup_layout_info
[  6.648s] [EditMode] finished setup_layout_info in 7.71ms
[  6.648s] [EditMode] starting apply_system_anchors
[  6.898s] [EditMode] finished apply_system_anchors in 249.65ms
[  6.898s] [EditMode] starting finalize_action_bar_positions
[  6.901s] [EditMode] finished finalize_action_bar_positions in 3.48ms
[  6.901s] [EditMode] starting invoke_anchor_changed_hooks
[  6.919s] [EditMode] finished invoke_anchor_changed_hooks in 17.85ms
[  6.919s] [EditMode] starting fix_action_bar_nan_size
[  6.919s] [EditMode] finished fix_action_bar_nan_size in 103.74µs
[  6.919s] [EditMode] starting fix_action_bar_scale
[  6.920s] [EditMode] finished fix_action_bar_scale in 11.10µs
[  6.920s] [Workarounds] finished init_edit_mode_layout in 278.95ms
[  6.920s] [Workarounds] starting patch_ui_parent_panel_toggles
[  6.920s] [Workarounds] finished patch_ui_parent_panel_toggles in 337.62µs
[  6.920s] [Workarounds] starting patch_uiparent_onupdate_worklists
[  6.920s] [Workarounds] finished patch_uiparent_onupdate_worklists in 179.07µs
[  6.920s] [Workarounds] starting init_chat_type_colors
[  6.920s] [Workarounds] finished init_chat_type_colors in 198.24µs
[  6.920s] [Workarounds] starting patch_chat_voice_button_surface
[  6.921s] [Workarounds] finished patch_chat_voice_button_surface in 398.21µs
[  6.921s] [Workarounds] starting patch_item_socketing_tooltips
[  6.921s] [Workarounds] finished patch_item_socketing_tooltips in 111.07µs
[  6.921s] [Workarounds] starting patch_character_select_selected_name
[  6.921s] [Workarounds] finished patch_character_select_selected_name in 48.68µs
[  6.921s] [Workarounds] starting patch_character_create_defaults
[  6.921s] [Workarounds] finished patch_character_create_defaults in 341.32µs
[  6.921s] [Workarounds] starting patch_character_frame_title_refresh
[  6.933s] [Workarounds] finished patch_character_frame_title_refresh in 11.96ms
[  6.933s] [Workarounds] starting patch_vignette_pin_template
[  6.933s] [Workarounds] finished patch_vignette_pin_template in 211.72µs
[  6.933s] [Workarounds] starting patch_fog_of_war_pin_mixin
[  6.934s] [Workarounds] finished patch_fog_of_war_pin_mixin in 404.03µs
[  6.934s] [Workarounds] starting patch_map_exploration_pin_mixin
[  6.934s] [Workarounds] finished patch_map_exploration_pin_mixin in 529.52µs
[  6.934s] [Workarounds] starting patch_map_canvas_data_provider_attachment
[  6.934s] [Workarounds] finished patch_map_canvas_data_provider_attachment in 95.07µs
[  6.934s] [Workarounds] starting ensure_adventure_map_frame_surface
[  6.935s] [Workarounds] finished ensure_adventure_map_frame_surface in 225.01µs
[  6.935s] [Workarounds] starting patch_action_bar_button_event_fanout
[  6.935s] [Workarounds] finished patch_action_bar_button_event_fanout in 160.20µs
[  6.935s] [Workarounds] starting patch_paging_controls_page_text
[  6.935s] [Workarounds] finished patch_paging_controls_page_text in 52.86µs
[  6.935s] [Workarounds] starting patch_talent_edge_frame_level_sync
[  6.935s] [Workarounds] finished patch_talent_edge_frame_level_sync in 37.03µs
[  6.935s] [Workarounds] starting patch_catalog_shop_product_card_defaults
[  6.935s] [Workarounds] finished patch_catalog_shop_product_card_defaults in 81.25µs
[  6.935s] [Workarounds] starting patch_game_time_defaults
[  6.935s] [Workarounds] finished patch_game_time_defaults in 9.89µs
[  6.935s] [Workarounds] starting patch_tooltip_nineslice_surface
[  6.935s] [Workarounds] finished patch_tooltip_nineslice_surface in 67.22µs
[  6.935s] [Workarounds] starting patch_container_frame_token_tracker
[  6.935s] [Workarounds] finished patch_container_frame_token_tracker in 57.16µs
[  6.935s] [Workarounds] starting patch_achievement_display_set_achievements
[  6.935s] [Workarounds] finished patch_achievement_display_set_achievements in 12.11µs
[  6.935s] [Workarounds] starting patch_housing_dashboard_preload
[  6.935s] [Workarounds] finished patch_housing_dashboard_preload in 96.97µs
[  6.935s] [Workarounds] starting patch_lfg_lock_list
[  6.935s] [Workarounds] finished patch_lfg_lock_list in 9.38µs
[  6.935s] [Workarounds] starting patch_auction_house_browse_results_event
[  6.935s] [Workarounds] finished patch_auction_house_browse_results_event in 99.86µs
[  6.935s] [Workarounds] starting patch_auction_house_search_context_aliases
[  6.935s] [Workarounds] finished patch_auction_house_search_context_aliases in 47.57µs
[  6.935s] [Workarounds] starting patch_auth_challenge_frame_parent
[  6.936s] [Workarounds] finished patch_auth_challenge_frame_parent in 71.57µs
[  6.936s] [Workarounds] starting patch_settings_surface_defaults
[  6.936s] [Workarounds] finished patch_settings_surface_defaults in 544.30µs
[  6.936s] [Workarounds] starting patch_settings_canvas_layout_visibility
[  6.936s] [Workarounds] finished patch_settings_canvas_layout_visibility in 158.55µs
[  6.936s] [Startup] apply_post_load_workarounds: workarounds complete
[  7.071s] [Startup] apply_post_load_workarounds: globals restored
[  7.072s] [Startup] apply_post_load_workarounds: patch 12.1 compatibility restored
[  7.072s] [Startup] apply_post_load_workarounds: seterrorhandler restored
[  7.078s] [Startup] post-load workarounds complete in 431.88ms
[  7.078s] [Startup] restarting GC after bootstrap
[  7.542s] [Startup] GC restart complete in 464.63ms
=== Final observed Lua error summary ===
Status: FAILED
Lua errors: 475 unique, 489 occurrence(s)
Attributed owners: 27
  AdvancedInterfaceOptions: 6 occurrence(s)
  AstralKeys: 18 occurrence(s)
  BetterBlizzFrames: 10 occurrence(s)
  BlizzMove: 10 occurrence(s)
  BossHelper: 20 occurrence(s)
  BugSack: 2 occurrence(s)
  Chattynator: 28 occurrence(s)
  Clicked: 20 occurrence(s)
  Collectionator: 1 occurrence(s)
  CraftSim: 152 occurrence(s)
  CursorRing: 14 occurrence(s)
  DandersFrames: 14 occurrence(s)
  DeModal: 2 occurrence(s)
  Dejunk: 2 occurrence(s)
  DialogueUI: 22 occurrence(s)
  EXBOSS-LocaleBase: 1 occurrence(s)
  EllesmereUICooldownManager: 1 occurrence(s)
  EnhanceQoL: 32 occurrence(s)
  Falcon: 10 occurrence(s)
  InTime: 4 occurrence(s)
  ItemVersion: 12 occurrence(s)
  Leatrix_Plus: 4 occurrence(s)
  Plumber: 46 occurrence(s)
  SavedInstances: 22 occurrence(s)
  Simulationcraft: 2 occurrence(s)
  Syndicator: 16 occurrence(s)
  XIV_Databar_Continued: 14 occurrence(s)
Unattributed Lua errors: 4 occurrence(s)
[
  {
    "message": "@Interface/AddOns/AdvancedInterfaceOptions/cvars.lua: Lua error: Interface/AddOns/AdvancedInterfaceOptions/cvars.lua:1165: attempt to call local '(for state)' (a nil value)\nstack traceback:\n\t(string):1: in main chunk",
    "count": 1
  },
  {
    "message": "Lua Error: @Interface/AddOns/AdvancedInterfaceOptions/cvars.lua: Lua error: Interface/AddOns/AdvancedInterfaceOptions/cvars.lua:1165: attempt to call local '(for state)' (a nil value)\nstack traceback:\n\t(string):1: in main chunk\n[Interface/AddOns/Blizzard_ScriptErrors/Blizzard_ScriptErrors.lua]:59: in function 'GetErrorData'\n[Interface/AddOns/Blizzard_ScriptErrors/Blizzard_ScriptErrors.lua]:72: in function <[Interface/AddOns/Blizzard_ScriptErrors/Blizzard_ScriptErrors.lua]:71>",
    "count": 1
  },
  {
    "message": "@Interface/AddOns/AdvancedInterfaceOptions/browser.lua: Lua error: Interface/AddOns/AdvancedInterfaceOptions/browser.lua:2: attempt to call method 'Eve' (a nil value)\nstack traceback:\n\t(string):1: in main chunk",
    "count": 1
  },
  {
    "message": "Lua Error: @Interface/AddOns/AdvancedInterfaceOptions/browser.lua: Lua error: Interface/AddOns/AdvancedInterfaceOptions/browser.lua:2: attempt to call method 'Eve' (a nil value)\nstack traceback:\n\t(string):1: in main chunk\n[Interface/AddOns/Blizzard_ScriptErrors/Blizzard_ScriptErrors.lua]:59: in function 'GetErrorData'\n[Interface/AddOns/Blizzard_ScriptErrors/Blizzard_ScriptErrors.lua]:72: in function <[Interface/AddOns/Blizzard_ScriptErrors/Blizzard_ScriptErrors.lua]:71>",
    "count": 1
  },
  {
    "message": "@Interface/AddOns/AdvancedInterfaceOptions/basicOptions.lua: Lua error: Interface/AddOns/AdvancedInterfaceOptions/basicOptions.lua:2: attempt to call method 'Eve' (a nil value)\nstack traceback:\n\t(string):1: in main chunk",
    "count": 1
  },
  {
    "message": "Lua Error: @Interface/AddOns/AdvancedInterfaceOptions/basicOptions.lua: Lua error: Interface/AddOns/AdvancedInterfaceOptions/basicOptions.lua:2: attempt to call method 'Eve' (a nil value)\nstack traceback:\n\t(string):1: in main chunk\n[Interface/AddOns/Blizzard_ScriptErrors/Blizzard_ScriptErrors.lua]:59: in function 'GetErrorData'\n[Interface/AddOns/Blizzard_ScriptErrors/Blizzard_ScriptErrors.lua]:72: in function <[Interface/AddOns/Blizzard_ScriptErrors/Blizzard_ScriptErrors.lua]:71>",
    "count": 1
  },
  {
    "message": "IO error reading /syncthing/World of Warcraft/_retail_/Interface/AddOns/AstralKeys/Libs/LibStub/LibStub.lua: No such file or directory (os error 2)\nstack traceback:\n\t(string):1: in main chunk",
    "count": 1
  },
  {
    "message": "Lua Error: IO error reading /syncthing/World of Warcraft/_retail_/Interface/AddOns/AstralKeys/Libs/LibStub/LibStub.lua: No such file or directory (os error 2)\nstack traceback:\n\t(string):1: in main chunk\n[Interface/AddOns/Blizzard_ScriptErrors/Blizzard_ScriptErrors.lua]:59: in function 'GetErrorData'\n[Interface/AddOns/Blizzard_ScriptErrors/Blizzard_ScriptErrors.lua]:72: in function <[Interface/AddOns/Blizzard_ScriptErrors/Blizzard_ScriptErrors.lua]:71>",
    "count": 1
  },
  {
    "message": "@Interface/AddOns/AstralKeys/Dialog.lua: Lua error: Interface/AddOns/AstralKeys/Localization/Localization.lua:17: stack overflow\nstack traceback:\n\t(string):1: in main chunk",
    "count": 1
  },
  {
    "message": "Lua Error: @Interface/AddOns/AstralKeys/Dialog.lua: Lua error: Interface/AddOns/AstralKeys/Localization/Localization.lua:17: stack overflow\nstack traceback:\n\t(string):1: in main chunk\n[Interface/AddOns/Blizzard_ScriptErrors/Blizzard_ScriptErrors.lua]:59: in function 'GetErrorData'\n[Interface/AddOns/Blizzard_ScriptErrors/Blizzard_ScriptErrors.lua]:72: in function <[Interface/AddOns/Blizzard_ScriptErrors/Blizzard_ScriptErrors.lua]:71>",
    "count": 1
  },
  {
    "message": "@Interface/AddOns/AstralKeys/Communications.lua: Lua error: Interface/AddOns/AstralKeys/Communications.lua:252: attempt to index global 'AstralEvents' (a nil value)\nstack traceback:\n\t(string):1: in main chunk",
    "count": 1
  },
  {
    "message": "Lua Error: @Interface/AddOns/AstralKeys/Communications.lua: Lua error: Interface/AddOns/AstralKeys/Communications.lua:252: attempt to index global 'AstralEvents' (a nil value)\nstack traceback:\n\t(string):1: in main chunk\n[Interface/AddOns/Blizzard_ScriptErrors/Blizzard_ScriptErrors.lua]:59: in function 'GetErrorData'\n[Interface/AddOns/Blizzard_ScriptErrors/Blizzard_ScriptErrors.lua]:72: in function <[Interface/AddOns/Blizzard_ScriptErrors/Blizzard_ScriptErrors.lua]:71>",
    "count": 1
  },
  {
    "message": "@Interface/AddOns/AstralKeys/Lists/Friends.lua: Lua error: Interface/AddOns/AstralKeys/Lists/Friends.lua:75: attempt to index global 'AstralEvents' (a nil value)\nstack traceback:\n\t(string):1: in main chunk",
    "count": 1
  },
  {
    "message": "Lua Error: @Interface/AddOns/AstralKeys/Lists/Friends.lua: Lua error: Interface/AddOns/AstralKeys/Lists/Friends.lua:75: attempt to index global 'AstralEvents' (a nil value)\nstack traceback:\n\t(string):1: in main chunk\n[Interface/AddOns/Blizzard_ScriptErrors/Blizzard_ScriptErrors.lua]:59: in function 'GetErrorData'\n[Interface/AddOns/Blizzard_ScriptErrors/Blizzard_ScriptErrors.lua]:72: in function <[Interface/AddOns/Blizzard_ScriptErrors/Blizzard_ScriptErrors.lua]:71>",
    "count": 1
  },
  {
    "message": "@Interface/AddOns/AstralKeys/Lists/Guild.lua: Lua error: Interface/AddOns/AstralKeys/Lists/Guild.lua:19: attempt to index global 'AstralEvents' (a nil value)\nstack traceback:\n\t(string):1: in main chunk",
    "count": 1
  },
  {
    "message": "Lua Error: @Interface/AddOns/AstralKeys/Lists/Guild.lua: Lua error: Interface/AddOns/AstralKeys/Lists/Guild.lua:19: attempt to index global 'AstralEvents' (a nil value)\nstack traceback:\n\t(string):1: in main chunk\n[Interface/AddOns/Blizzard_ScriptErrors/Blizzard_ScriptErrors.lua]:59: in function 'GetErrorData'\n[Interface/AddOns/Blizzard_ScriptErrors/Blizzard_ScriptErrors.lua]:72: in function <[Interface/AddOns/Blizzard_ScriptErrors/Blizzard_ScriptErrors.lua]:71>",
    "count": 1
  },
  {
    "message": "@Interface/AddOns/AstralKeys/Dungeons.lua: Lua error: Interface/AddOns/AstralKeys/Localization/Localization.lua:17: stack overflow\nstack traceback:\n\t(string):1: in main chunk",
    "count": 1
  },
  {
    "message": "Lua Error: @Interface/AddOns/AstralKeys/Dungeons.lua: Lua error: Interface/AddOns/AstralKeys/Localization/Localization.lua:17: stack overflow\nstack traceback:\n\t(string):1: in main chunk\n[Interface/AddOns/Blizzard_ScriptErrors/Blizzard_ScriptErrors.lua]:59: in function 'GetErrorData'\n[Interface/AddOns/Blizzard_ScriptErrors/Blizzard_ScriptErrors.lua]:72: in function <[Interface/AddOns/Blizzard_ScriptErrors/Blizzard_ScriptErrors.lua]:71>",
    "count": 1
  },
  {
    "message": "@Interface/AddOns/AstralKeys/AstralKeys.lua: Lua error: Interface/AddOns/AstralKeys/AstralKeys.lua:93: attempt to index global 'AstralEvents' (a nil value)\nstack traceback:\n\t(string):1: in main chunk",
    "count": 1
  },
  {
    "message": "Lua Error: @Interface/AddOns/AstralKeys/AstralKeys.lua: Lua error: Interface/AddOns/AstralKeys/AstralKeys.lua:93: attempt to index global 'AstralEvents' (a nil value)\nstack traceback:\n\t(string):1: in main chunk\n[Interface/AddOns/Blizzard_ScriptErrors/Blizzard_ScriptErrors.lua]:59: in function 'GetErrorData'\n[Interface/AddOns/Blizzard_ScriptErrors/Blizzard_ScriptErrors.lua]:72: in function <[Interface/AddOns/Blizzard_ScriptErrors/Blizzard_ScriptErrors.lua]:71>",
    "count": 1
  },
  {
    "message": "IO error reading /syncthing/World of Warcraft/_retail_/Interface/AddOns/AstralKeys/Frame.lua: No such file or directory (os error 2)\nstack traceback:\n\t(string):1: in main chunk",
    "count": 1
  },
  {
    "message": "Lua Error: IO error reading /syncthing/World of Warcraft/_retail_/Interface/AddOns/AstralKeys/Frame.lua: No such file or directory (os error 2)\nstack traceback:\n\t(string):1: in main chunk\n[Interface/AddOns/Blizzard_ScriptErrors/Blizzard_ScriptErrors.lua]:59: in function 'GetErrorData'\n[Interface/AddOns/Blizzard_ScriptErrors/Blizzard_ScriptErrors.lua]:72: in function <[Interface/AddOns/Blizzard_ScriptErrors/Blizzard_ScriptErrors.lua]:71>",
    "count": 1
  },
  {
    "message": "@Interface/AddOns/AstralKeys/MinimapButton.lua: Lua error: Interface/AddOns/AstralKeys/MinimapButton.lua:4: attempt to call a nil value\nstack traceback:\n\t(string):1: in main chunk",
    "count": 1
  },
  {
    "message": "Lua Error: @Interface/AddOns/AstralKeys/MinimapButton.lua: Lua error: Interface/AddOns/AstralKeys/MinimapButton.lua:4: attempt to call a nil value\nstack traceback:\n\t(string):1: in main chunk\n[Interface/AddOns/Blizzard_ScriptErrors/Blizzard_ScriptErrors.lua]:59: in function 'GetErrorData'\n[Interface/AddOns/Blizzard_ScriptErrors/Blizzard_ScriptErrors.lua]:72: in function <[Interface/AddOns/Blizzard_ScriptErrors/Blizzard_ScriptErrors.lua]:71>",
    "count": 1
  },
  {
    "message": "IO error reading /syncthing/World of Warcraft/_retail_/Interface/AddOns/BetterBlizzFrames/libs/LibStub/LibStub.lua: No such file or directory (os error 2)\nstack traceback:\n\t(string):1: in main chunk",
    "count": 1
  },
  {
    "message": "Lua Error: IO error reading /syncthing/World of Warcraft/_retail_/Interface/AddOns/BetterBlizzFrames/libs/LibStub/LibStub.lua: No such file or directory (os error 2)\nstack traceback:\n\t(string):1: in main chunk\n[Interface/AddOns/Blizzard_ScriptErrors/Blizzard_ScriptErrors.lua]:59: in function 'GetErrorData'\n[Interface/AddOns/Blizzard_ScriptErrors/Blizzard_ScriptErrors.lua]:72: in function <[Interface/AddOns/Blizzard_ScriptErrors/Blizzard_ScriptErrors.lua]:71>",
    "count": 1
  },
  {
    "message": "@Interface/AddOns/BetterBlizzFrames/shared/functions.lua: Lua error: Interface/AddOns/BetterBlizzFrames/shared/functions.lua:329: attempt to call a nil value\nstack traceback:\n\t(string):1: in main chunk",
    "count": 1
  },
  {
    "message": "Lua Error: @Interface/AddOns/BetterBlizzFrames/shared/functions.lua: Lua error: Interface/AddOns/BetterBlizzFrames/shared/functions.lua:329: attempt to call a nil value\nstack traceback:\n\t(string):1: in main chunk\n[Interface/AddOns/Blizzard_ScriptErrors/Blizzard_ScriptErrors.lua]:59: in function 'GetErrorData'\n[Interface/AddOns/Blizzard_ScriptErrors/Blizzard_ScriptErrors.lua]:72: in function <[Interface/AddOns/Blizzard_ScriptErrors/Blizzard_ScriptErrors.lua]:71>",
    "count": 1
  },
  {
    "message": "@Interface/AddOns/BetterBlizzFrames/shared/ImportExport.lua: Lua error: Interface/AddOns/BetterBlizzFrames/shared/ImportExport.lua:2: attempt to call a nil value\nstack traceback:\n\t(string):1: in main chunk",
    "count": 1
  },
  {
    "message": "Lua Error: @Interface/AddOns/BetterBlizzFrames/shared/ImportExport.lua: Lua error: Interface/AddOns/BetterBlizzFrames/shared/ImportExport.lua:2: attempt to call a nil value\nstack traceback:\n\t(string):1: in main chunk\n[Interface/AddOns/Blizzard_ScriptErrors/Blizzard_ScriptErrors.lua]:59: in function 'GetErrorData'\n[Interface/AddOns/Blizzard_ScriptErrors/Blizzard_ScriptErrors.lua]:72: in function <[Interface/AddOns/Blizzard_ScriptErrors/Blizzard_ScriptErrors.lua]:71>",
    "count": 1
  },
  {
    "message": "@Interface/AddOns/BetterBlizzFrames/retail/modules/prd.lua: Lua error: Interface/AddOns/BetterBlizzFrames/retail/modules/prd.lua:1: attempt to call a nil value\nstack traceback:\n\t(string):1: in main chunk",
    "count": 1
  },
  {
    "message": "Lua Error: @Interface/AddOns/BetterBlizzFrames/retail/modules/prd.lua: Lua error: Interface/AddOns/BetterBlizzFrames/retail/modules/prd.lua:1: attempt to call a nil value\nstack traceback:\n\t(string):1: in main chunk\n[Interface/AddOns/Blizzard_ScriptErrors/Blizzard_ScriptErrors.lua]:59: in function 'GetErrorData'\n[Interface/AddOns/Blizzard_ScriptErrors/Blizzard_ScriptErrors.lua]:72: in function <[Interface/AddOns/Blizzard_ScriptErrors/Blizzard_ScriptErrors.lua]:71>",
    "count": 1
  },
  {
    "message": "@Interface/AddOns/BetterBlizzFrames/retail/gui.lua: Lua error: Interface/AddOns/BetterBlizzFrames/retail/gui.lua:2: attempt to index global 'LibStub' (a nil value)\nstack traceback:\n\t(string):1: in main chunk",
    "count": 1
  },
  {
    "message": "Lua Error: @Interface/AddOns/BetterBlizzFrames/retail/gui.lua: Lua error: Interface/AddOns/BetterBlizzFrames/retail/gui.lua:2: attempt to index global 'LibStub' (a nil value)\nstack traceback:\n\t(string):1: in main chunk\n[Interface/AddOns/Blizzard_ScriptErrors/Blizzard_ScriptErrors.lua]:59: in function 'GetErrorData'\n[Interface/AddOns/Blizzard_ScriptErrors/Blizzard_ScriptErrors.lua]:72: in function <[Interface/AddOns/Blizzard_ScriptErrors/Blizzard_ScriptErrors.lua]:71>",
    "count": 1
  },
  {
    "message": "IO error loading /syncthing/World of Warcraft/_retail_/Interface/AddOns/BlizzMove/Libs/CallbackHandler-1.0/CallbackHandler-1.0.xml: No such file or directory (os error 2)\nstack traceback:\n\t(string):1: in main chunk",
    "count": 1
  },
  {
    "message": "Lua Error: IO error loading /syncthing/World of Warcraft/_retail_/Interface/AddOns/BlizzMove/Libs/CallbackHandler-1.0/CallbackHandler-1.0.xml: No such file or directory (os error 2)\nstack traceback:\n\t(string):1: in main chunk\n[Interface/AddOns/Blizzard_ScriptErrors/Blizzard_ScriptErrors.lua]:59: in function 'GetErrorData'\n[Interface/AddOns/Blizzard_ScriptErrors/Blizzard_ScriptErrors.lua]:72: in function <[Interface/AddOns/Blizzard_ScriptErrors/Blizzard_ScriptErrors.lua]:71>",
    "count": 1
  },
  {
    "message": "XML error: IO error loading /syncthing/World of Warcraft/_retail_/Interface/AddOns/BlizzMove/Libs/CallbackHandler-1.0/CallbackHandler-1.0.xml: No such file or directory (os error 2)\nstack traceback:\n\t(string):1: in main chunk",
    "count": 1
  },
  {
    "message": "Lua Error: XML error: IO error loading /syncthing/World of Warcraft/_retail_/Interface/AddOns/BlizzMove/Libs/CallbackHandler-1.0/CallbackHandler-1.0.xml: No such file or directory (os error 2)\nstack traceback:\n\t(string):1: in main chunk\n[Interface/AddOns/Blizzard_ScriptErrors/Blizzard_ScriptErrors.lua]:59: in function 'GetErrorData'\n[Interface/AddOns/Blizzard_ScriptErrors/Blizzard_ScriptErrors.lua]:72: in function <[Interface/AddOns/Blizzard_ScriptErrors/Blizzard_ScriptErrors.lua]:71>",
    "count": 1
  },
  {
    "message": "IO error reading /syncthing/World of Warcraft/_retail_/Interface/AddOns/BlizzMove/Locale/enUS.lua: No such file or directory (os error 2)\nstack traceback:\n\t(string):1: in main chunk",
    "count": 1
  },
  {
    "message": "Lua Error: IO error reading /syncthing/World of Warcraft/_retail_/Interface/AddOns/BlizzMove/Locale/enUS.lua: No such file or directory (os error 2)\nstack traceback:\n\t(string):1: in main chunk\n[Interface/AddOns/Blizzard_ScriptErrors/Blizzard_ScriptErrors.lua]:59: in function 'GetErrorData'\n[Interface/AddOns/Blizzard_ScriptErrors/Blizzard_ScriptErrors.lua]:72: in function <[Interface/AddOns/Blizzard_ScriptErrors/Blizzard_ScriptErrors.lua]:71>",
    "count": 1
  },
  {
    "message": "@Interface/AddOns/BlizzMove/BlizzMove.lua: Lua error: Interface/AddOns/BlizzMove/BlizzMove.lua:34: Cannot find a library instance of \"AceAddon-3.0\".\nstack traceback:\n\t(string):1: in main chunk",
    "count": 1
  },
  {
    "message": "Lua Error: @Interface/AddOns/BlizzMove/BlizzMove.lua: Lua error: Interface/AddOns/BlizzMove/BlizzMove.lua:34: Cannot find a library instance of \"AceAddon-3.0\".\nstack traceback:\n\t(string):1: in main chunk\n[Interface/AddOns/Blizzard_ScriptErrors/Blizzard_ScriptErrors.lua]:59: in function 'GetErrorData'\n[Interface/AddOns/Blizzard_ScriptErrors/Blizzard_ScriptErrors.lua]:72: in function <[Interface/AddOns/Blizzard_ScriptErrors/Blizzard_ScriptErrors.lua]:71>",
    "count": 1
  },
  {
    "message": "@Interface/AddOns/BlizzMove/BlizzMoveConfig.lua: Lua error: Interface/AddOns/BlizzMove/BlizzMoveConfig.lua:13: Cannot find a library instance of \"AceAddon-3.0\".\nstack traceback:\n\t(string):1: in main chunk",
    "count": 1
  },
  {
    "message": "Lua Error: @Interface/AddOns/BlizzMove/BlizzMoveConfig.lua: Lua error: Interface/AddOns/BlizzMove/BlizzMoveConfig.lua:13: Cannot find a library instance of \"AceAddon-3.0\".\nstack traceback:\n\t(string):1: in main chunk\n[Interface/AddOns/Blizzard_ScriptErrors/Blizzard_ScriptErrors.lua]:59: in function 'GetErrorData'\n[Interface/AddOns/Blizzard_ScriptErrors/Blizzard_ScriptErrors.lua]:72: in function <[Interface/AddOns/Blizzard_ScriptErrors/Blizzard_ScriptErrors.lua]:71>",
    "count": 1
  },
  {
    "message": "@Interface/AddOns/BossHelper/Core/BossData.lua: Lua error: Interface/AddOns/BossHelper/Core/BossData.lua:37: attempt to index global 'BossHelper' (a nil value)\nstack traceback:\n\t(string):1: in main chunk",
    "count": 1
  },
  {
    "message": "Lua Error: @Interface/AddOns/BossHelper/Core/BossData.lua: Lua error: Interface/AddOns/BossHelper/Core/BossData.lua:37: attempt to index global 'BossHelper' (a nil value)\nstack traceback:\n\t(string):1: in main chunk\n[Interface/AddOns/Blizzard_ScriptErrors/Blizzard_ScriptErrors.lua]:59: in function 'GetErrorData'\n[Interface/AddOns/Blizzard_ScriptErrors/Blizzard_ScriptErrors.lua]:72: in function <[Interface/AddOns/Blizzard_ScriptErrors/Blizzard_ScriptErrors.lua]:71>",
    "count": 1
  },
  {
    "message": "@Interface/AddOns/BossHelper/Core/AffixData.lua: Lua error: Interface/AddOns/BossHelper/Core/AffixData.lua:8: attempt to index global 'BossHelper' (a nil value)\nstack traceback:\n\t(string):1: in main chunk",
    "count": 1
  },
  {
    "message": "Lua Error: @Interface/AddOns/BossHelper/Core/AffixData.lua: Lua error: Interface/AddOns/BossHelper/Core/AffixData.lua:8: attempt to index global 'BossHelper' (a nil value)\nstack traceback:\n\t(string):1: in main chunk\n[Interface/AddOns/Blizzard_ScriptErrors/Blizzard_ScriptErrors.lua]:59: in function 'GetErrorData'\n[Interface/AddOns/Blizzard_ScriptErrors/Blizzard_ScriptErrors.lua]:72: in function <[Interface/AddOns/Blizzard_ScriptErrors/Blizzard_ScriptErrors.lua]:71>",
    "count": 1
  },
  {
    "message": "@Interface/AddOns/BossHelper/Core/Functions.lua: Lua error: Interface/AddOns/BossHelper/Core/Functions.lua:10: attempt to index global 'BossHelper' (a nil value)\nstack traceback:\n\t(string):1: in main chunk",
    "count": 1
  },
  {
    "message": "Lua Error: @Interface/AddOns/BossHelper/Core/Functions.lua: Lua error: Interface/AddOns/BossHelper/Core/Functions.lua:10: attempt to index global 'BossHelper' (a nil value)\nstack traceback:\n\t(string):1: in main chunk\n[Interface/AddOns/Blizzard_ScriptErrors/Blizzard_ScriptErrors.lua]:59: in function 'GetErrorData'\n[Interface/AddOns/Blizzard_ScriptErrors/Blizzard_ScriptErrors.lua]:72: in function <[Interface/AddOns/Blizzard_ScriptErrors/Blizzard_ScriptErrors.lua]:71>",
    "count": 1
  },
  {
    "message": "@Interface/AddOns/BossHelper/Core/EditModeLogic.lua: Lua error: Interface/AddOns/BossHelper/Core/EditModeLogic.lua:3: attempt to index global 'BossHelper' (a nil value)\nstack traceback:\n\t(string):1: in main chunk",
    "count": 1
  },
  {
    "message": "Lua Error: @Interface/AddOns/BossHelper/Core/EditModeLogic.lua: Lua error: Interface/AddOns/BossHelper/Core/EditModeLogic.lua:3: attempt to index global 'BossHelper' (a nil value)\nstack traceback:\n\t(string):1: in main chunk\n[Interface/AddOns/Blizzard_ScriptErrors/Blizzard_ScriptErrors.lua]:59: in function 'GetErrorData'\n[Interface/AddOns/Blizzard_ScriptErrors/Blizzard_ScriptErrors.lua]:72: in function <[Interface/AddOns/Blizzard_ScriptErrors/Blizzard_ScriptErrors.lua]:71>",
    "count": 1
  },
  {
    "message": "@Interface/AddOns/BossHelper/UI/StartPage.lua: Lua error: Interface/AddOns/BossHelper/UI/StartPage.lua:12: attempt to index field 'UI' (a nil value)\nstack traceback:\n\t(string):1: in main chunk",
    "count": 1
  },
  {
    "message": "Lua Error: @Interface/AddOns/BossHelper/UI/StartPage.lua: Lua error: Interface/AddOns/BossHelper/UI/StartPage.lua:12: attempt to index field 'UI' (a nil value)\nstack traceback:\n\t(string):1: in main chunk\n[Interface/AddOns/Blizzard_ScriptErrors/Blizzard_ScriptErrors.lua]:59: in function 'GetErrorData'\n[Interface/AddOns/Blizzard_ScriptErrors/Blizzard_ScriptErrors.lua]:72: in function <[Interface/AddOns/Blizzard_ScriptErrors/Blizzard_ScriptErrors.lua]:71>",
    "count": 1
  },
  {
    "message": "@Interface/AddOns/BossHelper/UI/Settings.lua: Lua error: Interface/AddOns/BossHelper/UI/Settings.lua:40: attempt to index field 'UI' (a nil value)\nstack traceback:\n\t(string):1: in main chunk",
    "count": 1
  },
  {
    "message": "Lua Error: @Interface/AddOns/BossHelper/UI/Settings.lua: Lua error: Interface/AddOns/BossHelper/UI/Settings.lua:40: attempt to index field 'UI' (a nil value)\nstack traceback:\n\t(string):1: in main chunk\n[Interface/AddOns/Blizzard_ScriptErrors/Blizzard_ScriptErrors.lua]:59: in function 'GetErrorData'\n[Interface/AddOns/Blizzard_ScriptErrors/Blizzard_ScriptErrors.lua]:72: in function <[Interface/AddOns/Blizzard_ScriptErrors/Blizzard_ScriptErrors.lua]:71>",
    "count": 1
  },
  {
    "message": "@Interface/AddOns/BossHelper/UI/EditTactics.lua: Lua error: Interface/AddOns/BossHelper/UI/EditTactics.lua:28: attempt to index field 'UI' (a nil value)\nstack traceback:\n\t(string):1: in main chunk",
    "count": 1
  },
  {
    "message": "Lua Error: @Interface/AddOns/BossHelper/UI/EditTactics.lua: Lua error: Interface/AddOns/BossHelper/UI/EditTactics.lua:28: attempt to index field 'UI' (a nil value)\nstack traceback:\n\t(string):1: in main chunk\n[Interface/AddOns/Blizzard_ScriptErrors/Blizzard_ScriptErrors.lua]:59: in function 'GetErrorData'\n[Interface/AddOns/Blizzard_ScriptErrors/Blizzard_ScriptErrors.lua]:72: in function <[Interface/AddOns/Blizzard_ScriptErrors/Blizzard_ScriptErrors.lua]:71>",
    "count": 1
  },
  {
    "message": "@Interface/AddOns/BossHelper/UI/Affixes.lua: Lua error: Interface/AddOns/BossHelper/UI/Affixes.lua:10: attempt to index field 'AffixData' (a nil value)\nstack traceback:\n\t(string):1: in main chunk",
    "count": 1
  },
  {
    "message": "Lua Error: @Interface/AddOns/BossHelper/UI/Affixes.lua: Lua error: Interface/AddOns/BossHelper/UI/Affixes.lua:10: attempt to index field 'AffixData' (a nil value)\nstack traceback:\n\t(string):1: in main chunk\n[Interface/AddOns/Blizzard_ScriptErrors/Blizzard_ScriptErrors.lua]:59: in function 'GetErrorData'\n[Interface/AddOns/Blizzard_ScriptErrors/Blizzard_ScriptErrors.lua]:72: in function <[Interface/AddOns/Blizzard_ScriptErrors/Blizzard_ScriptErrors.lua]:71>",
    "count": 1
  },
  {
    "message": "@Interface/AddOns/BossHelper/UI/QuickStart.lua: Lua error: Interface/AddOns/BossHelper/UI/QuickStart.lua:11: attempt to index field 'UI' (a nil value)\nstack traceback:\n\t(string):1: in main chunk",
    "count": 1
  },
  {
    "message": "Lua Error: @Interface/AddOns/BossHelper/UI/QuickStart.lua: Lua error: Interface/AddOns/BossHelper/UI/QuickStart.lua:11: attempt to index field 'UI' (a nil value)\nstack traceback:\n\t(string):1: in main chunk\n[Interface/AddOns/Blizzard_ScriptErrors/Blizzard_ScriptErrors.lua]:59: in function 'GetErrorData'\n[Interface/AddOns/Blizzard_ScriptErrors/Blizzard_ScriptErrors.lua]:72: in function <[Interface/AddOns/Blizzard_ScriptErrors/Blizzard_ScriptErrors.lua]:71>",
    "count": 1
  },
  {
    "message": "@Interface/AddOns/BossHelper/Modules/MiniWindow.lua: Lua error: Interface/AddOns/BossHelper/Modules/MiniWindow.lua:97: attempt to index field 'UI' (a nil value)\nstack traceback:\n\t(string):1: in main chunk",
    "count": 1
  },
  {
    "message": "Lua Error: @Interface/AddOns/BossHelper/Modules/MiniWindow.lua: Lua error: Interface/AddOns/BossHelper/Modules/MiniWindow.lua:97: attempt to index field 'UI' (a nil value)\nstack traceback:\n\t(string):1: in main chunk\n[Interface/AddOns/Blizzard_ScriptErrors/Blizzard_ScriptErrors.lua]:59: in function 'GetErrorData'\n[Interface/AddOns/Blizzard_ScriptErrors/Blizzard_ScriptErrors.lua]:72: in function <[Interface/AddOns/Blizzard_ScriptErrors/Blizzard_ScriptErrors.lua]:71>",
    "count": 1
  },
  {
    "message": "IO error reading /syncthing/World of Warcraft/_retail_/Interface/AddOns/BugSack/Libs/LibStub/LibStub.lua: No such file or directory (os error 2)\nstack traceback:\n\t(string):1: in main chunk",
    "count": 1
  },
  {
    "message": "Lua Error: IO error reading /syncthing/World of Warcraft/_retail_/Interface/AddOns/BugSack/Libs/LibStub/LibStub.lua: No such file or directory (os error 2)\nstack traceback:\n\t(string):1: in main chunk\n[Interface/AddOns/Blizzard_ScriptErrors/Blizzard_ScriptErrors.lua]:59: in function 'GetErrorData'\n[Interface/AddOns/Blizzard_ScriptErrors/Blizzard_ScriptErrors.lua]:72: in function <[Interface/AddOns/Blizzard_ScriptErrors/Blizzard_ScriptErrors.lua]:71>",
    "count": 1
  },
  {
    "message": "IO error reading /syncthing/World of Warcraft/_retail_/Interface/AddOns/Chattynator/Libs/LibSharedMedia-3.0/LibSharedMedia-3.0.lua: No such file or directory (os error 2)\nstack traceback:\n\t(string):1: in main chunk",
    "count": 1
  },
  {
    "message": "Lua Error: IO error reading /syncthing/World of Warcraft/_retail_/Interface/AddOns/Chattynator/Libs/LibSharedMedia-3.0/LibSharedMedia-3.0.lua: No such file or directory (os error 2)\nstack traceback:\n\t(string):1: in main chunk\n[Interface/AddOns/Blizzard_ScriptErrors/Blizzard_ScriptErrors.lua]:59: in function 'GetErrorData'\n[Interface/AddOns/Blizzard_ScriptErrors/Blizzard_ScriptErrors.lua]:72: in function <[Interface/AddOns/Blizzard_ScriptErrors/Blizzard_ScriptErrors.lua]:71>",
    "count": 1
  },
  {
    "message": "@Interface/AddOns/Chattynator/Core/Config.lua: Lua error: Interface/AddOns/Chattynator/Core/Config.lua:77: attempt to index field 'Constants' (a nil value)\nstack traceback:\n\t(string):1: in main chunk",
    "count": 1
  },
  {
    "message": "Lua Error: @Interface/AddOns/Chattynator/Core/Config.lua: Lua error: Interface/AddOns/Chattynator/Core/Config.lua:77: attempt to index field 'Constants' (a nil value)\nstack traceback:\n\t(string):1: in main chunk\n[Interface/AddOns/Blizzard_ScriptErrors/Blizzard_ScriptErrors.lua]:59: in function 'GetErrorData'\n[Interface/AddOns/Blizzard_ScriptErrors/Blizzard_ScriptErrors.lua]:72: in function <[Interface/AddOns/Blizzard_ScriptErrors/Blizzard_ScriptErrors.lua]:71>",
    "count": 1
  },
  {
    "message": "@Interface/AddOns/Chattynator/Core/Utilities.lua: Lua error: Interface/AddOns/Chattynator/Core/Utilities.lua:4: attempt to index field 'Utilities' (a nil value)\nstack traceback:\n\t(string):1: in main chunk",
    "count": 1
  },
  {
    "message": "Lua Error: @Interface/AddOns/Chattynator/Core/Utilities.lua: Lua error: Interface/AddOns/Chattynator/Core/Utilities.lua:4: attempt to index field 'Utilities' (a nil value)\nstack traceback:\n\t(string):1: in main chunk\n[Interface/AddOns/Blizzard_ScriptErrors/Blizzard_ScriptErrors.lua]:59: in function 'GetErrorData'\n[Interface/AddOns/Blizzard_ScriptErrors/Blizzard_ScriptErrors.lua]:72: in function <[Interface/AddOns/Blizzard_ScriptErrors/Blizzard_ScriptErrors.lua]:71>",
    "count": 1
  },
  {
    "message": "@Interface/AddOns/Chattynator/Core/Fonts.lua: Lua error: Interface/AddOns/Chattynator/Core/Fonts.lua:4: Cannot find a library instance of \"LibSharedMedia-3.0\".\nstack traceback:\n\t(string):1: in main chunk",
    "count": 1
  },
  {
    "message": "Lua Error: @Interface/AddOns/Chattynator/Core/Fonts.lua: Lua error: Interface/AddOns/Chattynator/Core/Fonts.lua:4: Cannot find a library instance of \"LibSharedMedia-3.0\".\nstack traceback:\n\t(string):1: in main chunk\n[Interface/AddOns/Blizzard_ScriptErrors/Blizzard_ScriptErrors.lua]:59: in function 'GetErrorData'\n[Interface/AddOns/Blizzard_ScriptErrors/Blizzard_ScriptErrors.lua]:72: in function <[Interface/AddOns/Blizzard_ScriptErrors/Blizzard_ScriptErrors.lua]:71>",
    "count": 1
  },
  {
    "message": "@Interface/AddOns/Chattynator/Core/Overrides.lua: Lua error: Interface/AddOns/Chattynator/Core/Overrides.lua:4: attempt to index field 'Core' (a nil value)\nstack traceback:\n\t(string):1: in main chunk",
    "count": 1
  },
  {
    "message": "Lua Error: @Interface/AddOns/Chattynator/Core/Overrides.lua: Lua error: Interface/AddOns/Chattynator/Core/Overrides.lua:4: attempt to index field 'Core' (a nil value)\nstack traceback:\n\t(string):1: in main chunk\n[Interface/AddOns/Blizzard_ScriptErrors/Blizzard_ScriptErrors.lua]:59: in function 'GetErrorData'\n[Interface/AddOns/Blizzard_ScriptErrors/Blizzard_ScriptErrors.lua]:72: in function <[Interface/AddOns/Blizzard_ScriptErrors/Blizzard_ScriptErrors.lua]:71>",
    "count": 1
  },
  {
    "message": "@Interface/AddOns/Chattynator/Core/Initialize.lua: Lua error: Interface/AddOns/Chattynator/Core/Initialize.lua:6: attempt to index field 'Constants' (a nil value)\nstack traceback:\n\t(string):1: in main chunk",
    "count": 1
  },
  {
    "message": "Lua Error: @Interface/AddOns/Chattynator/Core/Initialize.lua: Lua error: Interface/AddOns/Chattynator/Core/Initialize.lua:6: attempt to index field 'Constants' (a nil value)\nstack traceback:\n\t(string):1: in main chunk\n[Interface/AddOns/Blizzard_ScriptErrors/Blizzard_ScriptErrors.lua]:59: in function 'GetErrorData'\n[Interface/AddOns/Blizzard_ScriptErrors/Blizzard_ScriptErrors.lua]:72: in function <[Interface/AddOns/Blizzard_ScriptErrors/Blizzard_ScriptErrors.lua]:71>",
    "count": 1
  },
  {
    "message": "@Interface/AddOns/Chattynator/Display/Tabs.lua: Lua error: Interface/AddOns/Chattynator/Display/Tabs.lua:23: attempt to index field 'Display' (a nil value)\nstack traceback:\n\t(string):1: in main chunk",
    "count": 1
  },
  {
    "message": "Lua Error: @Interface/AddOns/Chattynator/Display/Tabs.lua: Lua error: Interface/AddOns/Chattynator/Display/Tabs.lua:23: attempt to index field 'Display' (a nil value)\nstack traceback:\n\t(string):1: in main chunk\n[Interface/AddOns/Blizzard_ScriptErrors/Blizzard_ScriptErrors.lua]:59: in function 'GetErrorData'\n[Interface/AddOns/Blizzard_ScriptErrors/Blizzard_ScriptErrors.lua]:72: in function <[Interface/AddOns/Blizzard_ScriptErrors/Blizzard_ScriptErrors.lua]:71>",
    "count": 1
  },
  {
    "message": "@Interface/AddOns/Chattynator/Modifiers/URLs.lua: Lua error: Interface/AddOns/Chattynator/Modifiers/URLs.lua:23: attempt to index field 'Modifiers' (a nil value)\nstack traceback:\n\t(string):1: in main chunk",
    "count": 1
  },
  {
    "message": "Lua Error: @Interface/AddOns/Chattynator/Modifiers/URLs.lua: Lua error: Interface/AddOns/Chattynator/Modifiers/URLs.lua:23: attempt to index field 'Modifiers' (a nil value)\nstack traceback:\n\t(string):1: in main chunk\n[Interface/AddOns/Blizzard_ScriptErrors/Blizzard_ScriptErrors.lua]:59: in function 'GetErrorData'\n[Interface/AddOns/Blizzard_ScriptErrors/Blizzard_ScriptErrors.lua]:72: in function <[Interface/AddOns/Blizzard_ScriptErrors/Blizzard_ScriptErrors.lua]:71>",
    "count": 1
  },
  {
    "message": "@Interface/AddOns/Chattynator/Modifiers/RedundantText.lua: Lua error: Interface/AddOns/Chattynator/Modifiers/RedundantText.lua:37: attempt to index field 'Modifiers' (a nil value)\nstack traceback:\n\t(string):1: in main chunk",
    "count": 1
  },
  {
    "message": "Lua Error: @Interface/AddOns/Chattynator/Modifiers/RedundantText.lua: Lua error: Interface/AddOns/Chattynator/Modifiers/RedundantText.lua:37: attempt to index field 'Modifiers' (a nil value)\nstack traceback:\n\t(string):1: in main chunk\n[Interface/AddOns/Blizzard_ScriptErrors/Blizzard_ScriptErrors.lua]:59: in function 'GetErrorData'\n[Interface/AddOns/Blizzard_ScriptErrors/Blizzard_ScriptErrors.lua]:72: in function <[Interface/AddOns/Blizzard_ScriptErrors/Blizzard_ScriptErrors.lua]:71>",
    "count": 1
  },
  {
    "message": "@Interface/AddOns/Chattynator/Skins/Main.lua: Lua error: Interface/AddOns/Chattynator/Skins/Main.lua:4: attempt to index field 'Skins' (a nil value)\nstack traceback:\n\t(string):1: in main chunk",
    "count": 1
  },
  {
    "message": "Lua Error: @Interface/AddOns/Chattynator/Skins/Main.lua: Lua error: Interface/AddOns/Chattynator/Skins/Main.lua:4: attempt to index field 'Skins' (a nil value)\nstack traceback:\n\t(string):1: in main chunk\n[Interface/AddOns/Blizzard_ScriptErrors/Blizzard_ScriptErrors.lua]:59: in function 'GetErrorData'\n[Interface/AddOns/Blizzard_ScriptErrors/Blizzard_ScriptErrors.lua]:72: in function <[Interface/AddOns/Blizzard_ScriptErrors/Blizzard_ScriptErrors.lua]:71>",
    "count": 1
  },
  {
    "message": "@Interface/AddOns/Chattynator/Skins/Blizzard.lua: Lua error: Interface/AddOns/Chattynator/Skins/Blizzard.lua:294: attempt to index field 'Skins' (a nil value)\nstack traceback:\n\t(string):1: in main chunk",
    "count": 1
  },
  {
    "message": "Lua Error: @Interface/AddOns/Chattynator/Skins/Blizzard.lua: Lua error: Interface/AddOns/Chattynator/Skins/Blizzard.lua:294: attempt to index field 'Skins' (a nil value)\nstack traceback:\n\t(string):1: in main chunk\n[Interface/AddOns/Blizzard_ScriptErrors/Blizzard_ScriptErrors.lua]:59: in function 'GetErrorData'\n[Interface/AddOns/Blizzard_ScriptErrors/Blizzard_ScriptErrors.lua]:72: in function <[Interface/AddOns/Blizzard_ScriptErrors/Blizzard_ScriptErrors.lua]:71>",
    "count": 1
  },
  {
    "message": "@Interface/AddOns/Chattynator/Skins/Dark.lua: Lua error: Interface/AddOns/Chattynator/Skins/Dark.lua:457: attempt to index field 'Skins' (a nil value)\nstack traceback:\n\t(string):1: in main chunk",
    "count": 1
  },
  {
    "message": "Lua Error: @Interface/AddOns/Chattynator/Skins/Dark.lua: Lua error: Interface/AddOns/Chattynator/Skins/Dark.lua:457: attempt to index field 'Skins' (a nil value)\nstack traceback:\n\t(string):1: in main chunk\n[Interface/AddOns/Blizzard_ScriptErrors/Blizzard_ScriptErrors.lua]:59: in function 'GetErrorData'\n[Interface/AddOns/Blizzard_ScriptErrors/Blizzard_ScriptErrors.lua]:72: in function <[Interface/AddOns/Blizzard_ScriptErrors/Blizzard_ScriptErrors.lua]:71>",
    "count": 1
  },
  {
    "message": "@Interface/AddOns/Chattynator/CustomiseDialog/Initialize.lua: Lua error: Interface/AddOns/Chattynator/CustomiseDialog/Initialize.lua:5: attempt to index field 'CustomiseDialog' (a nil value)\nstack traceback:\n\t(string):1: in main chunk",
    "count": 1
  },
  {
    "message": "Lua Error: @Interface/AddOns/Chattynator/CustomiseDialog/Initialize.lua: Lua error: Interface/AddOns/Chattynator/CustomiseDialog/Initialize.lua:5: attempt to index field 'CustomiseDialog' (a nil value)\nstack traceback:\n\t(string):1: in main chunk\n[Interface/AddOns/Blizzard_ScriptErrors/Blizzard_ScriptErrors.lua]:59: in function 'GetErrorData'\n[Interface/AddOns/Blizzard_ScriptErrors/Blizzard_ScriptErrors.lua]:72: in function <[Interface/AddOns/Blizzard_ScriptErrors/Blizzard_ScriptErrors.lua]:71>",
    "count": 1
  },
  {
    "message": "@Interface/AddOns/Chattynator/CustomiseDialog/Filtering.lua: Lua error: Interface/AddOns/Chattynator/CustomiseDialog/Filtering.lua:4: attempt to index field 'CustomiseDialog' (a nil value)\nstack traceback:\n\t(string):1: in main chunk",
    "count": 1
  },
  {
    "message": "Lua Error: @Interface/AddOns/Chattynator/CustomiseDialog/Filtering.lua: Lua error: Interface/AddOns/Chattynator/CustomiseDialog/Filtering.lua:4: attempt to index field 'CustomiseDialog' (a nil value)\nstack traceback:\n\t(string):1: in main chunk\n[Interface/AddOns/Blizzard_ScriptErrors/Blizzard_ScriptErrors.lua]:59: in function 'GetErrorData'\n[Interface/AddOns/Blizzard_ScriptErrors/Blizzard_ScriptErrors.lua]:72: in function <[Interface/AddOns/Blizzard_ScriptErrors/Blizzard_ScriptErrors.lua]:71>",
    "count": 1
  },
  {
    "message": "IO error reading /syncthing/World of Warcraft/_retail_/Interface/AddOns/Clicked/Libs/LibStub/LibStub.lua: No such file or directory (os error 2)\nstack traceback:\n\t(string):1: in main chunk",
    "count": 1
  },
  {
    "message": "Lua Error: IO error reading /syncthing/World of Warcraft/_retail_/Interface/AddOns/Clicked/Libs/LibStub/LibStub.lua: No such file or directory (os error 2)\nstack traceback:\n\t(string):1: in main chunk\n[Interface/AddOns/Blizzard_ScriptErrors/Blizzard_ScriptErrors.lua]:59: in function 'GetErrorData'\n[Interface/AddOns/Blizzard_ScriptErrors/Blizzard_ScriptErrors.lua]:72: in function <[Interface/AddOns/Blizzard_ScriptErrors/Blizzard_ScriptErrors.lua]:71>",
    "count": 1
  },
  {
    "message": "IO error reading /syncthing/World of Warcraft/_retail_/Interface/AddOns/Clicked/Widgets/AceGUIContainer-ClickedTreeGroup.lua: No such file or directory (os error 2)\nstack traceback:\n\t(string):1: in main chunk",
    "count": 1
  },
  {
    "message": "Lua Error: IO error reading /syncthing/World of Warcraft/_retail_/Interface/AddOns/Clicked/Widgets/AceGUIContainer-ClickedTreeGroup.lua: No such file or directory (os error 2)\nstack traceback:\n\t(string):1: in main chunk\n[Interface/AddOns/Blizzard_ScriptErrors/Blizzard_ScriptErrors.lua]:59: in function 'GetErrorData'\n[Interface/AddOns/Blizzard_ScriptErrors/Blizzard_ScriptErrors.lua]:72: in function <[Interface/AddOns/Blizzard_ScriptErrors/Blizzard_ScriptErrors.lua]:71>",
    "count": 1
  },
  {
    "message": "@Interface/AddOns/Clicked/Core/BindingProcessor.lua: Lua error: Interface/AddOns/Clicked/Core/BindingProcessor.lua:24: attempt to index global 'Clicked' (a nil value)\nstack traceback:\n\t(string):1: in main chunk",
    "count": 1
  },
  {
    "message": "Lua Error: @Interface/AddOns/Clicked/Core/BindingProcessor.lua: Lua error: Interface/AddOns/Clicked/Core/BindingProcessor.lua:24: attempt to index global 'Clicked' (a nil value)\nstack traceback:\n\t(string):1: in main chunk\n[Interface/AddOns/Blizzard_ScriptErrors/Blizzard_ScriptErrors.lua]:59: in function 'GetErrorData'\n[Interface/AddOns/Blizzard_ScriptErrors/Blizzard_ScriptErrors.lua]:72: in function <[Interface/AddOns/Blizzard_ScriptErrors/Blizzard_ScriptErrors.lua]:71>",
    "count": 1
  },
  {
    "message": "@Interface/AddOns/Clicked/Conditions/ConditionUtils.lua: Lua error: Interface/AddOns/Clicked/Conditions/ConditionUtils.lua:37: Cannot find a library instance of \"LibTalentInfo-1.0\".\nstack traceback:\n\t(string):1: in main chunk",
    "count": 1
  },
  {
    "message": "Lua Error: @Interface/AddOns/Clicked/Conditions/ConditionUtils.lua: Lua error: Interface/AddOns/Clicked/Conditions/ConditionUtils.lua:37: Cannot find a library instance of \"LibTalentInfo-1.0\".\nstack traceback:\n\t(string):1: in main chunk\n[Interface/AddOns/Blizzard_ScriptErrors/Blizzard_ScriptErrors.lua]:59: in function 'GetErrorData'\n[Interface/AddOns/Blizzard_ScriptErrors/Blizzard_ScriptErrors.lua]:72: in function <[Interface/AddOns/Blizzard_ScriptErrors/Blizzard_ScriptErrors.lua]:71>",
    "count": 1
  },
  {
    "message": "@Interface/AddOns/Clicked/Conditions/LoadConditions.lua: Lua error: Interface/AddOns/Clicked/Conditions/LoadConditions.lua:47: attempt to call method 'IsForever' (a nil value)\nstack traceback:\n\t(string):1: in main chunk",
    "count": 1
  },
  {
    "message": "Lua Error: @Interface/AddOns/Clicked/Conditions/LoadConditions.lua: Lua error: Interface/AddOns/Clicked/Conditions/LoadConditions.lua:47: attempt to call method 'IsForever' (a nil value)\nstack traceback:\n\t(string):1: in main chunk\n[Interface/AddOns/Blizzard_ScriptErrors/Blizzard_ScriptErrors.lua]:59: in function 'GetErrorData'\n[Interface/AddOns/Blizzard_ScriptErrors/Blizzard_ScriptErrors.lua]:72: in function <[Interface/AddOns/Blizzard_ScriptErrors/Blizzard_ScriptErrors.lua]:71>",
    "count": 1
  },
  {
    "message": "@Interface/AddOns/Clicked/Config/Profile.lua: Lua error: Interface/AddOns/Clicked/Config/Profile.lua:17: Cannot find a library instance of \"AceConfig-3.0\".\nstack traceback:\n\t(string):1: in main chunk",
    "count": 1
  },
  {
    "message": "Lua Error: @Interface/AddOns/Clicked/Config/Profile.lua: Lua error: Interface/AddOns/Clicked/Config/Profile.lua:17: Cannot find a library instance of \"AceConfig-3.0\".\nstack traceback:\n\t(string):1: in main chunk\n[Interface/AddOns/Blizzard_ScriptErrors/Blizzard_ScriptErrors.lua]:59: in function 'GetErrorData'\n[Interface/AddOns/Blizzard_ScriptErrors/Blizzard_ScriptErrors.lua]:72: in function <[Interface/AddOns/Blizzard_ScriptErrors/Blizzard_ScriptErrors.lua]:71>",
    "count": 1
  },
  {
    "message": "@Interface/AddOns/Clicked/Config/KeyVisualizer.lua: Lua error: Interface/AddOns/Clicked/Config/KeyVisualizer.lua:17: Cannot find a library instance of \"AceGUI-3.0\".\nstack traceback:\n\t(string):1: in main chunk",
    "count": 1
  },
  {
    "message": "Lua Error: @Interface/AddOns/Clicked/Config/KeyVisualizer.lua: Lua error: Interface/AddOns/Clicked/Config/KeyVisualizer.lua:17: Cannot find a library instance of \"AceGUI-3.0\".\nstack traceback:\n\t(string):1: in main chunk\n[Interface/AddOns/Blizzard_ScriptErrors/Blizzard_ScriptErrors.lua]:59: in function 'GetErrorData'\n[Interface/AddOns/Blizzard_ScriptErrors/Blizzard_ScriptErrors.lua]:72: in function <[Interface/AddOns/Blizzard_ScriptErrors/Blizzard_ScriptErrors.lua]:71>",
    "count": 1
  },
  {
    "message": "@Interface/AddOns/Clicked/Debug/StatusOutput.lua: Lua error: Interface/AddOns/Clicked/Debug/StatusOutput.lua:17: Cannot find a library instance of \"AceGUI-3.0\".\nstack traceback:\n\t(string):1: in main chunk",
    "count": 1
  },
  {
    "message": "Lua Error: @Interface/AddOns/Clicked/Debug/StatusOutput.lua: Lua error: Interface/AddOns/Clicked/Debug/StatusOutput.lua:17: Cannot find a library instance of \"AceGUI-3.0\".\nstack traceback:\n\t(string):1: in main chunk\n[Interface/AddOns/Blizzard_ScriptErrors/Blizzard_ScriptErrors.lua]:59: in function 'GetErrorData'\n[Interface/AddOns/Blizzard_ScriptErrors/Blizzard_ScriptErrors.lua]:72: in function <[Interface/AddOns/Blizzard_ScriptErrors/Blizzard_ScriptErrors.lua]:71>",
    "count": 1
  },
  {
    "message": "IO error reading /syncthing/World of Warcraft/_retail_/Interface/AddOns/Clicked/BindingConfig/Tabs/Action.lua: No such file or directory (os error 2)\nstack traceback:\n\t(string):1: in main chunk",
    "count": 1
  },
  {
    "message": "Lua Error: IO error reading /syncthing/World of Warcraft/_retail_/Interface/AddOns/Clicked/BindingConfig/Tabs/Action.lua: No such file or directory (os error 2)\nstack traceback:\n\t(string):1: in main chunk\n[Interface/AddOns/Blizzard_ScriptErrors/Blizzard_ScriptErrors.lua]:59: in function 'GetErrorData'\n[Interface/AddOns/Blizzard_ScriptErrors/Blizzard_ScriptErrors.lua]:72: in function <[Interface/AddOns/Blizzard_ScriptErrors/Blizzard_ScriptErrors.lua]:71>",
    "count": 1
  },
  {
    "message": "@Interface/AddOns/Clicked/BindingConfig/BindingConfig.lua: Lua error: Interface/AddOns/Clicked/BindingConfig/BindingConfig.lua:31: Cannot find a library instance of \"AceGUI-3.0\".\nstack traceback:\n\t(string):1: in main chunk",
    "count": 1
  },
  {
    "message": "Lua Error: @Interface/AddOns/Clicked/BindingConfig/BindingConfig.lua: Lua error: Interface/AddOns/Clicked/BindingConfig/BindingConfig.lua:31: Cannot find a library instance of \"AceGUI-3.0\".\nstack traceback:\n\t(string):1: in main chunk\n[Interface/AddOns/Blizzard_ScriptErrors/Blizzard_ScriptErrors.lua]:59: in function 'GetErrorData'\n[Interface/AddOns/Blizzard_ScriptErrors/Blizzard_ScriptErrors.lua]:72: in function <[Interface/AddOns/Blizzard_ScriptErrors/Blizzard_ScriptErrors.lua]:71>",
    "count": 1
  },
  {
    "message": "Collectionator missing required TOC dependencies: Auctionator",
    "count": 1
  },
  {
    "message": "@Interface/AddOns/CursorRing/Locales/enUS.lua: Lua error: Interface/AddOns/CursorRing/Locales/enUS.lua:2: attempt to call field 'NewLocale' (a nil value)\nstack traceback:\n\t(string):1: in main chunk",
    "count": 1
  },
  {
    "message": "Lua Error: @Interface/AddOns/CursorRing/Locales/enUS.lua: Lua error: Interface/AddOns/CursorRing/Locales/enUS.lua:2: attempt to call field 'NewLocale' (a nil value)\nstack traceback:\n\t(string):1: in main chunk\n[Interface/AddOns/Blizzard_ScriptErrors/Blizzard_ScriptErrors.lua]:59: in function 'GetErrorData'\n[Interface/AddOns/Blizzard_ScriptErrors/Blizzard_ScriptErrors.lua]:72: in function <[Interface/AddOns/Blizzard_ScriptErrors/Blizzard_ScriptErrors.lua]:71>",
    "count": 1
  },
  {
    "message": "@Interface/AddOns/CursorRing/Locales/deDE.lua: Lua error: Interface/AddOns/CursorRing/Locales/deDE.lua:2: attempt to call field 'NewLocale' (a nil value)\nstack traceback:\n\t(string):1: in main chunk",
    "count": 1
  },
  {
    "message": "Lua Error: @Interface/AddOns/CursorRing/Locales/deDE.lua: Lua error: Interface/AddOns/CursorRing/Locales/deDE.lua:2: attempt to call field 'NewLocale' (a nil value)\nstack traceback:\n\t(string):1: in main chunk\n[Interface/AddOns/Blizzard_ScriptErrors/Blizzard_ScriptErrors.lua]:59: in function 'GetErrorData'\n[Interface/AddOns/Blizzard_ScriptErrors/Blizzard_ScriptErrors.lua]:72: in function <[Interface/AddOns/Blizzard_ScriptErrors/Blizzard_ScriptErrors.lua]:71>",
    "count": 1
  },
  {
    "message": "@Interface/AddOns/CursorRing/Modules/Resources/Druid.lua: Lua error: Interface/AddOns/CursorRing/Modules/Resources/Druid.lua:5: attempt to call field 'RegisterResourceModule' (a nil value)\nstack traceback:\n\t(string):1: in main chunk",
    "count": 1
  },
  {
    "message": "Lua Error: @Interface/AddOns/CursorRing/Modules/Resources/Druid.lua: Lua error: Interface/AddOns/CursorRing/Modules/Resources/Druid.lua:5: attempt to call field 'RegisterResourceModule' (a nil value)\nstack traceback:\n\t(string):1: in main chunk\n[Interface/AddOns/Blizzard_ScriptErrors/Blizzard_ScriptErrors.lua]:59: in function 'GetErrorData'\n[Interface/AddOns/Blizzard_ScriptErrors/Blizzard_ScriptErrors.lua]:72: in function <[Interface/AddOns/Blizzard_ScriptErrors/Blizzard_ScriptErrors.lua]:71>",
    "count": 1
  },
  {
    "message": "@Interface/AddOns/CursorRing/Modules/Resources/Paladin.lua: Lua error: Interface/AddOns/CursorRing/Modules/Resources/Paladin.lua:5: attempt to call field 'RegisterResourceModule' (a nil value)\nstack traceback:\n\t(string):1: in main chunk",
    "count": 1
  },
  {
    "message": "Lua Error: @Interface/AddOns/CursorRing/Modules/Resources/Paladin.lua: Lua error: Interface/AddOns/CursorRing/Modules/Resources/Paladin.lua:5: attempt to call field 'RegisterResourceModule' (a nil value)\nstack traceback:\n\t(string):1: in main chunk\n[Interface/AddOns/Blizzard_ScriptErrors/Blizzard_ScriptErrors.lua]:59: in function 'GetErrorData'\n[Interface/AddOns/Blizzard_ScriptErrors/Blizzard_ScriptErrors.lua]:72: in function <[Interface/AddOns/Blizzard_ScriptErrors/Blizzard_ScriptErrors.lua]:71>",
    "count": 1
  },
  {
    "message": "@Interface/AddOns/CursorRing/Modules/Resources/Monk.lua: Lua error: Interface/AddOns/CursorRing/Modules/Resources/Monk.lua:5: attempt to call field 'RegisterResourceModule' (a nil value)\nstack traceback:\n\t(string):1: in main chunk",
    "count": 1
  },
  {
    "message": "Lua Error: @Interface/AddOns/CursorRing/Modules/Resources/Monk.lua: Lua error: Interface/AddOns/CursorRing/Modules/Resources/Monk.lua:5: attempt to call field 'RegisterResourceModule' (a nil value)\nstack traceback:\n\t(string):1: in main chunk\n[Interface/AddOns/Blizzard_ScriptErrors/Blizzard_ScriptErrors.lua]:59: in function 'GetErrorData'\n[Interface/AddOns/Blizzard_ScriptErrors/Blizzard_ScriptErrors.lua]:72: in function <[Interface/AddOns/Blizzard_ScriptErrors/Blizzard_ScriptErrors.lua]:71>",
    "count": 1
  },
  {
    "message": "@Interface/AddOns/CursorRing/Modules/Resources/Warlock.lua: Lua error: Interface/AddOns/CursorRing/Modules/Resources/Warlock.lua:30: attempt to call field 'RegisterResourceModule' (a nil value)\nstack traceback:\n\t(string):1: in main chunk",
    "count": 1
  },
  {
    "message": "Lua Error: @Interface/AddOns/CursorRing/Modules/Resources/Warlock.lua: Lua error: Interface/AddOns/CursorRing/Modules/Resources/Warlock.lua:30: attempt to call field 'RegisterResourceModule' (a nil value)\nstack traceback:\n\t(string):1: in main chunk\n[Interface/AddOns/Blizzard_ScriptErrors/Blizzard_ScriptErrors.lua]:59: in function 'GetErrorData'\n[Interface/AddOns/Blizzard_ScriptErrors/Blizzard_ScriptErrors.lua]:72: in function <[Interface/AddOns/Blizzard_ScriptErrors/Blizzard_ScriptErrors.lua]:71>",
    "count": 1
  },
  {
    "message": "@Interface/AddOns/CursorRing/Modules/Resources/Evoker.lua: Lua error: Interface/AddOns/CursorRing/Modules/Resources/Evoker.lua:18: attempt to call field 'RegisterResourceModule' (a nil value)\nstack traceback:\n\t(string):1: in main chunk",
    "count": 1
  },
  {
    "message": "Lua Error: @Interface/AddOns/CursorRing/Modules/Resources/Evoker.lua: Lua error: Interface/AddOns/CursorRing/Modules/Resources/Evoker.lua:18: attempt to call field 'RegisterResourceModule' (a nil value)\nstack traceback:\n\t(string):1: in main chunk\n[Interface/AddOns/Blizzard_ScriptErrors/Blizzard_ScriptErrors.lua]:59: in function 'GetErrorData'\n[Interface/AddOns/Blizzard_ScriptErrors/Blizzard_ScriptErrors.lua]:72: in function <[Interface/AddOns/Blizzard_ScriptErrors/Blizzard_ScriptErrors.lua]:71>",
    "count": 1
  },
  {
    "message": "@Interface/AddOns/DandersFrames/Core/AutoProfiles.lua: Lua error: Interface/AddOns/DandersFrames/Core/AutoProfiles.lua:97: attempt to index upvalue 'L' (a nil value)\nstack traceback:\n\t(string):1: in main chunk",
    "count": 1
  },
  {
    "message": "Lua Error: @Interface/AddOns/DandersFrames/Core/AutoProfiles.lua: Lua error: Interface/AddOns/DandersFrames/Core/AutoProfiles.lua:97: attempt to index upvalue 'L' (a nil value)\nstack traceback:\n\t(string):1: in main chunk\n[Interface/AddOns/Blizzard_ScriptErrors/Blizzard_ScriptErrors.lua]:59: in function 'GetErrorData'\n[Interface/AddOns/Blizzard_ScriptErrors/Blizzard_ScriptErrors.lua]:72: in function <[Interface/AddOns/Blizzard_ScriptErrors/Blizzard_ScriptErrors.lua]:71>",
    "count": 1
  },
  {
    "message": "@Interface/AddOns/DandersFrames/Frames/Headers.lua: Lua error: Interface/AddOns/DandersFrames/Frames/Headers.lua:506: attempt to call method 'RegisterDebugSlash' (a nil value)\nstack traceback:\n\t(string):1: in main chunk",
    "count": 1
  },
  {
    "message": "Lua Error: @Interface/AddOns/DandersFrames/Frames/Headers.lua: Lua error: Interface/AddOns/DandersFrames/Frames/Headers.lua:506: attempt to call method 'RegisterDebugSlash' (a nil value)\nstack traceback:\n\t(string):1: in main chunk\n[Interface/AddOns/Blizzard_ScriptErrors/Blizzard_ScriptErrors.lua]:59: in function 'GetErrorData'\n[Interface/AddOns/Blizzard_ScriptErrors/Blizzard_ScriptErrors.lua]:72: in function <[Interface/AddOns/Blizzard_ScriptErrors/Blizzard_ScriptErrors.lua]:71>",
    "count": 1
  },
  {
    "message": "@Interface/AddOns/DandersFrames/Frames/Position.lua: Lua error: Interface/AddOns/DandersFrames/Frames/Position.lua:72: attempt to index local 'L' (a nil value)\nstack traceback:\n\t(string):1: in main chunk",
    "count": 1
  },
  {
    "message": "Lua Error: @Interface/AddOns/DandersFrames/Frames/Position.lua: Lua error: Interface/AddOns/DandersFrames/Frames/Position.lua:72: attempt to index local 'L' (a nil value)\nstack traceback:\n\t(string):1: in main chunk\n[Interface/AddOns/Blizzard_ScriptErrors/Blizzard_ScriptErrors.lua]:59: in function 'GetErrorData'\n[Interface/AddOns/Blizzard_ScriptErrors/Blizzard_ScriptErrors.lua]:72: in function <[Interface/AddOns/Blizzard_ScriptErrors/Blizzard_ScriptErrors.lua]:71>",
    "count": 1
  },
  {
    "message": "@Interface/AddOns/DandersFrames/Features/Range.lua: Lua error: Interface/AddOns/DandersFrames/Features/Range.lua:984: attempt to call method 'RegisterRosterUnitEvent' (a nil value)\nstack traceback:\n\t(string):1: in main chunk",
    "count": 1
  },
  {
    "message": "Lua Error: @Interface/AddOns/DandersFrames/Features/Range.lua: Lua error: Interface/AddOns/DandersFrames/Features/Range.lua:984: attempt to call method 'RegisterRosterUnitEvent' (a nil value)\nstack traceback:\n\t(string):1: in main chunk\n[Interface/AddOns/Blizzard_ScriptErrors/Blizzard_ScriptErrors.lua]:59: in function 'GetErrorData'\n[Interface/AddOns/Blizzard_ScriptErrors/Blizzard_ScriptErrors.lua]:72: in function <[Interface/AddOns/Blizzard_ScriptErrors/Blizzard_ScriptErrors.lua]:71>",
    "count": 1
  },
  {
    "message": "@Interface/AddOns/DandersFrames/Features/Dispel.lua: Lua error: Interface/AddOns/DandersFrames/Features/Dispel.lua:3133: attempt to call method 'RegisterDebugSlash' (a nil value)\nstack traceback:\n\t(string):1: in main chunk",
    "count": 1
  },
  {
    "message": "Lua Error: @Interface/AddOns/DandersFrames/Features/Dispel.lua: Lua error: Interface/AddOns/DandersFrames/Features/Dispel.lua:3133: attempt to call method 'RegisterDebugSlash' (a nil value)\nstack traceback:\n\t(string):1: in main chunk\n[Interface/AddOns/Blizzard_ScriptErrors/Blizzard_ScriptErrors.lua]:59: in function 'GetErrorData'\n[Interface/AddOns/Blizzard_ScriptErrors/Blizzard_ScriptErrors.lua]:72: in function <[Interface/AddOns/Blizzard_ScriptErrors/Blizzard_ScriptErrors.lua]:71>",
    "count": 1
  },
  {
    "message": "@Interface/AddOns/DeModal/DeModal.lua: Lua error: Interface/AddOns/DeModal/DeModal.lua:9: attempt to call field 'LoadSlashCommands' (a nil value)\nstack traceback:\n\t(string):1: in main chunk",
    "count": 1
  },
  {
    "message": "Lua Error: @Interface/AddOns/DeModal/DeModal.lua: Lua error: Interface/AddOns/DeModal/DeModal.lua:9: attempt to call field 'LoadSlashCommands' (a nil value)\nstack traceback:\n\t(string):1: in main chunk\n[Interface/AddOns/Blizzard_ScriptErrors/Blizzard_ScriptErrors.lua]:59: in function 'GetErrorData'\n[Interface/AddOns/Blizzard_ScriptErrors/Blizzard_ScriptErrors.lua]:72: in function <[Interface/AddOns/Blizzard_ScriptErrors/Blizzard_ScriptErrors.lua]:71>",
    "count": 1
  },
  {
    "message": "IO error reading /syncthing/World of Warcraft/_retail_/Interface/AddOns/Dejunk/src/addon.lua: No such file or directory (os error 2)\nstack traceback:\n\t(string):1: in main chunk",
    "count": 1
  },
  {
    "message": "Lua Error: IO error reading /syncthing/World of Warcraft/_retail_/Interface/AddOns/Dejunk/src/addon.lua: No such file or directory (os error 2)\nstack traceback:\n\t(string):1: in main chunk\n[Interface/AddOns/Blizzard_ScriptErrors/Blizzard_ScriptErrors.lua]:59: in function 'GetErrorData'\n[Interface/AddOns/Blizzard_ScriptErrors/Blizzard_ScriptErrors.lua]:72: in function <[Interface/AddOns/Blizzard_ScriptErrors/Blizzard_ScriptErrors.lua]:71>",
    "count": 1
  },
  {
    "message": "IO error reading /syncthing/World of Warcraft/_retail_/Interface/AddOns/DialogueUI/Code/Utility/FontUtil.lua: No such file or directory (os error 2)\nstack traceback:\n\t(string):1: in main chunk",
    "count": 1
  },
  {
    "message": "Lua Error: IO error reading /syncthing/World of Warcraft/_retail_/Interface/AddOns/DialogueUI/Code/Utility/FontUtil.lua: No such file or directory (os error 2)\nstack traceback:\n\t(string):1: in main chunk\n[Interface/AddOns/Blizzard_ScriptErrors/Blizzard_ScriptErrors.lua]:59: in function 'GetErrorData'\n[Interface/AddOns/Blizzard_ScriptErrors/Blizzard_ScriptErrors.lua]:72: in function <[Interface/AddOns/Blizzard_ScriptErrors/Blizzard_ScriptErrors.lua]:71>",
    "count": 1
  },
  {
    "message": "@Interface/AddOns/DialogueUI/Code/Sound.lua: Lua error: Interface/AddOns/DialogueUI/Code/Sound.lua:78: attempt to index field 'CallbackRegistry' (a nil value)\nstack traceback:\n\t(string):1: in main chunk",
    "count": 1
  },
  {
    "message": "Lua Error: @Interface/AddOns/DialogueUI/Code/Sound.lua: Lua error: Interface/AddOns/DialogueUI/Code/Sound.lua:78: attempt to index field 'CallbackRegistry' (a nil value)\nstack traceback:\n\t(string):1: in main chunk\n[Interface/AddOns/Blizzard_ScriptErrors/Blizzard_ScriptErrors.lua]:59: in function 'GetErrorData'\n[Interface/AddOns/Blizzard_ScriptErrors/Blizzard_ScriptErrors.lua]:72: in function <[Interface/AddOns/Blizzard_ScriptErrors/Blizzard_ScriptErrors.lua]:71>",
    "count": 1
  },
  {
    "message": "IO error reading /syncthing/World of Warcraft/_retail_/Interface/AddOns/DialogueUI/Code/Scroll/Scroll_Swipe.lua: No such file or directory (os error 2)\nstack traceback:\n\t(string):1: in main chunk",
    "count": 1
  },
  {
    "message": "Lua Error: IO error reading /syncthing/World of Warcraft/_retail_/Interface/AddOns/DialogueUI/Code/Scroll/Scroll_Swipe.lua: No such file or directory (os error 2)\nstack traceback:\n\t(string):1: in main chunk\n[Interface/AddOns/Blizzard_ScriptErrors/Blizzard_ScriptErrors.lua]:59: in function 'GetErrorData'\n[Interface/AddOns/Blizzard_ScriptErrors/Blizzard_ScriptErrors.lua]:72: in function <[Interface/AddOns/Blizzard_ScriptErrors/Blizzard_ScriptErrors.lua]:71>",
    "count": 1
  },
  {
    "message": "IO error reading /syncthing/World of Warcraft/_retail_/Interface/AddOns/DialogueUI/Code/Settings/Settings_Definitions.lua: No such file or directory (os error 2)\nstack traceback:\n\t(string):1: in main chunk",
    "count": 1
  },
  {
    "message": "Lua Error: IO error reading /syncthing/World of Warcraft/_retail_/Interface/AddOns/DialogueUI/Code/Settings/Settings_Definitions.lua: No such file or directory (os error 2)\nstack traceback:\n\t(string):1: in main chunk\n[Interface/AddOns/Blizzard_ScriptErrors/Blizzard_ScriptErrors.lua]:59: in function 'GetErrorData'\n[Interface/AddOns/Blizzard_ScriptErrors/Blizzard_ScriptErrors.lua]:72: in function <[Interface/AddOns/Blizzard_ScriptErrors/Blizzard_ScriptErrors.lua]:71>",
    "count": 1
  },
  {
    "message": "@Interface/AddOns/DialogueUI/Code/NameplateGossip.lua: Lua error: Interface/AddOns/DialogueUI/Code/NameplateGossip.lua:260: attempt to index field 'CallbackRegistry' (a nil value)\nstack traceback:\n\t(string):1: in main chunk",
    "count": 1
  },
  {
    "message": "Lua Error: @Interface/AddOns/DialogueUI/Code/NameplateGossip.lua: Lua error: Interface/AddOns/DialogueUI/Code/NameplateGossip.lua:260: attempt to index field 'CallbackRegistry' (a nil value)\nstack traceback:\n\t(string):1: in main chunk\n[Interface/AddOns/Blizzard_ScriptErrors/Blizzard_ScriptErrors.lua]:59: in function 'GetErrorData'\n[Interface/AddOns/Blizzard_ScriptErrors/Blizzard_ScriptErrors.lua]:72: in function <[Interface/AddOns/Blizzard_ScriptErrors/Blizzard_ScriptErrors.lua]:71>",
    "count": 1
  },
  {
    "message": "IO error reading /syncthing/World of Warcraft/_retail_/Interface/AddOns/DialogueUI/Code/Dialogue/Clipboard.lua: No such file or directory (os error 2)\nstack traceback:\n\t(string):1: in main chunk",
    "count": 1
  },
  {
    "message": "Lua Error: IO error reading /syncthing/World of Warcraft/_retail_/Interface/AddOns/DialogueUI/Code/Dialogue/Clipboard.lua: No such file or directory (os error 2)\nstack traceback:\n\t(string):1: in main chunk\n[Interface/AddOns/Blizzard_ScriptErrors/Blizzard_ScriptErrors.lua]:59: in function 'GetErrorData'\n[Interface/AddOns/Blizzard_ScriptErrors/Blizzard_ScriptErrors.lua]:72: in function <[Interface/AddOns/Blizzard_ScriptErrors/Blizzard_ScriptErrors.lua]:71>",
    "count": 1
  },
  {
    "message": "@Interface/AddOns/DialogueUI/Code/Book/BookUI_Component.lua: Lua error: Interface/AddOns/DialogueUI/Code/Book/BookUI_Component.lua:440: attempt to index field 'TooltipAPI' (a nil value)\nstack traceback:\n\t(string):1: in main chunk",
    "count": 1
  },
  {
    "message": "Lua Error: @Interface/AddOns/DialogueUI/Code/Book/BookUI_Component.lua: Lua error: Interface/AddOns/DialogueUI/Code/Book/BookUI_Component.lua:440: attempt to index field 'TooltipAPI' (a nil value)\nstack traceback:\n\t(string):1: in main chunk\n[Interface/AddOns/Blizzard_ScriptErrors/Blizzard_ScriptErrors.lua]:59: in function 'GetErrorData'\n[Interface/AddOns/Blizzard_ScriptErrors/Blizzard_ScriptErrors.lua]:72: in function <[Interface/AddOns/Blizzard_ScriptErrors/Blizzard_ScriptErrors.lua]:71>",
    "count": 1
  },
  {
    "message": "IO error reading /syncthing/World of Warcraft/_retail_/Interface/AddOns/DialogueUI/Code/Widget/WidgetManager.lua: No such file or directory (os error 2)\nstack traceback:\n\t(string):1: in main chunk",
    "count": 1
  },
  {
    "message": "Lua Error: IO error reading /syncthing/World of Warcraft/_retail_/Interface/AddOns/DialogueUI/Code/Widget/WidgetManager.lua: No such file or directory (os error 2)\nstack traceback:\n\t(string):1: in main chunk\n[Interface/AddOns/Blizzard_ScriptErrors/Blizzard_ScriptErrors.lua]:59: in function 'GetErrorData'\n[Interface/AddOns/Blizzard_ScriptErrors/Blizzard_ScriptErrors.lua]:72: in function <[Interface/AddOns/Blizzard_ScriptErrors/Blizzard_ScriptErrors.lua]:71>",
    "count": 1
  },
  {
    "message": "@Interface/AddOns/DialogueUI/Code/Core.lua: Lua error: Interface/AddOns/DialogueUI/Code/Core.lua:74: attempt to call field 'AddCustomLinkType' (a nil value)\nstack traceback:\n\t(string):1: in main chunk",
    "count": 1
  },
  {
    "message": "Lua Error: @Interface/AddOns/DialogueUI/Code/Core.lua: Lua error: Interface/AddOns/DialogueUI/Code/Core.lua:74: attempt to call field 'AddCustomLinkType' (a nil value)\nstack traceback:\n\t(string):1: in main chunk\n[Interface/AddOns/Blizzard_ScriptErrors/Blizzard_ScriptErrors.lua]:59: in function 'GetErrorData'\n[Interface/AddOns/Blizzard_ScriptErrors/Blizzard_ScriptErrors.lua]:72: in function <[Interface/AddOns/Blizzard_ScriptErrors/Blizzard_ScriptErrors.lua]:71>",
    "count": 1
  },
  {
    "message": "[OnEvent] frame=#48560 addon=DialogueUI source=@Interface/AddOns/DialogueUI/Initialization.lua:204: Interface/AddOns/DialogueUI/Initialization.lua:137: attempt to index field 'CallbackRegistry' (a nil value)\nstack traceback:\n\t(string):12: in function <(string):12>\n\t[C]: in function 'native_xpcall'\n\t(string):11: in function <(string):10>\n\tInterface/AddOns/DialogueUI/Initialization.lua:137: in function 'SetDBValue'\n\tInterface/AddOns/DialogueUI/Initialization.lua:177: in function 'LoadDatabase'\n\tInterface/AddOns/DialogueUI/Initialization.lua:209: in function <Interface/AddOns/DialogueUI/Initialization.lua:204>\n\t(tail call): ?\n\t(tail call): ?\n\t[C]: in function 'native_xpcall'\n\t(string):8: in function <(string):5>\n\t(tail call): ?",
    "count": 2
  },
  {
    "message": "Lua Error: [OnEvent] frame=#48560 addon=DialogueUI source=@Interface/AddOns/DialogueUI/Initialization.lua:204: Interface/AddOns/DialogueUI/Initialization.lua:137: attempt to index field 'CallbackRegistry' (a nil value)\nstack traceback:\n\t(string):12: in function <(string):12>\n\t[C]: in function 'native_xpcall'\n\t(string):11: in function <(string):10>\n\tInterface/AddOns/DialogueUI/Initialization.lua:137: in function 'SetDBValue'\n\tInterface/AddOns/DialogueUI/Initialization.lua:177: in function 'LoadDatabase'\n\tInterface/AddOns/DialogueUI/Initialization.lua:209: in function <Interface/AddOns/DialogueUI/Initialization.lua:204>\n\t(tail call): ?\n\t(tail call): ?\n\t[C]: in function 'native_xpcall'\n\t(string):8: in function <(string):5>\n\t(tail call): ?\n[Interface/AddOns/Blizzard_ScriptErrors/Blizzard_ScriptErrors.lua]:59: in function 'GetErrorData'\n[Interface/AddOns/Blizzard_ScriptErrors/Blizzard_ScriptErrors.lua]:72: in function <[Interface/AddOns/Blizzard_ScriptErrors/Blizzard_ScriptErrors.lua]:71>",
    "count": 2
  },
  {
    "message": "EXBOSS-LocaleBase missing required TOC dependencies: ExwindCore, EXBossData",
    "count": 1
  },
  {
    "message": "EllesmereUICooldownManager missing required TOC dependencies: EllesmereUI",
    "count": 1
  },
  {
    "message": "IO error reading /syncthing/World of Warcraft/_retail_/Interface/AddOns/EnhanceQoL/libs/AceLocale-3.0/AceLocale-3.0.lua: No such file or directory (os error 2)\nstack traceback:\n\t(string):1: in main chunk",
    "count": 1
  },
  {
    "message": "Lua Error: IO error reading /syncthing/World of Warcraft/_retail_/Interface/AddOns/EnhanceQoL/libs/AceLocale-3.0/AceLocale-3.0.lua: No such file or directory (os error 2)\nstack traceback:\n\t(string):1: in main chunk\n[Interface/AddOns/Blizzard_ScriptErrors/Blizzard_ScriptErrors.lua]:59: in function 'GetErrorData'\n[Interface/AddOns/Blizzard_ScriptErrors/Blizzard_ScriptErrors.lua]:72: in function <[Interface/AddOns/Blizzard_ScriptErrors/Blizzard_ScriptErrors.lua]:71>",
    "count": 1
  },
  {
    "message": "@Interface/AddOns/EnhanceQoL/Init.lua: Lua error: Interface/AddOns/EnhanceQoL/Init.lua:70: Cannot find a library instance of \"AceLocale-3.0\".\nstack traceback:\n\t(string):1: in main chunk",
    "count": 1
  },
  {
    "message": "Lua Error: @Interface/AddOns/EnhanceQoL/Init.lua: Lua error: Interface/AddOns/EnhanceQoL/Init.lua:70: Cannot find a library instance of \"AceLocale-3.0\".\nstack traceback:\n\t(string):1: in main chunk\n[Interface/AddOns/Blizzard_ScriptErrors/Blizzard_ScriptErrors.lua]:59: in function 'GetErrorData'\n[Interface/AddOns/Blizzard_ScriptErrors/Blizzard_ScriptErrors.lua]:72: in function <[Interface/AddOns/Blizzard_ScriptErrors/Blizzard_ScriptErrors.lua]:71>",
    "count": 1
  },
  {
    "message": "IO error reading /syncthing/World of Warcraft/_retail_/Interface/AddOns/EnhanceQoL/libs/LibDeflate/LibDeflate.lua: No such file or directory (os error 2)\nstack traceback:\n\t(string):1: in main chunk",
    "count": 1
  },
  {
    "message": "Lua Error: IO error reading /syncthing/World of Warcraft/_retail_/Interface/AddOns/EnhanceQoL/libs/LibDeflate/LibDeflate.lua: No such file or directory (os error 2)\nstack traceback:\n\t(string):1: in main chunk\n[Interface/AddOns/Blizzard_ScriptErrors/Blizzard_ScriptErrors.lua]:59: in function 'GetErrorData'\n[Interface/AddOns/Blizzard_ScriptErrors/Blizzard_ScriptErrors.lua]:72: in function <[Interface/AddOns/Blizzard_ScriptErrors/Blizzard_ScriptErrors.lua]:71>",
    "count": 1
  },
  {
    "message": "IO error reading /syncthing/World of Warcraft/_retail_/Interface/AddOns/EnhanceQoL/libs/LibSettingsDesigner/LibSettingsDesignerConfig.lua: No such file or directory (os error 2)\nstack traceback:\n\t(string):1: in main chunk",
    "count": 1
  },
  {
    "message": "Lua Error: IO error reading /syncthing/World of Warcraft/_retail_/Interface/AddOns/EnhanceQoL/libs/LibSettingsDesigner/LibSettingsDesignerConfig.lua: No such file or directory (os error 2)\nstack traceback:\n\t(string):1: in main chunk\n[Interface/AddOns/Blizzard_ScriptErrors/Blizzard_ScriptErrors.lua]:59: in function 'GetErrorData'\n[Interface/AddOns/Blizzard_ScriptErrors/Blizzard_ScriptErrors.lua]:72: in function <[Interface/AddOns/Blizzard_ScriptErrors/Blizzard_ScriptErrors.lua]:71>",
    "count": 1
  },
  {
    "message": "@Interface/AddOns/EnhanceQoL/Core/EditMode.lua: Lua error: EnhanceQoL Edit Mode integration is not loaded\nstack traceback:\n\t(string):1: in main chunk",
    "count": 1
  },
  {
    "message": "Lua Error: @Interface/AddOns/EnhanceQoL/Core/EditMode.lua: Lua error: EnhanceQoL Edit Mode integration is not loaded\nstack traceback:\n\t(string):1: in main chunk\n[Interface/AddOns/Blizzard_ScriptErrors/Blizzard_ScriptErrors.lua]:59: in function 'GetErrorData'\n[Interface/AddOns/Blizzard_ScriptErrors/Blizzard_ScriptErrors.lua]:72: in function <[Interface/AddOns/Blizzard_ScriptErrors/Blizzard_ScriptErrors.lua]:71>",
    "count": 1
  },
  {
    "message": "@Interface/AddOns/EnhanceQoL/Core/SharedAnchors.lua: Lua error: Interface/AddOns/EnhanceQoL/Core/SharedAnchors.lua:14: Cannot find a library instance of \"AceLocale-3.0\".\nstack traceback:\n\t(string):1: in main chunk",
    "count": 1
  },
  {
    "message": "Lua Error: @Interface/AddOns/EnhanceQoL/Core/SharedAnchors.lua: Lua error: Interface/AddOns/EnhanceQoL/Core/SharedAnchors.lua:14: Cannot find a library instance of \"AceLocale-3.0\".\nstack traceback:\n\t(string):1: in main chunk\n[Interface/AddOns/Blizzard_ScriptErrors/Blizzard_ScriptErrors.lua]:59: in function 'GetErrorData'\n[Interface/AddOns/Blizzard_ScriptErrors/Blizzard_ScriptErrors.lua]:72: in function <[Interface/AddOns/Blizzard_ScriptErrors/Blizzard_ScriptErrors.lua]:71>",
    "count": 1
  },
  {
    "message": "@Interface/AddOns/EnhanceQoL/Core/EditModeAnchors.lua: Lua error: Interface/AddOns/EnhanceQoL/Core/EditModeAnchors.lua:8: Cannot find a library instance of \"AceLocale-3.0\".\nstack traceback:\n\t(string):1: in main chunk",
    "count": 1
  },
  {
    "message": "Lua Error: @Interface/AddOns/EnhanceQoL/Core/EditModeAnchors.lua: Lua error: Interface/AddOns/EnhanceQoL/Core/EditModeAnchors.lua:8: Cannot find a library instance of \"AceLocale-3.0\".\nstack traceback:\n\t(string):1: in main chunk\n[Interface/AddOns/Blizzard_ScriptErrors/Blizzard_ScriptErrors.lua]:59: in function 'GetErrorData'\n[Interface/AddOns/Blizzard_ScriptErrors/Blizzard_ScriptErrors.lua]:72: in function <[Interface/AddOns/Blizzard_ScriptErrors/Blizzard_ScriptErrors.lua]:71>",
    "count": 1
  },
  {
    "message": "@Interface/AddOns/EnhanceQoL/Core/EditModeAnchorUI.lua: Lua error: Interface/AddOns/EnhanceQoL/Core/EditModeAnchorUI.lua:6: Cannot find a library instance of \"AceLocale-3.0\".\nstack traceback:\n\t(string):1: in main chunk",
    "count": 1
  },
  {
    "message": "Lua Error: @Interface/AddOns/EnhanceQoL/Core/EditModeAnchorUI.lua: Lua error: Interface/AddOns/EnhanceQoL/Core/EditModeAnchorUI.lua:6: Cannot find a library instance of \"AceLocale-3.0\".\nstack traceback:\n\t(string):1: in main chunk\n[Interface/AddOns/Blizzard_ScriptErrors/Blizzard_ScriptErrors.lua]:59: in function 'GetErrorData'\n[Interface/AddOns/Blizzard_ScriptErrors/Blizzard_ScriptErrors.lua]:72: in function <[Interface/AddOns/Blizzard_ScriptErrors/Blizzard_ScriptErrors.lua]:71>",
    "count": 1
  },
  {
    "message": "@Interface/AddOns/EnhanceQoL/Core/Streams/Stream_Currency.lua: Lua error: ...rface/AddOns/EnhanceQoL/Core/Streams/Stream_Currency.lua:18: attempt to index local 'L' (a nil value)\nstack traceback:\n\t(string):1: in main chunk",
    "count": 1
  },
  {
    "message": "Lua Error: @Interface/AddOns/EnhanceQoL/Core/Streams/Stream_Currency.lua: Lua error: ...rface/AddOns/EnhanceQoL/Core/Streams/Stream_Currency.lua:18: attempt to index local 'L' (a nil value)\nstack traceback:\n\t(string):1: in main chunk\n[Interface/AddOns/Blizzard_ScriptErrors/Blizzard_ScriptErrors.lua]:59: in function 'GetErrorData'\n[Interface/AddOns/Blizzard_ScriptErrors/Blizzard_ScriptErrors.lua]:72: in function <[Interface/AddOns/Blizzard_ScriptErrors/Blizzard_ScriptErrors.lua]:71>",
    "count": 1
  },
  {
    "message": "@Interface/AddOns/EnhanceQoL/Submodules/GemHelper.lua: Lua error: Interface/AddOns/EnhanceQoL/Submodules/GemHelper.lua:3: Cannot find a library instance of \"AceLocale-3.0\".\nstack traceback:\n\t(string):1: in main chunk",
    "count": 1
  },
  {
    "message": "Lua Error: @Interface/AddOns/EnhanceQoL/Submodules/GemHelper.lua: Lua error: Interface/AddOns/EnhanceQoL/Submodules/GemHelper.lua:3: Cannot find a library instance of \"AceLocale-3.0\".\nstack traceback:\n\t(string):1: in main chunk\n[Interface/AddOns/Blizzard_ScriptErrors/Blizzard_ScriptErrors.lua]:59: in function 'GetErrorData'\n[Interface/AddOns/Blizzard_ScriptErrors/Blizzard_ScriptErrors.lua]:72: in function <[Interface/AddOns/Blizzard_ScriptErrors/Blizzard_ScriptErrors.lua]:71>",
    "count": 1
  },
  {
    "message": "@Interface/AddOns/EnhanceQoL/Submodules/MountActions.lua: Lua error: Interface/AddOns/EnhanceQoL/Submodules/MountActions.lua:9: Cannot find a library instance of \"AceLocale-3.0\".\nstack traceback:\n\t(string):1: in main chunk",
    "count": 1
  },
  {
    "message": "Lua Error: @Interface/AddOns/EnhanceQoL/Submodules/MountActions.lua: Lua error: Interface/AddOns/EnhanceQoL/Submodules/MountActions.lua:9: Cannot find a library instance of \"AceLocale-3.0\".\nstack traceback:\n\t(string):1: in main chunk\n[Interface/AddOns/Blizzard_ScriptErrors/Blizzard_ScriptErrors.lua]:59: in function 'GetErrorData'\n[Interface/AddOns/Blizzard_ScriptErrors/Blizzard_ScriptErrors.lua]:72: in function <[Interface/AddOns/Blizzard_ScriptErrors/Blizzard_ScriptErrors.lua]:71>",
    "count": 1
  },
  {
    "message": "@Interface/AddOns/EnhanceQoL/Submodules/ActionTracker.lua: Lua error: Interface/AddOns/EnhanceQoL/Submodules/ActionTracker.lua:13: Cannot find a library instance of \"AceLocale-3.0\".\nstack traceback:\n\t(string):1: in main chunk",
    "count": 1
  },
  {
    "message": "Lua Error: @Interface/AddOns/EnhanceQoL/Submodules/ActionTracker.lua: Lua error: Interface/AddOns/EnhanceQoL/Submodules/ActionTracker.lua:13: Cannot find a library instance of \"AceLocale-3.0\".\nstack traceback:\n\t(string):1: in main chunk\n[Interface/AddOns/Blizzard_ScriptErrors/Blizzard_ScriptErrors.lua]:59: in function 'GetErrorData'\n[Interface/AddOns/Blizzard_ScriptErrors/Blizzard_ScriptErrors.lua]:72: in function <[Interface/AddOns/Blizzard_ScriptErrors/Blizzard_ScriptErrors.lua]:71>",
    "count": 1
  },
  {
    "message": "@Interface/AddOns/EnhanceQoL/Submodules/GroupTools.lua: Lua error: Interface/AddOns/EnhanceQoL/Submodules/GroupTools.lua:14: Cannot find a library instance of \"AceLocale-3.0\".\nstack traceback:\n\t(string):1: in main chunk",
    "count": 1
  },
  {
    "message": "Lua Error: @Interface/AddOns/EnhanceQoL/Submodules/GroupTools.lua: Lua error: Interface/AddOns/EnhanceQoL/Submodules/GroupTools.lua:14: Cannot find a library instance of \"AceLocale-3.0\".\nstack traceback:\n\t(string):1: in main chunk\n[Interface/AddOns/Blizzard_ScriptErrors/Blizzard_ScriptErrors.lua]:59: in function 'GetErrorData'\n[Interface/AddOns/Blizzard_ScriptErrors/Blizzard_ScriptErrors.lua]:72: in function <[Interface/AddOns/Blizzard_ScriptErrors/Blizzard_ScriptErrors.lua]:71>",
    "count": 1
  },
  {
    "message": "IO error reading /syncthing/World of Warcraft/_retail_/Interface/AddOns/EnhanceQoL/Settings/SettingsUI.lua: No such file or directory (os error 2)\nstack traceback:\n\t(string):1: in main chunk",
    "count": 1
  },
  {
    "message": "Lua Error: IO error reading /syncthing/World of Warcraft/_retail_/Interface/AddOns/EnhanceQoL/Settings/SettingsUI.lua: No such file or directory (os error 2)\nstack traceback:\n\t(string):1: in main chunk\n[Interface/AddOns/Blizzard_ScriptErrors/Blizzard_ScriptErrors.lua]:59: in function 'GetErrorData'\n[Interface/AddOns/Blizzard_ScriptErrors/Blizzard_ScriptErrors.lua]:72: in function <[Interface/AddOns/Blizzard_ScriptErrors/Blizzard_ScriptErrors.lua]:71>",
    "count": 1
  },
  {
    "message": "@Interface/AddOns/EnhanceQoL/Modules/Mouse/Mouse.lua: Lua error: Interface/AddOns/EnhanceQoL/Modules/Mouse/Mouse.lua:10: Cannot find a library instance of \"AceLocale-3.0\".\nstack traceback:\n\t(string):1: in main chunk",
    "count": 1
  },
  {
    "message": "Lua Error: @Interface/AddOns/EnhanceQoL/Modules/Mouse/Mouse.lua: Lua error: Interface/AddOns/EnhanceQoL/Modules/Mouse/Mouse.lua:10: Cannot find a library instance of \"AceLocale-3.0\".\nstack traceback:\n\t(string):1: in main chunk\n[Interface/AddOns/Blizzard_ScriptErrors/Blizzard_ScriptErrors.lua]:59: in function 'GetErrorData'\n[Interface/AddOns/Blizzard_ScriptErrors/Blizzard_ScriptErrors.lua]:72: in function <[Interface/AddOns/Blizzard_ScriptErrors/Blizzard_ScriptErrors.lua]:71>",
    "count": 1
  },
  {
    "message": "IO error reading /syncthing/World of Warcraft/_retail_/Interface/AddOns/EnhanceQoL/Modules/Food/Drinks.lua: No such file or directory (os error 2)\nstack traceback:\n\t(string):1: in main chunk",
    "count": 1
  },
  {
    "message": "Lua Error: IO error reading /syncthing/World of Warcraft/_retail_/Interface/AddOns/EnhanceQoL/Modules/Food/Drinks.lua: No such file or directory (os error 2)\nstack traceback:\n\t(string):1: in main chunk\n[Interface/AddOns/Blizzard_ScriptErrors/Blizzard_ScriptErrors.lua]:59: in function 'GetErrorData'\n[Interface/AddOns/Blizzard_ScriptErrors/Blizzard_ScriptErrors.lua]:72: in function <[Interface/AddOns/Blizzard_ScriptErrors/Blizzard_ScriptErrors.lua]:71>",
    "count": 1
  },
  {
    "message": "@Interface/AddOns/InTime/InTime_UI.lua: Lua error: Interface/AddOns/InTime/InTime_UI.lua:131: attempt to index local 'L' (a nil value)\nstack traceback:\n\t(string):1: in main chunk",
    "count": 1
  },
  {
    "message": "Lua Error: @Interface/AddOns/InTime/InTime_UI.lua: Lua error: Interface/AddOns/InTime/InTime_UI.lua:131: attempt to index local 'L' (a nil value)\nstack traceback:\n\t(string):1: in main chunk\n[Interface/AddOns/Blizzard_ScriptErrors/Blizzard_ScriptErrors.lua]:59: in function 'GetErrorData'\n[Interface/AddOns/Blizzard_ScriptErrors/Blizzard_ScriptErrors.lua]:72: in function <[Interface/AddOns/Blizzard_ScriptErrors/Blizzard_ScriptErrors.lua]:71>",
    "count": 1
  },
  {
    "message": "@Interface/AddOns/InTime/InTime_Core.lua: Lua error: Interface/AddOns/InTime/InTime_Core.lua:20: attempt to index local 'L' (a nil value)\nstack traceback:\n\t(string):1: in main chunk",
    "count": 1
  },
  {
    "message": "Lua Error: @Interface/AddOns/InTime/InTime_Core.lua: Lua error: Interface/AddOns/InTime/InTime_Core.lua:20: attempt to index local 'L' (a nil value)\nstack traceback:\n\t(string):1: in main chunk\n[Interface/AddOns/Blizzard_ScriptErrors/Blizzard_ScriptErrors.lua]:59: in function 'GetErrorData'\n[Interface/AddOns/Blizzard_ScriptErrors/Blizzard_ScriptErrors.lua]:72: in function <[Interface/AddOns/Blizzard_ScriptErrors/Blizzard_ScriptErrors.lua]:71>",
    "count": 1
  },
  {
    "message": "@Interface/AddOns/ItemVersion/Locales/enUS.lua: Lua error: Interface/AddOns/ItemVersion/Locales/enUS.lua:6: Cannot find a library instance of \"AceLocale-3.0\".\nstack traceback:\n\t(string):1: in main chunk",
    "count": 1
  },
  {
    "message": "Lua Error: @Interface/AddOns/ItemVersion/Locales/enUS.lua: Lua error: Interface/AddOns/ItemVersion/Locales/enUS.lua:6: Cannot find a library instance of \"AceLocale-3.0\".\nstack traceback:\n\t(string):1: in main chunk\n[Interface/AddOns/Blizzard_ScriptErrors/Blizzard_ScriptErrors.lua]:59: in function 'GetErrorData'\n[Interface/AddOns/Blizzard_ScriptErrors/Blizzard_ScriptErrors.lua]:72: in function <[Interface/AddOns/Blizzard_ScriptErrors/Blizzard_ScriptErrors.lua]:71>",
    "count": 1
  },
  {
    "message": "@Interface/AddOns/ItemVersion/Locales/zhCN.lua: Lua error: Interface/AddOns/ItemVersion/Locales/zhCN.lua:6: Cannot find a library instance of \"AceLocale-3.0\".\nstack traceback:\n\t(string):1: in main chunk",
    "count": 1
  },
  {
    "message": "Lua Error: @Interface/AddOns/ItemVersion/Locales/zhCN.lua: Lua error: Interface/AddOns/ItemVersion/Locales/zhCN.lua:6: Cannot find a library instance of \"AceLocale-3.0\".\nstack traceback:\n\t(string):1: in main chunk\n[Interface/AddOns/Blizzard_ScriptErrors/Blizzard_ScriptErrors.lua]:59: in function 'GetErrorData'\n[Interface/AddOns/Blizzard_ScriptErrors/Blizzard_ScriptErrors.lua]:72: in function <[Interface/AddOns/Blizzard_ScriptErrors/Blizzard_ScriptErrors.lua]:71>",
    "count": 1
  },
  {
    "message": "@Interface/AddOns/ItemVersion/Profile.lua: Lua error: Interface/AddOns/ItemVersion/Profile.lua:3: Cannot find a library instance of \"AceLocale-3.0\".\nstack traceback:\n\t(string):1: in main chunk",
    "count": 1
  },
  {
    "message": "Lua Error: @Interface/AddOns/ItemVersion/Profile.lua: Lua error: Interface/AddOns/ItemVersion/Profile.lua:3: Cannot find a library instance of \"AceLocale-3.0\".\nstack traceback:\n\t(string):1: in main chunk\n[Interface/AddOns/Blizzard_ScriptErrors/Blizzard_ScriptErrors.lua]:59: in function 'GetErrorData'\n[Interface/AddOns/Blizzard_ScriptErrors/Blizzard_ScriptErrors.lua]:72: in function <[Interface/AddOns/Blizzard_ScriptErrors/Blizzard_ScriptErrors.lua]:71>",
    "count": 1
  },
  {
    "message": "@Interface/AddOns/ItemVersion/Expansion.lua: Lua error: Interface/AddOns/ItemVersion/Expansion.lua:3: Cannot find a library instance of \"AceLocale-3.0\".\nstack traceback:\n\t(string):1: in main chunk",
    "count": 1
  },
  {
    "message": "Lua Error: @Interface/AddOns/ItemVersion/Expansion.lua: Lua error: Interface/AddOns/ItemVersion/Expansion.lua:3: Cannot find a library instance of \"AceLocale-3.0\".\nstack traceback:\n\t(string):1: in main chunk\n[Interface/AddOns/Blizzard_ScriptErrors/Blizzard_ScriptErrors.lua]:59: in function 'GetErrorData'\n[Interface/AddOns/Blizzard_ScriptErrors/Blizzard_ScriptErrors.lua]:72: in function <[Interface/AddOns/Blizzard_ScriptErrors/Blizzard_ScriptErrors.lua]:71>",
    "count": 1
  },
  {
    "message": "@Interface/AddOns/ItemVersion/Options.lua: Lua error: Interface/AddOns/ItemVersion/Options.lua:3: Cannot find a library instance of \"AceLocale-3.0\".\nstack traceback:\n\t(string):1: in main chunk",
    "count": 1
  },
  {
    "message": "Lua Error: @Interface/AddOns/ItemVersion/Options.lua: Lua error: Interface/AddOns/ItemVersion/Options.lua:3: Cannot find a library instance of \"AceLocale-3.0\".\nstack traceback:\n\t(string):1: in main chunk\n[Interface/AddOns/Blizzard_ScriptErrors/Blizzard_ScriptErrors.lua]:59: in function 'GetErrorData'\n[Interface/AddOns/Blizzard_ScriptErrors/Blizzard_ScriptErrors.lua]:72: in function <[Interface/AddOns/Blizzard_ScriptErrors/Blizzard_ScriptErrors.lua]:71>",
    "count": 1
  },
  {
    "message": "@Interface/AddOns/ItemVersion/SlashCommands.lua: Lua error: Interface/AddOns/ItemVersion/SlashCommands.lua:3: Cannot find a library instance of \"AceLocale-3.0\".\nstack traceback:\n\t(string):1: in main chunk",
    "count": 1
  },
  {
    "message": "Lua Error: @Interface/AddOns/ItemVersion/SlashCommands.lua: Lua error: Interface/AddOns/ItemVersion/SlashCommands.lua:3: Cannot find a library instance of \"AceLocale-3.0\".\nstack traceback:\n\t(string):1: in main chunk\n[Interface/AddOns/Blizzard_ScriptErrors/Blizzard_ScriptErrors.lua]:59: in function 'GetErrorData'\n[Interface/AddOns/Blizzard_ScriptErrors/Blizzard_ScriptErrors.lua]:72: in function <[Interface/AddOns/Blizzard_ScriptErrors/Blizzard_ScriptErrors.lua]:71>",
    "count": 1
  },
  {
    "message": "@Interface/AddOns/Leatrix_Plus/Leatrix_Plus_Media.lua: Lua error: Interface/AddOns/Leatrix_Plus/Leatrix_Plus_Media.lua:10: attempt to index local 'L' (a nil value)\nstack traceback:\n\t(string):1: in main chunk",
    "count": 1
  },
  {
    "message": "Lua Error: @Interface/AddOns/Leatrix_Plus/Leatrix_Plus_Media.lua: Lua error: Interface/AddOns/Leatrix_Plus/Leatrix_Plus_Media.lua:10: attempt to index local 'L' (a nil value)\nstack traceback:\n\t(string):1: in main chunk\n[Interface/AddOns/Blizzard_ScriptErrors/Blizzard_ScriptErrors.lua]:59: in function 'GetErrorData'\n[Interface/AddOns/Blizzard_ScriptErrors/Blizzard_ScriptErrors.lua]:72: in function <[Interface/AddOns/Blizzard_ScriptErrors/Blizzard_ScriptErrors.lua]:71>",
    "count": 1
  },
  {
    "message": "@Interface/AddOns/Leatrix_Plus/Leatrix_Plus.lua: Lua error: Interface/AddOns/Leatrix_Plus/Leatrix_Plus.lua:61: attempt to index local 'L' (a nil value)\nstack traceback:\n\t(string):1: in main chunk",
    "count": 1
  },
  {
    "message": "Lua Error: @Interface/AddOns/Leatrix_Plus/Leatrix_Plus.lua: Lua error: Interface/AddOns/Leatrix_Plus/Leatrix_Plus.lua:61: attempt to index local 'L' (a nil value)\nstack traceback:\n\t(string):1: in main chunk\n[Interface/AddOns/Blizzard_ScriptErrors/Blizzard_ScriptErrors.lua]:59: in function 'GetErrorData'\n[Interface/AddOns/Blizzard_ScriptErrors/Blizzard_ScriptErrors.lua]:72: in function <[Interface/AddOns/Blizzard_ScriptErrors/Blizzard_ScriptErrors.lua]:71>",
    "count": 1
  },
  {
    "message": "@Interface/AddOns/Plumber/Locales/enUS.lua: Lua error: Interface/AddOns/Plumber/Locales/enUS.lua:17: attempt to index local 'L' (a nil value)\nstack traceback:\n\t(string):1: in main chunk",
    "count": 1
  },
  {
    "message": "Lua Error: @Interface/AddOns/Plumber/Locales/enUS.lua: Lua error: Interface/AddOns/Plumber/Locales/enUS.lua:17: attempt to index local 'L' (a nil value)\nstack traceback:\n\t(string):1: in main chunk\n[Interface/AddOns/Blizzard_ScriptErrors/Blizzard_ScriptErrors.lua]:59: in function 'GetErrorData'\n[Interface/AddOns/Blizzard_ScriptErrors/Blizzard_ScriptErrors.lua]:72: in function <[Interface/AddOns/Blizzard_ScriptErrors/Blizzard_ScriptErrors.lua]:71>",
    "count": 1
  },
  {
    "message": "@Interface/AddOns/Plumber/Modules/Shared/SharedData.lua: Lua error: Interface/AddOns/Plumber/Modules/Shared/SharedData.lua:51: attempt to index local 'L' (a nil value)\nstack traceback:\n\t(string):1: in main chunk",
    "count": 1
  },
  {
    "message": "Lua Error: @Interface/AddOns/Plumber/Modules/Shared/SharedData.lua: Lua error: Interface/AddOns/Plumber/Modules/Shared/SharedData.lua:51: attempt to index local 'L' (a nil value)\nstack traceback:\n\t(string):1: in main chunk\n[Interface/AddOns/Blizzard_ScriptErrors/Blizzard_ScriptErrors.lua]:59: in function 'GetErrorData'\n[Interface/AddOns/Blizzard_ScriptErrors/Blizzard_ScriptErrors.lua]:72: in function <[Interface/AddOns/Blizzard_ScriptErrors/Blizzard_ScriptErrors.lua]:71>",
    "count": 1
  },
  {
    "message": "IO error loading /syncthing/World of Warcraft/_retail_/Interface/AddOns/Plumber/Modules/Shared/SharedWidgets.xml: No such file or directory (os error 2)\nstack traceback:\n\t(string):1: in main chunk",
    "count": 1
  },
  {
    "message": "Lua Error: IO error loading /syncthing/World of Warcraft/_retail_/Interface/AddOns/Plumber/Modules/Shared/SharedWidgets.xml: No such file or directory (os error 2)\nstack traceback:\n\t(string):1: in main chunk\n[Interface/AddOns/Blizzard_ScriptErrors/Blizzard_ScriptErrors.lua]:59: in function 'GetErrorData'\n[Interface/AddOns/Blizzard_ScriptErrors/Blizzard_ScriptErrors.lua]:72: in function <[Interface/AddOns/Blizzard_ScriptErrors/Blizzard_ScriptErrors.lua]:71>",
    "count": 1
  },
  {
    "message": "XML error: IO error loading /syncthing/World of Warcraft/_retail_/Interface/AddOns/Plumber/Modules/Shared/SharedWidgets.xml: No such file or directory (os error 2)\nstack traceback:\n\t(string):1: in main chunk",
    "count": 1
  },
  {
    "message": "Lua Error: XML error: IO error loading /syncthing/World of Warcraft/_retail_/Interface/AddOns/Plumber/Modules/Shared/SharedWidgets.xml: No such file or directory (os error 2)\nstack traceback:\n\t(string):1: in main chunk\n[Interface/AddOns/Blizzard_ScriptErrors/Blizzard_ScriptErrors.lua]:59: in function 'GetErrorData'\n[Interface/AddOns/Blizzard_ScriptErrors/Blizzard_ScriptErrors.lua]:72: in function <[Interface/AddOns/Blizzard_ScriptErrors/Blizzard_ScriptErrors.lua]:71>",
    "count": 1
  },
  {
    "message": "@Interface/AddOns/Plumber/Modules/ScenarioTracker.lua: Lua error: Interface/AddOns/Plumber/Modules/ScenarioTracker.lua:150: attempt to index local 'API' (a nil value)\nstack traceback:\n\t(string):1: in main chunk",
    "count": 1
  },
  {
    "message": "Lua Error: @Interface/AddOns/Plumber/Modules/ScenarioTracker.lua: Lua error: Interface/AddOns/Plumber/Modules/ScenarioTracker.lua:150: attempt to index local 'API' (a nil value)\nstack traceback:\n\t(string):1: in main chunk\n[Interface/AddOns/Blizzard_ScriptErrors/Blizzard_ScriptErrors.lua]:59: in function 'GetErrorData'\n[Interface/AddOns/Blizzard_ScriptErrors/Blizzard_ScriptErrors.lua]:72: in function <[Interface/AddOns/Blizzard_ScriptErrors/Blizzard_ScriptErrors.lua]:71>",
    "count": 1
  },
  {
    "message": "IO error reading /syncthing/World of Warcraft/_retail_/Interface/AddOns/Plumber/Modules/ControlCenter/Preload.lua: No such file or directory (os error 2)\nstack traceback:\n\t(string):1: in main chunk",
    "count": 1
  },
  {
    "message": "Lua Error: IO error reading /syncthing/World of Warcraft/_retail_/Interface/AddOns/Plumber/Modules/ControlCenter/Preload.lua: No such file or directory (os error 2)\nstack traceback:\n\t(string):1: in main chunk\n[Interface/AddOns/Blizzard_ScriptErrors/Blizzard_ScriptErrors.lua]:59: in function 'GetErrorData'\n[Interface/AddOns/Blizzard_ScriptErrors/Blizzard_ScriptErrors.lua]:72: in function <[Interface/AddOns/Blizzard_ScriptErrors/Blizzard_ScriptErrors.lua]:71>",
    "count": 1
  },
  {
    "message": "@Interface/AddOns/Plumber/Modules/Macros.lua: Lua error: Interface/AddOns/Plumber/Modules/Macros.lua:47: attempt to index local 'API' (a nil value)\nstack traceback:\n\t(string):1: in main chunk",
    "count": 1
  },
  {
    "message": "Lua Error: @Interface/AddOns/Plumber/Modules/Macros.lua: Lua error: Interface/AddOns/Plumber/Modules/Macros.lua:47: attempt to index local 'API' (a nil value)\nstack traceback:\n\t(string):1: in main chunk\n[Interface/AddOns/Blizzard_ScriptErrors/Blizzard_ScriptErrors.lua]:59: in function 'GetErrorData'\n[Interface/AddOns/Blizzard_ScriptErrors/Blizzard_ScriptErrors.lua]:72: in function <[Interface/AddOns/Blizzard_ScriptErrors/Blizzard_ScriptErrors.lua]:71>",
    "count": 1
  },
  {
    "message": "@Interface/AddOns/Plumber/Modules/BackpackItemTracker.lua: Lua error: Interface/AddOns/Plumber/Modules/BackpackItemTracker.lua:20: attempt to index local 'API' (a nil value)\nstack traceback:\n\t(string):1: in main chunk",
    "count": 1
  },
  {
    "message": "Lua Error: @Interface/AddOns/Plumber/Modules/BackpackItemTracker.lua: Lua error: Interface/AddOns/Plumber/Modules/BackpackItemTracker.lua:20: attempt to index local 'API' (a nil value)\nstack traceback:\n\t(string):1: in main chunk\n[Interface/AddOns/Blizzard_ScriptErrors/Blizzard_ScriptErrors.lua]:59: in function 'GetErrorData'\n[Interface/AddOns/Blizzard_ScriptErrors/Blizzard_ScriptErrors.lua]:72: in function <[Interface/AddOns/Blizzard_ScriptErrors/Blizzard_ScriptErrors.lua]:71>",
    "count": 1
  },
  {
    "message": "@Interface/AddOns/Plumber/Modules/PlayerChoiceFrameToken.lua: Lua error: Interface/AddOns/Plumber/Modules/PlayerChoiceFrameToken.lua:5: attempt to index field 'API' (a nil value)\nstack traceback:\n\t(string):1: in main chunk",
    "count": 1
  },
  {
    "message": "Lua Error: @Interface/AddOns/Plumber/Modules/PlayerChoiceFrameToken.lua: Lua error: Interface/AddOns/Plumber/Modules/PlayerChoiceFrameToken.lua:5: attempt to index field 'API' (a nil value)\nstack traceback:\n\t(string):1: in main chunk\n[Interface/AddOns/Blizzard_ScriptErrors/Blizzard_ScriptErrors.lua]:59: in function 'GetErrorData'\n[Interface/AddOns/Blizzard_ScriptErrors/Blizzard_ScriptErrors.lua]:72: in function <[Interface/AddOns/Blizzard_ScriptErrors/Blizzard_ScriptErrors.lua]:71>",
    "count": 1
  },
  {
    "message": "@Interface/AddOns/Plumber/Modules/QuickSlot.lua: Lua error: Interface/AddOns/Plumber/Modules/QuickSlot.lua:4: attempt to index local 'API' (a nil value)\nstack traceback:\n\t(string):1: in main chunk",
    "count": 1
  },
  {
    "message": "Lua Error: @Interface/AddOns/Plumber/Modules/QuickSlot.lua: Lua error: Interface/AddOns/Plumber/Modules/QuickSlot.lua:4: attempt to index local 'API' (a nil value)\nstack traceback:\n\t(string):1: in main chunk\n[Interface/AddOns/Blizzard_ScriptErrors/Blizzard_ScriptErrors.lua]:59: in function 'GetErrorData'\n[Interface/AddOns/Blizzard_ScriptErrors/Blizzard_ScriptErrors.lua]:72: in function <[Interface/AddOns/Blizzard_ScriptErrors/Blizzard_ScriptErrors.lua]:71>",
    "count": 1
  },
  {
    "message": "@Interface/AddOns/Plumber/Modules/RareAnnouncement.lua: Lua error: Interface/AddOns/Plumber/Modules/RareAnnouncement.lua:6: attempt to index local 'API' (a nil value)\nstack traceback:\n\t(string):1: in main chunk",
    "count": 1
  },
  {
    "message": "Lua Error: @Interface/AddOns/Plumber/Modules/RareAnnouncement.lua: Lua error: Interface/AddOns/Plumber/Modules/RareAnnouncement.lua:6: attempt to index local 'API' (a nil value)\nstack traceback:\n\t(string):1: in main chunk\n[Interface/AddOns/Blizzard_ScriptErrors/Blizzard_ScriptErrors.lua]:59: in function 'GetErrorData'\n[Interface/AddOns/Blizzard_ScriptErrors/Blizzard_ScriptErrors.lua]:72: in function <[Interface/AddOns/Blizzard_ScriptErrors/Blizzard_ScriptErrors.lua]:71>",
    "count": 1
  },
  {
    "message": "@Interface/AddOns/Plumber/Modules/MerchantPrice.lua: Lua error: Interface/AddOns/Plumber/Modules/MerchantPrice.lua:27: attempt to index local 'API' (a nil value)\nstack traceback:\n\t(string):1: in main chunk",
    "count": 1
  },
  {
    "message": "Lua Error: @Interface/AddOns/Plumber/Modules/MerchantPrice.lua: Lua error: Interface/AddOns/Plumber/Modules/MerchantPrice.lua:27: attempt to index local 'API' (a nil value)\nstack traceback:\n\t(string):1: in main chunk\n[Interface/AddOns/Blizzard_ScriptErrors/Blizzard_ScriptErrors.lua]:59: in function 'GetErrorData'\n[Interface/AddOns/Blizzard_ScriptErrors/Blizzard_ScriptErrors.lua]:72: in function <[Interface/AddOns/Blizzard_ScriptErrors/Blizzard_ScriptErrors.lua]:71>",
    "count": 1
  },
  {
    "message": "@Interface/AddOns/Plumber/Modules/DelvesAutomation.lua: Lua error: Interface/AddOns/Plumber/Modules/DelvesAutomation.lua:75: attempt to index field 'L' (a nil value)\nstack traceback:\n\t(string):1: in main chunk",
    "count": 1
  },
  {
    "message": "Lua Error: @Interface/AddOns/Plumber/Modules/DelvesAutomation.lua: Lua error: Interface/AddOns/Plumber/Modules/DelvesAutomation.lua:75: attempt to index field 'L' (a nil value)\nstack traceback:\n\t(string):1: in main chunk\n[Interface/AddOns/Blizzard_ScriptErrors/Blizzard_ScriptErrors.lua]:59: in function 'GetErrorData'\n[Interface/AddOns/Blizzard_ScriptErrors/Blizzard_ScriptErrors.lua]:72: in function <[Interface/AddOns/Blizzard_ScriptErrors/Blizzard_ScriptErrors.lua]:71>",
    "count": 1
  },
  {
    "message": "IO error reading /syncthing/World of Warcraft/_retail_/Interface/AddOns/Plumber/Modules/GameTooltip_Core.lua: No such file or directory (os error 2)\nstack traceback:\n\t(string):1: in main chunk",
    "count": 1
  },
  {
    "message": "Lua Error: IO error reading /syncthing/World of Warcraft/_retail_/Interface/AddOns/Plumber/Modules/GameTooltip_Core.lua: No such file or directory (os error 2)\nstack traceback:\n\t(string):1: in main chunk\n[Interface/AddOns/Blizzard_ScriptErrors/Blizzard_ScriptErrors.lua]:59: in function 'GetErrorData'\n[Interface/AddOns/Blizzard_ScriptErrors/Blizzard_ScriptErrors.lua]:72: in function <[Interface/AddOns/Blizzard_ScriptErrors/Blizzard_ScriptErrors.lua]:71>",
    "count": 1
  },
  {
    "message": "@Interface/AddOns/Plumber/Modules/UnderlightAngler.lua: Lua error: Interface/AddOns/Plumber/Modules/UnderlightAngler.lua:69: attempt to index field 'L' (a nil value)\nstack traceback:\n\t(string):1: in main chunk",
    "count": 1
  },
  {
    "message": "Lua Error: @Interface/AddOns/Plumber/Modules/UnderlightAngler.lua: Lua error: Interface/AddOns/Plumber/Modules/UnderlightAngler.lua:69: attempt to index field 'L' (a nil value)\nstack traceback:\n\t(string):1: in main chunk\n[Interface/AddOns/Blizzard_ScriptErrors/Blizzard_ScriptErrors.lua]:59: in function 'GetErrorData'\n[Interface/AddOns/Blizzard_ScriptErrors/Blizzard_ScriptErrors.lua]:72: in function <[Interface/AddOns/Blizzard_ScriptErrors/Blizzard_ScriptErrors.lua]:71>",
    "count": 1
  },
  {
    "message": "@Interface/AddOns/Plumber/Modules/ChatOptions.lua: Lua error: Interface/AddOns/Plumber/Modules/ChatOptions.lua:205: attempt to index local 'API' (a nil value)\nstack traceback:\n\t(string):1: in main chunk",
    "count": 1
  },
  {
    "message": "Lua Error: @Interface/AddOns/Plumber/Modules/ChatOptions.lua: Lua error: Interface/AddOns/Plumber/Modules/ChatOptions.lua:205: attempt to index local 'API' (a nil value)\nstack traceback:\n\t(string):1: in main chunk\n[Interface/AddOns/Blizzard_ScriptErrors/Blizzard_ScriptErrors.lua]:59: in function 'GetErrorData'\n[Interface/AddOns/Blizzard_ScriptErrors/Blizzard_ScriptErrors.lua]:72: in function <[Interface/AddOns/Blizzard_ScriptErrors/Blizzard_ScriptErrors.lua]:71>",
    "count": 1
  },
  {
    "message": "IO error reading /syncthing/World of Warcraft/_retail_/Interface/AddOns/Plumber/Modules/StaticPopup_QuestItemDestroyAlert.lua: No such file or directory (os error 2)\nstack traceback:\n\t(string):1: in main chunk",
    "count": 1
  },
  {
    "message": "Lua Error: IO error reading /syncthing/World of Warcraft/_retail_/Interface/AddOns/Plumber/Modules/StaticPopup_QuestItemDestroyAlert.lua: No such file or directory (os error 2)\nstack traceback:\n\t(string):1: in main chunk\n[Interface/AddOns/Blizzard_ScriptErrors/Blizzard_ScriptErrors.lua]:59: in function 'GetErrorData'\n[Interface/AddOns/Blizzard_ScriptErrors/Blizzard_ScriptErrors.lua]:72: in function <[Interface/AddOns/Blizzard_ScriptErrors/Blizzard_ScriptErrors.lua]:71>",
    "count": 1
  },
  {
    "message": "@Interface/AddOns/Plumber/Modules/ProfessionsBook.lua: Lua error: Interface/AddOns/Plumber/Modules/ProfessionsBook.lua:7: attempt to index field 'GameTooltipManager' (a nil value)\nstack traceback:\n\t(string):1: in main chunk",
    "count": 1
  },
  {
    "message": "Lua Error: @Interface/AddOns/Plumber/Modules/ProfessionsBook.lua: Lua error: Interface/AddOns/Plumber/Modules/ProfessionsBook.lua:7: attempt to index field 'GameTooltipManager' (a nil value)\nstack traceback:\n\t(string):1: in main chunk\n[Interface/AddOns/Blizzard_ScriptErrors/Blizzard_ScriptErrors.lua]:59: in function 'GetErrorData'\n[Interface/AddOns/Blizzard_ScriptErrors/Blizzard_ScriptErrors.lua]:72: in function <[Interface/AddOns/Blizzard_ScriptErrors/Blizzard_ScriptErrors.lua]:71>",
    "count": 1
  },
  {
    "message": "@Interface/AddOns/Plumber/Modules/HolidayDungeon.lua: Lua error: Interface/AddOns/Plumber/Modules/HolidayDungeon.lua:90: attempt to index field 'L' (a nil value)\nstack traceback:\n\t(string):1: in main chunk",
    "count": 1
  },
  {
    "message": "Lua Error: @Interface/AddOns/Plumber/Modules/HolidayDungeon.lua: Lua error: Interface/AddOns/Plumber/Modules/HolidayDungeon.lua:90: attempt to index field 'L' (a nil value)\nstack traceback:\n\t(string):1: in main chunk\n[Interface/AddOns/Blizzard_ScriptErrors/Blizzard_ScriptErrors.lua]:59: in function 'GetErrorData'\n[Interface/AddOns/Blizzard_ScriptErrors/Blizzard_ScriptErrors.lua]:72: in function <[Interface/AddOns/Blizzard_ScriptErrors/Blizzard_ScriptErrors.lua]:71>",
    "count": 1
  },
  {
    "message": "@Interface/AddOns/Plumber/Modules/SourceAchievementLink.lua: Lua error: Interface/AddOns/Plumber/Modules/SourceAchievementLink.lua:6: attempt to index local 'API' (a nil value)\nstack traceback:\n\t(string):1: in main chunk",
    "count": 1
  },
  {
    "message": "Lua Error: @Interface/AddOns/Plumber/Modules/SourceAchievementLink.lua: Lua error: Interface/AddOns/Plumber/Modules/SourceAchievementLink.lua:6: attempt to index local 'API' (a nil value)\nstack traceback:\n\t(string):1: in main chunk\n[Interface/AddOns/Blizzard_ScriptErrors/Blizzard_ScriptErrors.lua]:59: in function 'GetErrorData'\n[Interface/AddOns/Blizzard_ScriptErrors/Blizzard_ScriptErrors.lua]:72: in function <[Interface/AddOns/Blizzard_ScriptErrors/Blizzard_ScriptErrors.lua]:71>",
    "count": 1
  },
  {
    "message": "IO error reading /syncthing/World of Warcraft/_retail_/Interface/AddOns/Plumber/Modules/OutfitSelect.lua: No such file or directory (os error 2)\nstack traceback:\n\t(string):1: in main chunk",
    "count": 1
  },
  {
    "message": "Lua Error: IO error reading /syncthing/World of Warcraft/_retail_/Interface/AddOns/Plumber/Modules/OutfitSelect.lua: No such file or directory (os error 2)\nstack traceback:\n\t(string):1: in main chunk\n[Interface/AddOns/Blizzard_ScriptErrors/Blizzard_ScriptErrors.lua]:59: in function 'GetErrorData'\n[Interface/AddOns/Blizzard_ScriptErrors/Blizzard_ScriptErrors.lua]:72: in function <[Interface/AddOns/Blizzard_ScriptErrors/Blizzard_ScriptErrors.lua]:71>",
    "count": 1
  },
  {
    "message": "@Interface/AddOns/Plumber/Modules/CatalystUI.lua: Lua error: Interface/AddOns/Plumber/Modules/CatalystUI.lua:178: attempt to index field 'L' (a nil value)\nstack traceback:\n\t(string):1: in main chunk",
    "count": 1
  },
  {
    "message": "Lua Error: @Interface/AddOns/Plumber/Modules/CatalystUI.lua: Lua error: Interface/AddOns/Plumber/Modules/CatalystUI.lua:178: attempt to index field 'L' (a nil value)\nstack traceback:\n\t(string):1: in main chunk\n[Interface/AddOns/Blizzard_ScriptErrors/Blizzard_ScriptErrors.lua]:59: in function 'GetErrorData'\n[Interface/AddOns/Blizzard_ScriptErrors/Blizzard_ScriptErrors.lua]:72: in function <[Interface/AddOns/Blizzard_ScriptErrors/Blizzard_ScriptErrors.lua]:71>",
    "count": 1
  },
  {
    "message": "@Interface/AddOns/Plumber/Modules/HuntTable.lua: Lua error: Interface/AddOns/Plumber/Modules/HuntTable.lua:3: attempt to index field 'API' (a nil value)\nstack traceback:\n\t(string):1: in main chunk",
    "count": 1
  },
  {
    "message": "Lua Error: @Interface/AddOns/Plumber/Modules/HuntTable.lua: Lua error: Interface/AddOns/Plumber/Modules/HuntTable.lua:3: attempt to index field 'API' (a nil value)\nstack traceback:\n\t(string):1: in main chunk\n[Interface/AddOns/Blizzard_ScriptErrors/Blizzard_ScriptErrors.lua]:59: in function 'GetErrorData'\n[Interface/AddOns/Blizzard_ScriptErrors/Blizzard_ScriptErrors.lua]:72: in function <[Interface/AddOns/Blizzard_ScriptErrors/Blizzard_ScriptErrors.lua]:71>",
    "count": 1
  },
  {
    "message": "@Interface/AddOns/SavedInstances/Init.lua: Lua error: Interface/AddOns/SavedInstances/Init.lua:2: Cannot find a library instance of \"AceAddon-3.0\".\nstack traceback:\n\t(string):1: in main chunk",
    "count": 1
  },
  {
    "message": "Lua Error: @Interface/AddOns/SavedInstances/Init.lua: Lua error: Interface/AddOns/SavedInstances/Init.lua:2: Cannot find a library instance of \"AceAddon-3.0\".\nstack traceback:\n\t(string):1: in main chunk\n[Interface/AddOns/Blizzard_ScriptErrors/Blizzard_ScriptErrors.lua]:59: in function 'GetErrorData'\n[Interface/AddOns/Blizzard_ScriptErrors/Blizzard_ScriptErrors.lua]:72: in function <[Interface/AddOns/Blizzard_ScriptErrors/Blizzard_ScriptErrors.lua]:71>",
    "count": 1
  },
  {
    "message": "@Interface/AddOns/SavedInstances/Locales/Locale.lua: Lua error: bad argument #1 to 'setmetatable' (table expected)\nstack traceback:\n\t(string):1: in main chunk",
    "count": 1
  },
  {
    "message": "Lua Error: @Interface/AddOns/SavedInstances/Locales/Locale.lua: Lua error: bad argument #1 to 'setmetatable' (table expected)\nstack traceback:\n\t(string):1: in main chunk\n[Interface/AddOns/Blizzard_ScriptErrors/Blizzard_ScriptErrors.lua]:59: in function 'GetErrorData'\n[Interface/AddOns/Blizzard_ScriptErrors/Blizzard_ScriptErrors.lua]:72: in function <[Interface/AddOns/Blizzard_ScriptErrors/Blizzard_ScriptErrors.lua]:71>",
    "count": 1
  },
  {
    "message": "@Interface/AddOns/SavedInstances/Core/Tooltip.lua: Lua error: Interface/AddOns/SavedInstances/Core/Tooltip.lua:2: attempt to index local 'SI' (a nil value)\nstack traceback:\n\t(string):1: in main chunk",
    "count": 1
  },
  {
    "message": "Lua Error: @Interface/AddOns/SavedInstances/Core/Tooltip.lua: Lua error: Interface/AddOns/SavedInstances/Core/Tooltip.lua:2: attempt to index local 'SI' (a nil value)\nstack traceback:\n\t(string):1: in main chunk\n[Interface/AddOns/Blizzard_ScriptErrors/Blizzard_ScriptErrors.lua]:59: in function 'GetErrorData'\n[Interface/AddOns/Blizzard_ScriptErrors/Blizzard_ScriptErrors.lua]:72: in function <[Interface/AddOns/Blizzard_ScriptErrors/Blizzard_ScriptErrors.lua]:71>",
    "count": 1
  },
  {
    "message": "@Interface/AddOns/SavedInstances/Core/Debug.lua: Lua error: Interface/AddOns/SavedInstances/Core/Debug.lua:18: attempt to index local 'SI' (a nil value)\nstack traceback:\n\t(string):1: in main chunk",
    "count": 1
  },
  {
    "message": "Lua Error: @Interface/AddOns/SavedInstances/Core/Debug.lua: Lua error: Interface/AddOns/SavedInstances/Core/Debug.lua:18: attempt to index local 'SI' (a nil value)\nstack traceback:\n\t(string):1: in main chunk\n[Interface/AddOns/Blizzard_ScriptErrors/Blizzard_ScriptErrors.lua]:59: in function 'GetErrorData'\n[Interface/AddOns/Blizzard_ScriptErrors/Blizzard_ScriptErrors.lua]:72: in function <[Interface/AddOns/Blizzard_ScriptErrors/Blizzard_ScriptErrors.lua]:71>",
    "count": 1
  },
  {
    "message": "@Interface/AddOns/SavedInstances/Modules/BonusRoll.lua: Lua error: Interface/AddOns/SavedInstances/Modules/BonusRoll.lua:2: attempt to index local 'SI' (a nil value)\nstack traceback:\n\t(string):1: in main chunk",
    "count": 1
  },
  {
    "message": "Lua Error: @Interface/AddOns/SavedInstances/Modules/BonusRoll.lua: Lua error: Interface/AddOns/SavedInstances/Modules/BonusRoll.lua:2: attempt to index local 'SI' (a nil value)\nstack traceback:\n\t(string):1: in main chunk\n[Interface/AddOns/Blizzard_ScriptErrors/Blizzard_ScriptErrors.lua]:59: in function 'GetErrorData'\n[Interface/AddOns/Blizzard_ScriptErrors/Blizzard_ScriptErrors.lua]:72: in function <[Interface/AddOns/Blizzard_ScriptErrors/Blizzard_ScriptErrors.lua]:71>",
    "count": 1
  },
  {
    "message": "@Interface/AddOns/SavedInstances/Modules/Calling.lua: Lua error: Interface/AddOns/SavedInstances/Modules/Calling.lua:2: attempt to index local 'SI' (a nil value)\nstack traceback:\n\t(string):1: in main chunk",
    "count": 1
  },
  {
    "message": "Lua Error: @Interface/AddOns/SavedInstances/Modules/Calling.lua: Lua error: Interface/AddOns/SavedInstances/Modules/Calling.lua:2: attempt to index local 'SI' (a nil value)\nstack traceback:\n\t(string):1: in main chunk\n[Interface/AddOns/Blizzard_ScriptErrors/Blizzard_ScriptErrors.lua]:59: in function 'GetErrorData'\n[Interface/AddOns/Blizzard_ScriptErrors/Blizzard_ScriptErrors.lua]:72: in function <[Interface/AddOns/Blizzard_ScriptErrors/Blizzard_ScriptErrors.lua]:71>",
    "count": 1
  },
  {
    "message": "@Interface/AddOns/SavedInstances/Modules/Emissary.lua: Lua error: Interface/AddOns/SavedInstances/Modules/Emissary.lua:2: attempt to index local 'SI' (a nil value)\nstack traceback:\n\t(string):1: in main chunk",
    "count": 1
  },
  {
    "message": "Lua Error: @Interface/AddOns/SavedInstances/Modules/Emissary.lua: Lua error: Interface/AddOns/SavedInstances/Modules/Emissary.lua:2: attempt to index local 'SI' (a nil value)\nstack traceback:\n\t(string):1: in main chunk\n[Interface/AddOns/Blizzard_ScriptErrors/Blizzard_ScriptErrors.lua]:59: in function 'GetErrorData'\n[Interface/AddOns/Blizzard_ScriptErrors/Blizzard_ScriptErrors.lua]:72: in function <[Interface/AddOns/Blizzard_ScriptErrors/Blizzard_ScriptErrors.lua]:71>",
    "count": 1
  },
  {
    "message": "@Interface/AddOns/SavedInstances/Modules/MythicPlus.lua: Lua error: Interface/AddOns/SavedInstances/Modules/MythicPlus.lua:2: attempt to index local 'SI' (a nil value)\nstack traceback:\n\t(string):1: in main chunk",
    "count": 1
  },
  {
    "message": "Lua Error: @Interface/AddOns/SavedInstances/Modules/MythicPlus.lua: Lua error: Interface/AddOns/SavedInstances/Modules/MythicPlus.lua:2: attempt to index local 'SI' (a nil value)\nstack traceback:\n\t(string):1: in main chunk\n[Interface/AddOns/Blizzard_ScriptErrors/Blizzard_ScriptErrors.lua]:59: in function 'GetErrorData'\n[Interface/AddOns/Blizzard_ScriptErrors/Blizzard_ScriptErrors.lua]:72: in function <[Interface/AddOns/Blizzard_ScriptErrors/Blizzard_ScriptErrors.lua]:71>",
    "count": 1
  },
  {
    "message": "@Interface/AddOns/SavedInstances/Modules/Paragon.lua: Lua error: Interface/AddOns/SavedInstances/Modules/Paragon.lua:2: attempt to index local 'SI' (a nil value)\nstack traceback:\n\t(string):1: in main chunk",
    "count": 1
  },
  {
    "message": "Lua Error: @Interface/AddOns/SavedInstances/Modules/Paragon.lua: Lua error: Interface/AddOns/SavedInstances/Modules/Paragon.lua:2: attempt to index local 'SI' (a nil value)\nstack traceback:\n\t(string):1: in main chunk\n[Interface/AddOns/Blizzard_ScriptErrors/Blizzard_ScriptErrors.lua]:59: in function 'GetErrorData'\n[Interface/AddOns/Blizzard_ScriptErrors/Blizzard_ScriptErrors.lua]:72: in function <[Interface/AddOns/Blizzard_ScriptErrors/Blizzard_ScriptErrors.lua]:71>",
    "count": 1
  },
  {
    "message": "@Interface/AddOns/SavedInstances/Modules/TradeSkill.lua: Lua error: Interface/AddOns/SavedInstances/Modules/TradeSkill.lua:2: attempt to index local 'SI' (a nil value)\nstack traceback:\n\t(string):1: in main chunk",
    "count": 1
  },
  {
    "message": "Lua Error: @Interface/AddOns/SavedInstances/Modules/TradeSkill.lua: Lua error: Interface/AddOns/SavedInstances/Modules/TradeSkill.lua:2: attempt to index local 'SI' (a nil value)\nstack traceback:\n\t(string):1: in main chunk\n[Interface/AddOns/Blizzard_ScriptErrors/Blizzard_ScriptErrors.lua]:59: in function 'GetErrorData'\n[Interface/AddOns/Blizzard_ScriptErrors/Blizzard_ScriptErrors.lua]:72: in function <[Interface/AddOns/Blizzard_ScriptErrors/Blizzard_ScriptErrors.lua]:71>",
    "count": 1
  },
  {
    "message": "@Interface/AddOns/SavedInstances/Modules/WorldBoss.lua: Lua error: Interface/AddOns/SavedInstances/Modules/WorldBoss.lua:2: attempt to index local 'SI' (a nil value)\nstack traceback:\n\t(string):1: in main chunk",
    "count": 1
  },
  {
    "message": "Lua Error: @Interface/AddOns/SavedInstances/Modules/WorldBoss.lua: Lua error: Interface/AddOns/SavedInstances/Modules/WorldBoss.lua:2: attempt to index local 'SI' (a nil value)\nstack traceback:\n\t(string):1: in main chunk\n[Interface/AddOns/Blizzard_ScriptErrors/Blizzard_ScriptErrors.lua]:59: in function 'GetErrorData'\n[Interface/AddOns/Blizzard_ScriptErrors/Blizzard_ScriptErrors.lua]:72: in function <[Interface/AddOns/Blizzard_ScriptErrors/Blizzard_ScriptErrors.lua]:71>",
    "count": 1
  },
  {
    "message": "IO error reading /syncthing/World of Warcraft/_retail_/Interface/AddOns/Simulationcraft/libs/AceDB-3.0/AceDB-3.0.lua: No such file or directory (os error 2)\nstack traceback:\n\t(string):1: in main chunk",
    "count": 1
  },
  {
    "message": "Lua Error: IO error reading /syncthing/World of Warcraft/_retail_/Interface/AddOns/Simulationcraft/libs/AceDB-3.0/AceDB-3.0.lua: No such file or directory (os error 2)\nstack traceback:\n\t(string):1: in main chunk\n[Interface/AddOns/Blizzard_ScriptErrors/Blizzard_ScriptErrors.lua]:59: in function 'GetErrorData'\n[Interface/AddOns/Blizzard_ScriptErrors/Blizzard_ScriptErrors.lua]:72: in function <[Interface/AddOns/Blizzard_ScriptErrors/Blizzard_ScriptErrors.lua]:71>",
    "count": 1
  },
  {
    "message": "IO error reading /syncthing/World of Warcraft/_retail_/Interface/AddOns/Syndicator/Libs/LibBattlePetTooltipLine/LibBattlePetTooltipLine.lua: No such file or directory (os error 2)\nstack traceback:\n\t(string):1: in main chunk",
    "count": 1
  },
  {
    "message": "Lua Error: IO error reading /syncthing/World of Warcraft/_retail_/Interface/AddOns/Syndicator/Libs/LibBattlePetTooltipLine/LibBattlePetTooltipLine.lua: No such file or directory (os error 2)\nstack traceback:\n\t(string):1: in main chunk\n[Interface/AddOns/Blizzard_ScriptErrors/Blizzard_ScriptErrors.lua]:59: in function 'GetErrorData'\n[Interface/AddOns/Blizzard_ScriptErrors/Blizzard_ScriptErrors.lua]:72: in function <[Interface/AddOns/Blizzard_ScriptErrors/Blizzard_ScriptErrors.lua]:71>",
    "count": 1
  },
  {
    "message": "@Interface/AddOns/Syndicator/Core/Utilities.lua: Lua error: Interface/AddOns/Syndicator/Core/Utilities.lua:66: attempt to index field 'Constants' (a nil value)\nstack traceback:\n\t(string):1: in main chunk",
    "count": 1
  },
  {
    "message": "Lua Error: @Interface/AddOns/Syndicator/Core/Utilities.lua: Lua error: Interface/AddOns/Syndicator/Core/Utilities.lua:66: attempt to index field 'Constants' (a nil value)\nstack traceback:\n\t(string):1: in main chunk\n[Interface/AddOns/Blizzard_ScriptErrors/Blizzard_ScriptErrors.lua]:59: in function 'GetErrorData'\n[Interface/AddOns/Blizzard_ScriptErrors/Blizzard_ScriptErrors.lua]:72: in function <[Interface/AddOns/Blizzard_ScriptErrors/Blizzard_ScriptErrors.lua]:71>",
    "count": 1
  },
  {
    "message": "@Interface/AddOns/Syndicator/Core/Initialize.lua: Lua error: Interface/AddOns/Syndicator/Core/Initialize.lua:6: attempt to index field 'Constants' (a nil value)\nstack traceback:\n\t(string):1: in main chunk",
    "count": 1
  },
  {
    "message": "Lua Error: @Interface/AddOns/Syndicator/Core/Initialize.lua: Lua error: Interface/AddOns/Syndicator/Core/Initialize.lua:6: attempt to index field 'Constants' (a nil value)\nstack traceback:\n\t(string):1: in main chunk\n[Interface/AddOns/Blizzard_ScriptErrors/Blizzard_ScriptErrors.lua]:59: in function 'GetErrorData'\n[Interface/AddOns/Blizzard_ScriptErrors/Blizzard_ScriptErrors.lua]:72: in function <[Interface/AddOns/Blizzard_ScriptErrors/Blizzard_ScriptErrors.lua]:71>",
    "count": 1
  },
  {
    "message": "@Interface/AddOns/Syndicator/Tracking/BagCache.lua: Lua error: Interface/AddOns/Syndicator/Tracking/BagCache.lua:10: attempt to index local '(for state)' (a nil value)\nstack traceback:\n\t(string):1: in main chunk",
    "count": 1
  },
  {
    "message": "Lua Error: @Interface/AddOns/Syndicator/Tracking/BagCache.lua: Lua error: Interface/AddOns/Syndicator/Tracking/BagCache.lua:10: attempt to index local '(for state)' (a nil value)\nstack traceback:\n\t(string):1: in main chunk\n[Interface/AddOns/Blizzard_ScriptErrors/Blizzard_ScriptErrors.lua]:59: in function 'GetErrorData'\n[Interface/AddOns/Blizzard_ScriptErrors/Blizzard_ScriptErrors.lua]:72: in function <[Interface/AddOns/Blizzard_ScriptErrors/Blizzard_ScriptErrors.lua]:71>",
    "count": 1
  },
  {
    "message": "@Interface/AddOns/Syndicator/Tracking/Tooltips.lua: Lua error: Interface/AddOns/Syndicator/Tracking/Tooltips.lua:6: Cannot find a library instance of \"LibBattlePetTooltipLine-1-0\".\nstack traceback:\n\t(string):1: in main chunk",
    "count": 1
  },
  {
    "message": "Lua Error: @Interface/AddOns/Syndicator/Tracking/Tooltips.lua: Lua error: Interface/AddOns/Syndicator/Tracking/Tooltips.lua:6: Cannot find a library instance of \"LibBattlePetTooltipLine-1-0\".\nstack traceback:\n\t(string):1: in main chunk\n[Interface/AddOns/Blizzard_ScriptErrors/Blizzard_ScriptErrors.lua]:59: in function 'GetErrorData'\n[Interface/AddOns/Blizzard_ScriptErrors/Blizzard_ScriptErrors.lua]:72: in function <[Interface/AddOns/Blizzard_ScriptErrors/Blizzard_ScriptErrors.lua]:71>",
    "count": 1
  },
  {
    "message": "@Interface/AddOns/Syndicator/Search/CheckItem.lua: Lua error: Interface/AddOns/Syndicator/Search/CheckItem.lua:25: attempt to index field 'Constants' (a nil value)\nstack traceback:\n\t(string):1: in main chunk",
    "count": 1
  },
  {
    "message": "Lua Error: @Interface/AddOns/Syndicator/Search/CheckItem.lua: Lua error: Interface/AddOns/Syndicator/Search/CheckItem.lua:25: attempt to index field 'Constants' (a nil value)\nstack traceback:\n\t(string):1: in main chunk\n[Interface/AddOns/Blizzard_ScriptErrors/Blizzard_ScriptErrors.lua]:59: in function 'GetErrorData'\n[Interface/AddOns/Blizzard_ScriptErrors/Blizzard_ScriptErrors.lua]:72: in function <[Interface/AddOns/Blizzard_ScriptErrors/Blizzard_ScriptErrors.lua]:71>",
    "count": 1
  },
  {
    "message": "@Interface/AddOns/Syndicator/Search/UI/Builder.lua: Lua error: Interface/AddOns/Syndicator/Search/UI/Builder.lua:283: attempt to index field 'Locales' (a nil value)\nstack traceback:\n\t(string):1: in main chunk",
    "count": 1
  },
  {
    "message": "Lua Error: @Interface/AddOns/Syndicator/Search/UI/Builder.lua: Lua error: Interface/AddOns/Syndicator/Search/UI/Builder.lua:283: attempt to index field 'Locales' (a nil value)\nstack traceback:\n\t(string):1: in main chunk\n[Interface/AddOns/Blizzard_ScriptErrors/Blizzard_ScriptErrors.lua]:59: in function 'GetErrorData'\n[Interface/AddOns/Blizzard_ScriptErrors/Blizzard_ScriptErrors.lua]:72: in function <[Interface/AddOns/Blizzard_ScriptErrors/Blizzard_ScriptErrors.lua]:71>",
    "count": 1
  },
  {
    "message": "@Interface/AddOns/Syndicator/Search/Utilities.lua: Lua error: Interface/AddOns/Syndicator/Search/Utilities.lua:47: attempt to index field 'Constants' (a nil value)\nstack traceback:\n\t(string):1: in main chunk",
    "count": 1
  },
  {
    "message": "Lua Error: @Interface/AddOns/Syndicator/Search/Utilities.lua: Lua error: Interface/AddOns/Syndicator/Search/Utilities.lua:47: attempt to index field 'Constants' (a nil value)\nstack traceback:\n\t(string):1: in main chunk\n[Interface/AddOns/Blizzard_ScriptErrors/Blizzard_ScriptErrors.lua]:59: in function 'GetErrorData'\n[Interface/AddOns/Blizzard_ScriptErrors/Blizzard_ScriptErrors.lua]:72: in function <[Interface/AddOns/Blizzard_ScriptErrors/Blizzard_ScriptErrors.lua]:71>",
    "count": 1
  },
  {
    "message": "@Interface/AddOns/CraftSim/Init/GLibs.lua: Lua error: Interface/AddOns/CraftSim/Init/GLibs.lua:6: Cannot find a library instance of \"GGUI-2.1\".\nstack traceback:\n\t(string):1: in main chunk",
    "count": 1
  },
  {
    "message": "Lua Error: @Interface/AddOns/CraftSim/Init/GLibs.lua: Lua error: Interface/AddOns/CraftSim/Init/GLibs.lua:6: Cannot find a library instance of \"GGUI-2.1\".\nstack traceback:\n\t(string):1: in main chunk\n[Interface/AddOns/Blizzard_ScriptErrors/Blizzard_ScriptErrors.lua]:59: in function 'GetErrorData'\n[Interface/AddOns/Blizzard_ScriptErrors/Blizzard_ScriptErrors.lua]:72: in function <[Interface/AddOns/Blizzard_ScriptErrors/Blizzard_ScriptErrors.lua]:71>",
    "count": 1
  },
  {
    "message": "@Interface/AddOns/CraftSim/Locals/enUS.lua: Lua error: Interface/AddOns/CraftSim/Locals/enUS.lua:5: attempt to index local 'GUTIL' (a nil value)\nstack traceback:\n\t(string):1: in main chunk",
    "count": 1
  },
  {
    "message": "Lua Error: @Interface/AddOns/CraftSim/Locals/enUS.lua: Lua error: Interface/AddOns/CraftSim/Locals/enUS.lua:5: attempt to index local 'GUTIL' (a nil value)\nstack traceback:\n\t(string):1: in main chunk\n[Interface/AddOns/Blizzard_ScriptErrors/Blizzard_ScriptErrors.lua]:59: in function 'GetErrorData'\n[Interface/AddOns/Blizzard_ScriptErrors/Blizzard_ScriptErrors.lua]:72: in function <[Interface/AddOns/Blizzard_ScriptErrors/Blizzard_ScriptErrors.lua]:71>",
    "count": 1
  },
  {
    "message": "@Interface/AddOns/CraftSim/Locals/Localization.lua: Lua error: Interface/AddOns/CraftSim/Locals/Localization.lua:24: attempt to index field 'LOCAL_EN' (a nil value)\nstack traceback:\n\t(string):1: in main chunk",
    "count": 1
  },
  {
    "message": "Lua Error: @Interface/AddOns/CraftSim/Locals/Localization.lua: Lua error: Interface/AddOns/CraftSim/Locals/Localization.lua:24: attempt to index field 'LOCAL_EN' (a nil value)\nstack traceback:\n\t(string):1: in main chunk\n[Interface/AddOns/Blizzard_ScriptErrors/Blizzard_ScriptErrors.lua]:59: in function 'GetErrorData'\n[Interface/AddOns/Blizzard_ScriptErrors/Blizzard_ScriptErrors.lua]:72: in function <[Interface/AddOns/Blizzard_ScriptErrors/Blizzard_ScriptErrors.lua]:71>",
    "count": 1
  },
  {
    "message": "@Interface/AddOns/CraftSim/Debug/Debug.lua: Lua error: Interface/AddOns/CraftSim/Debug/Debug.lua:60: attempt to index upvalue 'LibLog' (a nil value)\nstack traceback:\n\t(string):1: in main chunk",
    "count": 1
  },
  {
    "message": "Lua Error: @Interface/AddOns/CraftSim/Debug/Debug.lua: Lua error: Interface/AddOns/CraftSim/Debug/Debug.lua:60: attempt to index upvalue 'LibLog' (a nil value)\nstack traceback:\n\t(string):1: in main chunk\n[Interface/AddOns/Blizzard_ScriptErrors/Blizzard_ScriptErrors.lua]:59: in function 'GetErrorData'\n[Interface/AddOns/Blizzard_ScriptErrors/Blizzard_ScriptErrors.lua]:72: in function <[Interface/AddOns/Blizzard_ScriptErrors/Blizzard_ScriptErrors.lua]:71>",
    "count": 1
  },
  {
    "message": "@Interface/AddOns/CraftSim/Util/Util.lua: Lua error: Interface/AddOns/CraftSim/Util/Util.lua:7: attempt to index local 'GUTIL' (a nil value)\nstack traceback:\n\t(string):1: in main chunk",
    "count": 1
  },
  {
    "message": "Lua Error: @Interface/AddOns/CraftSim/Util/Util.lua: Lua error: Interface/AddOns/CraftSim/Util/Util.lua:7: attempt to index local 'GUTIL' (a nil value)\nstack traceback:\n\t(string):1: in main chunk\n[Interface/AddOns/Blizzard_ScriptErrors/Blizzard_ScriptErrors.lua]:59: in function 'GetErrorData'\n[Interface/AddOns/Blizzard_ScriptErrors/Blizzard_ScriptErrors.lua]:72: in function <[Interface/AddOns/Blizzard_ScriptErrors/Blizzard_ScriptErrors.lua]:71>",
    "count": 1
  },
  {
    "message": "@Interface/AddOns/CraftSim/Util/RecipeAcquisition.lua: Lua error: Interface/AddOns/CraftSim/Util/RecipeAcquisition.lua:10: attempt to index local 'GUTIL' (a nil value)\nstack traceback:\n\t(string):1: in main chunk",
    "count": 1
  },
  {
    "message": "Lua Error: @Interface/AddOns/CraftSim/Util/RecipeAcquisition.lua: Lua error: Interface/AddOns/CraftSim/Util/RecipeAcquisition.lua:10: attempt to index local 'GUTIL' (a nil value)\nstack traceback:\n\t(string):1: in main chunk\n[Interface/AddOns/Blizzard_ScriptErrors/Blizzard_ScriptErrors.lua]:59: in function 'GetErrorData'\n[Interface/AddOns/Blizzard_ScriptErrors/Blizzard_ScriptErrors.lua]:72: in function <[Interface/AddOns/Blizzard_ScriptErrors/Blizzard_ScriptErrors.lua]:71>",
    "count": 1
  },
  {
    "message": "@Interface/AddOns/CraftSim/DB/DB.lua: Lua error: Interface/AddOns/CraftSim/DB/DB.lua:6: attempt to index local 'GUTIL' (a nil value)\nstack traceback:\n\t(string):1: in main chunk",
    "count": 1
  },
  {
    "message": "Lua Error: @Interface/AddOns/CraftSim/DB/DB.lua: Lua error: Interface/AddOns/CraftSim/DB/DB.lua:6: attempt to index local 'GUTIL' (a nil value)\nstack traceback:\n\t(string):1: in main chunk\n[Interface/AddOns/Blizzard_ScriptErrors/Blizzard_ScriptErrors.lua]:59: in function 'GetErrorData'\n[Interface/AddOns/Blizzard_ScriptErrors/Blizzard_ScriptErrors.lua]:72: in function <[Interface/AddOns/Blizzard_ScriptErrors/Blizzard_ScriptErrors.lua]:71>",
    "count": 1
  },
  {
    "message": "@Interface/AddOns/CraftSim/DB/patronMoxieValuesDB.lua: Lua error: Interface/AddOns/CraftSim/DB/patronMoxieValuesDB.lua:9: attempt to index field 'DB' (a nil value)\nstack traceback:\n\t(string):1: in main chunk",
    "count": 1
  },
  {
    "message": "Lua Error: @Interface/AddOns/CraftSim/DB/patronMoxieValuesDB.lua: Lua error: Interface/AddOns/CraftSim/DB/patronMoxieValuesDB.lua:9: attempt to index field 'DB' (a nil value)\nstack traceback:\n\t(string):1: in main chunk\n[Interface/AddOns/Blizzard_ScriptErrors/Blizzard_ScriptErrors.lua]:59: in function 'GetErrorData'\n[Interface/AddOns/Blizzard_ScriptErrors/Blizzard_ScriptErrors.lua]:72: in function <[Interface/AddOns/Blizzard_ScriptErrors/Blizzard_ScriptErrors.lua]:71>",
    "count": 1
  },
  {
    "message": "@Interface/AddOns/CraftSim/DB/ItemCountDB.lua: Lua error: Interface/AddOns/CraftSim/Debug/Debug.lua:60: attempt to index upvalue 'LibLog' (a nil value)\nstack traceback:\n\t(string):1: in main chunk",
    "count": 1
  },
  {
    "message": "Lua Error: @Interface/AddOns/CraftSim/DB/ItemCountDB.lua: Lua error: Interface/AddOns/CraftSim/Debug/Debug.lua:60: attempt to index upvalue 'LibLog' (a nil value)\nstack traceback:\n\t(string):1: in main chunk\n[Interface/AddOns/Blizzard_ScriptErrors/Blizzard_ScriptErrors.lua]:59: in function 'GetErrorData'\n[Interface/AddOns/Blizzard_ScriptErrors/Blizzard_ScriptErrors.lua]:72: in function <[Interface/AddOns/Blizzard_ScriptErrors/Blizzard_ScriptErrors.lua]:71>",
    "count": 1
  },
  {
    "message": "@Interface/AddOns/CraftSim/DB/craftQueueDB.lua: Lua error: Interface/AddOns/CraftSim/DB/craftQueueDB.lua:10: attempt to index field 'DB' (a nil value)\nstack traceback:\n\t(string):1: in main chunk",
    "count": 1
  },
  {
    "message": "Lua Error: @Interface/AddOns/CraftSim/DB/craftQueueDB.lua: Lua error: Interface/AddOns/CraftSim/DB/craftQueueDB.lua:10: attempt to index field 'DB' (a nil value)\nstack traceback:\n\t(string):1: in main chunk\n[Interface/AddOns/Blizzard_ScriptErrors/Blizzard_ScriptErrors.lua]:59: in function 'GetErrorData'\n[Interface/AddOns/Blizzard_ScriptErrors/Blizzard_ScriptErrors.lua]:72: in function <[Interface/AddOns/Blizzard_ScriptErrors/Blizzard_ScriptErrors.lua]:71>",
    "count": 1
  },
  {
    "message": "@Interface/AddOns/CraftSim/DB/multicraftPreloadDB.lua: Lua error: Interface/AddOns/CraftSim/DB/multicraftPreloadDB.lua:10: attempt to index field 'DB' (a nil value)\nstack traceback:\n\t(string):1: in main chunk",
    "count": 1
  },
  {
    "message": "Lua Error: @Interface/AddOns/CraftSim/DB/multicraftPreloadDB.lua: Lua error: Interface/AddOns/CraftSim/DB/multicraftPreloadDB.lua:10: attempt to index field 'DB' (a nil value)\nstack traceback:\n\t(string):1: in main chunk\n[Interface/AddOns/Blizzard_ScriptErrors/Blizzard_ScriptErrors.lua]:59: in function 'GetErrorData'\n[Interface/AddOns/Blizzard_ScriptErrors/Blizzard_ScriptErrors.lua]:72: in function <[Interface/AddOns/Blizzard_ScriptErrors/Blizzard_ScriptErrors.lua]:71>",
    "count": 1
  },
  {
    "message": "@Interface/AddOns/CraftSim/Util/Widgets/QualityMeter.lua: Lua error: Interface/AddOns/CraftSim/Util/Widgets/QualityMeter.lua:8: attempt to index local 'GUTIL' (a nil value)\nstack traceback:\n\t(string):1: in main chunk",
    "count": 1
  },
  {
    "message": "Lua Error: @Interface/AddOns/CraftSim/Util/Widgets/QualityMeter.lua: Lua error: Interface/AddOns/CraftSim/Util/Widgets/QualityMeter.lua:8: attempt to index local 'GUTIL' (a nil value)\nstack traceback:\n\t(string):1: in main chunk\n[Interface/AddOns/Blizzard_ScriptErrors/Blizzard_ScriptErrors.lua]:59: in function 'GetErrorData'\n[Interface/AddOns/Blizzard_ScriptErrors/Blizzard_ScriptErrors.lua]:72: in function <[Interface/AddOns/Blizzard_ScriptErrors/Blizzard_ScriptErrors.lua]:71>",
    "count": 1
  },
  {
    "message": "@Interface/AddOns/CraftSim/Pricing/ProfitCalculation.lua: Lua error: Interface/AddOns/CraftSim/Debug/Debug.lua:60: attempt to index upvalue 'LibLog' (a nil value)\nstack traceback:\n\t(string):1: in main chunk",
    "count": 1
  },
  {
    "message": "Lua Error: @Interface/AddOns/CraftSim/Pricing/ProfitCalculation.lua: Lua error: Interface/AddOns/CraftSim/Debug/Debug.lua:60: attempt to index upvalue 'LibLog' (a nil value)\nstack traceback:\n\t(string):1: in main chunk\n[Interface/AddOns/Blizzard_ScriptErrors/Blizzard_ScriptErrors.lua]:59: in function 'GetErrorData'\n[Interface/AddOns/Blizzard_ScriptErrors/Blizzard_ScriptErrors.lua]:72: in function <[Interface/AddOns/Blizzard_ScriptErrors/Blizzard_ScriptErrors.lua]:71>",
    "count": 1
  },
  {
    "message": "@Interface/AddOns/CraftSim/DataSource/PriceSource.lua: Lua error: Interface/AddOns/CraftSim/Debug/Debug.lua:60: attempt to index upvalue 'LibLog' (a nil value)\nstack traceback:\n\t(string):1: in main chunk",
    "count": 1
  },
  {
    "message": "Lua Error: @Interface/AddOns/CraftSim/DataSource/PriceSource.lua: Lua error: Interface/AddOns/CraftSim/Debug/Debug.lua:60: attempt to index upvalue 'LibLog' (a nil value)\nstack traceback:\n\t(string):1: in main chunk\n[Interface/AddOns/Blizzard_ScriptErrors/Blizzard_ScriptErrors.lua]:59: in function 'GetErrorData'\n[Interface/AddOns/Blizzard_ScriptErrors/Blizzard_ScriptErrors.lua]:72: in function <[Interface/AddOns/Blizzard_ScriptErrors/Blizzard_ScriptErrors.lua]:71>",
    "count": 1
  },
  {
    "message": "@Interface/AddOns/CraftSim/DataSource/InventorySource.lua: Lua error: Interface/AddOns/CraftSim/Debug/Debug.lua:60: attempt to index upvalue 'LibLog' (a nil value)\nstack traceback:\n\t(string):1: in main chunk",
    "count": 1
  },
  {
    "message": "Lua Error: @Interface/AddOns/CraftSim/DataSource/InventorySource.lua: Lua error: Interface/AddOns/CraftSim/Debug/Debug.lua:60: attempt to index upvalue 'LibLog' (a nil value)\nstack traceback:\n\t(string):1: in main chunk\n[Interface/AddOns/Blizzard_ScriptErrors/Blizzard_ScriptErrors.lua]:59: in function 'GetErrorData'\n[Interface/AddOns/Blizzard_ScriptErrors/Blizzard_ScriptErrors.lua]:72: in function <[Interface/AddOns/Blizzard_ScriptErrors/Blizzard_ScriptErrors.lua]:71>",
    "count": 1
  },
  {
    "message": "@Interface/AddOns/CraftSim/Modules/Modules.lua: Lua error: Interface/AddOns/CraftSim/Modules/Modules.lua:63: attempt to index local 'GUTIL' (a nil value)\nstack traceback:\n\t(string):1: in main chunk",
    "count": 1
  },
  {
    "message": "Lua Error: @Interface/AddOns/CraftSim/Modules/Modules.lua: Lua error: Interface/AddOns/CraftSim/Modules/Modules.lua:63: attempt to index local 'GUTIL' (a nil value)\nstack traceback:\n\t(string):1: in main chunk\n[Interface/AddOns/Blizzard_ScriptErrors/Blizzard_ScriptErrors.lua]:59: in function 'GetErrorData'\n[Interface/AddOns/Blizzard_ScriptErrors/Blizzard_ScriptErrors.lua]:72: in function <[Interface/AddOns/Blizzard_ScriptErrors/Blizzard_ScriptErrors.lua]:71>",
    "count": 1
  },
  {
    "message": "@Interface/AddOns/CraftSim/Modules/ControlPanel/ControlPanel.lua: Lua error: ...ce/AddOns/CraftSim/Modules/ControlPanel/ControlPanel.lua:9: attempt to call method 'RegisterModule' (a nil value)\nstack traceback:\n\t(string):1: in main chunk",
    "count": 1
  },
  {
    "message": "Lua Error: @Interface/AddOns/CraftSim/Modules/ControlPanel/ControlPanel.lua: Lua error: ...ce/AddOns/CraftSim/Modules/ControlPanel/ControlPanel.lua:9: attempt to call method 'RegisterModule' (a nil value)\nstack traceback:\n\t(string):1: in main chunk\n[Interface/AddOns/Blizzard_ScriptErrors/Blizzard_ScriptErrors.lua]:59: in function 'GetErrorData'\n[Interface/AddOns/Blizzard_ScriptErrors/Blizzard_ScriptErrors.lua]:72: in function <[Interface/AddOns/Blizzard_ScriptErrors/Blizzard_ScriptErrors.lua]:71>",
    "count": 1
  },
  {
    "message": "@Interface/AddOns/CraftSim/Modules/ItemCount/ItemCount.lua: Lua error: Interface/AddOns/CraftSim/Debug/Debug.lua:60: attempt to index upvalue 'LibLog' (a nil value)\nstack traceback:\n\t(string):1: in main chunk",
    "count": 1
  },
  {
    "message": "Lua Error: @Interface/AddOns/CraftSim/Modules/ItemCount/ItemCount.lua: Lua error: Interface/AddOns/CraftSim/Debug/Debug.lua:60: attempt to index upvalue 'LibLog' (a nil value)\nstack traceback:\n\t(string):1: in main chunk\n[Interface/AddOns/Blizzard_ScriptErrors/Blizzard_ScriptErrors.lua]:59: in function 'GetErrorData'\n[Interface/AddOns/Blizzard_ScriptErrors/Blizzard_ScriptErrors.lua]:72: in function <[Interface/AddOns/Blizzard_ScriptErrors/Blizzard_ScriptErrors.lua]:71>",
    "count": 1
  },
  {
    "message": "@Interface/AddOns/CraftSim/Modules/Disenchant/UI.lua: Lua error: Interface/AddOns/CraftSim/Modules/Disenchant/UI.lua:8: attempt to index field 'DISENCHANT' (a nil value)\nstack traceback:\n\t(string):1: in main chunk",
    "count": 1
  },
  {
    "message": "Lua Error: @Interface/AddOns/CraftSim/Modules/Disenchant/UI.lua: Lua error: Interface/AddOns/CraftSim/Modules/Disenchant/UI.lua:8: attempt to index field 'DISENCHANT' (a nil value)\nstack traceback:\n\t(string):1: in main chunk\n[Interface/AddOns/Blizzard_ScriptErrors/Blizzard_ScriptErrors.lua]:59: in function 'GetErrorData'\n[Interface/AddOns/Blizzard_ScriptErrors/Blizzard_ScriptErrors.lua]:72: in function <[Interface/AddOns/Blizzard_ScriptErrors/Blizzard_ScriptErrors.lua]:71>",
    "count": 1
  },
  {
    "message": "@Interface/AddOns/CraftSim/Modules/Explanations/Explanations.lua: Lua error: ...ce/AddOns/CraftSim/Modules/Explanations/Explanations.lua:9: attempt to call method 'RegisterModule' (a nil value)\nstack traceback:\n\t(string):1: in main chunk",
    "count": 1
  },
  {
    "message": "Lua Error: @Interface/AddOns/CraftSim/Modules/Explanations/Explanations.lua: Lua error: ...ce/AddOns/CraftSim/Modules/Explanations/Explanations.lua:9: attempt to call method 'RegisterModule' (a nil value)\nstack traceback:\n\t(string):1: in main chunk\n[Interface/AddOns/Blizzard_ScriptErrors/Blizzard_ScriptErrors.lua]:59: in function 'GetErrorData'\n[Interface/AddOns/Blizzard_ScriptErrors/Blizzard_ScriptErrors.lua]:72: in function <[Interface/AddOns/Blizzard_ScriptErrors/Blizzard_ScriptErrors.lua]:71>",
    "count": 1
  },
  {
    "message": "@Interface/AddOns/CraftSim/Modules/CraftQueue/CraftQueue.lua: Lua error: Interface/AddOns/CraftSim/Modules/CraftQueue/CraftQueue.lua:8: attempt to index local 'GUTIL' (a nil value)\nstack traceback:\n\t(string):1: in main chunk",
    "count": 1
  },
  {
    "message": "Lua Error: @Interface/AddOns/CraftSim/Modules/CraftQueue/CraftQueue.lua: Lua error: Interface/AddOns/CraftSim/Modules/CraftQueue/CraftQueue.lua:8: attempt to index local 'GUTIL' (a nil value)\nstack traceback:\n\t(string):1: in main chunk\n[Interface/AddOns/Blizzard_ScriptErrors/Blizzard_ScriptErrors.lua]:59: in function 'GetErrorData'\n[Interface/AddOns/Blizzard_ScriptErrors/Blizzard_ScriptErrors.lua]:72: in function <[Interface/AddOns/Blizzard_ScriptErrors/Blizzard_ScriptErrors.lua]:71>",
    "count": 1
  },
  {
    "message": "@Interface/AddOns/CraftSim/Modules/CraftQueue/CraftLists.lua: Lua error: Interface/AddOns/CraftSim/Modules/CraftQueue/CraftLists.lua:8: attempt to index local 'GUTIL' (a nil value)\nstack traceback:\n\t(string):1: in main chunk",
    "count": 1
  },
  {
    "message": "Lua Error: @Interface/AddOns/CraftSim/Modules/CraftQueue/CraftLists.lua: Lua error: Interface/AddOns/CraftSim/Modules/CraftQueue/CraftLists.lua:8: attempt to index local 'GUTIL' (a nil value)\nstack traceback:\n\t(string):1: in main chunk\n[Interface/AddOns/Blizzard_ScriptErrors/Blizzard_ScriptErrors.lua]:59: in function 'GetErrorData'\n[Interface/AddOns/Blizzard_ScriptErrors/Blizzard_ScriptErrors.lua]:72: in function <[Interface/AddOns/Blizzard_ScriptErrors/Blizzard_ScriptErrors.lua]:71>",
    "count": 1
  },
  {
    "message": "@Interface/AddOns/CraftSim/Modules/CraftQueue/EditRecipe.lua: Lua error: Interface/AddOns/CraftSim/Modules/CraftQueue/EditRecipe.lua:8: attempt to index local 'GUTIL' (a nil value)\nstack traceback:\n\t(string):1: in main chunk",
    "count": 1
  },
  {
    "message": "Lua Error: @Interface/AddOns/CraftSim/Modules/CraftQueue/EditRecipe.lua: Lua error: Interface/AddOns/CraftSim/Modules/CraftQueue/EditRecipe.lua:8: attempt to index local 'GUTIL' (a nil value)\nstack traceback:\n\t(string):1: in main chunk\n[Interface/AddOns/Blizzard_ScriptErrors/Blizzard_ScriptErrors.lua]:59: in function 'GetErrorData'\n[Interface/AddOns/Blizzard_ScriptErrors/Blizzard_ScriptErrors.lua]:72: in function <[Interface/AddOns/Blizzard_ScriptErrors/Blizzard_ScriptErrors.lua]:71>",
    "count": 1
  },
  {
    "message": "@Interface/AddOns/CraftSim/Modules/Cooldowns/Cooldowns.lua: Lua error: Interface/AddOns/CraftSim/Modules/Cooldowns/Cooldowns.lua:8: attempt to index local 'GUTIL' (a nil value)\nstack traceback:\n\t(string):1: in main chunk",
    "count": 1
  },
  {
    "message": "Lua Error: @Interface/AddOns/CraftSim/Modules/Cooldowns/Cooldowns.lua: Lua error: Interface/AddOns/CraftSim/Modules/Cooldowns/Cooldowns.lua:8: attempt to index local 'GUTIL' (a nil value)\nstack traceback:\n\t(string):1: in main chunk\n[Interface/AddOns/Blizzard_ScriptErrors/Blizzard_ScriptErrors.lua]:59: in function 'GetErrorData'\n[Interface/AddOns/Blizzard_ScriptErrors/Blizzard_ScriptErrors.lua]:72: in function <[Interface/AddOns/Blizzard_ScriptErrors/Blizzard_ScriptErrors.lua]:71>",
    "count": 1
  },
  {
    "message": "@Interface/AddOns/CraftSim/Modules/Cooldowns/UI.lua: Lua error: Interface/AddOns/CraftSim/Modules/Cooldowns/UI.lua:8: attempt to index field 'COOLDOWNS' (a nil value)\nstack traceback:\n\t(string):1: in main chunk",
    "count": 1
  },
  {
    "message": "Lua Error: @Interface/AddOns/CraftSim/Modules/Cooldowns/UI.lua: Lua error: Interface/AddOns/CraftSim/Modules/Cooldowns/UI.lua:8: attempt to index field 'COOLDOWNS' (a nil value)\nstack traceback:\n\t(string):1: in main chunk\n[Interface/AddOns/Blizzard_ScriptErrors/Blizzard_ScriptErrors.lua]:59: in function 'GetErrorData'\n[Interface/AddOns/Blizzard_ScriptErrors/Blizzard_ScriptErrors.lua]:72: in function <[Interface/AddOns/Blizzard_ScriptErrors/Blizzard_ScriptErrors.lua]:71>",
    "count": 1
  },
  {
    "message": "@Interface/AddOns/CraftSim/Modules/CustomerHistory/CustomerHistory.lua: Lua error: ...Ons/CraftSim/Modules/CustomerHistory/CustomerHistory.lua:10: attempt to index local 'GUTIL' (a nil value)\nstack traceback:\n\t(string):1: in main chunk",
    "count": 1
  },
  {
    "message": "Lua Error: @Interface/AddOns/CraftSim/Modules/CustomerHistory/CustomerHistory.lua: Lua error: ...Ons/CraftSim/Modules/CustomerHistory/CustomerHistory.lua:10: attempt to index local 'GUTIL' (a nil value)\nstack traceback:\n\t(string):1: in main chunk\n[Interface/AddOns/Blizzard_ScriptErrors/Blizzard_ScriptErrors.lua]:59: in function 'GetErrorData'\n[Interface/AddOns/Blizzard_ScriptErrors/Blizzard_ScriptErrors.lua]:72: in function <[Interface/AddOns/Blizzard_ScriptErrors/Blizzard_ScriptErrors.lua]:71>",
    "count": 1
  },
  {
    "message": "@Interface/AddOns/CraftSim/Modules/Statistics/Statistics.lua: Lua error: Interface/AddOns/CraftSim/Modules/Statistics/Statistics.lua:10: attempt to call method 'RegisterModule' (a nil value)\nstack traceback:\n\t(string):1: in main chunk",
    "count": 1
  },
  {
    "message": "Lua Error: @Interface/AddOns/CraftSim/Modules/Statistics/Statistics.lua: Lua error: Interface/AddOns/CraftSim/Modules/Statistics/Statistics.lua:10: attempt to call method 'RegisterModule' (a nil value)\nstack traceback:\n\t(string):1: in main chunk\n[Interface/AddOns/Blizzard_ScriptErrors/Blizzard_ScriptErrors.lua]:59: in function 'GetErrorData'\n[Interface/AddOns/Blizzard_ScriptErrors/Blizzard_ScriptErrors.lua]:72: in function <[Interface/AddOns/Blizzard_ScriptErrors/Blizzard_ScriptErrors.lua]:71>",
    "count": 1
  },
  {
    "message": "@Interface/AddOns/CraftSim/Modules/Statistics/UI.lua: Lua error: Interface/AddOns/CraftSim/Modules/Statistics/UI.lua:8: attempt to index local 'GUTIL' (a nil value)\nstack traceback:\n\t(string):1: in main chunk",
    "count": 1
  },
  {
    "message": "Lua Error: @Interface/AddOns/CraftSim/Modules/Statistics/UI.lua: Lua error: Interface/AddOns/CraftSim/Modules/Statistics/UI.lua:8: attempt to index local 'GUTIL' (a nil value)\nstack traceback:\n\t(string):1: in main chunk\n[Interface/AddOns/Blizzard_ScriptErrors/Blizzard_ScriptErrors.lua]:59: in function 'GetErrorData'\n[Interface/AddOns/Blizzard_ScriptErrors/Blizzard_ScriptErrors.lua]:72: in function <[Interface/AddOns/Blizzard_ScriptErrors/Blizzard_ScriptErrors.lua]:71>",
    "count": 1
  },
  {
    "message": "@Interface/AddOns/CraftSim/Modules/CraftLog/UI.lua: Lua error: Interface/AddOns/CraftSim/Modules/CraftLog/UI.lua:8: attempt to index local 'GUTIL' (a nil value)\nstack traceback:\n\t(string):1: in main chunk",
    "count": 1
  },
  {
    "message": "Lua Error: @Interface/AddOns/CraftSim/Modules/CraftLog/UI.lua: Lua error: Interface/AddOns/CraftSim/Modules/CraftLog/UI.lua:8: attempt to index local 'GUTIL' (a nil value)\nstack traceback:\n\t(string):1: in main chunk\n[Interface/AddOns/Blizzard_ScriptErrors/Blizzard_ScriptErrors.lua]:59: in function 'GetErrorData'\n[Interface/AddOns/Blizzard_ScriptErrors/Blizzard_ScriptErrors.lua]:72: in function <[Interface/AddOns/Blizzard_ScriptErrors/Blizzard_ScriptErrors.lua]:71>",
    "count": 1
  },
  {
    "message": "@Interface/AddOns/CraftSim/Modules/Pricing/UI.lua: Lua error: Interface/AddOns/CraftSim/Modules/Pricing/UI.lua:8: attempt to index field 'PRICING' (a nil value)\nstack traceback:\n\t(string):1: in main chunk",
    "count": 1
  },
  {
    "message": "Lua Error: @Interface/AddOns/CraftSim/Modules/Pricing/UI.lua: Lua error: Interface/AddOns/CraftSim/Modules/Pricing/UI.lua:8: attempt to index field 'PRICING' (a nil value)\nstack traceback:\n\t(string):1: in main chunk\n[Interface/AddOns/Blizzard_ScriptErrors/Blizzard_ScriptErrors.lua]:59: in function 'GetErrorData'\n[Interface/AddOns/Blizzard_ScriptErrors/Blizzard_ScriptErrors.lua]:72: in function <[Interface/AddOns/Blizzard_ScriptErrors/Blizzard_ScriptErrors.lua]:71>",
    "count": 1
  },
  {
    "message": "@Interface/AddOns/CraftSim/Modules/SpecializationInfo/UI.lua: Lua error: Interface/AddOns/CraftSim/Modules/SpecializationInfo/UI.lua:7: attempt to index local 'GUTIL' (a nil value)\nstack traceback:\n\t(string):1: in main chunk",
    "count": 1
  },
  {
    "message": "Lua Error: @Interface/AddOns/CraftSim/Modules/SpecializationInfo/UI.lua: Lua error: Interface/AddOns/CraftSim/Modules/SpecializationInfo/UI.lua:7: attempt to index local 'GUTIL' (a nil value)\nstack traceback:\n\t(string):1: in main chunk\n[Interface/AddOns/Blizzard_ScriptErrors/Blizzard_ScriptErrors.lua]:59: in function 'GetErrorData'\n[Interface/AddOns/Blizzard_ScriptErrors/Blizzard_ScriptErrors.lua]:72: in function <[Interface/AddOns/Blizzard_ScriptErrors/Blizzard_ScriptErrors.lua]:71>",
    "count": 1
  },
  {
    "message": "@Interface/AddOns/CraftSim/Modules/SimulationMode/Debug.lua: Lua error: Interface/AddOns/CraftSim/Modules/SimulationMode/Debug.lua:6: attempt to index local 'GUTIL' (a nil value)\nstack traceback:\n\t(string):1: in main chunk",
    "count": 1
  },
  {
    "message": "Lua Error: @Interface/AddOns/CraftSim/Modules/SimulationMode/Debug.lua: Lua error: Interface/AddOns/CraftSim/Modules/SimulationMode/Debug.lua:6: attempt to index local 'GUTIL' (a nil value)\nstack traceback:\n\t(string):1: in main chunk\n[Interface/AddOns/Blizzard_ScriptErrors/Blizzard_ScriptErrors.lua]:59: in function 'GetErrorData'\n[Interface/AddOns/Blizzard_ScriptErrors/Blizzard_ScriptErrors.lua]:72: in function <[Interface/AddOns/Blizzard_ScriptErrors/Blizzard_ScriptErrors.lua]:71>",
    "count": 1
  },
  {
    "message": "@Interface/AddOns/CraftSim/Modules/SimulationMode/UI.lua: Lua error: Interface/AddOns/CraftSim/Modules/SimulationMode/UI.lua:7: attempt to index local 'GUTIL' (a nil value)\nstack traceback:\n\t(string):1: in main chunk",
    "count": 1
  },
  {
    "message": "Lua Error: @Interface/AddOns/CraftSim/Modules/SimulationMode/UI.lua: Lua error: Interface/AddOns/CraftSim/Modules/SimulationMode/UI.lua:7: attempt to index local 'GUTIL' (a nil value)\nstack traceback:\n\t(string):1: in main chunk\n[Interface/AddOns/Blizzard_ScriptErrors/Blizzard_ScriptErrors.lua]:59: in function 'GetErrorData'\n[Interface/AddOns/Blizzard_ScriptErrors/Blizzard_ScriptErrors.lua]:72: in function <[Interface/AddOns/Blizzard_ScriptErrors/Blizzard_ScriptErrors.lua]:71>",
    "count": 1
  },
  {
    "message": "@Interface/AddOns/CraftSim/Modules/ReagentOptimization/ReagentOptimization.lua: Lua error: ...tSim/Modules/ReagentOptimization/ReagentOptimization.lua:87: attempt to call method 'RegisterModule' (a nil value)\nstack traceback:\n\t(string):1: in main chunk",
    "count": 1
  },
  {
    "message": "Lua Error: @Interface/AddOns/CraftSim/Modules/ReagentOptimization/ReagentOptimization.lua: Lua error: ...tSim/Modules/ReagentOptimization/ReagentOptimization.lua:87: attempt to call method 'RegisterModule' (a nil value)\nstack traceback:\n\t(string):1: in main chunk\n[Interface/AddOns/Blizzard_ScriptErrors/Blizzard_ScriptErrors.lua]:59: in function 'GetErrorData'\n[Interface/AddOns/Blizzard_ScriptErrors/Blizzard_ScriptErrors.lua]:72: in function <[Interface/AddOns/Blizzard_ScriptErrors/Blizzard_ScriptErrors.lua]:71>",
    "count": 1
  },
  {
    "message": "@Interface/AddOns/CraftSim/Modules/ReagentOptimization/UI.lua: Lua error: ...rface/AddOns/CraftSim/Modules/ReagentOptimization/UI.lua:6: attempt to index local 'GUTIL' (a nil value)\nstack traceback:\n\t(string):1: in main chunk",
    "count": 1
  },
  {
    "message": "Lua Error: @Interface/AddOns/CraftSim/Modules/ReagentOptimization/UI.lua: Lua error: ...rface/AddOns/CraftSim/Modules/ReagentOptimization/UI.lua:6: attempt to index local 'GUTIL' (a nil value)\nstack traceback:\n\t(string):1: in main chunk\n[Interface/AddOns/Blizzard_ScriptErrors/Blizzard_ScriptErrors.lua]:59: in function 'GetErrorData'\n[Interface/AddOns/Blizzard_ScriptErrors/Blizzard_ScriptErrors.lua]:72: in function <[Interface/AddOns/Blizzard_ScriptErrors/Blizzard_ScriptErrors.lua]:71>",
    "count": 1
  },
  {
    "message": "@Interface/AddOns/CraftSim/Modules/TopGear/TopGear.lua: Lua error: Interface/AddOns/CraftSim/Debug/Debug.lua:60: attempt to index upvalue 'LibLog' (a nil value)\nstack traceback:\n\t(string):1: in main chunk",
    "count": 1
  },
  {
    "message": "Lua Error: @Interface/AddOns/CraftSim/Modules/TopGear/TopGear.lua: Lua error: Interface/AddOns/CraftSim/Debug/Debug.lua:60: attempt to index upvalue 'LibLog' (a nil value)\nstack traceback:\n\t(string):1: in main chunk\n[Interface/AddOns/Blizzard_ScriptErrors/Blizzard_ScriptErrors.lua]:59: in function 'GetErrorData'\n[Interface/AddOns/Blizzard_ScriptErrors/Blizzard_ScriptErrors.lua]:72: in function <[Interface/AddOns/Blizzard_ScriptErrors/Blizzard_ScriptErrors.lua]:71>",
    "count": 1
  },
  {
    "message": "@Interface/AddOns/CraftSim/Modules/TopGear/UI.lua: Lua error: Interface/AddOns/CraftSim/Debug/Debug.lua:60: attempt to index upvalue 'LibLog' (a nil value)\nstack traceback:\n\t(string):1: in main chunk",
    "count": 1
  },
  {
    "message": "Lua Error: @Interface/AddOns/CraftSim/Modules/TopGear/UI.lua: Lua error: Interface/AddOns/CraftSim/Debug/Debug.lua:60: attempt to index upvalue 'LibLog' (a nil value)\nstack traceback:\n\t(string):1: in main chunk\n[Interface/AddOns/Blizzard_ScriptErrors/Blizzard_ScriptErrors.lua]:59: in function 'GetErrorData'\n[Interface/AddOns/Blizzard_ScriptErrors/Blizzard_ScriptErrors.lua]:72: in function <[Interface/AddOns/Blizzard_ScriptErrors/Blizzard_ScriptErrors.lua]:71>",
    "count": 1
  },
  {
    "message": "@Interface/AddOns/CraftSim/Modules/RecipeScan/RecipeScan.lua: Lua error: Interface/AddOns/CraftSim/Modules/RecipeScan/RecipeScan.lua:11: attempt to call method 'RegisterModule' (a nil value)\nstack traceback:\n\t(string):1: in main chunk",
    "count": 1
  },
  {
    "message": "Lua Error: @Interface/AddOns/CraftSim/Modules/RecipeScan/RecipeScan.lua: Lua error: Interface/AddOns/CraftSim/Modules/RecipeScan/RecipeScan.lua:11: attempt to call method 'RegisterModule' (a nil value)\nstack traceback:\n\t(string):1: in main chunk\n[Interface/AddOns/Blizzard_ScriptErrors/Blizzard_ScriptErrors.lua]:59: in function 'GetErrorData'\n[Interface/AddOns/Blizzard_ScriptErrors/Blizzard_ScriptErrors.lua]:72: in function <[Interface/AddOns/Blizzard_ScriptErrors/Blizzard_ScriptErrors.lua]:71>",
    "count": 1
  },
  {
    "message": "@Interface/AddOns/CraftSim/Modules/RecipeScan/UI.lua: Lua error: Interface/AddOns/CraftSim/Modules/RecipeScan/UI.lua:7: attempt to index field 'GUTIL' (a nil value)\nstack traceback:\n\t(string):1: in main chunk",
    "count": 1
  },
  {
    "message": "Lua Error: @Interface/AddOns/CraftSim/Modules/RecipeScan/UI.lua: Lua error: Interface/AddOns/CraftSim/Modules/RecipeScan/UI.lua:7: attempt to index field 'GUTIL' (a nil value)\nstack traceback:\n\t(string):1: in main chunk\n[Interface/AddOns/Blizzard_ScriptErrors/Blizzard_ScriptErrors.lua]:59: in function 'GetErrorData'\n[Interface/AddOns/Blizzard_ScriptErrors/Blizzard_ScriptErrors.lua]:72: in function <[Interface/AddOns/Blizzard_ScriptErrors/Blizzard_ScriptErrors.lua]:71>",
    "count": 1
  },
  {
    "message": "@Interface/AddOns/CraftSim/Modules/Supporters/Supporters.lua: Lua error: Interface/AddOns/CraftSim/Modules/Supporters/Supporters.lua:6: attempt to index local 'GUTIL' (a nil value)\nstack traceback:\n\t(string):1: in main chunk",
    "count": 1
  },
  {
    "message": "Lua Error: @Interface/AddOns/CraftSim/Modules/Supporters/Supporters.lua: Lua error: Interface/AddOns/CraftSim/Modules/Supporters/Supporters.lua:6: attempt to index local 'GUTIL' (a nil value)\nstack traceback:\n\t(string):1: in main chunk\n[Interface/AddOns/Blizzard_ScriptErrors/Blizzard_ScriptErrors.lua]:59: in function 'GetErrorData'\n[Interface/AddOns/Blizzard_ScriptErrors/Blizzard_ScriptErrors.lua]:72: in function <[Interface/AddOns/Blizzard_ScriptErrors/Blizzard_ScriptErrors.lua]:71>",
    "count": 1
  },
  {
    "message": "@Interface/AddOns/CraftSim/Modules/Supporters/UI.lua: Lua error: Interface/AddOns/CraftSim/Modules/Supporters/UI.lua:6: attempt to index local 'GUTIL' (a nil value)\nstack traceback:\n\t(string):1: in main chunk",
    "count": 1
  },
  {
    "message": "Lua Error: @Interface/AddOns/CraftSim/Modules/Supporters/UI.lua: Lua error: Interface/AddOns/CraftSim/Modules/Supporters/UI.lua:6: attempt to index local 'GUTIL' (a nil value)\nstack traceback:\n\t(string):1: in main chunk\n[Interface/AddOns/Blizzard_ScriptErrors/Blizzard_ScriptErrors.lua]:59: in function 'GetErrorData'\n[Interface/AddOns/Blizzard_ScriptErrors/Blizzard_ScriptErrors.lua]:72: in function <[Interface/AddOns/Blizzard_ScriptErrors/Blizzard_ScriptErrors.lua]:71>",
    "count": 1
  },
  {
    "message": "@Interface/AddOns/CraftSim/Modules/CraftBuffs/CraftBuffs.lua: Lua error: Interface/AddOns/CraftSim/Debug/Debug.lua:60: attempt to index upvalue 'LibLog' (a nil value)\nstack traceback:\n\t(string):1: in main chunk",
    "count": 1
  },
  {
    "message": "Lua Error: @Interface/AddOns/CraftSim/Modules/CraftBuffs/CraftBuffs.lua: Lua error: Interface/AddOns/CraftSim/Debug/Debug.lua:60: attempt to index upvalue 'LibLog' (a nil value)\nstack traceback:\n\t(string):1: in main chunk\n[Interface/AddOns/Blizzard_ScriptErrors/Blizzard_ScriptErrors.lua]:59: in function 'GetErrorData'\n[Interface/AddOns/Blizzard_ScriptErrors/Blizzard_ScriptErrors.lua]:72: in function <[Interface/AddOns/Blizzard_ScriptErrors/Blizzard_ScriptErrors.lua]:71>",
    "count": 1
  },
  {
    "message": "@Interface/AddOns/CraftSim/Modules/CraftBuffs/UI.lua: Lua error: Interface/AddOns/CraftSim/Modules/CraftBuffs/UI.lua:11: attempt to index field 'CRAFT_BUFFS' (a nil value)\nstack traceback:\n\t(string):1: in main chunk",
    "count": 1
  },
  {
    "message": "Lua Error: @Interface/AddOns/CraftSim/Modules/CraftBuffs/UI.lua: Lua error: Interface/AddOns/CraftSim/Modules/CraftBuffs/UI.lua:11: attempt to index field 'CRAFT_BUFFS' (a nil value)\nstack traceback:\n\t(string):1: in main chunk\n[Interface/AddOns/Blizzard_ScriptErrors/Blizzard_ScriptErrors.lua]:59: in function 'GetErrorData'\n[Interface/AddOns/Blizzard_ScriptErrors/Blizzard_ScriptErrors.lua]:72: in function <[Interface/AddOns/Blizzard_ScriptErrors/Blizzard_ScriptErrors.lua]:71>",
    "count": 1
  },
  {
    "message": "@Interface/AddOns/CraftSim/Modules/ConcentrationTracker/ConcentrationTracker.lua: Lua error: ...im/Modules/ConcentrationTracker/ConcentrationTracker.lua:5: attempt to index local 'GUTIL' (a nil value)\nstack traceback:\n\t(string):1: in main chunk",
    "count": 1
  },
  {
    "message": "Lua Error: @Interface/AddOns/CraftSim/Modules/ConcentrationTracker/ConcentrationTracker.lua: Lua error: ...im/Modules/ConcentrationTracker/ConcentrationTracker.lua:5: attempt to index local 'GUTIL' (a nil value)\nstack traceback:\n\t(string):1: in main chunk\n[Interface/AddOns/Blizzard_ScriptErrors/Blizzard_ScriptErrors.lua]:59: in function 'GetErrorData'\n[Interface/AddOns/Blizzard_ScriptErrors/Blizzard_ScriptErrors.lua]:72: in function <[Interface/AddOns/Blizzard_ScriptErrors/Blizzard_ScriptErrors.lua]:71>",
    "count": 1
  },
  {
    "message": "@Interface/AddOns/CraftSim/Modules/ConcentrationTracker/UI.lua: Lua error: ...face/AddOns/CraftSim/Modules/ConcentrationTracker/UI.lua:11: attempt to index field 'CONCENTRATION_TRACKER' (a nil value)\nstack traceback:\n\t(string):1: in main chunk",
    "count": 1
  },
  {
    "message": "Lua Error: @Interface/AddOns/CraftSim/Modules/ConcentrationTracker/UI.lua: Lua error: ...face/AddOns/CraftSim/Modules/ConcentrationTracker/UI.lua:11: attempt to index field 'CONCENTRATION_TRACKER' (a nil value)\nstack traceback:\n\t(string):1: in main chunk\n[Interface/AddOns/Blizzard_ScriptErrors/Blizzard_ScriptErrors.lua]:59: in function 'GetErrorData'\n[Interface/AddOns/Blizzard_ScriptErrors/Blizzard_ScriptErrors.lua]:72: in function <[Interface/AddOns/Blizzard_ScriptErrors/Blizzard_ScriptErrors.lua]:71>",
    "count": 1
  },
  {
    "message": "@Interface/AddOns/CraftSim/Modules/WorkOrderTracker/WorkOrderTracker.lua: Lua error: ...s/CraftSim/Modules/WorkOrderTracker/WorkOrderTracker.lua:8: attempt to index local 'GUTIL' (a nil value)\nstack traceback:\n\t(string):1: in main chunk",
    "count": 1
  },
  {
    "message": "Lua Error: @Interface/AddOns/CraftSim/Modules/WorkOrderTracker/WorkOrderTracker.lua: Lua error: ...s/CraftSim/Modules/WorkOrderTracker/WorkOrderTracker.lua:8: attempt to index local 'GUTIL' (a nil value)\nstack traceback:\n\t(string):1: in main chunk\n[Interface/AddOns/Blizzard_ScriptErrors/Blizzard_ScriptErrors.lua]:59: in function 'GetErrorData'\n[Interface/AddOns/Blizzard_ScriptErrors/Blizzard_ScriptErrors.lua]:72: in function <[Interface/AddOns/Blizzard_ScriptErrors/Blizzard_ScriptErrors.lua]:71>",
    "count": 1
  },
  {
    "message": "@Interface/AddOns/CraftSim/Modules/WorkOrderTracker/UI.lua: Lua error: Interface/AddOns/CraftSim/Modules/WorkOrderTracker/UI.lua:8: attempt to index field 'WORK_ORDER_TRACKER' (a nil value)\nstack traceback:\n\t(string):1: in main chunk",
    "count": 1
  },
  {
    "message": "Lua Error: @Interface/AddOns/CraftSim/Modules/WorkOrderTracker/UI.lua: Lua error: Interface/AddOns/CraftSim/Modules/WorkOrderTracker/UI.lua:8: attempt to index field 'WORK_ORDER_TRACKER' (a nil value)\nstack traceback:\n\t(string):1: in main chunk\n[Interface/AddOns/Blizzard_ScriptErrors/Blizzard_ScriptErrors.lua]:59: in function 'GetErrorData'\n[Interface/AddOns/Blizzard_ScriptErrors/Blizzard_ScriptErrors.lua]:72: in function <[Interface/AddOns/Blizzard_ScriptErrors/Blizzard_ScriptErrors.lua]:71>",
    "count": 1
  },
  {
    "message": "@Interface/AddOns/CraftSim/Data/SpecializationData/Dragonflight/Blacksmithing.lua: Lua error: ...m/Data/SpecializationData/Dragonflight/Blacksmithing.lua:3: attempt to index field 'SPECIALIZATION_DATA' (a nil value)\nstack traceback:\n\t(string):1: in main chunk",
    "count": 1
  },
  {
    "message": "Lua Error: @Interface/AddOns/CraftSim/Data/SpecializationData/Dragonflight/Blacksmithing.lua: Lua error: ...m/Data/SpecializationData/Dragonflight/Blacksmithing.lua:3: attempt to index field 'SPECIALIZATION_DATA' (a nil value)\nstack traceback:\n\t(string):1: in main chunk\n[Interface/AddOns/Blizzard_ScriptErrors/Blizzard_ScriptErrors.lua]:59: in function 'GetErrorData'\n[Interface/AddOns/Blizzard_ScriptErrors/Blizzard_ScriptErrors.lua]:72: in function <[Interface/AddOns/Blizzard_ScriptErrors/Blizzard_ScriptErrors.lua]:71>",
    "count": 1
  },
  {
    "message": "@Interface/AddOns/CraftSim/Data/SpecializationData/Dragonflight/Enchanting.lua: Lua error: ...tSim/Data/SpecializationData/Dragonflight/Enchanting.lua:3: attempt to index field 'SPECIALIZATION_DATA' (a nil value)\nstack traceback:\n\t(string):1: in main chunk",
    "count": 1
  },
  {
    "message": "Lua Error: @Interface/AddOns/CraftSim/Data/SpecializationData/Dragonflight/Enchanting.lua: Lua error: ...tSim/Data/SpecializationData/Dragonflight/Enchanting.lua:3: attempt to index field 'SPECIALIZATION_DATA' (a nil value)\nstack traceback:\n\t(string):1: in main chunk\n[Interface/AddOns/Blizzard_ScriptErrors/Blizzard_ScriptErrors.lua]:59: in function 'GetErrorData'\n[Interface/AddOns/Blizzard_ScriptErrors/Blizzard_ScriptErrors.lua]:72: in function <[Interface/AddOns/Blizzard_ScriptErrors/Blizzard_ScriptErrors.lua]:71>",
    "count": 1
  },
  {
    "message": "@Interface/AddOns/CraftSim/Data/SpecializationData/Dragonflight/Leatherworking.lua: Lua error: .../Data/SpecializationData/Dragonflight/Leatherworking.lua:3: attempt to index field 'SPECIALIZATION_DATA' (a nil value)\nstack traceback:\n\t(string):1: in main chunk",
    "count": 1
  },
  {
    "message": "Lua Error: @Interface/AddOns/CraftSim/Data/SpecializationData/Dragonflight/Leatherworking.lua: Lua error: .../Data/SpecializationData/Dragonflight/Leatherworking.lua:3: attempt to index field 'SPECIALIZATION_DATA' (a nil value)\nstack traceback:\n\t(string):1: in main chunk\n[Interface/AddOns/Blizzard_ScriptErrors/Blizzard_ScriptErrors.lua]:59: in function 'GetErrorData'\n[Interface/AddOns/Blizzard_ScriptErrors/Blizzard_ScriptErrors.lua]:72: in function <[Interface/AddOns/Blizzard_ScriptErrors/Blizzard_ScriptErrors.lua]:71>",
    "count": 1
  },
  {
    "message": "@Interface/AddOns/CraftSim/Data/SpecializationData/Dragonflight/Engineering.lua: Lua error: ...Sim/Data/SpecializationData/Dragonflight/Engineering.lua:3: attempt to index field 'SPECIALIZATION_DATA' (a nil value)\nstack traceback:\n\t(string):1: in main chunk",
    "count": 1
  },
  {
    "message": "Lua Error: @Interface/AddOns/CraftSim/Data/SpecializationData/Dragonflight/Engineering.lua: Lua error: ...Sim/Data/SpecializationData/Dragonflight/Engineering.lua:3: attempt to index field 'SPECIALIZATION_DATA' (a nil value)\nstack traceback:\n\t(string):1: in main chunk\n[Interface/AddOns/Blizzard_ScriptErrors/Blizzard_ScriptErrors.lua]:59: in function 'GetErrorData'\n[Interface/AddOns/Blizzard_ScriptErrors/Blizzard_ScriptErrors.lua]:72: in function <[Interface/AddOns/Blizzard_ScriptErrors/Blizzard_ScriptErrors.lua]:71>",
    "count": 1
  },
  {
    "message": "@Interface/AddOns/CraftSim/Data/SpecializationData/The_War_Within/Blacksmithing.lua: Lua error: ...Data/SpecializationData/The_War_Within/Blacksmithing.lua:3: attempt to index field 'SPECIALIZATION_DATA' (a nil value)\nstack traceback:\n\t(string):1: in main chunk",
    "count": 1
  },
  {
    "message": "Lua Error: @Interface/AddOns/CraftSim/Data/SpecializationData/The_War_Within/Blacksmithing.lua: Lua error: ...Data/SpecializationData/The_War_Within/Blacksmithing.lua:3: attempt to index field 'SPECIALIZATION_DATA' (a nil value)\nstack traceback:\n\t(string):1: in main chunk\n[Interface/AddOns/Blizzard_ScriptErrors/Blizzard_ScriptErrors.lua]:59: in function 'GetErrorData'\n[Interface/AddOns/Blizzard_ScriptErrors/Blizzard_ScriptErrors.lua]:72: in function <[Interface/AddOns/Blizzard_ScriptErrors/Blizzard_ScriptErrors.lua]:71>",
    "count": 1
  },
  {
    "message": "@Interface/AddOns/CraftSim/Data/SpecializationData/The_War_Within/Inscription.lua: Lua error: ...m/Data/SpecializationData/The_War_Within/Inscription.lua:3: attempt to index field 'SPECIALIZATION_DATA' (a nil value)\nstack traceback:\n\t(string):1: in main chunk",
    "count": 1
  },
  {
    "message": "Lua Error: @Interface/AddOns/CraftSim/Data/SpecializationData/The_War_Within/Inscription.lua: Lua error: ...m/Data/SpecializationData/The_War_Within/Inscription.lua:3: attempt to index field 'SPECIALIZATION_DATA' (a nil value)\nstack traceback:\n\t(string):1: in main chunk\n[Interface/AddOns/Blizzard_ScriptErrors/Blizzard_ScriptErrors.lua]:59: in function 'GetErrorData'\n[Interface/AddOns/Blizzard_ScriptErrors/Blizzard_ScriptErrors.lua]:72: in function <[Interface/AddOns/Blizzard_ScriptErrors/Blizzard_ScriptErrors.lua]:71>",
    "count": 1
  },
  {
    "message": "@Interface/AddOns/CraftSim/Data/SpecializationData/The_War_Within/Jewelcrafting.lua: Lua error: ...Data/SpecializationData/The_War_Within/Jewelcrafting.lua:3: attempt to index field 'SPECIALIZATION_DATA' (a nil value)\nstack traceback:\n\t(string):1: in main chunk",
    "count": 1
  },
  {
    "message": "Lua Error: @Interface/AddOns/CraftSim/Data/SpecializationData/The_War_Within/Jewelcrafting.lua: Lua error: ...Data/SpecializationData/The_War_Within/Jewelcrafting.lua:3: attempt to index field 'SPECIALIZATION_DATA' (a nil value)\nstack traceback:\n\t(string):1: in main chunk\n[Interface/AddOns/Blizzard_ScriptErrors/Blizzard_ScriptErrors.lua]:59: in function 'GetErrorData'\n[Interface/AddOns/Blizzard_ScriptErrors/Blizzard_ScriptErrors.lua]:72: in function <[Interface/AddOns/Blizzard_ScriptErrors/Blizzard_ScriptErrors.lua]:71>",
    "count": 1
  },
  {
    "message": "@Interface/AddOns/CraftSim/Data/SpecializationData/The_War_Within/Engineering.lua: Lua error: ...m/Data/SpecializationData/The_War_Within/Engineering.lua:3: attempt to index field 'SPECIALIZATION_DATA' (a nil value)\nstack traceback:\n\t(string):1: in main chunk",
    "count": 1
  },
  {
    "message": "Lua Error: @Interface/AddOns/CraftSim/Data/SpecializationData/The_War_Within/Engineering.lua: Lua error: ...m/Data/SpecializationData/The_War_Within/Engineering.lua:3: attempt to index field 'SPECIALIZATION_DATA' (a nil value)\nstack traceback:\n\t(string):1: in main chunk\n[Interface/AddOns/Blizzard_ScriptErrors/Blizzard_ScriptErrors.lua]:59: in function 'GetErrorData'\n[Interface/AddOns/Blizzard_ScriptErrors/Blizzard_ScriptErrors.lua]:72: in function <[Interface/AddOns/Blizzard_ScriptErrors/Blizzard_ScriptErrors.lua]:71>",
    "count": 1
  },
  {
    "message": "@Interface/AddOns/CraftSim/Data/SpecializationData/Midnight/Alchemy.lua: Lua error: ...ns/CraftSim/Data/SpecializationData/Midnight/Alchemy.lua:3: attempt to index field 'SPECIALIZATION_DATA' (a nil value)\nstack traceback:\n\t(string):1: in main chunk",
    "count": 1
  },
  {
    "message": "Lua Error: @Interface/AddOns/CraftSim/Data/SpecializationData/Midnight/Alchemy.lua: Lua error: ...ns/CraftSim/Data/SpecializationData/Midnight/Alchemy.lua:3: attempt to index field 'SPECIALIZATION_DATA' (a nil value)\nstack traceback:\n\t(string):1: in main chunk\n[Interface/AddOns/Blizzard_ScriptErrors/Blizzard_ScriptErrors.lua]:59: in function 'GetErrorData'\n[Interface/AddOns/Blizzard_ScriptErrors/Blizzard_ScriptErrors.lua]:72: in function <[Interface/AddOns/Blizzard_ScriptErrors/Blizzard_ScriptErrors.lua]:71>",
    "count": 1
  },
  {
    "message": "@Interface/AddOns/CraftSim/Data/SpecializationData/Midnight/Enchanting.lua: Lua error: ...CraftSim/Data/SpecializationData/Midnight/Enchanting.lua:3: attempt to index field 'SPECIALIZATION_DATA' (a nil value)\nstack traceback:\n\t(string):1: in main chunk",
    "count": 1
  },
  {
    "message": "Lua Error: @Interface/AddOns/CraftSim/Data/SpecializationData/Midnight/Enchanting.lua: Lua error: ...CraftSim/Data/SpecializationData/Midnight/Enchanting.lua:3: attempt to index field 'SPECIALIZATION_DATA' (a nil value)\nstack traceback:\n\t(string):1: in main chunk\n[Interface/AddOns/Blizzard_ScriptErrors/Blizzard_ScriptErrors.lua]:59: in function 'GetErrorData'\n[Interface/AddOns/Blizzard_ScriptErrors/Blizzard_ScriptErrors.lua]:72: in function <[Interface/AddOns/Blizzard_ScriptErrors/Blizzard_ScriptErrors.lua]:71>",
    "count": 1
  },
  {
    "message": "@Interface/AddOns/CraftSim/Data/SpecializationData/Midnight/Jewelcrafting.lua: Lua error: ...ftSim/Data/SpecializationData/Midnight/Jewelcrafting.lua:3: attempt to index field 'SPECIALIZATION_DATA' (a nil value)\nstack traceback:\n\t(string):1: in main chunk",
    "count": 1
  },
  {
    "message": "Lua Error: @Interface/AddOns/CraftSim/Data/SpecializationData/Midnight/Jewelcrafting.lua: Lua error: ...ftSim/Data/SpecializationData/Midnight/Jewelcrafting.lua:3: attempt to index field 'SPECIALIZATION_DATA' (a nil value)\nstack traceback:\n\t(string):1: in main chunk\n[Interface/AddOns/Blizzard_ScriptErrors/Blizzard_ScriptErrors.lua]:59: in function 'GetErrorData'\n[Interface/AddOns/Blizzard_ScriptErrors/Blizzard_ScriptErrors.lua]:72: in function <[Interface/AddOns/Blizzard_ScriptErrors/Blizzard_ScriptErrors.lua]:71>",
    "count": 1
  },
  {
    "message": "@Interface/AddOns/CraftSim/Data/SpecializationData/Midnight/Tailoring.lua: Lua error: .../CraftSim/Data/SpecializationData/Midnight/Tailoring.lua:3: attempt to index field 'SPECIALIZATION_DATA' (a nil value)\nstack traceback:\n\t(string):1: in main chunk",
    "count": 1
  },
  {
    "message": "Lua Error: @Interface/AddOns/CraftSim/Data/SpecializationData/Midnight/Tailoring.lua: Lua error: .../CraftSim/Data/SpecializationData/Midnight/Tailoring.lua:3: attempt to index field 'SPECIALIZATION_DATA' (a nil value)\nstack traceback:\n\t(string):1: in main chunk\n[Interface/AddOns/Blizzard_ScriptErrors/Blizzard_ScriptErrors.lua]:59: in function 'GetErrorData'\n[Interface/AddOns/Blizzard_ScriptErrors/Blizzard_ScriptErrors.lua]:72: in function <[Interface/AddOns/Blizzard_ScriptErrors/Blizzard_ScriptErrors.lua]:71>",
    "count": 1
  },
  {
    "message": "@Interface/AddOns/CraftSim/Data/SpecializationData/Midnight/Engineering.lua: Lua error: ...raftSim/Data/SpecializationData/Midnight/Engineering.lua:3: attempt to index field 'SPECIALIZATION_DATA' (a nil value)\nstack traceback:\n\t(string):1: in main chunk",
    "count": 1
  },
  {
    "message": "Lua Error: @Interface/AddOns/CraftSim/Data/SpecializationData/Midnight/Engineering.lua: Lua error: ...raftSim/Data/SpecializationData/Midnight/Engineering.lua:3: attempt to index field 'SPECIALIZATION_DATA' (a nil value)\nstack traceback:\n\t(string):1: in main chunk\n[Interface/AddOns/Blizzard_ScriptErrors/Blizzard_ScriptErrors.lua]:59: in function 'GetErrorData'\n[Interface/AddOns/Blizzard_ScriptErrors/Blizzard_ScriptErrors.lua]:72: in function <[Interface/AddOns/Blizzard_ScriptErrors/Blizzard_ScriptErrors.lua]:71>",
    "count": 1
  },
  {
    "message": "@Interface/AddOns/CraftSim/Classes/ProfessionData.lua: Lua error: Interface/AddOns/CraftSim/Debug/Debug.lua:60: attempt to index upvalue 'LibLog' (a nil value)\nstack traceback:\n\t(string):1: in main chunk",
    "count": 1
  },
  {
    "message": "Lua Error: @Interface/AddOns/CraftSim/Classes/ProfessionData.lua: Lua error: Interface/AddOns/CraftSim/Debug/Debug.lua:60: attempt to index upvalue 'LibLog' (a nil value)\nstack traceback:\n\t(string):1: in main chunk\n[Interface/AddOns/Blizzard_ScriptErrors/Blizzard_ScriptErrors.lua]:59: in function 'GetErrorData'\n[Interface/AddOns/Blizzard_ScriptErrors/Blizzard_ScriptErrors.lua]:72: in function <[Interface/AddOns/Blizzard_ScriptErrors/Blizzard_ScriptErrors.lua]:71>",
    "count": 1
  },
  {
    "message": "@Interface/AddOns/CraftSim/Classes/RecipeData.lua: Lua error: Interface/AddOns/CraftSim/Debug/Debug.lua:60: attempt to index upvalue 'LibLog' (a nil value)\nstack traceback:\n\t(string):1: in main chunk",
    "count": 1
  },
  {
    "message": "Lua Error: @Interface/AddOns/CraftSim/Classes/RecipeData.lua: Lua error: Interface/AddOns/CraftSim/Debug/Debug.lua:60: attempt to index upvalue 'LibLog' (a nil value)\nstack traceback:\n\t(string):1: in main chunk\n[Interface/AddOns/Blizzard_ScriptErrors/Blizzard_ScriptErrors.lua]:59: in function 'GetErrorData'\n[Interface/AddOns/Blizzard_ScriptErrors/Blizzard_ScriptErrors.lua]:72: in function <[Interface/AddOns/Blizzard_ScriptErrors/Blizzard_ScriptErrors.lua]:71>",
    "count": 1
  },
  {
    "message": "@Interface/AddOns/CraftSim/Classes/ProfessionStats.lua: Lua error: Interface/AddOns/CraftSim/Classes/ProfessionStats.lua:6: attempt to index field 'CraftSimObject' (a nil value)\nstack traceback:\n\t(string):1: in main chunk",
    "count": 1
  },
  {
    "message": "Lua Error: @Interface/AddOns/CraftSim/Classes/ProfessionStats.lua: Lua error: Interface/AddOns/CraftSim/Classes/ProfessionStats.lua:6: attempt to index field 'CraftSimObject' (a nil value)\nstack traceback:\n\t(string):1: in main chunk\n[Interface/AddOns/Blizzard_ScriptErrors/Blizzard_ScriptErrors.lua]:59: in function 'GetErrorData'\n[Interface/AddOns/Blizzard_ScriptErrors/Blizzard_ScriptErrors.lua]:72: in function <[Interface/AddOns/Blizzard_ScriptErrors/Blizzard_ScriptErrors.lua]:71>",
    "count": 1
  },
  {
    "message": "@Interface/AddOns/CraftSim/Classes/ProfessionStat.lua: Lua error: Interface/AddOns/CraftSim/Classes/ProfessionStat.lua:7: attempt to index field 'CraftSimObject' (a nil value)\nstack traceback:\n\t(string):1: in main chunk",
    "count": 1
  },
  {
    "message": "Lua Error: @Interface/AddOns/CraftSim/Classes/ProfessionStat.lua: Lua error: Interface/AddOns/CraftSim/Classes/ProfessionStat.lua:7: attempt to index field 'CraftSimObject' (a nil value)\nstack traceback:\n\t(string):1: in main chunk\n[Interface/AddOns/Blizzard_ScriptErrors/Blizzard_ScriptErrors.lua]:59: in function 'GetErrorData'\n[Interface/AddOns/Blizzard_ScriptErrors/Blizzard_ScriptErrors.lua]:72: in function <[Interface/AddOns/Blizzard_ScriptErrors/Blizzard_ScriptErrors.lua]:71>",
    "count": 1
  },
  {
    "message": "@Interface/AddOns/CraftSim/Classes/ProfessionGearSet.lua: Lua error: Interface/AddOns/CraftSim/Classes/ProfessionGearSet.lua:6: attempt to index field 'CraftSimObject' (a nil value)\nstack traceback:\n\t(string):1: in main chunk",
    "count": 1
  },
  {
    "message": "Lua Error: @Interface/AddOns/CraftSim/Classes/ProfessionGearSet.lua: Lua error: Interface/AddOns/CraftSim/Classes/ProfessionGearSet.lua:6: attempt to index field 'CraftSimObject' (a nil value)\nstack traceback:\n\t(string):1: in main chunk\n[Interface/AddOns/Blizzard_ScriptErrors/Blizzard_ScriptErrors.lua]:59: in function 'GetErrorData'\n[Interface/AddOns/Blizzard_ScriptErrors/Blizzard_ScriptErrors.lua]:72: in function <[Interface/AddOns/Blizzard_ScriptErrors/Blizzard_ScriptErrors.lua]:71>",
    "count": 1
  },
  {
    "message": "@Interface/AddOns/CraftSim/Classes/ProfessionGear.lua: Lua error: Interface/AddOns/CraftSim/Classes/ProfessionGear.lua:8: attempt to index field 'CraftSimObject' (a nil value)\nstack traceback:\n\t(string):1: in main chunk",
    "count": 1
  },
  {
    "message": "Lua Error: @Interface/AddOns/CraftSim/Classes/ProfessionGear.lua: Lua error: Interface/AddOns/CraftSim/Classes/ProfessionGear.lua:8: attempt to index field 'CraftSimObject' (a nil value)\nstack traceback:\n\t(string):1: in main chunk\n[Interface/AddOns/Blizzard_ScriptErrors/Blizzard_ScriptErrors.lua]:59: in function 'GetErrorData'\n[Interface/AddOns/Blizzard_ScriptErrors/Blizzard_ScriptErrors.lua]:72: in function <[Interface/AddOns/Blizzard_ScriptErrors/Blizzard_ScriptErrors.lua]:71>",
    "count": 1
  },
  {
    "message": "@Interface/AddOns/CraftSim/Classes/ResultData.lua: Lua error: Interface/AddOns/CraftSim/Debug/Debug.lua:60: attempt to index upvalue 'LibLog' (a nil value)\nstack traceback:\n\t(string):1: in main chunk",
    "count": 1
  },
  {
    "message": "Lua Error: @Interface/AddOns/CraftSim/Classes/ResultData.lua: Lua error: Interface/AddOns/CraftSim/Debug/Debug.lua:60: attempt to index upvalue 'LibLog' (a nil value)\nstack traceback:\n\t(string):1: in main chunk\n[Interface/AddOns/Blizzard_ScriptErrors/Blizzard_ScriptErrors.lua]:59: in function 'GetErrorData'\n[Interface/AddOns/Blizzard_ScriptErrors/Blizzard_ScriptErrors.lua]:72: in function <[Interface/AddOns/Blizzard_ScriptErrors/Blizzard_ScriptErrors.lua]:71>",
    "count": 1
  },
  {
    "message": "@Interface/AddOns/CraftSim/Classes/SalvageReagentSlot.lua: Lua error: Interface/AddOns/CraftSim/Classes/SalvageReagentSlot.lua:8: attempt to index field 'CraftSimObject' (a nil value)\nstack traceback:\n\t(string):1: in main chunk",
    "count": 1
  },
  {
    "message": "Lua Error: @Interface/AddOns/CraftSim/Classes/SalvageReagentSlot.lua: Lua error: Interface/AddOns/CraftSim/Classes/SalvageReagentSlot.lua:8: attempt to index field 'CraftSimObject' (a nil value)\nstack traceback:\n\t(string):1: in main chunk\n[Interface/AddOns/Blizzard_ScriptErrors/Blizzard_ScriptErrors.lua]:59: in function 'GetErrorData'\n[Interface/AddOns/Blizzard_ScriptErrors/Blizzard_ScriptErrors.lua]:72: in function <[Interface/AddOns/Blizzard_ScriptErrors/Blizzard_ScriptErrors.lua]:71>",
    "count": 1
  },
  {
    "message": "@Interface/AddOns/CraftSim/Classes/SpecializationData.lua: Lua error: Interface/AddOns/CraftSim/Debug/Debug.lua:60: attempt to index upvalue 'LibLog' (a nil value)\nstack traceback:\n\t(string):1: in main chunk",
    "count": 1
  },
  {
    "message": "Lua Error: @Interface/AddOns/CraftSim/Classes/SpecializationData.lua: Lua error: Interface/AddOns/CraftSim/Debug/Debug.lua:60: attempt to index upvalue 'LibLog' (a nil value)\nstack traceback:\n\t(string):1: in main chunk\n[Interface/AddOns/Blizzard_ScriptErrors/Blizzard_ScriptErrors.lua]:59: in function 'GetErrorData'\n[Interface/AddOns/Blizzard_ScriptErrors/Blizzard_ScriptErrors.lua]:72: in function <[Interface/AddOns/Blizzard_ScriptErrors/Blizzard_ScriptErrors.lua]:71>",
    "count": 1
  },
  {
    "message": "@Interface/AddOns/CraftSim/Classes/NodeData.lua: Lua error: Interface/AddOns/CraftSim/Classes/NodeData.lua:6: attempt to index local 'GUTIL' (a nil value)\nstack traceback:\n\t(string):1: in main chunk",
    "count": 1
  },
  {
    "message": "Lua Error: @Interface/AddOns/CraftSim/Classes/NodeData.lua: Lua error: Interface/AddOns/CraftSim/Classes/NodeData.lua:6: attempt to index local 'GUTIL' (a nil value)\nstack traceback:\n\t(string):1: in main chunk\n[Interface/AddOns/Blizzard_ScriptErrors/Blizzard_ScriptErrors.lua]:59: in function 'GetErrorData'\n[Interface/AddOns/Blizzard_ScriptErrors/Blizzard_ScriptErrors.lua]:72: in function <[Interface/AddOns/Blizzard_ScriptErrors/Blizzard_ScriptErrors.lua]:71>",
    "count": 1
  },
  {
    "message": "@Interface/AddOns/CraftSim/Classes/PerkData.lua: Lua error: Interface/AddOns/CraftSim/Debug/Debug.lua:60: attempt to index upvalue 'LibLog' (a nil value)\nstack traceback:\n\t(string):1: in main chunk",
    "count": 1
  },
  {
    "message": "Lua Error: @Interface/AddOns/CraftSim/Classes/PerkData.lua: Lua error: Interface/AddOns/CraftSim/Debug/Debug.lua:60: attempt to index upvalue 'LibLog' (a nil value)\nstack traceback:\n\t(string):1: in main chunk\n[Interface/AddOns/Blizzard_ScriptErrors/Blizzard_ScriptErrors.lua]:59: in function 'GetErrorData'\n[Interface/AddOns/Blizzard_ScriptErrors/Blizzard_ScriptErrors.lua]:72: in function <[Interface/AddOns/Blizzard_ScriptErrors/Blizzard_ScriptErrors.lua]:71>",
    "count": 1
  },
  {
    "message": "@Interface/AddOns/CraftSim/Classes/CraftRecipeData.lua: Lua error: Interface/AddOns/CraftSim/Classes/CraftRecipeData.lua:65: attempt to index field 'CraftSimObject' (a nil value)\nstack traceback:\n\t(string):1: in main chunk",
    "count": 1
  },
  {
    "message": "Lua Error: @Interface/AddOns/CraftSim/Classes/CraftRecipeData.lua: Lua error: Interface/AddOns/CraftSim/Classes/CraftRecipeData.lua:65: attempt to index field 'CraftSimObject' (a nil value)\nstack traceback:\n\t(string):1: in main chunk\n[Interface/AddOns/Blizzard_ScriptErrors/Blizzard_ScriptErrors.lua]:59: in function 'GetErrorData'\n[Interface/AddOns/Blizzard_ScriptErrors/Blizzard_ScriptErrors.lua]:72: in function <[Interface/AddOns/Blizzard_ScriptErrors/Blizzard_ScriptErrors.lua]:71>",
    "count": 1
  },
  {
    "message": "@Interface/AddOns/CraftSim/Classes/JSONBuilder.lua: Lua error: Interface/AddOns/CraftSim/Classes/JSONBuilder.lua:7: attempt to index field 'CraftSimObject' (a nil value)\nstack traceback:\n\t(string):1: in main chunk",
    "count": 1
  },
  {
    "message": "Lua Error: @Interface/AddOns/CraftSim/Classes/JSONBuilder.lua: Lua error: Interface/AddOns/CraftSim/Classes/JSONBuilder.lua:7: attempt to index field 'CraftSimObject' (a nil value)\nstack traceback:\n\t(string):1: in main chunk\n[Interface/AddOns/Blizzard_ScriptErrors/Blizzard_ScriptErrors.lua]:59: in function 'GetErrorData'\n[Interface/AddOns/Blizzard_ScriptErrors/Blizzard_ScriptErrors.lua]:72: in function <[Interface/AddOns/Blizzard_ScriptErrors/Blizzard_ScriptErrors.lua]:71>",
    "count": 1
  },
  {
    "message": "@Interface/AddOns/CraftSim/Classes/Buff.lua: Lua error: Interface/AddOns/CraftSim/Debug/Debug.lua:60: attempt to index upvalue 'LibLog' (a nil value)\nstack traceback:\n\t(string):1: in main chunk",
    "count": 1
  },
  {
    "message": "Lua Error: @Interface/AddOns/CraftSim/Classes/Buff.lua: Lua error: Interface/AddOns/CraftSim/Debug/Debug.lua:60: attempt to index upvalue 'LibLog' (a nil value)\nstack traceback:\n\t(string):1: in main chunk\n[Interface/AddOns/Blizzard_ScriptErrors/Blizzard_ScriptErrors.lua]:59: in function 'GetErrorData'\n[Interface/AddOns/Blizzard_ScriptErrors/Blizzard_ScriptErrors.lua]:72: in function <[Interface/AddOns/Blizzard_ScriptErrors/Blizzard_ScriptErrors.lua]:71>",
    "count": 1
  },
  {
    "message": "@Interface/AddOns/CraftSim/Classes/CraftQueue.lua: Lua error: Interface/AddOns/CraftSim/Classes/CraftQueue.lua:7: attempt to index field 'CraftSimObject' (a nil value)\nstack traceback:\n\t(string):1: in main chunk",
    "count": 1
  },
  {
    "message": "Lua Error: @Interface/AddOns/CraftSim/Classes/CraftQueue.lua: Lua error: Interface/AddOns/CraftSim/Classes/CraftQueue.lua:7: attempt to index field 'CraftSimObject' (a nil value)\nstack traceback:\n\t(string):1: in main chunk\n[Interface/AddOns/Blizzard_ScriptErrors/Blizzard_ScriptErrors.lua]:59: in function 'GetErrorData'\n[Interface/AddOns/Blizzard_ScriptErrors/Blizzard_ScriptErrors.lua]:72: in function <[Interface/AddOns/Blizzard_ScriptErrors/Blizzard_ScriptErrors.lua]:71>",
    "count": 1
  },
  {
    "message": "@Interface/AddOns/CraftSim/Classes/CraftQueueItem.lua: Lua error: Interface/AddOns/CraftSim/Classes/CraftQueueItem.lua:8: attempt to index field 'CraftSimObject' (a nil value)\nstack traceback:\n\t(string):1: in main chunk",
    "count": 1
  },
  {
    "message": "Lua Error: @Interface/AddOns/CraftSim/Classes/CraftQueueItem.lua: Lua error: Interface/AddOns/CraftSim/Classes/CraftQueueItem.lua:8: attempt to index field 'CraftSimObject' (a nil value)\nstack traceback:\n\t(string):1: in main chunk\n[Interface/AddOns/Blizzard_ScriptErrors/Blizzard_ScriptErrors.lua]:59: in function 'GetErrorData'\n[Interface/AddOns/Blizzard_ScriptErrors/Blizzard_ScriptErrors.lua]:72: in function <[Interface/AddOns/Blizzard_ScriptErrors/Blizzard_ScriptErrors.lua]:71>",
    "count": 1
  },
  {
    "message": "IO error reading /syncthing/World of Warcraft/_retail_/Interface/AddOns/XIV_Databar_Continued/Libs/CallbackHandler-1.0/CallbackHandler-1.0.lua: No such file or directory (os error 2)\nstack traceback:\n\t(string):1: in main chunk",
    "count": 2
  },
  {
    "message": "Lua Error: IO error reading /syncthing/World of Warcraft/_retail_/Interface/AddOns/XIV_Databar_Continued/Libs/CallbackHandler-1.0/CallbackHandler-1.0.lua: No such file or directory (os error 2)\nstack traceback:\n\t(string):1: in main chunk\n[Interface/AddOns/Blizzard_ScriptErrors/Blizzard_ScriptErrors.lua]:59: in function 'GetErrorData'\n[Interface/AddOns/Blizzard_ScriptErrors/Blizzard_ScriptErrors.lua]:72: in function <[Interface/AddOns/Blizzard_ScriptErrors/Blizzard_ScriptErrors.lua]:71>",
    "count": 2
  },
  {
    "message": "@Interface/AddOns/XIV_Databar_Continued/locales/enUS.lua: Lua error: Interface/AddOns/XIV_Databar_Continued/locales/enUS.lua:4: Cannot find a library instance of \"AceLocale-3.0\".\nstack traceback:\n\t(string):1: in main chunk",
    "count": 1
  },
  {
    "message": "Lua Error: @Interface/AddOns/XIV_Databar_Continued/locales/enUS.lua: Lua error: Interface/AddOns/XIV_Databar_Continued/locales/enUS.lua:4: Cannot find a library instance of \"AceLocale-3.0\".\nstack traceback:\n\t(string):1: in main chunk\n[Interface/AddOns/Blizzard_ScriptErrors/Blizzard_ScriptErrors.lua]:59: in function 'GetErrorData'\n[Interface/AddOns/Blizzard_ScriptErrors/Blizzard_ScriptErrors.lua]:72: in function <[Interface/AddOns/Blizzard_ScriptErrors/Blizzard_ScriptErrors.lua]:71>",
    "count": 1
  },
  {
    "message": "@Interface/AddOns/XIV_Databar_Continued/core.lua: Lua error: Interface/AddOns/XIV_Databar_Continued/core.lua:6: Cannot find a library instance of \"AceAddon-3.0\".\nstack traceback:\n\t(string):1: in main chunk",
    "count": 1
  },
  {
    "message": "Lua Error: @Interface/AddOns/XIV_Databar_Continued/core.lua: Lua error: Interface/AddOns/XIV_Databar_Continued/core.lua:6: Cannot find a library instance of \"AceAddon-3.0\".\nstack traceback:\n\t(string):1: in main chunk\n[Interface/AddOns/Blizzard_ScriptErrors/Blizzard_ScriptErrors.lua]:59: in function 'GetErrorData'\n[Interface/AddOns/Blizzard_ScriptErrors/Blizzard_ScriptErrors.lua]:72: in function <[Interface/AddOns/Blizzard_ScriptErrors/Blizzard_ScriptErrors.lua]:71>",
    "count": 1
  },
  {
    "message": "@Interface/AddOns/XIV_Databar_Continued/options.lua: Lua error: Interface/AddOns/XIV_Databar_Continued/options.lua:5: Cannot find a library instance of \"AceConfig-3.0\".\nstack traceback:\n\t(string):1: in main chunk",
    "count": 1
  },
  {
    "message": "Lua Error: @Interface/AddOns/XIV_Databar_Continued/options.lua: Lua error: Interface/AddOns/XIV_Databar_Continued/options.lua:5: Cannot find a library instance of \"AceConfig-3.0\".\nstack traceback:\n\t(string):1: in main chunk\n[Interface/AddOns/Blizzard_ScriptErrors/Blizzard_ScriptErrors.lua]:59: in function 'GetErrorData'\n[Interface/AddOns/Blizzard_ScriptErrors/Blizzard_ScriptErrors.lua]:72: in function <[Interface/AddOns/Blizzard_ScriptErrors/Blizzard_ScriptErrors.lua]:71>",
    "count": 1
  },
  {
    "message": "@Interface/AddOns/XIV_Databar_Continued/Core/utils/changelog/Old/v1/1.0.lua: Lua error: ...IV_Databar_Continued/Core/utils/changelog/Old/v1/1.0.lua:3: attempt to index field 'Changelog' (a nil value)\nstack traceback:\n\t(string):1: in main chunk",
    "count": 1
  },
  {
    "message": "Lua Error: @Interface/AddOns/XIV_Databar_Continued/Core/utils/changelog/Old/v1/1.0.lua: Lua error: ...IV_Databar_Continued/Core/utils/changelog/Old/v1/1.0.lua:3: attempt to index field 'Changelog' (a nil value)\nstack traceback:\n\t(string):1: in main chunk\n[Interface/AddOns/Blizzard_ScriptErrors/Blizzard_ScriptErrors.lua]:59: in function 'GetErrorData'\n[Interface/AddOns/Blizzard_ScriptErrors/Blizzard_ScriptErrors.lua]:72: in function <[Interface/AddOns/Blizzard_ScriptErrors/Blizzard_ScriptErrors.lua]:71>",
    "count": 1
  },
  {
    "message": "@Interface/AddOns/XIV_Databar_Continued/Core/utils/mythicteleports/expansions/classic.lua: Lua error: ...tinued/Core/utils/mythicteleports/expansions/classic.lua:6: attempt to index local 'L' (a nil value)\nstack traceback:\n\t(string):1: in main chunk",
    "count": 1
  },
  {
    "message": "Lua Error: @Interface/AddOns/XIV_Databar_Continued/Core/utils/mythicteleports/expansions/classic.lua: Lua error: ...tinued/Core/utils/mythicteleports/expansions/classic.lua:6: attempt to index local 'L' (a nil value)\nstack traceback:\n\t(string):1: in main chunk\n[Interface/AddOns/Blizzard_ScriptErrors/Blizzard_ScriptErrors.lua]:59: in function 'GetErrorData'\n[Interface/AddOns/Blizzard_ScriptErrors/Blizzard_ScriptErrors.lua]:72: in function <[Interface/AddOns/Blizzard_ScriptErrors/Blizzard_ScriptErrors.lua]:71>",
    "count": 1
  },
  {
    "message": "[OnEvent] frame=#48509 addon=DandersFrames source=@Interface/AddOns/DandersFrames/ClickCasting/Events.lua:569: Interface/AddOns/DandersFrames/ClickCasting/Frames.lua:333: attempt to call method 'CreateHovercastButton' (a nil value)\nstack traceback:\n\t(string):12: in function <(string):12>\n\t[C]: in function 'native_xpcall'\n\t(string):11: in function 'CreateHovercastButton'\n\tInterface/AddOns/DandersFrames/ClickCasting/Frames.lua:333: in function 'InitializeSecureFrames'\n\tInterface/AddOns/DandersFrames/ClickCasting/Frames.lua:49: in function 'Initialize'\n\tInterface/AddOns/DandersFrames/ClickCasting/Events.lua:572: in function <Interface/AddOns/DandersFrames/ClickCasting/Events.lua:569>\n\t(tail call): ?\n\t(tail call): ?\n\t[C]: in function 'native_xpcall'\n\t(string):8: in function <(string):5>\n\t(tail call): ?",
    "count": 1
  },
  {
    "message": "Lua Error: [OnEvent] frame=#48509 addon=DandersFrames source=@Interface/AddOns/DandersFrames/ClickCasting/Events.lua:569: Interface/AddOns/DandersFrames/ClickCasting/Frames.lua:333: attempt to call method 'CreateHovercastButton' (a nil value)\nstack traceback:\n\t(string):12: in function <(string):12>\n\t[C]: in function 'native_xpcall'\n\t(string):11: in function 'CreateHovercastButton'\n\tInterface/AddOns/DandersFrames/ClickCasting/Frames.lua:333: in function 'InitializeSecureFrames'\n\tInterface/AddOns/DandersFrames/ClickCasting/Frames.lua:49: in function 'Initialize'\n\tInterface/AddOns/DandersFrames/ClickCasting/Events.lua:572: in function <Interface/AddOns/DandersFrames/ClickCasting/Events.lua:569>\n\t(tail call): ?\n\t(tail call): ?\n\t[C]: in function 'native_xpcall'\n\t(string):8: in function <(string):5>\n\t(tail call): ?\n[Interface/AddOns/Blizzard_ScriptErrors/Blizzard_ScriptErrors.lua]:59: in function 'GetErrorData'\n[Interface/AddOns/Blizzard_ScriptErrors/Blizzard_ScriptErrors.lua]:72: in function <[Interface/AddOns/Blizzard_ScriptErrors/Blizzard_ScriptErrors.lua]:71>",
    "count": 1
  },
  {
    "message": "[OnEvent] frame=FalconAddOnFrame addon=Falcon source=@Interface/AddOns/Falcon/Falcon.lua:333: Interface/AddOns/Falcon/Falcon.lua:334: attempt to call method 'IsInEditMode' (a nil value)\nstack traceback:\n\t(string):12: in function <(string):12>\n\t[C]: in function 'native_xpcall'\n\t(string):11: in function 'IsInEditMode'\n\tInterface/AddOns/Falcon/Falcon.lua:334: in function <Interface/AddOns/Falcon/Falcon.lua:333>\n\t(tail call): ?\n\t(tail call): ?\n\t[C]: in function 'native_xpcall'\n\t(string):8: in function <(string):5>\n\t(tail call): ?",
    "count": 5
  },
  {
    "message": "Lua Error: [OnEvent] frame=FalconAddOnFrame addon=Falcon source=@Interface/AddOns/Falcon/Falcon.lua:333: Interface/AddOns/Falcon/Falcon.lua:334: attempt to call method 'IsInEditMode' (a nil value)\nstack traceback:\n\t(string):12: in function <(string):12>\n\t[C]: in function 'native_xpcall'\n\t(string):11: in function 'IsInEditMode'\n\tInterface/AddOns/Falcon/Falcon.lua:334: in function <Interface/AddOns/Falcon/Falcon.lua:333>\n\t(tail call): ?\n\t(tail call): ?\n\t[C]: in function 'native_xpcall'\n\t(string):8: in function <(string):5>\n\t(tail call): ?\n[Interface/AddOns/Blizzard_ScriptErrors/Blizzard_ScriptErrors.lua]:59: in function 'GetErrorData'\n[Interface/AddOns/Blizzard_ScriptErrors/Blizzard_ScriptErrors.lua]:72: in function <[Interface/AddOns/Blizzard_ScriptErrors/Blizzard_ScriptErrors.lua]:71>",
    "count": 5
  },
  {
    "message": "...face/AddOns/BetterBlizzFrames/retail/modules/castbar.lua:1688: attempt to perform arithmetic on local 'w' (a nil value)\nstack traceback:\n\t(string):1: in main chunk",
    "count": 2
  },
  {
    "message": "Lua Error: ...face/AddOns/BetterBlizzFrames/retail/modules/castbar.lua:1688: attempt to perform arithmetic on local 'w' (a nil value)\nstack traceback:\n\t(string):1: in main chunk\n[Interface/AddOns/Blizzard_ScriptErrors/Blizzard_ScriptErrors.lua]:59: in function 'GetErrorData'\n[Interface/AddOns/Blizzard_ScriptErrors/Blizzard_ScriptErrors.lua]:72: in function <[Interface/AddOns/Blizzard_ScriptErrors/Blizzard_ScriptErrors.lua]:71>",
    "count": 2
  },
  {
    "message": "Interface/AddOns/DandersFrames/Features/Dispel.lua:2974: attempt to call method 'IterateAllFrames' (a nil value)\nstack traceback:\n\t(string):1: in main chunk",
    "count": 1
  },
  {
    "message": "Lua Error: Interface/AddOns/DandersFrames/Features/Dispel.lua:2974: attempt to call method 'IterateAllFrames' (a nil value)\nstack traceback:\n\t(string):1: in main chunk\n[Interface/AddOns/Blizzard_ScriptErrors/Blizzard_ScriptErrors.lua]:59: in function 'GetErrorData'\n[Interface/AddOns/Blizzard_ScriptErrors/Blizzard_ScriptErrors.lua]:72: in function <[Interface/AddOns/Blizzard_ScriptErrors/Blizzard_ScriptErrors.lua]:71>",
    "count": 1
  }
]
