[  0.000s] [startup] wow-sim process started pid=4104905
[  0.000s] Resource limits: 2 CPU core(s)
[  0.000s] [Startup] WowLuaEnv::new begin
[  0.003s] [Startup] SimState::default complete in 2.66ms
[  0.003s] [Startup] rilua VM created in 146.67µs
[  0.003s] [Startup] builtin frames initialized in 99.15µs
[  0.003s] [Startup] template registry cleared in 10.37µs
[  0.003s] [Startup] intrinsic templates registered in 7.07µs
[  0.003s] [Startup] initial app_data lua handle installed in 571.00ns
[  0.159s] [Startup] init_lua_state complete in 156.08ms
[  0.159s] [Startup] final app_data lua handle installed in 431.00ns
[  0.159s] [Startup] initial screen globals installed in 89.60µs
[  0.159s] [Startup] WowLuaEnv::new complete
[  0.159s] [Startup] screen size set to 1600x1200 in 40.80µs
[  0.159s] [Startup] WowFontSystem::new begin casc=false
[  0.166s] [Startup] font system fallback loaded in 6.21ms
[  0.166s] [Startup] cosmic font system built in 10.52µs
[  0.166s] [Startup] swash cache created in 4.36µs
[  0.166s] [Startup] WowFontSystem::new complete in 6.25ms
[  0.166s] [Startup] font system created in 6.26ms
ALSA lib confmisc.c:855:(parse_card) [error.core] cannot find card '0'
ALSA lib conf.c:5211:(_snd_config_evaluate) [error.core] function snd_func_card_inum returned error: No such file or directory
ALSA lib confmisc.c:422:(snd_func_concat) [error.core] error evaluating strings
ALSA lib conf.c:5211:(_snd_config_evaluate) [error.core] function snd_func_concat returned error: No such file or directory
ALSA lib confmisc.c:1342:(snd_func_refer) [error.core] error evaluating name
ALSA lib conf.c:5211:(_snd_config_evaluate) [error.core] function snd_func_refer returned error: No such file or directory
ALSA lib conf.c:5734:(snd_config_expand) [error.core] Evaluate error: No such file or directory
ALSA lib pcm.c:2722:(snd_pcm_open_noupdate) [error.pcm] Unknown PCM default
[  0.166s] Sound: no audio device available
[  0.166s] [Startup] begin stop GC
[  0.166s] [Startup] end stop GC in 221.00ns
[  0.166s] [Startup] begin configure saved variables
[  0.166s] SavedVariables loading disabled
[  0.166s] [Startup] end configure saved variables in 1.39µs
[  0.166s] [Startup] begin load keybindings
[  0.166s] [Startup] end load keybindings in 140.00ns
[  0.166s] [Startup] begin configure edit mode cache
[  0.166s] EditMode cache source (read-only): 50868465#2 @ Burning Blade/Haky
[  0.166s] [Startup] end configure edit mode cache in 27.07µs
[  0.166s] [Startup] begin read ServerSnapshot edit mode layout
[  0.166s] [Startup] end read ServerSnapshot edit mode layout in 20.00ns
[  0.166s] [Startup] begin load edit mode cache
[  0.166s] Loaded EditMode layout cache from WTF
[  0.166s] [Startup] end load edit mode cache in 38.04µs
[  0.166s] [Startup] begin load ServerSnapshot character state
[  0.166s] [Startup] end load ServerSnapshot character state in 30.00ns
[  0.166s] [Startup] begin load Blizzard addons
[  0.173s] Loading 291 Blizzard addons...
[  2.935s] Blizzard addons loaded in 2.77s (io=21.74ms xml=154.12ms xmlproc=1.83s frames⊂xmlproc=1.81s lua=543.15ms [compile=448.09ms call=95.06ms] gc=deferred, bytecode cache: 0/1569 hits (0%, lookup_miss=0 replay_fail=0 stored=0 store_fail=0))
  frame breakdown: setup=858.29ms finalize=2.20s (2482 frames)
  setup: code_build=8.10ms exec_lua=850.61ms props=7.39ms
  finalize: layers=69.48ms (1151 tex, 689 fs) anim=20.24ms button=43.95ms lifecycle=792.19ms (1761 fires)
[  2.935s] [Startup] end load Blizzard addons in 2.77s
[  2.935s] [Startup] begin prepare chat frame for third-party addons
[  2.936s] [Startup] end prepare chat frame for third-party addons in 758.42µs
[  2.936s] [Startup] begin apply post-Blizzard load workarounds
[  2.936s] [Startup] applying post-load workarounds
[  2.935s] [Startup] apply_post_load_workarounds: begin
[  2.935s] [Workarounds] starting patch_edit_mode_manager
[  2.936s] [Workarounds] finished patch_edit_mode_manager in 384.64µs
[  2.936s] [Workarounds] starting init_edit_mode_layout
[  2.936s] [EditMode] starting setup_layout_info
[  2.941s] [EditMode] finished setup_layout_info in 5.35ms
[  2.941s] [EditMode] starting apply_system_anchors
[  3.128s] [EditMode] finished apply_system_anchors in 187.20ms
[  3.128s] [EditMode] starting finalize_action_bar_positions
[  3.131s] [EditMode] finished finalize_action_bar_positions in 2.23ms
[  3.131s] [EditMode] starting invoke_anchor_changed_hooks
[  3.131s] [EditMode] finished invoke_anchor_changed_hooks in 481.18µs
[  3.131s] [EditMode] starting fix_action_bar_nan_size
[  3.131s] [EditMode] finished fix_action_bar_nan_size in 51.09µs
[  3.131s] [EditMode] starting fix_action_bar_scale
[  3.131s] [EditMode] finished fix_action_bar_scale in 5.41µs
[  3.131s] [Workarounds] finished init_edit_mode_layout in 195.40ms
[  3.131s] [Workarounds] starting patch_ui_parent_panel_toggles
[  3.131s] [Workarounds] finished patch_ui_parent_panel_toggles in 283.42µs
[  3.131s] [Workarounds] starting patch_uiparent_onupdate_worklists
[  3.132s] [Workarounds] finished patch_uiparent_onupdate_worklists in 130.05µs
[  3.132s] [Workarounds] starting init_chat_type_colors
[  3.132s] [Workarounds] finished init_chat_type_colors in 147.18µs
[  3.132s] [Workarounds] starting patch_chat_voice_button_surface
[  3.132s] [Workarounds] finished patch_chat_voice_button_surface in 142.57µs
[  3.132s] [Workarounds] starting patch_item_socketing_tooltips
[  3.132s] [Workarounds] finished patch_item_socketing_tooltips in 73.66µs
[  3.132s] [Workarounds] starting patch_character_select_selected_name
[  3.132s] [Workarounds] finished patch_character_select_selected_name in 40.30µs
[  3.132s] [Workarounds] starting patch_character_create_defaults
[  3.132s] [Workarounds] finished patch_character_create_defaults in 285.04µs
[  3.132s] [Workarounds] starting patch_character_frame_title_refresh
[  3.141s] [Workarounds] finished patch_character_frame_title_refresh in 8.23ms
[  3.141s] [Workarounds] starting patch_vignette_pin_template
[  3.141s] [Workarounds] finished patch_vignette_pin_template in 123.86µs
[  3.141s] [Workarounds] starting patch_fog_of_war_pin_mixin
[  3.141s] [Workarounds] finished patch_fog_of_war_pin_mixin in 338.94µs
[  3.141s] [Workarounds] starting patch_map_exploration_pin_mixin
[  3.149s] [Workarounds] finished patch_map_exploration_pin_mixin in 7.73ms
[  3.149s] [Workarounds] starting patch_map_canvas_data_provider_attachment
[  3.149s] [Workarounds] finished patch_map_canvas_data_provider_attachment in 85.09µs
[  3.149s] [Workarounds] starting ensure_adventure_map_frame_surface
[  3.149s] [Workarounds] finished ensure_adventure_map_frame_surface in 579.56µs
[  3.149s] [Workarounds] starting patch_action_bar_button_event_fanout
[  3.150s] [Workarounds] finished patch_action_bar_button_event_fanout in 155.30µs
[  3.150s] [Workarounds] starting patch_paging_controls_page_text
[  3.150s] [Workarounds] finished patch_paging_controls_page_text in 37.49µs
[  3.150s] [Workarounds] starting patch_talent_edge_frame_level_sync
[  3.150s] [Workarounds] finished patch_talent_edge_frame_level_sync in 26.97µs
[  3.150s] [Workarounds] starting patch_catalog_shop_product_card_defaults
[  3.150s] [Workarounds] finished patch_catalog_shop_product_card_defaults in 55.39µs
[  3.150s] [Workarounds] starting patch_game_time_defaults
[  3.150s] [Workarounds] finished patch_game_time_defaults in 6.82µs
[  3.150s] [Workarounds] starting patch_tooltip_nineslice_surface
[  3.150s] [Workarounds] finished patch_tooltip_nineslice_surface in 40.00µs
[  3.150s] [Workarounds] starting patch_container_frame_token_tracker
[  3.150s] [Workarounds] finished patch_container_frame_token_tracker in 36.23µs
[  3.150s] [Workarounds] starting patch_achievement_display_set_achievements
[  3.150s] [Workarounds] finished patch_achievement_display_set_achievements in 6.98µs
[  3.150s] [Workarounds] starting patch_housing_dashboard_preload
[  3.150s] [Workarounds] finished patch_housing_dashboard_preload in 142.82µs
[  3.150s] [Workarounds] starting patch_lfg_lock_list
[  3.150s] [Workarounds] finished patch_lfg_lock_list in 31.68µs
[  3.150s] [Workarounds] starting patch_auction_house_browse_results_event
[  3.150s] [Workarounds] finished patch_auction_house_browse_results_event in 57.95µs
[  3.150s] [Workarounds] starting patch_auction_house_search_context_aliases
[  3.150s] [Workarounds] finished patch_auction_house_search_context_aliases in 25.83µs
[  3.150s] [Workarounds] starting patch_auth_challenge_frame_parent
[  3.150s] [Workarounds] finished patch_auth_challenge_frame_parent in 65.10µs
[  3.150s] [Workarounds] starting patch_settings_surface_defaults
[  3.150s] [Workarounds] finished patch_settings_surface_defaults in 306.34µs
[  3.150s] [Workarounds] starting patch_settings_canvas_layout_visibility
[  3.151s] [Workarounds] finished patch_settings_canvas_layout_visibility in 102.14µs
[  3.151s] [Startup] apply_post_load_workarounds: workarounds complete
[  3.213s] [Startup] apply_post_load_workarounds: globals restored
[  3.214s] [Startup] apply_post_load_workarounds: patch 12.1 compatibility restored
[  3.214s] [Startup] apply_post_load_workarounds: seterrorhandler restored
[  3.214s] [Startup] post-load workarounds complete in 278.37ms
[  3.214s] [Startup] end apply post-Blizzard load workarounds in 278.37ms
[  3.214s] [Startup] begin load third-party addons
[  3.226s] Loading 9 Blizzard addon dependencies for third-party addons...
[  3.370s] Loading 47 addons...
Lua error: @Interface/AddOns/AdvancedInterfaceOptions/cvars.lua: Lua error: Interface/AddOns/AdvancedInterfaceOptions/cvars.lua:1165: attempt to call local '(for state)' (a nil value)
stack traceback:
	(string):1: in main chunk
Lua error: Lua Error: @Interface/AddOns/AdvancedInterfaceOptions/cvars.lua: Lua error: Interface/AddOns/AdvancedInterfaceOptions/cvars.lua:1165: attempt to call local '(for state)' (a nil value)
stack traceback:
	(string):1: in main chunk
[Interface/AddOns/Blizzard_ScriptErrors/Blizzard_ScriptErrors.lua]:59: in function 'GetErrorData'
[Interface/AddOns/Blizzard_ScriptErrors/Blizzard_ScriptErrors.lua]:72: in function <[Interface/AddOns/Blizzard_ScriptErrors/Blizzard_ScriptErrors.lua]:71>

Lua error: @Interface/AddOns/AdvancedInterfaceOptions/browser.lua: Lua error: Interface/AddOns/AdvancedInterfaceOptions/browser.lua:2: attempt to call method 'Eve' (a nil value)
stack traceback:
	(string):1: in main chunk
Lua error: Lua Error: @Interface/AddOns/AdvancedInterfaceOptions/browser.lua: Lua error: Interface/AddOns/AdvancedInterfaceOptions/browser.lua:2: attempt to call method 'Eve' (a nil value)
stack traceback:
	(string):1: in main chunk
[Interface/AddOns/Blizzard_ScriptErrors/Blizzard_ScriptErrors.lua]:59: in function 'GetErrorData'
[Interface/AddOns/Blizzard_ScriptErrors/Blizzard_ScriptErrors.lua]:72: in function <[Interface/AddOns/Blizzard_ScriptErrors/Blizzard_ScriptErrors.lua]:71>

Lua error: @Interface/AddOns/AdvancedInterfaceOptions/basicOptions.lua: Lua error: Interface/AddOns/AdvancedInterfaceOptions/basicOptions.lua:2: attempt to call method 'Eve' (a nil value)
stack traceback:
	(string):1: in main chunk
Lua error: Lua Error: @Interface/AddOns/AdvancedInterfaceOptions/basicOptions.lua: Lua error: Interface/AddOns/AdvancedInterfaceOptions/basicOptions.lua:2: attempt to call method 'Eve' (a nil value)
stack traceback:
	(string):1: in main chunk
[Interface/AddOns/Blizzard_ScriptErrors/Blizzard_ScriptErrors.lua]:59: in function 'GetErrorData'
[Interface/AddOns/Blizzard_ScriptErrors/Blizzard_ScriptErrors.lua]:72: in function <[Interface/AddOns/Blizzard_ScriptErrors/Blizzard_ScriptErrors.lua]:71>

Lua error: IO error reading /syncthing/World of Warcraft/_retail_/Interface/AddOns/AstralKeys/Libs/LibStub/LibStub.lua: No such file or directory (os error 2)
stack traceback:
	(string):1: in main chunk
Lua error: Lua Error: IO error reading /syncthing/World of Warcraft/_retail_/Interface/AddOns/AstralKeys/Libs/LibStub/LibStub.lua: No such file or directory (os error 2)
stack traceback:
	(string):1: in main chunk
[Interface/AddOns/Blizzard_ScriptErrors/Blizzard_ScriptErrors.lua]:59: in function 'GetErrorData'
[Interface/AddOns/Blizzard_ScriptErrors/Blizzard_ScriptErrors.lua]:72: in function <[Interface/AddOns/Blizzard_ScriptErrors/Blizzard_ScriptErrors.lua]:71>

Lua error: @Interface/AddOns/AstralKeys/Dialog.lua: Lua error: Interface/AddOns/AstralKeys/Localization/Localization.lua:17: stack overflow
stack traceback:
	(string):1: in main chunk
Lua error: Lua Error: @Interface/AddOns/AstralKeys/Dialog.lua: Lua error: Interface/AddOns/AstralKeys/Localization/Localization.lua:17: stack overflow
stack traceback:
	(string):1: in main chunk
[Interface/AddOns/Blizzard_ScriptErrors/Blizzard_ScriptErrors.lua]:59: in function 'GetErrorData'
[Interface/AddOns/Blizzard_ScriptErrors/Blizzard_ScriptErrors.lua]:72: in function <[Interface/AddOns/Blizzard_ScriptErrors/Blizzard_ScriptErrors.lua]:71>

Lua error: @Interface/AddOns/AstralKeys/Communications.lua: Lua error: Interface/AddOns/AstralKeys/Communications.lua:252: attempt to index global 'AstralEvents' (a nil value)
stack traceback:
	(string):1: in main chunk
Lua error: Lua Error: @Interface/AddOns/AstralKeys/Communications.lua: Lua error: Interface/AddOns/AstralKeys/Communications.lua:252: attempt to index global 'AstralEvents' (a nil value)
stack traceback:
	(string):1: in main chunk
[Interface/AddOns/Blizzard_ScriptErrors/Blizzard_ScriptErrors.lua]:59: in function 'GetErrorData'
[Interface/AddOns/Blizzard_ScriptErrors/Blizzard_ScriptErrors.lua]:72: in function <[Interface/AddOns/Blizzard_ScriptErrors/Blizzard_ScriptErrors.lua]:71>

Lua error: @Interface/AddOns/AstralKeys/Lists/Friends.lua: Lua error: Interface/AddOns/AstralKeys/Lists/Friends.lua:75: attempt to index global 'AstralEvents' (a nil value)
stack traceback:
	(string):1: in main chunk
Lua error: Lua Error: @Interface/AddOns/AstralKeys/Lists/Friends.lua: Lua error: Interface/AddOns/AstralKeys/Lists/Friends.lua:75: attempt to index global 'AstralEvents' (a nil value)
stack traceback:
	(string):1: in main chunk
[Interface/AddOns/Blizzard_ScriptErrors/Blizzard_ScriptErrors.lua]:59: in function 'GetErrorData'
[Interface/AddOns/Blizzard_ScriptErrors/Blizzard_ScriptErrors.lua]:72: in function <[Interface/AddOns/Blizzard_ScriptErrors/Blizzard_ScriptErrors.lua]:71>

Lua error: @Interface/AddOns/AstralKeys/Lists/Guild.lua: Lua error: Interface/AddOns/AstralKeys/Lists/Guild.lua:19: attempt to index global 'AstralEvents' (a nil value)
stack traceback:
	(string):1: in main chunk
Lua error: Lua Error: @Interface/AddOns/AstralKeys/Lists/Guild.lua: Lua error: Interface/AddOns/AstralKeys/Lists/Guild.lua:19: attempt to index global 'AstralEvents' (a nil value)
stack traceback:
	(string):1: in main chunk
[Interface/AddOns/Blizzard_ScriptErrors/Blizzard_ScriptErrors.lua]:59: in function 'GetErrorData'
[Interface/AddOns/Blizzard_ScriptErrors/Blizzard_ScriptErrors.lua]:72: in function <[Interface/AddOns/Blizzard_ScriptErrors/Blizzard_ScriptErrors.lua]:71>

Lua error: @Interface/AddOns/AstralKeys/Dungeons.lua: Lua error: Interface/AddOns/AstralKeys/Localization/Localization.lua:17: stack overflow
stack traceback:
	(string):1: in main chunk
Lua error: Lua Error: @Interface/AddOns/AstralKeys/Dungeons.lua: Lua error: Interface/AddOns/AstralKeys/Localization/Localization.lua:17: stack overflow
stack traceback:
	(string):1: in main chunk
[Interface/AddOns/Blizzard_ScriptErrors/Blizzard_ScriptErrors.lua]:59: in function 'GetErrorData'
[Interface/AddOns/Blizzard_ScriptErrors/Blizzard_ScriptErrors.lua]:72: in function <[Interface/AddOns/Blizzard_ScriptErrors/Blizzard_ScriptErrors.lua]:71>

Lua error: @Interface/AddOns/AstralKeys/AstralKeys.lua: Lua error: Interface/AddOns/AstralKeys/AstralKeys.lua:93: attempt to index global 'AstralEvents' (a nil value)
stack traceback:
	(string):1: in main chunk
Lua error: Lua Error: @Interface/AddOns/AstralKeys/AstralKeys.lua: Lua error: Interface/AddOns/AstralKeys/AstralKeys.lua:93: attempt to index global 'AstralEvents' (a nil value)
stack traceback:
	(string):1: in main chunk
[Interface/AddOns/Blizzard_ScriptErrors/Blizzard_ScriptErrors.lua]:59: in function 'GetErrorData'
[Interface/AddOns/Blizzard_ScriptErrors/Blizzard_ScriptErrors.lua]:72: in function <[Interface/AddOns/Blizzard_ScriptErrors/Blizzard_ScriptErrors.lua]:71>

Lua error: IO error reading /syncthing/World of Warcraft/_retail_/Interface/AddOns/AstralKeys/Frame.lua: No such file or directory (os error 2)
stack traceback:
	(string):1: in main chunk
Lua error: Lua Error: IO error reading /syncthing/World of Warcraft/_retail_/Interface/AddOns/AstralKeys/Frame.lua: No such file or directory (os error 2)
stack traceback:
	(string):1: in main chunk
[Interface/AddOns/Blizzard_ScriptErrors/Blizzard_ScriptErrors.lua]:59: in function 'GetErrorData'
[Interface/AddOns/Blizzard_ScriptErrors/Blizzard_ScriptErrors.lua]:72: in function <[Interface/AddOns/Blizzard_ScriptErrors/Blizzard_ScriptErrors.lua]:71>

Lua error: @Interface/AddOns/AstralKeys/MinimapButton.lua: Lua error: Interface/AddOns/AstralKeys/MinimapButton.lua:4: attempt to call a nil value
stack traceback:
	(string):1: in main chunk
Lua error: Lua Error: @Interface/AddOns/AstralKeys/MinimapButton.lua: Lua error: Interface/AddOns/AstralKeys/MinimapButton.lua:4: attempt to call a nil value
stack traceback:
	(string):1: in main chunk
[Interface/AddOns/Blizzard_ScriptErrors/Blizzard_ScriptErrors.lua]:59: in function 'GetErrorData'
[Interface/AddOns/Blizzard_ScriptErrors/Blizzard_ScriptErrors.lua]:72: in function <[Interface/AddOns/Blizzard_ScriptErrors/Blizzard_ScriptErrors.lua]:71>

Lua error: IO error reading /syncthing/World of Warcraft/_retail_/Interface/AddOns/BetterBlizzFrames/libs/LibStub/LibStub.lua: No such file or directory (os error 2)
stack traceback:
	(string):1: in main chunk
Lua error: Lua Error: IO error reading /syncthing/World of Warcraft/_retail_/Interface/AddOns/BetterBlizzFrames/libs/LibStub/LibStub.lua: No such file or directory (os error 2)
stack traceback:
	(string):1: in main chunk
[Interface/AddOns/Blizzard_ScriptErrors/Blizzard_ScriptErrors.lua]:59: in function 'GetErrorData'
[Interface/AddOns/Blizzard_ScriptErrors/Blizzard_ScriptErrors.lua]:72: in function <[Interface/AddOns/Blizzard_ScriptErrors/Blizzard_ScriptErrors.lua]:71>

Lua error: @Interface/AddOns/BetterBlizzFrames/shared/functions.lua: Lua error: Interface/AddOns/BetterBlizzFrames/shared/functions.lua:329: attempt to call a nil value
stack traceback:
	(string):1: in main chunk
Lua error: Lua Error: @Interface/AddOns/BetterBlizzFrames/shared/functions.lua: Lua error: Interface/AddOns/BetterBlizzFrames/shared/functions.lua:329: attempt to call a nil value
stack traceback:
	(string):1: in main chunk
[Interface/AddOns/Blizzard_ScriptErrors/Blizzard_ScriptErrors.lua]:59: in function 'GetErrorData'
[Interface/AddOns/Blizzard_ScriptErrors/Blizzard_ScriptErrors.lua]:72: in function <[Interface/AddOns/Blizzard_ScriptErrors/Blizzard_ScriptErrors.lua]:71>

Lua error: @Interface/AddOns/BetterBlizzFrames/shared/ImportExport.lua: Lua error: Interface/AddOns/BetterBlizzFrames/shared/ImportExport.lua:2: attempt to call a nil value
stack traceback:
	(string):1: in main chunk
Lua error: Lua Error: @Interface/AddOns/BetterBlizzFrames/shared/ImportExport.lua: Lua error: Interface/AddOns/BetterBlizzFrames/shared/ImportExport.lua:2: attempt to call a nil value
stack traceback:
	(string):1: in main chunk
[Interface/AddOns/Blizzard_ScriptErrors/Blizzard_ScriptErrors.lua]:59: in function 'GetErrorData'
[Interface/AddOns/Blizzard_ScriptErrors/Blizzard_ScriptErrors.lua]:72: in function <[Interface/AddOns/Blizzard_ScriptErrors/Blizzard_ScriptErrors.lua]:71>

Lua error: @Interface/AddOns/BetterBlizzFrames/retail/modules/interruptIcon.lua: Lua error: ...ddOns/BetterBlizzFrames/retail/modules/interruptIcon.lua:333: attempt to call a nil value
stack traceback:
	(string):1: in main chunk
Lua error: Lua Error: @Interface/AddOns/BetterBlizzFrames/retail/modules/interruptIcon.lua: Lua error: ...ddOns/BetterBlizzFrames/retail/modules/interruptIcon.lua:333: attempt to call a nil value
stack traceback:
	(string):1: in main chunk
[Interface/AddOns/Blizzard_ScriptErrors/Blizzard_ScriptErrors.lua]:59: in function 'GetErrorData'
[Interface/AddOns/Blizzard_ScriptErrors/Blizzard_ScriptErrors.lua]:72: in function <[Interface/AddOns/Blizzard_ScriptErrors/Blizzard_ScriptErrors.lua]:71>

Lua error: @Interface/AddOns/BetterBlizzFrames/retail/modules/prd.lua: Lua error: Interface/AddOns/BetterBlizzFrames/retail/modules/prd.lua:1: attempt to call a nil value
stack traceback:
	(string):1: in main chunk
Lua error: Lua Error: @Interface/AddOns/BetterBlizzFrames/retail/modules/prd.lua: Lua error: Interface/AddOns/BetterBlizzFrames/retail/modules/prd.lua:1: attempt to call a nil value
stack traceback:
	(string):1: in main chunk
[Interface/AddOns/Blizzard_ScriptErrors/Blizzard_ScriptErrors.lua]:59: in function 'GetErrorData'
[Interface/AddOns/Blizzard_ScriptErrors/Blizzard_ScriptErrors.lua]:72: in function <[Interface/AddOns/Blizzard_ScriptErrors/Blizzard_ScriptErrors.lua]:71>

Lua error: @Interface/AddOns/BetterBlizzFrames/retail/gui.lua: Lua error: Interface/AddOns/BetterBlizzFrames/retail/gui.lua:2: attempt to index global 'LibStub' (a nil value)
stack traceback:
	(string):1: in main chunk
Lua error: Lua Error: @Interface/AddOns/BetterBlizzFrames/retail/gui.lua: Lua error: Interface/AddOns/BetterBlizzFrames/retail/gui.lua:2: attempt to index global 'LibStub' (a nil value)
stack traceback:
	(string):1: in main chunk
[Interface/AddOns/Blizzard_ScriptErrors/Blizzard_ScriptErrors.lua]:59: in function 'GetErrorData'
[Interface/AddOns/Blizzard_ScriptErrors/Blizzard_ScriptErrors.lua]:72: in function <[Interface/AddOns/Blizzard_ScriptErrors/Blizzard_ScriptErrors.lua]:71>

Lua error: IO error loading /syncthing/World of Warcraft/_retail_/Interface/AddOns/BlizzMove/Libs/CallbackHandler-1.0/CallbackHandler-1.0.xml: No such file or directory (os error 2)
stack traceback:
	(string):1: in main chunk
Lua error: Lua Error: IO error loading /syncthing/World of Warcraft/_retail_/Interface/AddOns/BlizzMove/Libs/CallbackHandler-1.0/CallbackHandler-1.0.xml: No such file or directory (os error 2)
stack traceback:
	(string):1: in main chunk
[Interface/AddOns/Blizzard_ScriptErrors/Blizzard_ScriptErrors.lua]:59: in function 'GetErrorData'
[Interface/AddOns/Blizzard_ScriptErrors/Blizzard_ScriptErrors.lua]:72: in function <[Interface/AddOns/Blizzard_ScriptErrors/Blizzard_ScriptErrors.lua]:71>

Lua error: XML error: IO error loading /syncthing/World of Warcraft/_retail_/Interface/AddOns/BlizzMove/Libs/CallbackHandler-1.0/CallbackHandler-1.0.xml: No such file or directory (os error 2)
stack traceback:
	(string):1: in main chunk
Lua error: Lua Error: XML error: IO error loading /syncthing/World of Warcraft/_retail_/Interface/AddOns/BlizzMove/Libs/CallbackHandler-1.0/CallbackHandler-1.0.xml: No such file or directory (os error 2)
stack traceback:
	(string):1: in main chunk
[Interface/AddOns/Blizzard_ScriptErrors/Blizzard_ScriptErrors.lua]:59: in function 'GetErrorData'
[Interface/AddOns/Blizzard_ScriptErrors/Blizzard_ScriptErrors.lua]:72: in function <[Interface/AddOns/Blizzard_ScriptErrors/Blizzard_ScriptErrors.lua]:71>

Lua error: IO error reading /syncthing/World of Warcraft/_retail_/Interface/AddOns/BlizzMove/Locale/enUS.lua: No such file or directory (os error 2)
stack traceback:
	(string):1: in main chunk
Lua error: Lua Error: IO error reading /syncthing/World of Warcraft/_retail_/Interface/AddOns/BlizzMove/Locale/enUS.lua: No such file or directory (os error 2)
stack traceback:
	(string):1: in main chunk
[Interface/AddOns/Blizzard_ScriptErrors/Blizzard_ScriptErrors.lua]:59: in function 'GetErrorData'
[Interface/AddOns/Blizzard_ScriptErrors/Blizzard_ScriptErrors.lua]:72: in function <[Interface/AddOns/Blizzard_ScriptErrors/Blizzard_ScriptErrors.lua]:71>

Lua error: @Interface/AddOns/BlizzMove/BlizzMove.lua: Lua error: Interface/AddOns/BlizzMove/BlizzMove.lua:34: Cannot find a library instance of "AceAddon-3.0".
stack traceback:
	(string):1: in main chunk
Lua error: Lua Error: @Interface/AddOns/BlizzMove/BlizzMove.lua: Lua error: Interface/AddOns/BlizzMove/BlizzMove.lua:34: Cannot find a library instance of "AceAddon-3.0".
stack traceback:
	(string):1: in main chunk
[Interface/AddOns/Blizzard_ScriptErrors/Blizzard_ScriptErrors.lua]:59: in function 'GetErrorData'
[Interface/AddOns/Blizzard_ScriptErrors/Blizzard_ScriptErrors.lua]:72: in function <[Interface/AddOns/Blizzard_ScriptErrors/Blizzard_ScriptErrors.lua]:71>

Lua error: @Interface/AddOns/BlizzMove/BlizzMoveConfig.lua: Lua error: Interface/AddOns/BlizzMove/BlizzMoveConfig.lua:13: Cannot find a library instance of "AceAddon-3.0".
stack traceback:
	(string):1: in main chunk
Lua error: Lua Error: @Interface/AddOns/BlizzMove/BlizzMoveConfig.lua: Lua error: Interface/AddOns/BlizzMove/BlizzMoveConfig.lua:13: Cannot find a library instance of "AceAddon-3.0".
stack traceback:
	(string):1: in main chunk
[Interface/AddOns/Blizzard_ScriptErrors/Blizzard_ScriptErrors.lua]:59: in function 'GetErrorData'
[Interface/AddOns/Blizzard_ScriptErrors/Blizzard_ScriptErrors.lua]:72: in function <[Interface/AddOns/Blizzard_ScriptErrors/Blizzard_ScriptErrors.lua]:71>

Lua error: @Interface/AddOns/BossHelper/Core/BossData.lua: Lua error: Interface/AddOns/BossHelper/Core/BossData.lua:37: attempt to index global 'BossHelper' (a nil value)
stack traceback:
	(string):1: in main chunk
Lua error: Lua Error: @Interface/AddOns/BossHelper/Core/BossData.lua: Lua error: Interface/AddOns/BossHelper/Core/BossData.lua:37: attempt to index global 'BossHelper' (a nil value)
stack traceback:
	(string):1: in main chunk
[Interface/AddOns/Blizzard_ScriptErrors/Blizzard_ScriptErrors.lua]:59: in function 'GetErrorData'
[Interface/AddOns/Blizzard_ScriptErrors/Blizzard_ScriptErrors.lua]:72: in function <[Interface/AddOns/Blizzard_ScriptErrors/Blizzard_ScriptErrors.lua]:71>

Lua error: @Interface/AddOns/BossHelper/Core/AffixData.lua: Lua error: Interface/AddOns/BossHelper/Core/AffixData.lua:8: attempt to index global 'BossHelper' (a nil value)
stack traceback:
	(string):1: in main chunk
Lua error: Lua Error: @Interface/AddOns/BossHelper/Core/AffixData.lua: Lua error: Interface/AddOns/BossHelper/Core/AffixData.lua:8: attempt to index global 'BossHelper' (a nil value)
stack traceback:
	(string):1: in main chunk
[Interface/AddOns/Blizzard_ScriptErrors/Blizzard_ScriptErrors.lua]:59: in function 'GetErrorData'
[Interface/AddOns/Blizzard_ScriptErrors/Blizzard_ScriptErrors.lua]:72: in function <[Interface/AddOns/Blizzard_ScriptErrors/Blizzard_ScriptErrors.lua]:71>

Lua error: @Interface/AddOns/BossHelper/Core/Functions.lua: Lua error: Interface/AddOns/BossHelper/Core/Functions.lua:10: attempt to index global 'BossHelper' (a nil value)
stack traceback:
	(string):1: in main chunk
Lua error: Lua Error: @Interface/AddOns/BossHelper/Core/Functions.lua: Lua error: Interface/AddOns/BossHelper/Core/Functions.lua:10: attempt to index global 'BossHelper' (a nil value)
stack traceback:
	(string):1: in main chunk
[Interface/AddOns/Blizzard_ScriptErrors/Blizzard_ScriptErrors.lua]:59: in function 'GetErrorData'
[Interface/AddOns/Blizzard_ScriptErrors/Blizzard_ScriptErrors.lua]:72: in function <[Interface/AddOns/Blizzard_ScriptErrors/Blizzard_ScriptErrors.lua]:71>

Lua error: @Interface/AddOns/BossHelper/Core/EditModeLogic.lua: Lua error: Interface/AddOns/BossHelper/Core/EditModeLogic.lua:3: attempt to index global 'BossHelper' (a nil value)
stack traceback:
	(string):1: in main chunk
Lua error: Lua Error: @Interface/AddOns/BossHelper/Core/EditModeLogic.lua: Lua error: Interface/AddOns/BossHelper/Core/EditModeLogic.lua:3: attempt to index global 'BossHelper' (a nil value)
stack traceback:
	(string):1: in main chunk
[Interface/AddOns/Blizzard_ScriptErrors/Blizzard_ScriptErrors.lua]:59: in function 'GetErrorData'
[Interface/AddOns/Blizzard_ScriptErrors/Blizzard_ScriptErrors.lua]:72: in function <[Interface/AddOns/Blizzard_ScriptErrors/Blizzard_ScriptErrors.lua]:71>

Lua error: @Interface/AddOns/BossHelper/UI/StartPage.lua: Lua error: Interface/AddOns/BossHelper/UI/StartPage.lua:12: attempt to index field 'UI' (a nil value)
stack traceback:
	(string):1: in main chunk
Lua error: Lua Error: @Interface/AddOns/BossHelper/UI/StartPage.lua: Lua error: Interface/AddOns/BossHelper/UI/StartPage.lua:12: attempt to index field 'UI' (a nil value)
stack traceback:
	(string):1: in main chunk
[Interface/AddOns/Blizzard_ScriptErrors/Blizzard_ScriptErrors.lua]:59: in function 'GetErrorData'
[Interface/AddOns/Blizzard_ScriptErrors/Blizzard_ScriptErrors.lua]:72: in function <[Interface/AddOns/Blizzard_ScriptErrors/Blizzard_ScriptErrors.lua]:71>

Lua error: @Interface/AddOns/BossHelper/UI/Settings.lua: Lua error: Interface/AddOns/BossHelper/UI/Settings.lua:40: attempt to index field 'UI' (a nil value)
stack traceback:
	(string):1: in main chunk
Lua error: Lua Error: @Interface/AddOns/BossHelper/UI/Settings.lua: Lua error: Interface/AddOns/BossHelper/UI/Settings.lua:40: attempt to index field 'UI' (a nil value)
stack traceback:
	(string):1: in main chunk
[Interface/AddOns/Blizzard_ScriptErrors/Blizzard_ScriptErrors.lua]:59: in function 'GetErrorData'
[Interface/AddOns/Blizzard_ScriptErrors/Blizzard_ScriptErrors.lua]:72: in function <[Interface/AddOns/Blizzard_ScriptErrors/Blizzard_ScriptErrors.lua]:71>

Lua error: @Interface/AddOns/BossHelper/UI/EditTactics.lua: Lua error: Interface/AddOns/BossHelper/UI/EditTactics.lua:28: attempt to index field 'UI' (a nil value)
stack traceback:
	(string):1: in main chunk
Lua error: Lua Error: @Interface/AddOns/BossHelper/UI/EditTactics.lua: Lua error: Interface/AddOns/BossHelper/UI/EditTactics.lua:28: attempt to index field 'UI' (a nil value)
stack traceback:
	(string):1: in main chunk
[Interface/AddOns/Blizzard_ScriptErrors/Blizzard_ScriptErrors.lua]:59: in function 'GetErrorData'
[Interface/AddOns/Blizzard_ScriptErrors/Blizzard_ScriptErrors.lua]:72: in function <[Interface/AddOns/Blizzard_ScriptErrors/Blizzard_ScriptErrors.lua]:71>

Lua error: @Interface/AddOns/BossHelper/UI/Affixes.lua: Lua error: Interface/AddOns/BossHelper/UI/Affixes.lua:10: attempt to index field 'AffixData' (a nil value)
stack traceback:
	(string):1: in main chunk
Lua error: Lua Error: @Interface/AddOns/BossHelper/UI/Affixes.lua: Lua error: Interface/AddOns/BossHelper/UI/Affixes.lua:10: attempt to index field 'AffixData' (a nil value)
stack traceback:
	(string):1: in main chunk
[Interface/AddOns/Blizzard_ScriptErrors/Blizzard_ScriptErrors.lua]:59: in function 'GetErrorData'
[Interface/AddOns/Blizzard_ScriptErrors/Blizzard_ScriptErrors.lua]:72: in function <[Interface/AddOns/Blizzard_ScriptErrors/Blizzard_ScriptErrors.lua]:71>

Lua error: @Interface/AddOns/BossHelper/UI/QuickStart.lua: Lua error: Interface/AddOns/BossHelper/UI/QuickStart.lua:11: attempt to index field 'UI' (a nil value)
stack traceback:
	(string):1: in main chunk
Lua error: Lua Error: @Interface/AddOns/BossHelper/UI/QuickStart.lua: Lua error: Interface/AddOns/BossHelper/UI/QuickStart.lua:11: attempt to index field 'UI' (a nil value)
stack traceback:
	(string):1: in main chunk
[Interface/AddOns/Blizzard_ScriptErrors/Blizzard_ScriptErrors.lua]:59: in function 'GetErrorData'
[Interface/AddOns/Blizzard_ScriptErrors/Blizzard_ScriptErrors.lua]:72: in function <[Interface/AddOns/Blizzard_ScriptErrors/Blizzard_ScriptErrors.lua]:71>

Lua error: @Interface/AddOns/BossHelper/Modules/MiniWindow.lua: Lua error: Interface/AddOns/BossHelper/Modules/MiniWindow.lua:97: attempt to index field 'UI' (a nil value)
stack traceback:
	(string):1: in main chunk
Lua error: Lua Error: @Interface/AddOns/BossHelper/Modules/MiniWindow.lua: Lua error: Interface/AddOns/BossHelper/Modules/MiniWindow.lua:97: attempt to index field 'UI' (a nil value)
stack traceback:
	(string):1: in main chunk
[Interface/AddOns/Blizzard_ScriptErrors/Blizzard_ScriptErrors.lua]:59: in function 'GetErrorData'
[Interface/AddOns/Blizzard_ScriptErrors/Blizzard_ScriptErrors.lua]:72: in function <[Interface/AddOns/Blizzard_ScriptErrors/Blizzard_ScriptErrors.lua]:71>

Lua error: IO error reading /syncthing/World of Warcraft/_retail_/Interface/AddOns/BugSack/Libs/LibStub/LibStub.lua: No such file or directory (os error 2)
stack traceback:
	(string):1: in main chunk
Lua error: Lua Error: IO error reading /syncthing/World of Warcraft/_retail_/Interface/AddOns/BugSack/Libs/LibStub/LibStub.lua: No such file or directory (os error 2)
stack traceback:
	(string):1: in main chunk
[Interface/AddOns/Blizzard_ScriptErrors/Blizzard_ScriptErrors.lua]:59: in function 'GetErrorData'
[Interface/AddOns/Blizzard_ScriptErrors/Blizzard_ScriptErrors.lua]:72: in function <[Interface/AddOns/Blizzard_ScriptErrors/Blizzard_ScriptErrors.lua]:71>

Lua error: IO error reading /syncthing/World of Warcraft/_retail_/Interface/AddOns/Chattynator/Libs/LibSharedMedia-3.0/LibSharedMedia-3.0.lua: No such file or directory (os error 2)
stack traceback:
	(string):1: in main chunk
Lua error: Lua Error: IO error reading /syncthing/World of Warcraft/_retail_/Interface/AddOns/Chattynator/Libs/LibSharedMedia-3.0/LibSharedMedia-3.0.lua: No such file or directory (os error 2)
stack traceback:
	(string):1: in main chunk
[Interface/AddOns/Blizzard_ScriptErrors/Blizzard_ScriptErrors.lua]:59: in function 'GetErrorData'
[Interface/AddOns/Blizzard_ScriptErrors/Blizzard_ScriptErrors.lua]:72: in function <[Interface/AddOns/Blizzard_ScriptErrors/Blizzard_ScriptErrors.lua]:71>

Lua error: @Interface/AddOns/Chattynator/Core/Config.lua: Lua error: Interface/AddOns/Chattynator/Core/Config.lua:77: attempt to index field 'Constants' (a nil value)
stack traceback:
	(string):1: in main chunk
Lua error: Lua Error: @Interface/AddOns/Chattynator/Core/Config.lua: Lua error: Interface/AddOns/Chattynator/Core/Config.lua:77: attempt to index field 'Constants' (a nil value)
stack traceback:
	(string):1: in main chunk
[Interface/AddOns/Blizzard_ScriptErrors/Blizzard_ScriptErrors.lua]:59: in function 'GetErrorData'
[Interface/AddOns/Blizzard_ScriptErrors/Blizzard_ScriptErrors.lua]:72: in function <[Interface/AddOns/Blizzard_ScriptErrors/Blizzard_ScriptErrors.lua]:71>

Lua error: @Interface/AddOns/Chattynator/Core/Utilities.lua: Lua error: Interface/AddOns/Chattynator/Core/Utilities.lua:4: attempt to index field 'Utilities' (a nil value)
stack traceback:
	(string):1: in main chunk
Lua error: Lua Error: @Interface/AddOns/Chattynator/Core/Utilities.lua: Lua error: Interface/AddOns/Chattynator/Core/Utilities.lua:4: attempt to index field 'Utilities' (a nil value)
stack traceback:
	(string):1: in main chunk
[Interface/AddOns/Blizzard_ScriptErrors/Blizzard_ScriptErrors.lua]:59: in function 'GetErrorData'
[Interface/AddOns/Blizzard_ScriptErrors/Blizzard_ScriptErrors.lua]:72: in function <[Interface/AddOns/Blizzard_ScriptErrors/Blizzard_ScriptErrors.lua]:71>

Lua error: @Interface/AddOns/Chattynator/Core/Fonts.lua: Lua error: Interface/AddOns/Chattynator/Core/Fonts.lua:4: Cannot find a library instance of "LibSharedMedia-3.0".
stack traceback:
	(string):1: in main chunk
Lua error: Lua Error: @Interface/AddOns/Chattynator/Core/Fonts.lua: Lua error: Interface/AddOns/Chattynator/Core/Fonts.lua:4: Cannot find a library instance of "LibSharedMedia-3.0".
stack traceback:
	(string):1: in main chunk
[Interface/AddOns/Blizzard_ScriptErrors/Blizzard_ScriptErrors.lua]:59: in function 'GetErrorData'
[Interface/AddOns/Blizzard_ScriptErrors/Blizzard_ScriptErrors.lua]:72: in function <[Interface/AddOns/Blizzard_ScriptErrors/Blizzard_ScriptErrors.lua]:71>

Lua error: @Interface/AddOns/Chattynator/Core/Overrides.lua: Lua error: Interface/AddOns/Chattynator/Core/Overrides.lua:4: attempt to index field 'Core' (a nil value)
stack traceback:
	(string):1: in main chunk
Lua error: Lua Error: @Interface/AddOns/Chattynator/Core/Overrides.lua: Lua error: Interface/AddOns/Chattynator/Core/Overrides.lua:4: attempt to index field 'Core' (a nil value)
stack traceback:
	(string):1: in main chunk
[Interface/AddOns/Blizzard_ScriptErrors/Blizzard_ScriptErrors.lua]:59: in function 'GetErrorData'
[Interface/AddOns/Blizzard_ScriptErrors/Blizzard_ScriptErrors.lua]:72: in function <[Interface/AddOns/Blizzard_ScriptErrors/Blizzard_ScriptErrors.lua]:71>

Lua error: @Interface/AddOns/Chattynator/Core/Initialize.lua: Lua error: Interface/AddOns/Chattynator/Core/Initialize.lua:6: attempt to index field 'Constants' (a nil value)
stack traceback:
	(string):1: in main chunk
Lua error: Lua Error: @Interface/AddOns/Chattynator/Core/Initialize.lua: Lua error: Interface/AddOns/Chattynator/Core/Initialize.lua:6: attempt to index field 'Constants' (a nil value)
stack traceback:
	(string):1: in main chunk
[Interface/AddOns/Blizzard_ScriptErrors/Blizzard_ScriptErrors.lua]:59: in function 'GetErrorData'
[Interface/AddOns/Blizzard_ScriptErrors/Blizzard_ScriptErrors.lua]:72: in function <[Interface/AddOns/Blizzard_ScriptErrors/Blizzard_ScriptErrors.lua]:71>

Lua error: @Interface/AddOns/Chattynator/Display/Tabs.lua: Lua error: Interface/AddOns/Chattynator/Display/Tabs.lua:23: attempt to index field 'Display' (a nil value)
stack traceback:
	(string):1: in main chunk
Lua error: Lua Error: @Interface/AddOns/Chattynator/Display/Tabs.lua: Lua error: Interface/AddOns/Chattynator/Display/Tabs.lua:23: attempt to index field 'Display' (a nil value)
stack traceback:
	(string):1: in main chunk
[Interface/AddOns/Blizzard_ScriptErrors/Blizzard_ScriptErrors.lua]:59: in function 'GetErrorData'
[Interface/AddOns/Blizzard_ScriptErrors/Blizzard_ScriptErrors.lua]:72: in function <[Interface/AddOns/Blizzard_ScriptErrors/Blizzard_ScriptErrors.lua]:71>

Lua error: @Interface/AddOns/Chattynator/Modifiers/URLs.lua: Lua error: Interface/AddOns/Chattynator/Modifiers/URLs.lua:23: attempt to index field 'Modifiers' (a nil value)
stack traceback:
	(string):1: in main chunk
Lua error: Lua Error: @Interface/AddOns/Chattynator/Modifiers/URLs.lua: Lua error: Interface/AddOns/Chattynator/Modifiers/URLs.lua:23: attempt to index field 'Modifiers' (a nil value)
stack traceback:
	(string):1: in main chunk
[Interface/AddOns/Blizzard_ScriptErrors/Blizzard_ScriptErrors.lua]:59: in function 'GetErrorData'
[Interface/AddOns/Blizzard_ScriptErrors/Blizzard_ScriptErrors.lua]:72: in function <[Interface/AddOns/Blizzard_ScriptErrors/Blizzard_ScriptErrors.lua]:71>

Lua error: @Interface/AddOns/Chattynator/Modifiers/RedundantText.lua: Lua error: Interface/AddOns/Chattynator/Modifiers/RedundantText.lua:37: attempt to index field 'Modifiers' (a nil value)
stack traceback:
	(string):1: in main chunk
Lua error: Lua Error: @Interface/AddOns/Chattynator/Modifiers/RedundantText.lua: Lua error: Interface/AddOns/Chattynator/Modifiers/RedundantText.lua:37: attempt to index field 'Modifiers' (a nil value)
stack traceback:
	(string):1: in main chunk
[Interface/AddOns/Blizzard_ScriptErrors/Blizzard_ScriptErrors.lua]:59: in function 'GetErrorData'
[Interface/AddOns/Blizzard_ScriptErrors/Blizzard_ScriptErrors.lua]:72: in function <[Interface/AddOns/Blizzard_ScriptErrors/Blizzard_ScriptErrors.lua]:71>

Lua error: @Interface/AddOns/Chattynator/Skins/Main.lua: Lua error: Interface/AddOns/Chattynator/Skins/Main.lua:4: attempt to index field 'Skins' (a nil value)
stack traceback:
	(string):1: in main chunk
Lua error: Lua Error: @Interface/AddOns/Chattynator/Skins/Main.lua: Lua error: Interface/AddOns/Chattynator/Skins/Main.lua:4: attempt to index field 'Skins' (a nil value)
stack traceback:
	(string):1: in main chunk
[Interface/AddOns/Blizzard_ScriptErrors/Blizzard_ScriptErrors.lua]:59: in function 'GetErrorData'
[Interface/AddOns/Blizzard_ScriptErrors/Blizzard_ScriptErrors.lua]:72: in function <[Interface/AddOns/Blizzard_ScriptErrors/Blizzard_ScriptErrors.lua]:71>

Lua error: @Interface/AddOns/Chattynator/Skins/Blizzard.lua: Lua error: Interface/AddOns/Chattynator/Skins/Blizzard.lua:294: attempt to index field 'Skins' (a nil value)
stack traceback:
	(string):1: in main chunk
Lua error: Lua Error: @Interface/AddOns/Chattynator/Skins/Blizzard.lua: Lua error: Interface/AddOns/Chattynator/Skins/Blizzard.lua:294: attempt to index field 'Skins' (a nil value)
stack traceback:
	(string):1: in main chunk
[Interface/AddOns/Blizzard_ScriptErrors/Blizzard_ScriptErrors.lua]:59: in function 'GetErrorData'
[Interface/AddOns/Blizzard_ScriptErrors/Blizzard_ScriptErrors.lua]:72: in function <[Interface/AddOns/Blizzard_ScriptErrors/Blizzard_ScriptErrors.lua]:71>

Lua error: @Interface/AddOns/Chattynator/Skins/Dark.lua: Lua error: Interface/AddOns/Chattynator/Skins/Dark.lua:457: attempt to index field 'Skins' (a nil value)
stack traceback:
	(string):1: in main chunk
Lua error: Lua Error: @Interface/AddOns/Chattynator/Skins/Dark.lua: Lua error: Interface/AddOns/Chattynator/Skins/Dark.lua:457: attempt to index field 'Skins' (a nil value)
stack traceback:
	(string):1: in main chunk
[Interface/AddOns/Blizzard_ScriptErrors/Blizzard_ScriptErrors.lua]:59: in function 'GetErrorData'
[Interface/AddOns/Blizzard_ScriptErrors/Blizzard_ScriptErrors.lua]:72: in function <[Interface/AddOns/Blizzard_ScriptErrors/Blizzard_ScriptErrors.lua]:71>

Lua error: @Interface/AddOns/Chattynator/CustomiseDialog/Initialize.lua: Lua error: Interface/AddOns/Chattynator/CustomiseDialog/Initialize.lua:5: attempt to index field 'CustomiseDialog' (a nil value)
stack traceback:
	(string):1: in main chunk
Lua error: Lua Error: @Interface/AddOns/Chattynator/CustomiseDialog/Initialize.lua: Lua error: Interface/AddOns/Chattynator/CustomiseDialog/Initialize.lua:5: attempt to index field 'CustomiseDialog' (a nil value)
stack traceback:
	(string):1: in main chunk
[Interface/AddOns/Blizzard_ScriptErrors/Blizzard_ScriptErrors.lua]:59: in function 'GetErrorData'
[Interface/AddOns/Blizzard_ScriptErrors/Blizzard_ScriptErrors.lua]:72: in function <[Interface/AddOns/Blizzard_ScriptErrors/Blizzard_ScriptErrors.lua]:71>

Lua error: @Interface/AddOns/Chattynator/CustomiseDialog/Filtering.lua: Lua error: Interface/AddOns/Chattynator/CustomiseDialog/Filtering.lua:4: attempt to index field 'CustomiseDialog' (a nil value)
stack traceback:
	(string):1: in main chunk
Lua error: Lua Error: @Interface/AddOns/Chattynator/CustomiseDialog/Filtering.lua: Lua error: Interface/AddOns/Chattynator/CustomiseDialog/Filtering.lua:4: attempt to index field 'CustomiseDialog' (a nil value)
stack traceback:
	(string):1: in main chunk
[Interface/AddOns/Blizzard_ScriptErrors/Blizzard_ScriptErrors.lua]:59: in function 'GetErrorData'
[Interface/AddOns/Blizzard_ScriptErrors/Blizzard_ScriptErrors.lua]:72: in function <[Interface/AddOns/Blizzard_ScriptErrors/Blizzard_ScriptErrors.lua]:71>

Lua error: IO error reading /syncthing/World of Warcraft/_retail_/Interface/AddOns/Clicked/Libs/LibStub/LibStub.lua: No such file or directory (os error 2)
stack traceback:
	(string):1: in main chunk
Lua error: Lua Error: IO error reading /syncthing/World of Warcraft/_retail_/Interface/AddOns/Clicked/Libs/LibStub/LibStub.lua: No such file or directory (os error 2)
stack traceback:
	(string):1: in main chunk
[Interface/AddOns/Blizzard_ScriptErrors/Blizzard_ScriptErrors.lua]:59: in function 'GetErrorData'
[Interface/AddOns/Blizzard_ScriptErrors/Blizzard_ScriptErrors.lua]:72: in function <[Interface/AddOns/Blizzard_ScriptErrors/Blizzard_ScriptErrors.lua]:71>

Lua error: IO error reading /syncthing/World of Warcraft/_retail_/Interface/AddOns/Clicked/Widgets/AceGUIContainer-ClickedTreeGroup.lua: No such file or directory (os error 2)
stack traceback:
	(string):1: in main chunk
Lua error: Lua Error: IO error reading /syncthing/World of Warcraft/_retail_/Interface/AddOns/Clicked/Widgets/AceGUIContainer-ClickedTreeGroup.lua: No such file or directory (os error 2)
stack traceback:
	(string):1: in main chunk
[Interface/AddOns/Blizzard_ScriptErrors/Blizzard_ScriptErrors.lua]:59: in function 'GetErrorData'
[Interface/AddOns/Blizzard_ScriptErrors/Blizzard_ScriptErrors.lua]:72: in function <[Interface/AddOns/Blizzard_ScriptErrors/Blizzard_ScriptErrors.lua]:71>

Lua error: @Interface/AddOns/Clicked/Core/BindingProcessor.lua: Lua error: Interface/AddOns/Clicked/Core/BindingProcessor.lua:24: attempt to index global 'Clicked' (a nil value)
stack traceback:
	(string):1: in main chunk
Lua error: Lua Error: @Interface/AddOns/Clicked/Core/BindingProcessor.lua: Lua error: Interface/AddOns/Clicked/Core/BindingProcessor.lua:24: attempt to index global 'Clicked' (a nil value)
stack traceback:
	(string):1: in main chunk
[Interface/AddOns/Blizzard_ScriptErrors/Blizzard_ScriptErrors.lua]:59: in function 'GetErrorData'
[Interface/AddOns/Blizzard_ScriptErrors/Blizzard_ScriptErrors.lua]:72: in function <[Interface/AddOns/Blizzard_ScriptErrors/Blizzard_ScriptErrors.lua]:71>

Lua error: @Interface/AddOns/Clicked/Conditions/ConditionUtils.lua: Lua error: Interface/AddOns/Clicked/Conditions/ConditionUtils.lua:37: Cannot find a library instance of "LibTalentInfo-1.0".
stack traceback:
	(string):1: in main chunk
Lua error: Lua Error: @Interface/AddOns/Clicked/Conditions/ConditionUtils.lua: Lua error: Interface/AddOns/Clicked/Conditions/ConditionUtils.lua:37: Cannot find a library instance of "LibTalentInfo-1.0".
stack traceback:
	(string):1: in main chunk
[Interface/AddOns/Blizzard_ScriptErrors/Blizzard_ScriptErrors.lua]:59: in function 'GetErrorData'
[Interface/AddOns/Blizzard_ScriptErrors/Blizzard_ScriptErrors.lua]:72: in function <[Interface/AddOns/Blizzard_ScriptErrors/Blizzard_ScriptErrors.lua]:71>

Lua error: @Interface/AddOns/Clicked/Conditions/LoadConditions.lua: Lua error: Interface/AddOns/Clicked/Conditions/LoadConditions.lua:47: attempt to call method 'IsForever' (a nil value)
stack traceback:
	(string):1: in main chunk
Lua error: Lua Error: @Interface/AddOns/Clicked/Conditions/LoadConditions.lua: Lua error: Interface/AddOns/Clicked/Conditions/LoadConditions.lua:47: attempt to call method 'IsForever' (a nil value)
stack traceback:
	(string):1: in main chunk
[Interface/AddOns/Blizzard_ScriptErrors/Blizzard_ScriptErrors.lua]:59: in function 'GetErrorData'
[Interface/AddOns/Blizzard_ScriptErrors/Blizzard_ScriptErrors.lua]:72: in function <[Interface/AddOns/Blizzard_ScriptErrors/Blizzard_ScriptErrors.lua]:71>

Lua error: @Interface/AddOns/Clicked/Config/Profile.lua: Lua error: Interface/AddOns/Clicked/Config/Profile.lua:17: Cannot find a library instance of "AceConfig-3.0".
stack traceback:
	(string):1: in main chunk
Lua error: Lua Error: @Interface/AddOns/Clicked/Config/Profile.lua: Lua error: Interface/AddOns/Clicked/Config/Profile.lua:17: Cannot find a library instance of "AceConfig-3.0".
stack traceback:
	(string):1: in main chunk
[Interface/AddOns/Blizzard_ScriptErrors/Blizzard_ScriptErrors.lua]:59: in function 'GetErrorData'
[Interface/AddOns/Blizzard_ScriptErrors/Blizzard_ScriptErrors.lua]:72: in function <[Interface/AddOns/Blizzard_ScriptErrors/Blizzard_ScriptErrors.lua]:71>

Lua error: @Interface/AddOns/Clicked/Config/KeyVisualizer.lua: Lua error: Interface/AddOns/Clicked/Config/KeyVisualizer.lua:17: Cannot find a library instance of "AceGUI-3.0".
stack traceback:
	(string):1: in main chunk
Lua error: Lua Error: @Interface/AddOns/Clicked/Config/KeyVisualizer.lua: Lua error: Interface/AddOns/Clicked/Config/KeyVisualizer.lua:17: Cannot find a library instance of "AceGUI-3.0".
stack traceback:
	(string):1: in main chunk
[Interface/AddOns/Blizzard_ScriptErrors/Blizzard_ScriptErrors.lua]:59: in function 'GetErrorData'
[Interface/AddOns/Blizzard_ScriptErrors/Blizzard_ScriptErrors.lua]:72: in function <[Interface/AddOns/Blizzard_ScriptErrors/Blizzard_ScriptErrors.lua]:71>

Lua error: @Interface/AddOns/Clicked/Debug/StatusOutput.lua: Lua error: Interface/AddOns/Clicked/Debug/StatusOutput.lua:17: Cannot find a library instance of "AceGUI-3.0".
stack traceback:
	(string):1: in main chunk
Lua error: Lua Error: @Interface/AddOns/Clicked/Debug/StatusOutput.lua: Lua error: Interface/AddOns/Clicked/Debug/StatusOutput.lua:17: Cannot find a library instance of "AceGUI-3.0".
stack traceback:
	(string):1: in main chunk
[Interface/AddOns/Blizzard_ScriptErrors/Blizzard_ScriptErrors.lua]:59: in function 'GetErrorData'
[Interface/AddOns/Blizzard_ScriptErrors/Blizzard_ScriptErrors.lua]:72: in function <[Interface/AddOns/Blizzard_ScriptErrors/Blizzard_ScriptErrors.lua]:71>

Lua error: IO error reading /syncthing/World of Warcraft/_retail_/Interface/AddOns/Clicked/BindingConfig/Tabs/Action.lua: No such file or directory (os error 2)
stack traceback:
	(string):1: in main chunk
Lua error: Lua Error: IO error reading /syncthing/World of Warcraft/_retail_/Interface/AddOns/Clicked/BindingConfig/Tabs/Action.lua: No such file or directory (os error 2)
stack traceback:
	(string):1: in main chunk
[Interface/AddOns/Blizzard_ScriptErrors/Blizzard_ScriptErrors.lua]:59: in function 'GetErrorData'
[Interface/AddOns/Blizzard_ScriptErrors/Blizzard_ScriptErrors.lua]:72: in function <[Interface/AddOns/Blizzard_ScriptErrors/Blizzard_ScriptErrors.lua]:71>

Lua error: @Interface/AddOns/Clicked/BindingConfig/BindingConfig.lua: Lua error: Interface/AddOns/Clicked/BindingConfig/BindingConfig.lua:31: Cannot find a library instance of "AceGUI-3.0".
stack traceback:
	(string):1: in main chunk
Lua error: Lua Error: @Interface/AddOns/Clicked/BindingConfig/BindingConfig.lua: Lua error: Interface/AddOns/Clicked/BindingConfig/BindingConfig.lua:31: Cannot find a library instance of "AceGUI-3.0".
stack traceback:
	(string):1: in main chunk
[Interface/AddOns/Blizzard_ScriptErrors/Blizzard_ScriptErrors.lua]:59: in function 'GetErrorData'
[Interface/AddOns/Blizzard_ScriptErrors/Blizzard_ScriptErrors.lua]:72: in function <[Interface/AddOns/Blizzard_ScriptErrors/Blizzard_ScriptErrors.lua]:71>

Lua error: @Interface/AddOns/CursorRing/Locales/enUS.lua: Lua error: Interface/AddOns/CursorRing/Locales/enUS.lua:2: attempt to call field 'NewLocale' (a nil value)
stack traceback:
	(string):1: in main chunk
Lua error: Lua Error: @Interface/AddOns/CursorRing/Locales/enUS.lua: Lua error: Interface/AddOns/CursorRing/Locales/enUS.lua:2: attempt to call field 'NewLocale' (a nil value)
stack traceback:
	(string):1: in main chunk
[Interface/AddOns/Blizzard_ScriptErrors/Blizzard_ScriptErrors.lua]:59: in function 'GetErrorData'
[Interface/AddOns/Blizzard_ScriptErrors/Blizzard_ScriptErrors.lua]:72: in function <[Interface/AddOns/Blizzard_ScriptErrors/Blizzard_ScriptErrors.lua]:71>

Lua error: @Interface/AddOns/CursorRing/Locales/deDE.lua: Lua error: Interface/AddOns/CursorRing/Locales/deDE.lua:2: attempt to call field 'NewLocale' (a nil value)
stack traceback:
	(string):1: in main chunk
Lua error: Lua Error: @Interface/AddOns/CursorRing/Locales/deDE.lua: Lua error: Interface/AddOns/CursorRing/Locales/deDE.lua:2: attempt to call field 'NewLocale' (a nil value)
stack traceback:
	(string):1: in main chunk
[Interface/AddOns/Blizzard_ScriptErrors/Blizzard_ScriptErrors.lua]:59: in function 'GetErrorData'
[Interface/AddOns/Blizzard_ScriptErrors/Blizzard_ScriptErrors.lua]:72: in function <[Interface/AddOns/Blizzard_ScriptErrors/Blizzard_ScriptErrors.lua]:71>

Lua error: @Interface/AddOns/CursorRing/Locales/zhCN.lua: Lua error: Interface/AddOns/CursorRing/Locales/zhCN.lua:2: attempt to call field 'NewLocale' (a nil value)
stack traceback:
	(string):1: in main chunk
Lua error: Lua Error: @Interface/AddOns/CursorRing/Locales/zhCN.lua: Lua error: Interface/AddOns/CursorRing/Locales/zhCN.lua:2: attempt to call field 'NewLocale' (a nil value)
stack traceback:
	(string):1: in main chunk
[Interface/AddOns/Blizzard_ScriptErrors/Blizzard_ScriptErrors.lua]:59: in function 'GetErrorData'
[Interface/AddOns/Blizzard_ScriptErrors/Blizzard_ScriptErrors.lua]:72: in function <[Interface/AddOns/Blizzard_ScriptErrors/Blizzard_ScriptErrors.lua]:71>

Lua error: @Interface/AddOns/CursorRing/Modules/Resources/Druid.lua: Lua error: Interface/AddOns/CursorRing/Modules/Resources/Druid.lua:5: attempt to call field 'RegisterResourceModule' (a nil value)
stack traceback:
	(string):1: in main chunk
Lua error: Lua Error: @Interface/AddOns/CursorRing/Modules/Resources/Druid.lua: Lua error: Interface/AddOns/CursorRing/Modules/Resources/Druid.lua:5: attempt to call field 'RegisterResourceModule' (a nil value)
stack traceback:
	(string):1: in main chunk
[Interface/AddOns/Blizzard_ScriptErrors/Blizzard_ScriptErrors.lua]:59: in function 'GetErrorData'
[Interface/AddOns/Blizzard_ScriptErrors/Blizzard_ScriptErrors.lua]:72: in function <[Interface/AddOns/Blizzard_ScriptErrors/Blizzard_ScriptErrors.lua]:71>

Lua error: @Interface/AddOns/CursorRing/Modules/Resources/Paladin.lua: Lua error: Interface/AddOns/CursorRing/Modules/Resources/Paladin.lua:5: attempt to call field 'RegisterResourceModule' (a nil value)
stack traceback:
	(string):1: in main chunk
Lua error: Lua Error: @Interface/AddOns/CursorRing/Modules/Resources/Paladin.lua: Lua error: Interface/AddOns/CursorRing/Modules/Resources/Paladin.lua:5: attempt to call field 'RegisterResourceModule' (a nil value)
stack traceback:
	(string):1: in main chunk
[Interface/AddOns/Blizzard_ScriptErrors/Blizzard_ScriptErrors.lua]:59: in function 'GetErrorData'
[Interface/AddOns/Blizzard_ScriptErrors/Blizzard_ScriptErrors.lua]:72: in function <[Interface/AddOns/Blizzard_ScriptErrors/Blizzard_ScriptErrors.lua]:71>

Lua error: @Interface/AddOns/CursorRing/Modules/Resources/Monk.lua: Lua error: Interface/AddOns/CursorRing/Modules/Resources/Monk.lua:5: attempt to call field 'RegisterResourceModule' (a nil value)
stack traceback:
	(string):1: in main chunk
Lua error: Lua Error: @Interface/AddOns/CursorRing/Modules/Resources/Monk.lua: Lua error: Interface/AddOns/CursorRing/Modules/Resources/Monk.lua:5: attempt to call field 'RegisterResourceModule' (a nil value)
stack traceback:
	(string):1: in main chunk
[Interface/AddOns/Blizzard_ScriptErrors/Blizzard_ScriptErrors.lua]:59: in function 'GetErrorData'
[Interface/AddOns/Blizzard_ScriptErrors/Blizzard_ScriptErrors.lua]:72: in function <[Interface/AddOns/Blizzard_ScriptErrors/Blizzard_ScriptErrors.lua]:71>

Lua error: @Interface/AddOns/CursorRing/Modules/Resources/Warlock.lua: Lua error: Interface/AddOns/CursorRing/Modules/Resources/Warlock.lua:30: attempt to call field 'RegisterResourceModule' (a nil value)
stack traceback:
	(string):1: in main chunk
Lua error: Lua Error: @Interface/AddOns/CursorRing/Modules/Resources/Warlock.lua: Lua error: Interface/AddOns/CursorRing/Modules/Resources/Warlock.lua:30: attempt to call field 'RegisterResourceModule' (a nil value)
stack traceback:
	(string):1: in main chunk
[Interface/AddOns/Blizzard_ScriptErrors/Blizzard_ScriptErrors.lua]:59: in function 'GetErrorData'
[Interface/AddOns/Blizzard_ScriptErrors/Blizzard_ScriptErrors.lua]:72: in function <[Interface/AddOns/Blizzard_ScriptErrors/Blizzard_ScriptErrors.lua]:71>

Lua error: @Interface/AddOns/CursorRing/Modules/Resources/Evoker.lua: Lua error: Interface/AddOns/CursorRing/Modules/Resources/Evoker.lua:18: attempt to call field 'RegisterResourceModule' (a nil value)
stack traceback:
	(string):1: in main chunk
Lua error: Lua Error: @Interface/AddOns/CursorRing/Modules/Resources/Evoker.lua: Lua error: Interface/AddOns/CursorRing/Modules/Resources/Evoker.lua:18: attempt to call field 'RegisterResourceModule' (a nil value)
stack traceback:
	(string):1: in main chunk
[Interface/AddOns/Blizzard_ScriptErrors/Blizzard_ScriptErrors.lua]:59: in function 'GetErrorData'
[Interface/AddOns/Blizzard_ScriptErrors/Blizzard_ScriptErrors.lua]:72: in function <[Interface/AddOns/Blizzard_ScriptErrors/Blizzard_ScriptErrors.lua]:71>

Lua error: @Interface/AddOns/DandersFrames/Core/AutoProfiles.lua: Lua error: Interface/AddOns/DandersFrames/Core/AutoProfiles.lua:97: attempt to index upvalue 'L' (a nil value)
stack traceback:
	(string):1: in main chunk
Lua error: Lua Error: @Interface/AddOns/DandersFrames/Core/AutoProfiles.lua: Lua error: Interface/AddOns/DandersFrames/Core/AutoProfiles.lua:97: attempt to index upvalue 'L' (a nil value)
stack traceback:
	(string):1: in main chunk
[Interface/AddOns/Blizzard_ScriptErrors/Blizzard_ScriptErrors.lua]:59: in function 'GetErrorData'
[Interface/AddOns/Blizzard_ScriptErrors/Blizzard_ScriptErrors.lua]:72: in function <[Interface/AddOns/Blizzard_ScriptErrors/Blizzard_ScriptErrors.lua]:71>

Lua error: @Interface/AddOns/DandersFrames/Frames/Headers.lua: Lua error: Interface/AddOns/DandersFrames/Frames/Headers.lua:506: attempt to call method 'RegisterDebugSlash' (a nil value)
stack traceback:
	(string):1: in main chunk
Lua error: Lua Error: @Interface/AddOns/DandersFrames/Frames/Headers.lua: Lua error: Interface/AddOns/DandersFrames/Frames/Headers.lua:506: attempt to call method 'RegisterDebugSlash' (a nil value)
stack traceback:
	(string):1: in main chunk
[Interface/AddOns/Blizzard_ScriptErrors/Blizzard_ScriptErrors.lua]:59: in function 'GetErrorData'
[Interface/AddOns/Blizzard_ScriptErrors/Blizzard_ScriptErrors.lua]:72: in function <[Interface/AddOns/Blizzard_ScriptErrors/Blizzard_ScriptErrors.lua]:71>

Lua error: @Interface/AddOns/DandersFrames/Frames/Position.lua: Lua error: Interface/AddOns/DandersFrames/Frames/Position.lua:72: attempt to index local 'L' (a nil value)
stack traceback:
	(string):1: in main chunk
Lua error: Lua Error: @Interface/AddOns/DandersFrames/Frames/Position.lua: Lua error: Interface/AddOns/DandersFrames/Frames/Position.lua:72: attempt to index local 'L' (a nil value)
stack traceback:
	(string):1: in main chunk
[Interface/AddOns/Blizzard_ScriptErrors/Blizzard_ScriptErrors.lua]:59: in function 'GetErrorData'
[Interface/AddOns/Blizzard_ScriptErrors/Blizzard_ScriptErrors.lua]:72: in function <[Interface/AddOns/Blizzard_ScriptErrors/Blizzard_ScriptErrors.lua]:71>

Lua error: @Interface/AddOns/DandersFrames/Features/Range.lua: Lua error: Interface/AddOns/DandersFrames/Features/Range.lua:984: attempt to call method 'RegisterRosterUnitEvent' (a nil value)
stack traceback:
	(string):1: in main chunk
Lua error: Lua Error: @Interface/AddOns/DandersFrames/Features/Range.lua: Lua error: Interface/AddOns/DandersFrames/Features/Range.lua:984: attempt to call method 'RegisterRosterUnitEvent' (a nil value)
stack traceback:
	(string):1: in main chunk
[Interface/AddOns/Blizzard_ScriptErrors/Blizzard_ScriptErrors.lua]:59: in function 'GetErrorData'
[Interface/AddOns/Blizzard_ScriptErrors/Blizzard_ScriptErrors.lua]:72: in function <[Interface/AddOns/Blizzard_ScriptErrors/Blizzard_ScriptErrors.lua]:71>

Lua error: @Interface/AddOns/DandersFrames/Features/Dispel.lua: Lua error: Interface/AddOns/DandersFrames/Features/Dispel.lua:3133: attempt to call method 'RegisterDebugSlash' (a nil value)
stack traceback:
	(string):1: in main chunk
Lua error: Lua Error: @Interface/AddOns/DandersFrames/Features/Dispel.lua: Lua error: Interface/AddOns/DandersFrames/Features/Dispel.lua:3133: attempt to call method 'RegisterDebugSlash' (a nil value)
stack traceback:
	(string):1: in main chunk
[Interface/AddOns/Blizzard_ScriptErrors/Blizzard_ScriptErrors.lua]:59: in function 'GetErrorData'
[Interface/AddOns/Blizzard_ScriptErrors/Blizzard_ScriptErrors.lua]:72: in function <[Interface/AddOns/Blizzard_ScriptErrors/Blizzard_ScriptErrors.lua]:71>

Lua error: @Interface/AddOns/DeModal/DeModal.lua: Lua error: Interface/AddOns/DeModal/DeModal.lua:9: attempt to call field 'LoadSlashCommands' (a nil value)
stack traceback:
	(string):1: in main chunk
Lua error: Lua Error: @Interface/AddOns/DeModal/DeModal.lua: Lua error: Interface/AddOns/DeModal/DeModal.lua:9: attempt to call field 'LoadSlashCommands' (a nil value)
stack traceback:
	(string):1: in main chunk
[Interface/AddOns/Blizzard_ScriptErrors/Blizzard_ScriptErrors.lua]:59: in function 'GetErrorData'
[Interface/AddOns/Blizzard_ScriptErrors/Blizzard_ScriptErrors.lua]:72: in function <[Interface/AddOns/Blizzard_ScriptErrors/Blizzard_ScriptErrors.lua]:71>

Lua error: IO error reading /syncthing/World of Warcraft/_retail_/Interface/AddOns/Dejunk/src/addon.lua: No such file or directory (os error 2)
stack traceback:
	(string):1: in main chunk
Lua error: Lua Error: IO error reading /syncthing/World of Warcraft/_retail_/Interface/AddOns/Dejunk/src/addon.lua: No such file or directory (os error 2)
stack traceback:
	(string):1: in main chunk
[Interface/AddOns/Blizzard_ScriptErrors/Blizzard_ScriptErrors.lua]:59: in function 'GetErrorData'
[Interface/AddOns/Blizzard_ScriptErrors/Blizzard_ScriptErrors.lua]:72: in function <[Interface/AddOns/Blizzard_ScriptErrors/Blizzard_ScriptErrors.lua]:71>

Lua error: IO error reading /syncthing/World of Warcraft/_retail_/Interface/AddOns/DialogueUI/Code/Utility/FontUtil.lua: No such file or directory (os error 2)
stack traceback:
	(string):1: in main chunk
Lua error: Lua Error: IO error reading /syncthing/World of Warcraft/_retail_/Interface/AddOns/DialogueUI/Code/Utility/FontUtil.lua: No such file or directory (os error 2)
stack traceback:
	(string):1: in main chunk
[Interface/AddOns/Blizzard_ScriptErrors/Blizzard_ScriptErrors.lua]:59: in function 'GetErrorData'
[Interface/AddOns/Blizzard_ScriptErrors/Blizzard_ScriptErrors.lua]:72: in function <[Interface/AddOns/Blizzard_ScriptErrors/Blizzard_ScriptErrors.lua]:71>

Lua error: @Interface/AddOns/DialogueUI/Code/Sound.lua: Lua error: Interface/AddOns/DialogueUI/Code/Sound.lua:78: attempt to index field 'CallbackRegistry' (a nil value)
stack traceback:
	(string):1: in main chunk
Lua error: Lua Error: @Interface/AddOns/DialogueUI/Code/Sound.lua: Lua error: Interface/AddOns/DialogueUI/Code/Sound.lua:78: attempt to index field 'CallbackRegistry' (a nil value)
stack traceback:
	(string):1: in main chunk
[Interface/AddOns/Blizzard_ScriptErrors/Blizzard_ScriptErrors.lua]:59: in function 'GetErrorData'
[Interface/AddOns/Blizzard_ScriptErrors/Blizzard_ScriptErrors.lua]:72: in function <[Interface/AddOns/Blizzard_ScriptErrors/Blizzard_ScriptErrors.lua]:71>

Lua error: IO error reading /syncthing/World of Warcraft/_retail_/Interface/AddOns/DialogueUI/Code/Scroll/Scroll_Swipe.lua: No such file or directory (os error 2)
stack traceback:
	(string):1: in main chunk
Lua error: Lua Error: IO error reading /syncthing/World of Warcraft/_retail_/Interface/AddOns/DialogueUI/Code/Scroll/Scroll_Swipe.lua: No such file or directory (os error 2)
stack traceback:
	(string):1: in main chunk
[Interface/AddOns/Blizzard_ScriptErrors/Blizzard_ScriptErrors.lua]:59: in function 'GetErrorData'
[Interface/AddOns/Blizzard_ScriptErrors/Blizzard_ScriptErrors.lua]:72: in function <[Interface/AddOns/Blizzard_ScriptErrors/Blizzard_ScriptErrors.lua]:71>

Lua error: IO error reading /syncthing/World of Warcraft/_retail_/Interface/AddOns/DialogueUI/Code/Settings/Settings_Definitions.lua: No such file or directory (os error 2)
stack traceback:
	(string):1: in main chunk
Lua error: Lua Error: IO error reading /syncthing/World of Warcraft/_retail_/Interface/AddOns/DialogueUI/Code/Settings/Settings_Definitions.lua: No such file or directory (os error 2)
stack traceback:
	(string):1: in main chunk
[Interface/AddOns/Blizzard_ScriptErrors/Blizzard_ScriptErrors.lua]:59: in function 'GetErrorData'
[Interface/AddOns/Blizzard_ScriptErrors/Blizzard_ScriptErrors.lua]:72: in function <[Interface/AddOns/Blizzard_ScriptErrors/Blizzard_ScriptErrors.lua]:71>

Lua error: @Interface/AddOns/DialogueUI/Code/NameplateGossip.lua: Lua error: Interface/AddOns/DialogueUI/Code/NameplateGossip.lua:260: attempt to index field 'CallbackRegistry' (a nil value)
stack traceback:
	(string):1: in main chunk
Lua error: Lua Error: @Interface/AddOns/DialogueUI/Code/NameplateGossip.lua: Lua error: Interface/AddOns/DialogueUI/Code/NameplateGossip.lua:260: attempt to index field 'CallbackRegistry' (a nil value)
stack traceback:
	(string):1: in main chunk
[Interface/AddOns/Blizzard_ScriptErrors/Blizzard_ScriptErrors.lua]:59: in function 'GetErrorData'
[Interface/AddOns/Blizzard_ScriptErrors/Blizzard_ScriptErrors.lua]:72: in function <[Interface/AddOns/Blizzard_ScriptErrors/Blizzard_ScriptErrors.lua]:71>

Lua error: IO error reading /syncthing/World of Warcraft/_retail_/Interface/AddOns/DialogueUI/Code/Dialogue/Clipboard.lua: No such file or directory (os error 2)
stack traceback:
	(string):1: in main chunk
Lua error: Lua Error: IO error reading /syncthing/World of Warcraft/_retail_/Interface/AddOns/DialogueUI/Code/Dialogue/Clipboard.lua: No such file or directory (os error 2)
stack traceback:
	(string):1: in main chunk
[Interface/AddOns/Blizzard_ScriptErrors/Blizzard_ScriptErrors.lua]:59: in function 'GetErrorData'
[Interface/AddOns/Blizzard_ScriptErrors/Blizzard_ScriptErrors.lua]:72: in function <[Interface/AddOns/Blizzard_ScriptErrors/Blizzard_ScriptErrors.lua]:71>

Lua error: @Interface/AddOns/DialogueUI/Code/Book/BookUI_Component.lua: Lua error: Interface/AddOns/DialogueUI/Code/Book/BookUI_Component.lua:440: attempt to index field 'TooltipAPI' (a nil value)
stack traceback:
	(string):1: in main chunk
Lua error: Lua Error: @Interface/AddOns/DialogueUI/Code/Book/BookUI_Component.lua: Lua error: Interface/AddOns/DialogueUI/Code/Book/BookUI_Component.lua:440: attempt to index field 'TooltipAPI' (a nil value)
stack traceback:
	(string):1: in main chunk
[Interface/AddOns/Blizzard_ScriptErrors/Blizzard_ScriptErrors.lua]:59: in function 'GetErrorData'
[Interface/AddOns/Blizzard_ScriptErrors/Blizzard_ScriptErrors.lua]:72: in function <[Interface/AddOns/Blizzard_ScriptErrors/Blizzard_ScriptErrors.lua]:71>

Lua error: IO error reading /syncthing/World of Warcraft/_retail_/Interface/AddOns/DialogueUI/Code/Widget/WidgetManager.lua: No such file or directory (os error 2)
stack traceback:
	(string):1: in main chunk
Lua error: Lua Error: IO error reading /syncthing/World of Warcraft/_retail_/Interface/AddOns/DialogueUI/Code/Widget/WidgetManager.lua: No such file or directory (os error 2)
stack traceback:
	(string):1: in main chunk
[Interface/AddOns/Blizzard_ScriptErrors/Blizzard_ScriptErrors.lua]:59: in function 'GetErrorData'
[Interface/AddOns/Blizzard_ScriptErrors/Blizzard_ScriptErrors.lua]:72: in function <[Interface/AddOns/Blizzard_ScriptErrors/Blizzard_ScriptErrors.lua]:71>

Lua error: @Interface/AddOns/DialogueUI/Code/Core.lua: Lua error: Interface/AddOns/DialogueUI/Code/Core.lua:74: attempt to call field 'AddCustomLinkType' (a nil value)
stack traceback:
	(string):1: in main chunk
Lua error: Lua Error: @Interface/AddOns/DialogueUI/Code/Core.lua: Lua error: Interface/AddOns/DialogueUI/Code/Core.lua:74: attempt to call field 'AddCustomLinkType' (a nil value)
stack traceback:
	(string):1: in main chunk
[Interface/AddOns/Blizzard_ScriptErrors/Blizzard_ScriptErrors.lua]:59: in function 'GetErrorData'
[Interface/AddOns/Blizzard_ScriptErrors/Blizzard_ScriptErrors.lua]:72: in function <[Interface/AddOns/Blizzard_ScriptErrors/Blizzard_ScriptErrors.lua]:71>

Lua error: [OnEvent] frame=#48564 addon=DialogueUI source=@Interface/AddOns/DialogueUI/Initialization.lua:204: Interface/AddOns/DialogueUI/Initialization.lua:137: attempt to index field 'CallbackRegistry' (a nil value)
stack traceback:
	(string):12: in function <(string):12>
	[C]: in function 'native_xpcall'
	(string):11: in function <(string):10>
	Interface/AddOns/DialogueUI/Initialization.lua:137: in function 'SetDBValue'
	Interface/AddOns/DialogueUI/Initialization.lua:177: in function 'LoadDatabase'
	Interface/AddOns/DialogueUI/Initialization.lua:209: in function <Interface/AddOns/DialogueUI/Initialization.lua:204>
	(tail call): ?
	(tail call): ?
	[C]: in function 'native_xpcall'
	(string):8: in function <(string):5>
	(tail call): ?
Lua error: Lua Error: [OnEvent] frame=#48564 addon=DialogueUI source=@Interface/AddOns/DialogueUI/Initialization.lua:204: Interface/AddOns/DialogueUI/Initialization.lua:137: attempt to index field 'CallbackRegistry' (a nil value)
stack traceback:
	(string):12: in function <(string):12>
	[C]: in function 'native_xpcall'
	(string):11: in function <(string):10>
	Interface/AddOns/DialogueUI/Initialization.lua:137: in function 'SetDBValue'
	Interface/AddOns/DialogueUI/Initialization.lua:177: in function 'LoadDatabase'
	Interface/AddOns/DialogueUI/Initialization.lua:209: in function <Interface/AddOns/DialogueUI/Initialization.lua:204>
	(tail call): ?
	(tail call): ?
	[C]: in function 'native_xpcall'
	(string):8: in function <(string):5>
	(tail call): ?
[Interface/AddOns/Blizzard_ScriptErrors/Blizzard_ScriptErrors.lua]:59: in function 'GetErrorData'
[Interface/AddOns/Blizzard_ScriptErrors/Blizzard_ScriptErrors.lua]:72: in function <[Interface/AddOns/Blizzard_ScriptErrors/Blizzard_ScriptErrors.lua]:71>

Lua error: IO error reading /syncthing/World of Warcraft/_retail_/Interface/AddOns/EnhanceQoL/libs/AceLocale-3.0/AceLocale-3.0.lua: No such file or directory (os error 2)
stack traceback:
	(string):1: in main chunk
Lua error: Lua Error: IO error reading /syncthing/World of Warcraft/_retail_/Interface/AddOns/EnhanceQoL/libs/AceLocale-3.0/AceLocale-3.0.lua: No such file or directory (os error 2)
stack traceback:
	(string):1: in main chunk
[Interface/AddOns/Blizzard_ScriptErrors/Blizzard_ScriptErrors.lua]:59: in function 'GetErrorData'
[Interface/AddOns/Blizzard_ScriptErrors/Blizzard_ScriptErrors.lua]:72: in function <[Interface/AddOns/Blizzard_ScriptErrors/Blizzard_ScriptErrors.lua]:71>

Lua error: @Interface/AddOns/EnhanceQoL/Init.lua: Lua error: Interface/AddOns/EnhanceQoL/Init.lua:70: Cannot find a library instance of "AceLocale-3.0".
stack traceback:
	(string):1: in main chunk
Lua error: Lua Error: @Interface/AddOns/EnhanceQoL/Init.lua: Lua error: Interface/AddOns/EnhanceQoL/Init.lua:70: Cannot find a library instance of "AceLocale-3.0".
stack traceback:
	(string):1: in main chunk
[Interface/AddOns/Blizzard_ScriptErrors/Blizzard_ScriptErrors.lua]:59: in function 'GetErrorData'
[Interface/AddOns/Blizzard_ScriptErrors/Blizzard_ScriptErrors.lua]:72: in function <[Interface/AddOns/Blizzard_ScriptErrors/Blizzard_ScriptErrors.lua]:71>

Lua error: IO error reading /syncthing/World of Warcraft/_retail_/Interface/AddOns/EnhanceQoL/libs/LibDeflate/LibDeflate.lua: No such file or directory (os error 2)
stack traceback:
	(string):1: in main chunk
Lua error: Lua Error: IO error reading /syncthing/World of Warcraft/_retail_/Interface/AddOns/EnhanceQoL/libs/LibDeflate/LibDeflate.lua: No such file or directory (os error 2)
stack traceback:
	(string):1: in main chunk
[Interface/AddOns/Blizzard_ScriptErrors/Blizzard_ScriptErrors.lua]:59: in function 'GetErrorData'
[Interface/AddOns/Blizzard_ScriptErrors/Blizzard_ScriptErrors.lua]:72: in function <[Interface/AddOns/Blizzard_ScriptErrors/Blizzard_ScriptErrors.lua]:71>

Lua error: IO error reading /syncthing/World of Warcraft/_retail_/Interface/AddOns/EnhanceQoL/libs/LibSettingsDesigner/LibSettingsDesignerUI.lua: No such file or directory (os error 2)
stack traceback:
	(string):1: in main chunk
Lua error: Lua Error: IO error reading /syncthing/World of Warcraft/_retail_/Interface/AddOns/EnhanceQoL/libs/LibSettingsDesigner/LibSettingsDesignerUI.lua: No such file or directory (os error 2)
stack traceback:
	(string):1: in main chunk
[Interface/AddOns/Blizzard_ScriptErrors/Blizzard_ScriptErrors.lua]:59: in function 'GetErrorData'
[Interface/AddOns/Blizzard_ScriptErrors/Blizzard_ScriptErrors.lua]:72: in function <[Interface/AddOns/Blizzard_ScriptErrors/Blizzard_ScriptErrors.lua]:71>

Lua error: @Interface/AddOns/EnhanceQoL/Core/EditMode.lua: Lua error: EnhanceQoL Edit Mode integration is not loaded
stack traceback:
	(string):1: in main chunk
Lua error: Lua Error: @Interface/AddOns/EnhanceQoL/Core/EditMode.lua: Lua error: EnhanceQoL Edit Mode integration is not loaded
stack traceback:
	(string):1: in main chunk
[Interface/AddOns/Blizzard_ScriptErrors/Blizzard_ScriptErrors.lua]:59: in function 'GetErrorData'
[Interface/AddOns/Blizzard_ScriptErrors/Blizzard_ScriptErrors.lua]:72: in function <[Interface/AddOns/Blizzard_ScriptErrors/Blizzard_ScriptErrors.lua]:71>

Lua error: @Interface/AddOns/EnhanceQoL/Core/SharedAnchors.lua: Lua error: Interface/AddOns/EnhanceQoL/Core/SharedAnchors.lua:14: Cannot find a library instance of "AceLocale-3.0".
stack traceback:
	(string):1: in main chunk
Lua error: Lua Error: @Interface/AddOns/EnhanceQoL/Core/SharedAnchors.lua: Lua error: Interface/AddOns/EnhanceQoL/Core/SharedAnchors.lua:14: Cannot find a library instance of "AceLocale-3.0".
stack traceback:
	(string):1: in main chunk
[Interface/AddOns/Blizzard_ScriptErrors/Blizzard_ScriptErrors.lua]:59: in function 'GetErrorData'
[Interface/AddOns/Blizzard_ScriptErrors/Blizzard_ScriptErrors.lua]:72: in function <[Interface/AddOns/Blizzard_ScriptErrors/Blizzard_ScriptErrors.lua]:71>

Lua error: @Interface/AddOns/EnhanceQoL/Core/EditModeAnchors.lua: Lua error: Interface/AddOns/EnhanceQoL/Core/EditModeAnchors.lua:8: Cannot find a library instance of "AceLocale-3.0".
stack traceback:
	(string):1: in main chunk
Lua error: Lua Error: @Interface/AddOns/EnhanceQoL/Core/EditModeAnchors.lua: Lua error: Interface/AddOns/EnhanceQoL/Core/EditModeAnchors.lua:8: Cannot find a library instance of "AceLocale-3.0".
stack traceback:
	(string):1: in main chunk
[Interface/AddOns/Blizzard_ScriptErrors/Blizzard_ScriptErrors.lua]:59: in function 'GetErrorData'
[Interface/AddOns/Blizzard_ScriptErrors/Blizzard_ScriptErrors.lua]:72: in function <[Interface/AddOns/Blizzard_ScriptErrors/Blizzard_ScriptErrors.lua]:71>

Lua error: @Interface/AddOns/EnhanceQoL/Core/EditModeAnchorUI.lua: Lua error: Interface/AddOns/EnhanceQoL/Core/EditModeAnchorUI.lua:6: Cannot find a library instance of "AceLocale-3.0".
stack traceback:
	(string):1: in main chunk
Lua error: Lua Error: @Interface/AddOns/EnhanceQoL/Core/EditModeAnchorUI.lua: Lua error: Interface/AddOns/EnhanceQoL/Core/EditModeAnchorUI.lua:6: Cannot find a library instance of "AceLocale-3.0".
stack traceback:
	(string):1: in main chunk
[Interface/AddOns/Blizzard_ScriptErrors/Blizzard_ScriptErrors.lua]:59: in function 'GetErrorData'
[Interface/AddOns/Blizzard_ScriptErrors/Blizzard_ScriptErrors.lua]:72: in function <[Interface/AddOns/Blizzard_ScriptErrors/Blizzard_ScriptErrors.lua]:71>

Lua error: @Interface/AddOns/EnhanceQoL/Core/Streams/Stream_Currency.lua: Lua error: ...rface/AddOns/EnhanceQoL/Core/Streams/Stream_Currency.lua:18: attempt to index local 'L' (a nil value)
stack traceback:
	(string):1: in main chunk
Lua error: Lua Error: @Interface/AddOns/EnhanceQoL/Core/Streams/Stream_Currency.lua: Lua error: ...rface/AddOns/EnhanceQoL/Core/Streams/Stream_Currency.lua:18: attempt to index local 'L' (a nil value)
stack traceback:
	(string):1: in main chunk
[Interface/AddOns/Blizzard_ScriptErrors/Blizzard_ScriptErrors.lua]:59: in function 'GetErrorData'
[Interface/AddOns/Blizzard_ScriptErrors/Blizzard_ScriptErrors.lua]:72: in function <[Interface/AddOns/Blizzard_ScriptErrors/Blizzard_ScriptErrors.lua]:71>

Lua error: @Interface/AddOns/EnhanceQoL/Submodules/GemHelper.lua: Lua error: Interface/AddOns/EnhanceQoL/Submodules/GemHelper.lua:3: Cannot find a library instance of "AceLocale-3.0".
stack traceback:
	(string):1: in main chunk
Lua error: Lua Error: @Interface/AddOns/EnhanceQoL/Submodules/GemHelper.lua: Lua error: Interface/AddOns/EnhanceQoL/Submodules/GemHelper.lua:3: Cannot find a library instance of "AceLocale-3.0".
stack traceback:
	(string):1: in main chunk
[Interface/AddOns/Blizzard_ScriptErrors/Blizzard_ScriptErrors.lua]:59: in function 'GetErrorData'
[Interface/AddOns/Blizzard_ScriptErrors/Blizzard_ScriptErrors.lua]:72: in function <[Interface/AddOns/Blizzard_ScriptErrors/Blizzard_ScriptErrors.lua]:71>

Lua error: @Interface/AddOns/EnhanceQoL/Submodules/MountActions.lua: Lua error: Interface/AddOns/EnhanceQoL/Submodules/MountActions.lua:9: Cannot find a library instance of "AceLocale-3.0".
stack traceback:
	(string):1: in main chunk
Lua error: Lua Error: @Interface/AddOns/EnhanceQoL/Submodules/MountActions.lua: Lua error: Interface/AddOns/EnhanceQoL/Submodules/MountActions.lua:9: Cannot find a library instance of "AceLocale-3.0".
stack traceback:
	(string):1: in main chunk
[Interface/AddOns/Blizzard_ScriptErrors/Blizzard_ScriptErrors.lua]:59: in function 'GetErrorData'
[Interface/AddOns/Blizzard_ScriptErrors/Blizzard_ScriptErrors.lua]:72: in function <[Interface/AddOns/Blizzard_ScriptErrors/Blizzard_ScriptErrors.lua]:71>

Lua error: @Interface/AddOns/EnhanceQoL/Submodules/ActionTracker.lua: Lua error: Interface/AddOns/EnhanceQoL/Submodules/ActionTracker.lua:13: Cannot find a library instance of "AceLocale-3.0".
stack traceback:
	(string):1: in main chunk
Lua error: Lua Error: @Interface/AddOns/EnhanceQoL/Submodules/ActionTracker.lua: Lua error: Interface/AddOns/EnhanceQoL/Submodules/ActionTracker.lua:13: Cannot find a library instance of "AceLocale-3.0".
stack traceback:
	(string):1: in main chunk
[Interface/AddOns/Blizzard_ScriptErrors/Blizzard_ScriptErrors.lua]:59: in function 'GetErrorData'
[Interface/AddOns/Blizzard_ScriptErrors/Blizzard_ScriptErrors.lua]:72: in function <[Interface/AddOns/Blizzard_ScriptErrors/Blizzard_ScriptErrors.lua]:71>

Lua error: @Interface/AddOns/EnhanceQoL/Submodules/GroupTools.lua: Lua error: Interface/AddOns/EnhanceQoL/Submodules/GroupTools.lua:14: Cannot find a library instance of "AceLocale-3.0".
stack traceback:
	(string):1: in main chunk
Lua error: Lua Error: @Interface/AddOns/EnhanceQoL/Submodules/GroupTools.lua: Lua error: Interface/AddOns/EnhanceQoL/Submodules/GroupTools.lua:14: Cannot find a library instance of "AceLocale-3.0".
stack traceback:
	(string):1: in main chunk
[Interface/AddOns/Blizzard_ScriptErrors/Blizzard_ScriptErrors.lua]:59: in function 'GetErrorData'
[Interface/AddOns/Blizzard_ScriptErrors/Blizzard_ScriptErrors.lua]:72: in function <[Interface/AddOns/Blizzard_ScriptErrors/Blizzard_ScriptErrors.lua]:71>

Lua error: IO error reading /syncthing/World of Warcraft/_retail_/Interface/AddOns/EnhanceQoL/Settings/SettingsUI.lua: No such file or directory (os error 2)
stack traceback:
	(string):1: in main chunk
Lua error: Lua Error: IO error reading /syncthing/World of Warcraft/_retail_/Interface/AddOns/EnhanceQoL/Settings/SettingsUI.lua: No such file or directory (os error 2)
stack traceback:
	(string):1: in main chunk
[Interface/AddOns/Blizzard_ScriptErrors/Blizzard_ScriptErrors.lua]:59: in function 'GetErrorData'
[Interface/AddOns/Blizzard_ScriptErrors/Blizzard_ScriptErrors.lua]:72: in function <[Interface/AddOns/Blizzard_ScriptErrors/Blizzard_ScriptErrors.lua]:71>

Lua error: @Interface/AddOns/EnhanceQoL/Modules/Mouse/Mouse.lua: Lua error: Interface/AddOns/EnhanceQoL/Modules/Mouse/Mouse.lua:10: Cannot find a library instance of "AceLocale-3.0".
stack traceback:
	(string):1: in main chunk
Lua error: Lua Error: @Interface/AddOns/EnhanceQoL/Modules/Mouse/Mouse.lua: Lua error: Interface/AddOns/EnhanceQoL/Modules/Mouse/Mouse.lua:10: Cannot find a library instance of "AceLocale-3.0".
stack traceback:
	(string):1: in main chunk
[Interface/AddOns/Blizzard_ScriptErrors/Blizzard_ScriptErrors.lua]:59: in function 'GetErrorData'
[Interface/AddOns/Blizzard_ScriptErrors/Blizzard_ScriptErrors.lua]:72: in function <[Interface/AddOns/Blizzard_ScriptErrors/Blizzard_ScriptErrors.lua]:71>

Lua error: IO error reading /syncthing/World of Warcraft/_retail_/Interface/AddOns/EnhanceQoL/Modules/Food/Drinks.lua: No such file or directory (os error 2)
stack traceback:
	(string):1: in main chunk
Lua error: Lua Error: IO error reading /syncthing/World of Warcraft/_retail_/Interface/AddOns/EnhanceQoL/Modules/Food/Drinks.lua: No such file or directory (os error 2)
stack traceback:
	(string):1: in main chunk
[Interface/AddOns/Blizzard_ScriptErrors/Blizzard_ScriptErrors.lua]:59: in function 'GetErrorData'
[Interface/AddOns/Blizzard_ScriptErrors/Blizzard_ScriptErrors.lua]:72: in function <[Interface/AddOns/Blizzard_ScriptErrors/Blizzard_ScriptErrors.lua]:71>

Lua error: @Interface/AddOns/InTime/InTime_UI.lua: Lua error: Interface/AddOns/InTime/InTime_UI.lua:131: attempt to index local 'L' (a nil value)
stack traceback:
	(string):1: in main chunk
Lua error: Lua Error: @Interface/AddOns/InTime/InTime_UI.lua: Lua error: Interface/AddOns/InTime/InTime_UI.lua:131: attempt to index local 'L' (a nil value)
stack traceback:
	(string):1: in main chunk
[Interface/AddOns/Blizzard_ScriptErrors/Blizzard_ScriptErrors.lua]:59: in function 'GetErrorData'
[Interface/AddOns/Blizzard_ScriptErrors/Blizzard_ScriptErrors.lua]:72: in function <[Interface/AddOns/Blizzard_ScriptErrors/Blizzard_ScriptErrors.lua]:71>

Lua error: @Interface/AddOns/InTime/InTime_Core.lua: Lua error: Interface/AddOns/InTime/InTime_Core.lua:20: attempt to index local 'L' (a nil value)
stack traceback:
	(string):1: in main chunk
Lua error: Lua Error: @Interface/AddOns/InTime/InTime_Core.lua: Lua error: Interface/AddOns/InTime/InTime_Core.lua:20: attempt to index local 'L' (a nil value)
stack traceback:
	(string):1: in main chunk
[Interface/AddOns/Blizzard_ScriptErrors/Blizzard_ScriptErrors.lua]:59: in function 'GetErrorData'
[Interface/AddOns/Blizzard_ScriptErrors/Blizzard_ScriptErrors.lua]:72: in function <[Interface/AddOns/Blizzard_ScriptErrors/Blizzard_ScriptErrors.lua]:71>

Lua error: @Interface/AddOns/ItemVersion/Locales/enUS.lua: Lua error: Interface/AddOns/ItemVersion/Locales/enUS.lua:6: Cannot find a library instance of "AceLocale-3.0".
stack traceback:
	(string):1: in main chunk
Lua error: Lua Error: @Interface/AddOns/ItemVersion/Locales/enUS.lua: Lua error: Interface/AddOns/ItemVersion/Locales/enUS.lua:6: Cannot find a library instance of "AceLocale-3.0".
stack traceback:
	(string):1: in main chunk
[Interface/AddOns/Blizzard_ScriptErrors/Blizzard_ScriptErrors.lua]:59: in function 'GetErrorData'
[Interface/AddOns/Blizzard_ScriptErrors/Blizzard_ScriptErrors.lua]:72: in function <[Interface/AddOns/Blizzard_ScriptErrors/Blizzard_ScriptErrors.lua]:71>

Lua error: @Interface/AddOns/ItemVersion/Locales/zhCN.lua: Lua error: Interface/AddOns/ItemVersion/Locales/zhCN.lua:6: Cannot find a library instance of "AceLocale-3.0".
stack traceback:
	(string):1: in main chunk
Lua error: Lua Error: @Interface/AddOns/ItemVersion/Locales/zhCN.lua: Lua error: Interface/AddOns/ItemVersion/Locales/zhCN.lua:6: Cannot find a library instance of "AceLocale-3.0".
stack traceback:
	(string):1: in main chunk
[Interface/AddOns/Blizzard_ScriptErrors/Blizzard_ScriptErrors.lua]:59: in function 'GetErrorData'
[Interface/AddOns/Blizzard_ScriptErrors/Blizzard_ScriptErrors.lua]:72: in function <[Interface/AddOns/Blizzard_ScriptErrors/Blizzard_ScriptErrors.lua]:71>

Lua error: @Interface/AddOns/ItemVersion/Profile.lua: Lua error: Interface/AddOns/ItemVersion/Profile.lua:3: Cannot find a library instance of "AceLocale-3.0".
stack traceback:
	(string):1: in main chunk
Lua error: Lua Error: @Interface/AddOns/ItemVersion/Profile.lua: Lua error: Interface/AddOns/ItemVersion/Profile.lua:3: Cannot find a library instance of "AceLocale-3.0".
stack traceback:
	(string):1: in main chunk
[Interface/AddOns/Blizzard_ScriptErrors/Blizzard_ScriptErrors.lua]:59: in function 'GetErrorData'
[Interface/AddOns/Blizzard_ScriptErrors/Blizzard_ScriptErrors.lua]:72: in function <[Interface/AddOns/Blizzard_ScriptErrors/Blizzard_ScriptErrors.lua]:71>

Lua error: @Interface/AddOns/ItemVersion/Expansion.lua: Lua error: Interface/AddOns/ItemVersion/Expansion.lua:3: Cannot find a library instance of "AceLocale-3.0".
stack traceback:
	(string):1: in main chunk
Lua error: Lua Error: @Interface/AddOns/ItemVersion/Expansion.lua: Lua error: Interface/AddOns/ItemVersion/Expansion.lua:3: Cannot find a library instance of "AceLocale-3.0".
stack traceback:
	(string):1: in main chunk
[Interface/AddOns/Blizzard_ScriptErrors/Blizzard_ScriptErrors.lua]:59: in function 'GetErrorData'
[Interface/AddOns/Blizzard_ScriptErrors/Blizzard_ScriptErrors.lua]:72: in function <[Interface/AddOns/Blizzard_ScriptErrors/Blizzard_ScriptErrors.lua]:71>

Lua error: @Interface/AddOns/ItemVersion/Options.lua: Lua error: Interface/AddOns/ItemVersion/Options.lua:3: Cannot find a library instance of "AceLocale-3.0".
stack traceback:
	(string):1: in main chunk
Lua error: Lua Error: @Interface/AddOns/ItemVersion/Options.lua: Lua error: Interface/AddOns/ItemVersion/Options.lua:3: Cannot find a library instance of "AceLocale-3.0".
stack traceback:
	(string):1: in main chunk
[Interface/AddOns/Blizzard_ScriptErrors/Blizzard_ScriptErrors.lua]:59: in function 'GetErrorData'
[Interface/AddOns/Blizzard_ScriptErrors/Blizzard_ScriptErrors.lua]:72: in function <[Interface/AddOns/Blizzard_ScriptErrors/Blizzard_ScriptErrors.lua]:71>

Lua error: @Interface/AddOns/ItemVersion/SlashCommands.lua: Lua error: Interface/AddOns/ItemVersion/SlashCommands.lua:3: Cannot find a library instance of "AceLocale-3.0".
stack traceback:
	(string):1: in main chunk
Lua error: Lua Error: @Interface/AddOns/ItemVersion/SlashCommands.lua: Lua error: Interface/AddOns/ItemVersion/SlashCommands.lua:3: Cannot find a library instance of "AceLocale-3.0".
stack traceback:
	(string):1: in main chunk
[Interface/AddOns/Blizzard_ScriptErrors/Blizzard_ScriptErrors.lua]:59: in function 'GetErrorData'
[Interface/AddOns/Blizzard_ScriptErrors/Blizzard_ScriptErrors.lua]:72: in function <[Interface/AddOns/Blizzard_ScriptErrors/Blizzard_ScriptErrors.lua]:71>

Lua error: @Interface/AddOns/Leatrix_Plus/Leatrix_Plus_Media.lua: Lua error: Interface/AddOns/Leatrix_Plus/Leatrix_Plus_Media.lua:10: attempt to index local 'L' (a nil value)
stack traceback:
	(string):1: in main chunk
Lua error: Lua Error: @Interface/AddOns/Leatrix_Plus/Leatrix_Plus_Media.lua: Lua error: Interface/AddOns/Leatrix_Plus/Leatrix_Plus_Media.lua:10: attempt to index local 'L' (a nil value)
stack traceback:
	(string):1: in main chunk
[Interface/AddOns/Blizzard_ScriptErrors/Blizzard_ScriptErrors.lua]:59: in function 'GetErrorData'
[Interface/AddOns/Blizzard_ScriptErrors/Blizzard_ScriptErrors.lua]:72: in function <[Interface/AddOns/Blizzard_ScriptErrors/Blizzard_ScriptErrors.lua]:71>

Lua error: @Interface/AddOns/Leatrix_Plus/Leatrix_Plus.lua: Lua error: Interface/AddOns/Leatrix_Plus/Leatrix_Plus.lua:61: attempt to index local 'L' (a nil value)
stack traceback:
	(string):1: in main chunk
Lua error: Lua Error: @Interface/AddOns/Leatrix_Plus/Leatrix_Plus.lua: Lua error: Interface/AddOns/Leatrix_Plus/Leatrix_Plus.lua:61: attempt to index local 'L' (a nil value)
stack traceback:
	(string):1: in main chunk
[Interface/AddOns/Blizzard_ScriptErrors/Blizzard_ScriptErrors.lua]:59: in function 'GetErrorData'
[Interface/AddOns/Blizzard_ScriptErrors/Blizzard_ScriptErrors.lua]:72: in function <[Interface/AddOns/Blizzard_ScriptErrors/Blizzard_ScriptErrors.lua]:71>

Lua error: @Interface/AddOns/Plumber/Locales/enUS.lua: Lua error: Interface/AddOns/Plumber/Locales/enUS.lua:17: attempt to index local 'L' (a nil value)
stack traceback:
	(string):1: in main chunk
Lua error: Lua Error: @Interface/AddOns/Plumber/Locales/enUS.lua: Lua error: Interface/AddOns/Plumber/Locales/enUS.lua:17: attempt to index local 'L' (a nil value)
stack traceback:
	(string):1: in main chunk
[Interface/AddOns/Blizzard_ScriptErrors/Blizzard_ScriptErrors.lua]:59: in function 'GetErrorData'
[Interface/AddOns/Blizzard_ScriptErrors/Blizzard_ScriptErrors.lua]:72: in function <[Interface/AddOns/Blizzard_ScriptErrors/Blizzard_ScriptErrors.lua]:71>

Lua error: @Interface/AddOns/Plumber/Modules/Shared/SharedData.lua: Lua error: Interface/AddOns/Plumber/Modules/Shared/SharedData.lua:51: attempt to index local 'L' (a nil value)
stack traceback:
	(string):1: in main chunk
Lua error: Lua Error: @Interface/AddOns/Plumber/Modules/Shared/SharedData.lua: Lua error: Interface/AddOns/Plumber/Modules/Shared/SharedData.lua:51: attempt to index local 'L' (a nil value)
stack traceback:
	(string):1: in main chunk
[Interface/AddOns/Blizzard_ScriptErrors/Blizzard_ScriptErrors.lua]:59: in function 'GetErrorData'
[Interface/AddOns/Blizzard_ScriptErrors/Blizzard_ScriptErrors.lua]:72: in function <[Interface/AddOns/Blizzard_ScriptErrors/Blizzard_ScriptErrors.lua]:71>

Lua error: IO error loading /syncthing/World of Warcraft/_retail_/Interface/AddOns/Plumber/Modules/Shared/SharedWidgets.xml: No such file or directory (os error 2)
stack traceback:
	(string):1: in main chunk
Lua error: Lua Error: IO error loading /syncthing/World of Warcraft/_retail_/Interface/AddOns/Plumber/Modules/Shared/SharedWidgets.xml: No such file or directory (os error 2)
stack traceback:
	(string):1: in main chunk
[Interface/AddOns/Blizzard_ScriptErrors/Blizzard_ScriptErrors.lua]:59: in function 'GetErrorData'
[Interface/AddOns/Blizzard_ScriptErrors/Blizzard_ScriptErrors.lua]:72: in function <[Interface/AddOns/Blizzard_ScriptErrors/Blizzard_ScriptErrors.lua]:71>

Lua error: XML error: IO error loading /syncthing/World of Warcraft/_retail_/Interface/AddOns/Plumber/Modules/Shared/SharedWidgets.xml: No such file or directory (os error 2)
stack traceback:
	(string):1: in main chunk
Lua error: Lua Error: XML error: IO error loading /syncthing/World of Warcraft/_retail_/Interface/AddOns/Plumber/Modules/Shared/SharedWidgets.xml: No such file or directory (os error 2)
stack traceback:
	(string):1: in main chunk
[Interface/AddOns/Blizzard_ScriptErrors/Blizzard_ScriptErrors.lua]:59: in function 'GetErrorData'
[Interface/AddOns/Blizzard_ScriptErrors/Blizzard_ScriptErrors.lua]:72: in function <[Interface/AddOns/Blizzard_ScriptErrors/Blizzard_ScriptErrors.lua]:71>

Lua error: @Interface/AddOns/Plumber/Modules/ScenarioTracker.lua: Lua error: Interface/AddOns/Plumber/Modules/ScenarioTracker.lua:150: attempt to index local 'API' (a nil value)
stack traceback:
	(string):1: in main chunk
Lua error: Lua Error: @Interface/AddOns/Plumber/Modules/ScenarioTracker.lua: Lua error: Interface/AddOns/Plumber/Modules/ScenarioTracker.lua:150: attempt to index local 'API' (a nil value)
stack traceback:
	(string):1: in main chunk
[Interface/AddOns/Blizzard_ScriptErrors/Blizzard_ScriptErrors.lua]:59: in function 'GetErrorData'
[Interface/AddOns/Blizzard_ScriptErrors/Blizzard_ScriptErrors.lua]:72: in function <[Interface/AddOns/Blizzard_ScriptErrors/Blizzard_ScriptErrors.lua]:71>

Lua error: IO error reading /syncthing/World of Warcraft/_retail_/Interface/AddOns/Plumber/Modules/ControlCenter/Preload.lua: No such file or directory (os error 2)
stack traceback:
	(string):1: in main chunk
Lua error: Lua Error: IO error reading /syncthing/World of Warcraft/_retail_/Interface/AddOns/Plumber/Modules/ControlCenter/Preload.lua: No such file or directory (os error 2)
stack traceback:
	(string):1: in main chunk
[Interface/AddOns/Blizzard_ScriptErrors/Blizzard_ScriptErrors.lua]:59: in function 'GetErrorData'
[Interface/AddOns/Blizzard_ScriptErrors/Blizzard_ScriptErrors.lua]:72: in function <[Interface/AddOns/Blizzard_ScriptErrors/Blizzard_ScriptErrors.lua]:71>

Lua error: @Interface/AddOns/Plumber/Modules/Macros.lua: Lua error: Interface/AddOns/Plumber/Modules/Macros.lua:47: attempt to index local 'API' (a nil value)
stack traceback:
	(string):1: in main chunk
Lua error: Lua Error: @Interface/AddOns/Plumber/Modules/Macros.lua: Lua error: Interface/AddOns/Plumber/Modules/Macros.lua:47: attempt to index local 'API' (a nil value)
stack traceback:
	(string):1: in main chunk
[Interface/AddOns/Blizzard_ScriptErrors/Blizzard_ScriptErrors.lua]:59: in function 'GetErrorData'
[Interface/AddOns/Blizzard_ScriptErrors/Blizzard_ScriptErrors.lua]:72: in function <[Interface/AddOns/Blizzard_ScriptErrors/Blizzard_ScriptErrors.lua]:71>

Lua error: @Interface/AddOns/Plumber/Modules/BackpackItemTracker.lua: Lua error: Interface/AddOns/Plumber/Modules/BackpackItemTracker.lua:20: attempt to index local 'API' (a nil value)
stack traceback:
	(string):1: in main chunk
Lua error: Lua Error: @Interface/AddOns/Plumber/Modules/BackpackItemTracker.lua: Lua error: Interface/AddOns/Plumber/Modules/BackpackItemTracker.lua:20: attempt to index local 'API' (a nil value)
stack traceback:
	(string):1: in main chunk
[Interface/AddOns/Blizzard_ScriptErrors/Blizzard_ScriptErrors.lua]:59: in function 'GetErrorData'
[Interface/AddOns/Blizzard_ScriptErrors/Blizzard_ScriptErrors.lua]:72: in function <[Interface/AddOns/Blizzard_ScriptErrors/Blizzard_ScriptErrors.lua]:71>

Lua error: @Interface/AddOns/Plumber/Modules/AutoJoinEvents.lua: Lua error: Interface/AddOns/Plumber/Modules/AutoJoinEvents.lua:7: attempt to index field 'API' (a nil value)
stack traceback:
	(string):1: in main chunk
Lua error: Lua Error: @Interface/AddOns/Plumber/Modules/AutoJoinEvents.lua: Lua error: Interface/AddOns/Plumber/Modules/AutoJoinEvents.lua:7: attempt to index field 'API' (a nil value)
stack traceback:
	(string):1: in main chunk
[Interface/AddOns/Blizzard_ScriptErrors/Blizzard_ScriptErrors.lua]:59: in function 'GetErrorData'
[Interface/AddOns/Blizzard_ScriptErrors/Blizzard_ScriptErrors.lua]:72: in function <[Interface/AddOns/Blizzard_ScriptErrors/Blizzard_ScriptErrors.lua]:71>

Lua error: @Interface/AddOns/Plumber/Modules/PlayerChoiceFrameToken.lua: Lua error: Interface/AddOns/Plumber/Modules/PlayerChoiceFrameToken.lua:5: attempt to index field 'API' (a nil value)
stack traceback:
	(string):1: in main chunk
Lua error: Lua Error: @Interface/AddOns/Plumber/Modules/PlayerChoiceFrameToken.lua: Lua error: Interface/AddOns/Plumber/Modules/PlayerChoiceFrameToken.lua:5: attempt to index field 'API' (a nil value)
stack traceback:
	(string):1: in main chunk
[Interface/AddOns/Blizzard_ScriptErrors/Blizzard_ScriptErrors.lua]:59: in function 'GetErrorData'
[Interface/AddOns/Blizzard_ScriptErrors/Blizzard_ScriptErrors.lua]:72: in function <[Interface/AddOns/Blizzard_ScriptErrors/Blizzard_ScriptErrors.lua]:71>

Lua error: @Interface/AddOns/Plumber/Modules/QuickSlot.lua: Lua error: Interface/AddOns/Plumber/Modules/QuickSlot.lua:4: attempt to index local 'API' (a nil value)
stack traceback:
	(string):1: in main chunk
Lua error: Lua Error: @Interface/AddOns/Plumber/Modules/QuickSlot.lua: Lua error: Interface/AddOns/Plumber/Modules/QuickSlot.lua:4: attempt to index local 'API' (a nil value)
stack traceback:
	(string):1: in main chunk
[Interface/AddOns/Blizzard_ScriptErrors/Blizzard_ScriptErrors.lua]:59: in function 'GetErrorData'
[Interface/AddOns/Blizzard_ScriptErrors/Blizzard_ScriptErrors.lua]:72: in function <[Interface/AddOns/Blizzard_ScriptErrors/Blizzard_ScriptErrors.lua]:71>

Lua error: @Interface/AddOns/Plumber/Modules/RareAnnouncement.lua: Lua error: Interface/AddOns/Plumber/Modules/RareAnnouncement.lua:6: attempt to index local 'API' (a nil value)
stack traceback:
	(string):1: in main chunk
Lua error: Lua Error: @Interface/AddOns/Plumber/Modules/RareAnnouncement.lua: Lua error: Interface/AddOns/Plumber/Modules/RareAnnouncement.lua:6: attempt to index local 'API' (a nil value)
stack traceback:
	(string):1: in main chunk
[Interface/AddOns/Blizzard_ScriptErrors/Blizzard_ScriptErrors.lua]:59: in function 'GetErrorData'
[Interface/AddOns/Blizzard_ScriptErrors/Blizzard_ScriptErrors.lua]:72: in function <[Interface/AddOns/Blizzard_ScriptErrors/Blizzard_ScriptErrors.lua]:71>

Lua error: @Interface/AddOns/Plumber/Modules/MerchantPrice.lua: Lua error: Interface/AddOns/Plumber/Modules/MerchantPrice.lua:27: attempt to index local 'API' (a nil value)
stack traceback:
	(string):1: in main chunk
Lua error: Lua Error: @Interface/AddOns/Plumber/Modules/MerchantPrice.lua: Lua error: Interface/AddOns/Plumber/Modules/MerchantPrice.lua:27: attempt to index local 'API' (a nil value)
stack traceback:
	(string):1: in main chunk
[Interface/AddOns/Blizzard_ScriptErrors/Blizzard_ScriptErrors.lua]:59: in function 'GetErrorData'
[Interface/AddOns/Blizzard_ScriptErrors/Blizzard_ScriptErrors.lua]:72: in function <[Interface/AddOns/Blizzard_ScriptErrors/Blizzard_ScriptErrors.lua]:71>

Lua error: @Interface/AddOns/Plumber/Modules/DelvesAutomation.lua: Lua error: Interface/AddOns/Plumber/Modules/DelvesAutomation.lua:75: attempt to index field 'L' (a nil value)
stack traceback:
	(string):1: in main chunk
Lua error: Lua Error: @Interface/AddOns/Plumber/Modules/DelvesAutomation.lua: Lua error: Interface/AddOns/Plumber/Modules/DelvesAutomation.lua:75: attempt to index field 'L' (a nil value)
stack traceback:
	(string):1: in main chunk
[Interface/AddOns/Blizzard_ScriptErrors/Blizzard_ScriptErrors.lua]:59: in function 'GetErrorData'
[Interface/AddOns/Blizzard_ScriptErrors/Blizzard_ScriptErrors.lua]:72: in function <[Interface/AddOns/Blizzard_ScriptErrors/Blizzard_ScriptErrors.lua]:71>

Lua error: IO error reading /syncthing/World of Warcraft/_retail_/Interface/AddOns/Plumber/Modules/GameTooltip_Core.lua: No such file or directory (os error 2)
stack traceback:
	(string):1: in main chunk
Lua error: Lua Error: IO error reading /syncthing/World of Warcraft/_retail_/Interface/AddOns/Plumber/Modules/GameTooltip_Core.lua: No such file or directory (os error 2)
stack traceback:
	(string):1: in main chunk
[Interface/AddOns/Blizzard_ScriptErrors/Blizzard_ScriptErrors.lua]:59: in function 'GetErrorData'
[Interface/AddOns/Blizzard_ScriptErrors/Blizzard_ScriptErrors.lua]:72: in function <[Interface/AddOns/Blizzard_ScriptErrors/Blizzard_ScriptErrors.lua]:71>

Lua error: @Interface/AddOns/Plumber/Modules/UnderlightAngler.lua: Lua error: Interface/AddOns/Plumber/Modules/UnderlightAngler.lua:69: attempt to index field 'L' (a nil value)
stack traceback:
	(string):1: in main chunk
Lua error: Lua Error: @Interface/AddOns/Plumber/Modules/UnderlightAngler.lua: Lua error: Interface/AddOns/Plumber/Modules/UnderlightAngler.lua:69: attempt to index field 'L' (a nil value)
stack traceback:
	(string):1: in main chunk
[Interface/AddOns/Blizzard_ScriptErrors/Blizzard_ScriptErrors.lua]:59: in function 'GetErrorData'
[Interface/AddOns/Blizzard_ScriptErrors/Blizzard_ScriptErrors.lua]:72: in function <[Interface/AddOns/Blizzard_ScriptErrors/Blizzard_ScriptErrors.lua]:71>

Lua error: @Interface/AddOns/Plumber/Modules/ChatOptions.lua: Lua error: Interface/AddOns/Plumber/Modules/ChatOptions.lua:205: attempt to index local 'API' (a nil value)
stack traceback:
	(string):1: in main chunk
Lua error: Lua Error: @Interface/AddOns/Plumber/Modules/ChatOptions.lua: Lua error: Interface/AddOns/Plumber/Modules/ChatOptions.lua:205: attempt to index local 'API' (a nil value)
stack traceback:
	(string):1: in main chunk
[Interface/AddOns/Blizzard_ScriptErrors/Blizzard_ScriptErrors.lua]:59: in function 'GetErrorData'
[Interface/AddOns/Blizzard_ScriptErrors/Blizzard_ScriptErrors.lua]:72: in function <[Interface/AddOns/Blizzard_ScriptErrors/Blizzard_ScriptErrors.lua]:71>

Lua error: IO error reading /syncthing/World of Warcraft/_retail_/Interface/AddOns/Plumber/Modules/StaticPopup_QuestItemDestroyAlert.lua: No such file or directory (os error 2)
stack traceback:
	(string):1: in main chunk
Lua error: Lua Error: IO error reading /syncthing/World of Warcraft/_retail_/Interface/AddOns/Plumber/Modules/StaticPopup_QuestItemDestroyAlert.lua: No such file or directory (os error 2)
stack traceback:
	(string):1: in main chunk
[Interface/AddOns/Blizzard_ScriptErrors/Blizzard_ScriptErrors.lua]:59: in function 'GetErrorData'
[Interface/AddOns/Blizzard_ScriptErrors/Blizzard_ScriptErrors.lua]:72: in function <[Interface/AddOns/Blizzard_ScriptErrors/Blizzard_ScriptErrors.lua]:71>

Lua error: @Interface/AddOns/Plumber/Modules/ProfessionsBook.lua: Lua error: Interface/AddOns/Plumber/Modules/ProfessionsBook.lua:7: attempt to index field 'GameTooltipManager' (a nil value)
stack traceback:
	(string):1: in main chunk
Lua error: Lua Error: @Interface/AddOns/Plumber/Modules/ProfessionsBook.lua: Lua error: Interface/AddOns/Plumber/Modules/ProfessionsBook.lua:7: attempt to index field 'GameTooltipManager' (a nil value)
stack traceback:
	(string):1: in main chunk
[Interface/AddOns/Blizzard_ScriptErrors/Blizzard_ScriptErrors.lua]:59: in function 'GetErrorData'
[Interface/AddOns/Blizzard_ScriptErrors/Blizzard_ScriptErrors.lua]:72: in function <[Interface/AddOns/Blizzard_ScriptErrors/Blizzard_ScriptErrors.lua]:71>

Lua error: @Interface/AddOns/Plumber/Modules/HolidayDungeon.lua: Lua error: Interface/AddOns/Plumber/Modules/HolidayDungeon.lua:90: attempt to index field 'L' (a nil value)
stack traceback:
	(string):1: in main chunk
Lua error: Lua Error: @Interface/AddOns/Plumber/Modules/HolidayDungeon.lua: Lua error: Interface/AddOns/Plumber/Modules/HolidayDungeon.lua:90: attempt to index field 'L' (a nil value)
stack traceback:
	(string):1: in main chunk
[Interface/AddOns/Blizzard_ScriptErrors/Blizzard_ScriptErrors.lua]:59: in function 'GetErrorData'
[Interface/AddOns/Blizzard_ScriptErrors/Blizzard_ScriptErrors.lua]:72: in function <[Interface/AddOns/Blizzard_ScriptErrors/Blizzard_ScriptErrors.lua]:71>

Lua error: @Interface/AddOns/Plumber/Modules/SourceAchievementLink.lua: Lua error: Interface/AddOns/Plumber/Modules/SourceAchievementLink.lua:6: attempt to index local 'API' (a nil value)
stack traceback:
	(string):1: in main chunk
Lua error: Lua Error: @Interface/AddOns/Plumber/Modules/SourceAchievementLink.lua: Lua error: Interface/AddOns/Plumber/Modules/SourceAchievementLink.lua:6: attempt to index local 'API' (a nil value)
stack traceback:
	(string):1: in main chunk
[Interface/AddOns/Blizzard_ScriptErrors/Blizzard_ScriptErrors.lua]:59: in function 'GetErrorData'
[Interface/AddOns/Blizzard_ScriptErrors/Blizzard_ScriptErrors.lua]:72: in function <[Interface/AddOns/Blizzard_ScriptErrors/Blizzard_ScriptErrors.lua]:71>

Lua error: IO error reading /syncthing/World of Warcraft/_retail_/Interface/AddOns/Plumber/Modules/OutfitSelect.lua: No such file or directory (os error 2)
stack traceback:
	(string):1: in main chunk
Lua error: Lua Error: IO error reading /syncthing/World of Warcraft/_retail_/Interface/AddOns/Plumber/Modules/OutfitSelect.lua: No such file or directory (os error 2)
stack traceback:
	(string):1: in main chunk
[Interface/AddOns/Blizzard_ScriptErrors/Blizzard_ScriptErrors.lua]:59: in function 'GetErrorData'
[Interface/AddOns/Blizzard_ScriptErrors/Blizzard_ScriptErrors.lua]:72: in function <[Interface/AddOns/Blizzard_ScriptErrors/Blizzard_ScriptErrors.lua]:71>

Lua error: @Interface/AddOns/Plumber/Modules/CatalystUI.lua: Lua error: Interface/AddOns/Plumber/Modules/CatalystUI.lua:178: attempt to index field 'L' (a nil value)
stack traceback:
	(string):1: in main chunk
Lua error: Lua Error: @Interface/AddOns/Plumber/Modules/CatalystUI.lua: Lua error: Interface/AddOns/Plumber/Modules/CatalystUI.lua:178: attempt to index field 'L' (a nil value)
stack traceback:
	(string):1: in main chunk
[Interface/AddOns/Blizzard_ScriptErrors/Blizzard_ScriptErrors.lua]:59: in function 'GetErrorData'
[Interface/AddOns/Blizzard_ScriptErrors/Blizzard_ScriptErrors.lua]:72: in function <[Interface/AddOns/Blizzard_ScriptErrors/Blizzard_ScriptErrors.lua]:71>

Lua error: @Interface/AddOns/Plumber/Modules/HuntTable.lua: Lua error: Interface/AddOns/Plumber/Modules/HuntTable.lua:3: attempt to index field 'API' (a nil value)
stack traceback:
	(string):1: in main chunk
Lua error: Lua Error: @Interface/AddOns/Plumber/Modules/HuntTable.lua: Lua error: Interface/AddOns/Plumber/Modules/HuntTable.lua:3: attempt to index field 'API' (a nil value)
stack traceback:
	(string):1: in main chunk
[Interface/AddOns/Blizzard_ScriptErrors/Blizzard_ScriptErrors.lua]:59: in function 'GetErrorData'
[Interface/AddOns/Blizzard_ScriptErrors/Blizzard_ScriptErrors.lua]:72: in function <[Interface/AddOns/Blizzard_ScriptErrors/Blizzard_ScriptErrors.lua]:71>

Lua error: @Interface/AddOns/Plumber/Modules/TransmogRestorePending.lua: Lua error: Interface/AddOns/Plumber/Modules/TransmogRestorePending.lua:840: attempt to index local 'L' (a nil value)
stack traceback:
	(string):1: in main chunk
Lua error: Lua Error: @Interface/AddOns/Plumber/Modules/TransmogRestorePending.lua: Lua error: Interface/AddOns/Plumber/Modules/TransmogRestorePending.lua:840: attempt to index local 'L' (a nil value)
stack traceback:
	(string):1: in main chunk
[Interface/AddOns/Blizzard_ScriptErrors/Blizzard_ScriptErrors.lua]:59: in function 'GetErrorData'
[Interface/AddOns/Blizzard_ScriptErrors/Blizzard_ScriptErrors.lua]:72: in function <[Interface/AddOns/Blizzard_ScriptErrors/Blizzard_ScriptErrors.lua]:71>

Lua error: @Interface/AddOns/SavedInstances/Init.lua: Lua error: Interface/AddOns/SavedInstances/Init.lua:2: Cannot find a library instance of "AceAddon-3.0".
stack traceback:
	(string):1: in main chunk
Lua error: Lua Error: @Interface/AddOns/SavedInstances/Init.lua: Lua error: Interface/AddOns/SavedInstances/Init.lua:2: Cannot find a library instance of "AceAddon-3.0".
stack traceback:
	(string):1: in main chunk
[Interface/AddOns/Blizzard_ScriptErrors/Blizzard_ScriptErrors.lua]:59: in function 'GetErrorData'
[Interface/AddOns/Blizzard_ScriptErrors/Blizzard_ScriptErrors.lua]:72: in function <[Interface/AddOns/Blizzard_ScriptErrors/Blizzard_ScriptErrors.lua]:71>

Lua error: @Interface/AddOns/SavedInstances/Locales/Locale.lua: Lua error: bad argument #1 to 'setmetatable' (table expected)
stack traceback:
	(string):1: in main chunk
Lua error: Lua Error: @Interface/AddOns/SavedInstances/Locales/Locale.lua: Lua error: bad argument #1 to 'setmetatable' (table expected)
stack traceback:
	(string):1: in main chunk
[Interface/AddOns/Blizzard_ScriptErrors/Blizzard_ScriptErrors.lua]:59: in function 'GetErrorData'
[Interface/AddOns/Blizzard_ScriptErrors/Blizzard_ScriptErrors.lua]:72: in function <[Interface/AddOns/Blizzard_ScriptErrors/Blizzard_ScriptErrors.lua]:71>

Lua error: @Interface/AddOns/SavedInstances/Core/Tooltip.lua: Lua error: Interface/AddOns/SavedInstances/Core/Tooltip.lua:2: attempt to index local 'SI' (a nil value)
stack traceback:
	(string):1: in main chunk
Lua error: Lua Error: @Interface/AddOns/SavedInstances/Core/Tooltip.lua: Lua error: Interface/AddOns/SavedInstances/Core/Tooltip.lua:2: attempt to index local 'SI' (a nil value)
stack traceback:
	(string):1: in main chunk
[Interface/AddOns/Blizzard_ScriptErrors/Blizzard_ScriptErrors.lua]:59: in function 'GetErrorData'
[Interface/AddOns/Blizzard_ScriptErrors/Blizzard_ScriptErrors.lua]:72: in function <[Interface/AddOns/Blizzard_ScriptErrors/Blizzard_ScriptErrors.lua]:71>

Lua error: @Interface/AddOns/SavedInstances/Core/Debug.lua: Lua error: Interface/AddOns/SavedInstances/Core/Debug.lua:18: attempt to index local 'SI' (a nil value)
stack traceback:
	(string):1: in main chunk
Lua error: Lua Error: @Interface/AddOns/SavedInstances/Core/Debug.lua: Lua error: Interface/AddOns/SavedInstances/Core/Debug.lua:18: attempt to index local 'SI' (a nil value)
stack traceback:
	(string):1: in main chunk
[Interface/AddOns/Blizzard_ScriptErrors/Blizzard_ScriptErrors.lua]:59: in function 'GetErrorData'
[Interface/AddOns/Blizzard_ScriptErrors/Blizzard_ScriptErrors.lua]:72: in function <[Interface/AddOns/Blizzard_ScriptErrors/Blizzard_ScriptErrors.lua]:71>

Lua error: @Interface/AddOns/SavedInstances/Modules/BonusRoll.lua: Lua error: Interface/AddOns/SavedInstances/Modules/BonusRoll.lua:2: attempt to index local 'SI' (a nil value)
stack traceback:
	(string):1: in main chunk
Lua error: Lua Error: @Interface/AddOns/SavedInstances/Modules/BonusRoll.lua: Lua error: Interface/AddOns/SavedInstances/Modules/BonusRoll.lua:2: attempt to index local 'SI' (a nil value)
stack traceback:
	(string):1: in main chunk
[Interface/AddOns/Blizzard_ScriptErrors/Blizzard_ScriptErrors.lua]:59: in function 'GetErrorData'
[Interface/AddOns/Blizzard_ScriptErrors/Blizzard_ScriptErrors.lua]:72: in function <[Interface/AddOns/Blizzard_ScriptErrors/Blizzard_ScriptErrors.lua]:71>

Lua error: @Interface/AddOns/SavedInstances/Modules/Calling.lua: Lua error: Interface/AddOns/SavedInstances/Modules/Calling.lua:2: attempt to index local 'SI' (a nil value)
stack traceback:
	(string):1: in main chunk
Lua error: Lua Error: @Interface/AddOns/SavedInstances/Modules/Calling.lua: Lua error: Interface/AddOns/SavedInstances/Modules/Calling.lua:2: attempt to index local 'SI' (a nil value)
stack traceback:
	(string):1: in main chunk
[Interface/AddOns/Blizzard_ScriptErrors/Blizzard_ScriptErrors.lua]:59: in function 'GetErrorData'
[Interface/AddOns/Blizzard_ScriptErrors/Blizzard_ScriptErrors.lua]:72: in function <[Interface/AddOns/Blizzard_ScriptErrors/Blizzard_ScriptErrors.lua]:71>

Lua error: @Interface/AddOns/SavedInstances/Modules/Emissary.lua: Lua error: Interface/AddOns/SavedInstances/Modules/Emissary.lua:2: attempt to index local 'SI' (a nil value)
stack traceback:
	(string):1: in main chunk
Lua error: Lua Error: @Interface/AddOns/SavedInstances/Modules/Emissary.lua: Lua error: Interface/AddOns/SavedInstances/Modules/Emissary.lua:2: attempt to index local 'SI' (a nil value)
stack traceback:
	(string):1: in main chunk
[Interface/AddOns/Blizzard_ScriptErrors/Blizzard_ScriptErrors.lua]:59: in function 'GetErrorData'
[Interface/AddOns/Blizzard_ScriptErrors/Blizzard_ScriptErrors.lua]:72: in function <[Interface/AddOns/Blizzard_ScriptErrors/Blizzard_ScriptErrors.lua]:71>

Lua error: @Interface/AddOns/SavedInstances/Modules/MythicPlus.lua: Lua error: Interface/AddOns/SavedInstances/Modules/MythicPlus.lua:2: attempt to index local 'SI' (a nil value)
stack traceback:
	(string):1: in main chunk
Lua error: Lua Error: @Interface/AddOns/SavedInstances/Modules/MythicPlus.lua: Lua error: Interface/AddOns/SavedInstances/Modules/MythicPlus.lua:2: attempt to index local 'SI' (a nil value)
stack traceback:
	(string):1: in main chunk
[Interface/AddOns/Blizzard_ScriptErrors/Blizzard_ScriptErrors.lua]:59: in function 'GetErrorData'
[Interface/AddOns/Blizzard_ScriptErrors/Blizzard_ScriptErrors.lua]:72: in function <[Interface/AddOns/Blizzard_ScriptErrors/Blizzard_ScriptErrors.lua]:71>

Lua error: @Interface/AddOns/SavedInstances/Modules/Paragon.lua: Lua error: Interface/AddOns/SavedInstances/Modules/Paragon.lua:2: attempt to index local 'SI' (a nil value)
stack traceback:
	(string):1: in main chunk
Lua error: Lua Error: @Interface/AddOns/SavedInstances/Modules/Paragon.lua: Lua error: Interface/AddOns/SavedInstances/Modules/Paragon.lua:2: attempt to index local 'SI' (a nil value)
stack traceback:
	(string):1: in main chunk
[Interface/AddOns/Blizzard_ScriptErrors/Blizzard_ScriptErrors.lua]:59: in function 'GetErrorData'
[Interface/AddOns/Blizzard_ScriptErrors/Blizzard_ScriptErrors.lua]:72: in function <[Interface/AddOns/Blizzard_ScriptErrors/Blizzard_ScriptErrors.lua]:71>

Lua error: @Interface/AddOns/SavedInstances/Modules/Progress.lua: Lua error: Interface/AddOns/SavedInstances/Modules/Progress.lua:2: attempt to index local 'SI' (a nil value)
stack traceback:
	(string):1: in main chunk
Lua error: Lua Error: @Interface/AddOns/SavedInstances/Modules/Progress.lua: Lua error: Interface/AddOns/SavedInstances/Modules/Progress.lua:2: attempt to index local 'SI' (a nil value)
stack traceback:
	(string):1: in main chunk
[Interface/AddOns/Blizzard_ScriptErrors/Blizzard_ScriptErrors.lua]:59: in function 'GetErrorData'
[Interface/AddOns/Blizzard_ScriptErrors/Blizzard_ScriptErrors.lua]:72: in function <[Interface/AddOns/Blizzard_ScriptErrors/Blizzard_ScriptErrors.lua]:71>

Lua error: @Interface/AddOns/SavedInstances/Modules/TradeSkill.lua: Lua error: Interface/AddOns/SavedInstances/Modules/TradeSkill.lua:2: attempt to index local 'SI' (a nil value)
stack traceback:
	(string):1: in main chunk
Lua error: Lua Error: @Interface/AddOns/SavedInstances/Modules/TradeSkill.lua: Lua error: Interface/AddOns/SavedInstances/Modules/TradeSkill.lua:2: attempt to index local 'SI' (a nil value)
stack traceback:
	(string):1: in main chunk
[Interface/AddOns/Blizzard_ScriptErrors/Blizzard_ScriptErrors.lua]:59: in function 'GetErrorData'
[Interface/AddOns/Blizzard_ScriptErrors/Blizzard_ScriptErrors.lua]:72: in function <[Interface/AddOns/Blizzard_ScriptErrors/Blizzard_ScriptErrors.lua]:71>

Lua error: @Interface/AddOns/SavedInstances/Modules/WorldBoss.lua: Lua error: Interface/AddOns/SavedInstances/Modules/WorldBoss.lua:2: attempt to index local 'SI' (a nil value)
stack traceback:
	(string):1: in main chunk
Lua error: Lua Error: @Interface/AddOns/SavedInstances/Modules/WorldBoss.lua: Lua error: Interface/AddOns/SavedInstances/Modules/WorldBoss.lua:2: attempt to index local 'SI' (a nil value)
stack traceback:
	(string):1: in main chunk
[Interface/AddOns/Blizzard_ScriptErrors/Blizzard_ScriptErrors.lua]:59: in function 'GetErrorData'
[Interface/AddOns/Blizzard_ScriptErrors/Blizzard_ScriptErrors.lua]:72: in function <[Interface/AddOns/Blizzard_ScriptErrors/Blizzard_ScriptErrors.lua]:71>

Lua error: IO error reading /syncthing/World of Warcraft/_retail_/Interface/AddOns/Simulationcraft/libs/AceDB-3.0/AceDB-3.0.lua: No such file or directory (os error 2)
stack traceback:
	(string):1: in main chunk
Lua error: Lua Error: IO error reading /syncthing/World of Warcraft/_retail_/Interface/AddOns/Simulationcraft/libs/AceDB-3.0/AceDB-3.0.lua: No such file or directory (os error 2)
stack traceback:
	(string):1: in main chunk
[Interface/AddOns/Blizzard_ScriptErrors/Blizzard_ScriptErrors.lua]:59: in function 'GetErrorData'
[Interface/AddOns/Blizzard_ScriptErrors/Blizzard_ScriptErrors.lua]:72: in function <[Interface/AddOns/Blizzard_ScriptErrors/Blizzard_ScriptErrors.lua]:71>

Lua error: IO error reading /syncthing/World of Warcraft/_retail_/Interface/AddOns/Simulationcraft/libs/LibDBIcon-1.0/LibDBIcon-1.0.lua: No such file or directory (os error 2)
stack traceback:
	(string):1: in main chunk
Lua error: Lua Error: IO error reading /syncthing/World of Warcraft/_retail_/Interface/AddOns/Simulationcraft/libs/LibDBIcon-1.0/LibDBIcon-1.0.lua: No such file or directory (os error 2)
stack traceback:
	(string):1: in main chunk
[Interface/AddOns/Blizzard_ScriptErrors/Blizzard_ScriptErrors.lua]:59: in function 'GetErrorData'
[Interface/AddOns/Blizzard_ScriptErrors/Blizzard_ScriptErrors.lua]:72: in function <[Interface/AddOns/Blizzard_ScriptErrors/Blizzard_ScriptErrors.lua]:71>

Lua error: @Interface/AddOns/Simulationcraft/core.lua: Lua error: Interface/AddOns/Simulationcraft/core.lua:6: Cannot find a library instance of "AceAddon-3.0".
stack traceback:
	(string):1: in main chunk
Lua error: Lua Error: @Interface/AddOns/Simulationcraft/core.lua: Lua error: Interface/AddOns/Simulationcraft/core.lua:6: Cannot find a library instance of "AceAddon-3.0".
stack traceback:
	(string):1: in main chunk
[Interface/AddOns/Blizzard_ScriptErrors/Blizzard_ScriptErrors.lua]:59: in function 'GetErrorData'
[Interface/AddOns/Blizzard_ScriptErrors/Blizzard_ScriptErrors.lua]:72: in function <[Interface/AddOns/Blizzard_ScriptErrors/Blizzard_ScriptErrors.lua]:71>

Lua error: IO error reading /syncthing/World of Warcraft/_retail_/Interface/AddOns/Syndicator/Libs/LibBattlePetTooltipLine/LibBattlePetTooltipLine.lua: No such file or directory (os error 2)
stack traceback:
	(string):1: in main chunk
Lua error: Lua Error: IO error reading /syncthing/World of Warcraft/_retail_/Interface/AddOns/Syndicator/Libs/LibBattlePetTooltipLine/LibBattlePetTooltipLine.lua: No such file or directory (os error 2)
stack traceback:
	(string):1: in main chunk
[Interface/AddOns/Blizzard_ScriptErrors/Blizzard_ScriptErrors.lua]:59: in function 'GetErrorData'
[Interface/AddOns/Blizzard_ScriptErrors/Blizzard_ScriptErrors.lua]:72: in function <[Interface/AddOns/Blizzard_ScriptErrors/Blizzard_ScriptErrors.lua]:71>

Lua error: @Interface/AddOns/Syndicator/Core/Utilities.lua: Lua error: Interface/AddOns/Syndicator/Core/Utilities.lua:66: attempt to index field 'Constants' (a nil value)
stack traceback:
	(string):1: in main chunk
Lua error: Lua Error: @Interface/AddOns/Syndicator/Core/Utilities.lua: Lua error: Interface/AddOns/Syndicator/Core/Utilities.lua:66: attempt to index field 'Constants' (a nil value)
stack traceback:
	(string):1: in main chunk
[Interface/AddOns/Blizzard_ScriptErrors/Blizzard_ScriptErrors.lua]:59: in function 'GetErrorData'
[Interface/AddOns/Blizzard_ScriptErrors/Blizzard_ScriptErrors.lua]:72: in function <[Interface/AddOns/Blizzard_ScriptErrors/Blizzard_ScriptErrors.lua]:71>

Lua error: @Interface/AddOns/Syndicator/Core/Initialize.lua: Lua error: Interface/AddOns/Syndicator/Core/Initialize.lua:6: attempt to index field 'Constants' (a nil value)
stack traceback:
	(string):1: in main chunk
Lua error: Lua Error: @Interface/AddOns/Syndicator/Core/Initialize.lua: Lua error: Interface/AddOns/Syndicator/Core/Initialize.lua:6: attempt to index field 'Constants' (a nil value)
stack traceback:
	(string):1: in main chunk
[Interface/AddOns/Blizzard_ScriptErrors/Blizzard_ScriptErrors.lua]:59: in function 'GetErrorData'
[Interface/AddOns/Blizzard_ScriptErrors/Blizzard_ScriptErrors.lua]:72: in function <[Interface/AddOns/Blizzard_ScriptErrors/Blizzard_ScriptErrors.lua]:71>

Lua error: @Interface/AddOns/Syndicator/Tracking/BagCache.lua: Lua error: Interface/AddOns/Syndicator/Tracking/BagCache.lua:10: attempt to index local '(for state)' (a nil value)
stack traceback:
	(string):1: in main chunk
Lua error: Lua Error: @Interface/AddOns/Syndicator/Tracking/BagCache.lua: Lua error: Interface/AddOns/Syndicator/Tracking/BagCache.lua:10: attempt to index local '(for state)' (a nil value)
stack traceback:
	(string):1: in main chunk
[Interface/AddOns/Blizzard_ScriptErrors/Blizzard_ScriptErrors.lua]:59: in function 'GetErrorData'
[Interface/AddOns/Blizzard_ScriptErrors/Blizzard_ScriptErrors.lua]:72: in function <[Interface/AddOns/Blizzard_ScriptErrors/Blizzard_ScriptErrors.lua]:71>

Lua error: @Interface/AddOns/Syndicator/Tracking/Tooltips.lua: Lua error: Interface/AddOns/Syndicator/Tracking/Tooltips.lua:6: Cannot find a library instance of "LibBattlePetTooltipLine-1-0".
stack traceback:
	(string):1: in main chunk
Lua error: Lua Error: @Interface/AddOns/Syndicator/Tracking/Tooltips.lua: Lua error: Interface/AddOns/Syndicator/Tracking/Tooltips.lua:6: Cannot find a library instance of "LibBattlePetTooltipLine-1-0".
stack traceback:
	(string):1: in main chunk
[Interface/AddOns/Blizzard_ScriptErrors/Blizzard_ScriptErrors.lua]:59: in function 'GetErrorData'
[Interface/AddOns/Blizzard_ScriptErrors/Blizzard_ScriptErrors.lua]:72: in function <[Interface/AddOns/Blizzard_ScriptErrors/Blizzard_ScriptErrors.lua]:71>

Lua error: @Interface/AddOns/Syndicator/Search/CheckItem.lua: Lua error: Interface/AddOns/Syndicator/Search/CheckItem.lua:25: attempt to index field 'Constants' (a nil value)
stack traceback:
	(string):1: in main chunk
Lua error: Lua Error: @Interface/AddOns/Syndicator/Search/CheckItem.lua: Lua error: Interface/AddOns/Syndicator/Search/CheckItem.lua:25: attempt to index field 'Constants' (a nil value)
stack traceback:
	(string):1: in main chunk
[Interface/AddOns/Blizzard_ScriptErrors/Blizzard_ScriptErrors.lua]:59: in function 'GetErrorData'
[Interface/AddOns/Blizzard_ScriptErrors/Blizzard_ScriptErrors.lua]:72: in function <[Interface/AddOns/Blizzard_ScriptErrors/Blizzard_ScriptErrors.lua]:71>

Lua error: @Interface/AddOns/Syndicator/Search/UI/Builder.lua: Lua error: Interface/AddOns/Syndicator/Search/UI/Builder.lua:283: attempt to index field 'Locales' (a nil value)
stack traceback:
	(string):1: in main chunk
Lua error: Lua Error: @Interface/AddOns/Syndicator/Search/UI/Builder.lua: Lua error: Interface/AddOns/Syndicator/Search/UI/Builder.lua:283: attempt to index field 'Locales' (a nil value)
stack traceback:
	(string):1: in main chunk
[Interface/AddOns/Blizzard_ScriptErrors/Blizzard_ScriptErrors.lua]:59: in function 'GetErrorData'
[Interface/AddOns/Blizzard_ScriptErrors/Blizzard_ScriptErrors.lua]:72: in function <[Interface/AddOns/Blizzard_ScriptErrors/Blizzard_ScriptErrors.lua]:71>

Lua error: @Interface/AddOns/Syndicator/Search/Utilities.lua: Lua error: Interface/AddOns/Syndicator/Search/Utilities.lua:47: attempt to index field 'Constants' (a nil value)
stack traceback:
	(string):1: in main chunk
Lua error: Lua Error: @Interface/AddOns/Syndicator/Search/Utilities.lua: Lua error: Interface/AddOns/Syndicator/Search/Utilities.lua:47: attempt to index field 'Constants' (a nil value)
stack traceback:
	(string):1: in main chunk
[Interface/AddOns/Blizzard_ScriptErrors/Blizzard_ScriptErrors.lua]:59: in function 'GetErrorData'
[Interface/AddOns/Blizzard_ScriptErrors/Blizzard_ScriptErrors.lua]:72: in function <[Interface/AddOns/Blizzard_ScriptErrors/Blizzard_ScriptErrors.lua]:71>

Lua error: @Interface/AddOns/CraftSim/Init/GLibs.lua: Lua error: Interface/AddOns/CraftSim/Init/GLibs.lua:6: Cannot find a library instance of "GGUI-2.1".
stack traceback:
	(string):1: in main chunk
Lua error: Lua Error: @Interface/AddOns/CraftSim/Init/GLibs.lua: Lua error: Interface/AddOns/CraftSim/Init/GLibs.lua:6: Cannot find a library instance of "GGUI-2.1".
stack traceback:
	(string):1: in main chunk
[Interface/AddOns/Blizzard_ScriptErrors/Blizzard_ScriptErrors.lua]:59: in function 'GetErrorData'
[Interface/AddOns/Blizzard_ScriptErrors/Blizzard_ScriptErrors.lua]:72: in function <[Interface/AddOns/Blizzard_ScriptErrors/Blizzard_ScriptErrors.lua]:71>

Lua error: @Interface/AddOns/CraftSim/Locals/enUS.lua: Lua error: Interface/AddOns/CraftSim/Locals/enUS.lua:5: attempt to index local 'GUTIL' (a nil value)
stack traceback:
	(string):1: in main chunk
Lua error: Lua Error: @Interface/AddOns/CraftSim/Locals/enUS.lua: Lua error: Interface/AddOns/CraftSim/Locals/enUS.lua:5: attempt to index local 'GUTIL' (a nil value)
stack traceback:
	(string):1: in main chunk
[Interface/AddOns/Blizzard_ScriptErrors/Blizzard_ScriptErrors.lua]:59: in function 'GetErrorData'
[Interface/AddOns/Blizzard_ScriptErrors/Blizzard_ScriptErrors.lua]:72: in function <[Interface/AddOns/Blizzard_ScriptErrors/Blizzard_ScriptErrors.lua]:71>

Lua error: @Interface/AddOns/CraftSim/Locals/Localization.lua: Lua error: Interface/AddOns/CraftSim/Locals/Localization.lua:24: attempt to index field 'LOCAL_EN' (a nil value)
stack traceback:
	(string):1: in main chunk
Lua error: Lua Error: @Interface/AddOns/CraftSim/Locals/Localization.lua: Lua error: Interface/AddOns/CraftSim/Locals/Localization.lua:24: attempt to index field 'LOCAL_EN' (a nil value)
stack traceback:
	(string):1: in main chunk
[Interface/AddOns/Blizzard_ScriptErrors/Blizzard_ScriptErrors.lua]:59: in function 'GetErrorData'
[Interface/AddOns/Blizzard_ScriptErrors/Blizzard_ScriptErrors.lua]:72: in function <[Interface/AddOns/Blizzard_ScriptErrors/Blizzard_ScriptErrors.lua]:71>

Lua error: @Interface/AddOns/CraftSim/Debug/Debug.lua: Lua error: Interface/AddOns/CraftSim/Debug/Debug.lua:60: attempt to index upvalue 'LibLog' (a nil value)
stack traceback:
	(string):1: in main chunk
Lua error: Lua Error: @Interface/AddOns/CraftSim/Debug/Debug.lua: Lua error: Interface/AddOns/CraftSim/Debug/Debug.lua:60: attempt to index upvalue 'LibLog' (a nil value)
stack traceback:
	(string):1: in main chunk
[Interface/AddOns/Blizzard_ScriptErrors/Blizzard_ScriptErrors.lua]:59: in function 'GetErrorData'
[Interface/AddOns/Blizzard_ScriptErrors/Blizzard_ScriptErrors.lua]:72: in function <[Interface/AddOns/Blizzard_ScriptErrors/Blizzard_ScriptErrors.lua]:71>

Lua error: @Interface/AddOns/CraftSim/Util/Util.lua: Lua error: Interface/AddOns/CraftSim/Util/Util.lua:7: attempt to index local 'GUTIL' (a nil value)
stack traceback:
	(string):1: in main chunk
Lua error: Lua Error: @Interface/AddOns/CraftSim/Util/Util.lua: Lua error: Interface/AddOns/CraftSim/Util/Util.lua:7: attempt to index local 'GUTIL' (a nil value)
stack traceback:
	(string):1: in main chunk
[Interface/AddOns/Blizzard_ScriptErrors/Blizzard_ScriptErrors.lua]:59: in function 'GetErrorData'
[Interface/AddOns/Blizzard_ScriptErrors/Blizzard_ScriptErrors.lua]:72: in function <[Interface/AddOns/Blizzard_ScriptErrors/Blizzard_ScriptErrors.lua]:71>

Lua error: @Interface/AddOns/CraftSim/Util/RecipeAcquisition.lua: Lua error: Interface/AddOns/CraftSim/Util/RecipeAcquisition.lua:10: attempt to index local 'GUTIL' (a nil value)
stack traceback:
	(string):1: in main chunk
Lua error: Lua Error: @Interface/AddOns/CraftSim/Util/RecipeAcquisition.lua: Lua error: Interface/AddOns/CraftSim/Util/RecipeAcquisition.lua:10: attempt to index local 'GUTIL' (a nil value)
stack traceback:
	(string):1: in main chunk
[Interface/AddOns/Blizzard_ScriptErrors/Blizzard_ScriptErrors.lua]:59: in function 'GetErrorData'
[Interface/AddOns/Blizzard_ScriptErrors/Blizzard_ScriptErrors.lua]:72: in function <[Interface/AddOns/Blizzard_ScriptErrors/Blizzard_ScriptErrors.lua]:71>

Lua error: @Interface/AddOns/CraftSim/DB/DB.lua: Lua error: Interface/AddOns/CraftSim/DB/DB.lua:6: attempt to index local 'GUTIL' (a nil value)
stack traceback:
	(string):1: in main chunk
Lua error: Lua Error: @Interface/AddOns/CraftSim/DB/DB.lua: Lua error: Interface/AddOns/CraftSim/DB/DB.lua:6: attempt to index local 'GUTIL' (a nil value)
stack traceback:
	(string):1: in main chunk
[Interface/AddOns/Blizzard_ScriptErrors/Blizzard_ScriptErrors.lua]:59: in function 'GetErrorData'
[Interface/AddOns/Blizzard_ScriptErrors/Blizzard_ScriptErrors.lua]:72: in function <[Interface/AddOns/Blizzard_ScriptErrors/Blizzard_ScriptErrors.lua]:71>

Lua error: @Interface/AddOns/CraftSim/DB/patronMoxieValuesDB.lua: Lua error: Interface/AddOns/CraftSim/DB/patronMoxieValuesDB.lua:9: attempt to index field 'DB' (a nil value)
stack traceback:
	(string):1: in main chunk
Lua error: Lua Error: @Interface/AddOns/CraftSim/DB/patronMoxieValuesDB.lua: Lua error: Interface/AddOns/CraftSim/DB/patronMoxieValuesDB.lua:9: attempt to index field 'DB' (a nil value)
stack traceback:
	(string):1: in main chunk
[Interface/AddOns/Blizzard_ScriptErrors/Blizzard_ScriptErrors.lua]:59: in function 'GetErrorData'
[Interface/AddOns/Blizzard_ScriptErrors/Blizzard_ScriptErrors.lua]:72: in function <[Interface/AddOns/Blizzard_ScriptErrors/Blizzard_ScriptErrors.lua]:71>

Lua error: @Interface/AddOns/CraftSim/DB/ItemCountDB.lua: Lua error: Interface/AddOns/CraftSim/Debug/Debug.lua:60: attempt to index upvalue 'LibLog' (a nil value)
stack traceback:
	(string):1: in main chunk
Lua error: Lua Error: @Interface/AddOns/CraftSim/DB/ItemCountDB.lua: Lua error: Interface/AddOns/CraftSim/Debug/Debug.lua:60: attempt to index upvalue 'LibLog' (a nil value)
stack traceback:
	(string):1: in main chunk
[Interface/AddOns/Blizzard_ScriptErrors/Blizzard_ScriptErrors.lua]:59: in function 'GetErrorData'
[Interface/AddOns/Blizzard_ScriptErrors/Blizzard_ScriptErrors.lua]:72: in function <[Interface/AddOns/Blizzard_ScriptErrors/Blizzard_ScriptErrors.lua]:71>

Lua error: @Interface/AddOns/CraftSim/DB/craftQueueDB.lua: Lua error: Interface/AddOns/CraftSim/DB/craftQueueDB.lua:10: attempt to index field 'DB' (a nil value)
stack traceback:
	(string):1: in main chunk
Lua error: Lua Error: @Interface/AddOns/CraftSim/DB/craftQueueDB.lua: Lua error: Interface/AddOns/CraftSim/DB/craftQueueDB.lua:10: attempt to index field 'DB' (a nil value)
stack traceback:
	(string):1: in main chunk
[Interface/AddOns/Blizzard_ScriptErrors/Blizzard_ScriptErrors.lua]:59: in function 'GetErrorData'
[Interface/AddOns/Blizzard_ScriptErrors/Blizzard_ScriptErrors.lua]:72: in function <[Interface/AddOns/Blizzard_ScriptErrors/Blizzard_ScriptErrors.lua]:71>

Lua error: @Interface/AddOns/CraftSim/DB/multicraftPreloadDB.lua: Lua error: Interface/AddOns/CraftSim/DB/multicraftPreloadDB.lua:10: attempt to index field 'DB' (a nil value)
stack traceback:
	(string):1: in main chunk
Lua error: Lua Error: @Interface/AddOns/CraftSim/DB/multicraftPreloadDB.lua: Lua error: Interface/AddOns/CraftSim/DB/multicraftPreloadDB.lua:10: attempt to index field 'DB' (a nil value)
stack traceback:
	(string):1: in main chunk
[Interface/AddOns/Blizzard_ScriptErrors/Blizzard_ScriptErrors.lua]:59: in function 'GetErrorData'
[Interface/AddOns/Blizzard_ScriptErrors/Blizzard_ScriptErrors.lua]:72: in function <[Interface/AddOns/Blizzard_ScriptErrors/Blizzard_ScriptErrors.lua]:71>

Lua error: @Interface/AddOns/CraftSim/Util/Widgets/QualityMeter.lua: Lua error: Interface/AddOns/CraftSim/Util/Widgets/QualityMeter.lua:8: attempt to index local 'GUTIL' (a nil value)
stack traceback:
	(string):1: in main chunk
Lua error: Lua Error: @Interface/AddOns/CraftSim/Util/Widgets/QualityMeter.lua: Lua error: Interface/AddOns/CraftSim/Util/Widgets/QualityMeter.lua:8: attempt to index local 'GUTIL' (a nil value)
stack traceback:
	(string):1: in main chunk
[Interface/AddOns/Blizzard_ScriptErrors/Blizzard_ScriptErrors.lua]:59: in function 'GetErrorData'
[Interface/AddOns/Blizzard_ScriptErrors/Blizzard_ScriptErrors.lua]:72: in function <[Interface/AddOns/Blizzard_ScriptErrors/Blizzard_ScriptErrors.lua]:71>

Lua error: @Interface/AddOns/CraftSim/Pricing/ProfitCalculation.lua: Lua error: Interface/AddOns/CraftSim/Debug/Debug.lua:60: attempt to index upvalue 'LibLog' (a nil value)
stack traceback:
	(string):1: in main chunk
Lua error: Lua Error: @Interface/AddOns/CraftSim/Pricing/ProfitCalculation.lua: Lua error: Interface/AddOns/CraftSim/Debug/Debug.lua:60: attempt to index upvalue 'LibLog' (a nil value)
stack traceback:
	(string):1: in main chunk
[Interface/AddOns/Blizzard_ScriptErrors/Blizzard_ScriptErrors.lua]:59: in function 'GetErrorData'
[Interface/AddOns/Blizzard_ScriptErrors/Blizzard_ScriptErrors.lua]:72: in function <[Interface/AddOns/Blizzard_ScriptErrors/Blizzard_ScriptErrors.lua]:71>

Lua error: @Interface/AddOns/CraftSim/DataSource/PriceSource.lua: Lua error: Interface/AddOns/CraftSim/Debug/Debug.lua:60: attempt to index upvalue 'LibLog' (a nil value)
stack traceback:
	(string):1: in main chunk
Lua error: Lua Error: @Interface/AddOns/CraftSim/DataSource/PriceSource.lua: Lua error: Interface/AddOns/CraftSim/Debug/Debug.lua:60: attempt to index upvalue 'LibLog' (a nil value)
stack traceback:
	(string):1: in main chunk
[Interface/AddOns/Blizzard_ScriptErrors/Blizzard_ScriptErrors.lua]:59: in function 'GetErrorData'
[Interface/AddOns/Blizzard_ScriptErrors/Blizzard_ScriptErrors.lua]:72: in function <[Interface/AddOns/Blizzard_ScriptErrors/Blizzard_ScriptErrors.lua]:71>

Lua error: @Interface/AddOns/CraftSim/DataSource/InventorySource.lua: Lua error: Interface/AddOns/CraftSim/Debug/Debug.lua:60: attempt to index upvalue 'LibLog' (a nil value)
stack traceback:
	(string):1: in main chunk
Lua error: Lua Error: @Interface/AddOns/CraftSim/DataSource/InventorySource.lua: Lua error: Interface/AddOns/CraftSim/Debug/Debug.lua:60: attempt to index upvalue 'LibLog' (a nil value)
stack traceback:
	(string):1: in main chunk
[Interface/AddOns/Blizzard_ScriptErrors/Blizzard_ScriptErrors.lua]:59: in function 'GetErrorData'
[Interface/AddOns/Blizzard_ScriptErrors/Blizzard_ScriptErrors.lua]:72: in function <[Interface/AddOns/Blizzard_ScriptErrors/Blizzard_ScriptErrors.lua]:71>

Lua error: @Interface/AddOns/CraftSim/Modules/Modules.lua: Lua error: Interface/AddOns/CraftSim/Modules/Modules.lua:63: attempt to index local 'GUTIL' (a nil value)
stack traceback:
	(string):1: in main chunk
Lua error: Lua Error: @Interface/AddOns/CraftSim/Modules/Modules.lua: Lua error: Interface/AddOns/CraftSim/Modules/Modules.lua:63: attempt to index local 'GUTIL' (a nil value)
stack traceback:
	(string):1: in main chunk
[Interface/AddOns/Blizzard_ScriptErrors/Blizzard_ScriptErrors.lua]:59: in function 'GetErrorData'
[Interface/AddOns/Blizzard_ScriptErrors/Blizzard_ScriptErrors.lua]:72: in function <[Interface/AddOns/Blizzard_ScriptErrors/Blizzard_ScriptErrors.lua]:71>

Lua error: @Interface/AddOns/CraftSim/Modules/ControlPanel/ControlPanel.lua: Lua error: ...ce/AddOns/CraftSim/Modules/ControlPanel/ControlPanel.lua:9: attempt to call method 'RegisterModule' (a nil value)
stack traceback:
	(string):1: in main chunk
Lua error: Lua Error: @Interface/AddOns/CraftSim/Modules/ControlPanel/ControlPanel.lua: Lua error: ...ce/AddOns/CraftSim/Modules/ControlPanel/ControlPanel.lua:9: attempt to call method 'RegisterModule' (a nil value)
stack traceback:
	(string):1: in main chunk
[Interface/AddOns/Blizzard_ScriptErrors/Blizzard_ScriptErrors.lua]:59: in function 'GetErrorData'
[Interface/AddOns/Blizzard_ScriptErrors/Blizzard_ScriptErrors.lua]:72: in function <[Interface/AddOns/Blizzard_ScriptErrors/Blizzard_ScriptErrors.lua]:71>

Lua error: @Interface/AddOns/CraftSim/Modules/ItemCount/ItemCount.lua: Lua error: Interface/AddOns/CraftSim/Debug/Debug.lua:60: attempt to index upvalue 'LibLog' (a nil value)
stack traceback:
	(string):1: in main chunk
Lua error: Lua Error: @Interface/AddOns/CraftSim/Modules/ItemCount/ItemCount.lua: Lua error: Interface/AddOns/CraftSim/Debug/Debug.lua:60: attempt to index upvalue 'LibLog' (a nil value)
stack traceback:
	(string):1: in main chunk
[Interface/AddOns/Blizzard_ScriptErrors/Blizzard_ScriptErrors.lua]:59: in function 'GetErrorData'
[Interface/AddOns/Blizzard_ScriptErrors/Blizzard_ScriptErrors.lua]:72: in function <[Interface/AddOns/Blizzard_ScriptErrors/Blizzard_ScriptErrors.lua]:71>

Lua error: @Interface/AddOns/CraftSim/Modules/Disenchant/UI.lua: Lua error: Interface/AddOns/CraftSim/Modules/Disenchant/UI.lua:8: attempt to index field 'DISENCHANT' (a nil value)
stack traceback:
	(string):1: in main chunk
Lua error: Lua Error: @Interface/AddOns/CraftSim/Modules/Disenchant/UI.lua: Lua error: Interface/AddOns/CraftSim/Modules/Disenchant/UI.lua:8: attempt to index field 'DISENCHANT' (a nil value)
stack traceback:
	(string):1: in main chunk
[Interface/AddOns/Blizzard_ScriptErrors/Blizzard_ScriptErrors.lua]:59: in function 'GetErrorData'
[Interface/AddOns/Blizzard_ScriptErrors/Blizzard_ScriptErrors.lua]:72: in function <[Interface/AddOns/Blizzard_ScriptErrors/Blizzard_ScriptErrors.lua]:71>

Lua error: @Interface/AddOns/CraftSim/Modules/Explanations/Explanations.lua: Lua error: ...ce/AddOns/CraftSim/Modules/Explanations/Explanations.lua:9: attempt to call method 'RegisterModule' (a nil value)
stack traceback:
	(string):1: in main chunk
Lua error: Lua Error: @Interface/AddOns/CraftSim/Modules/Explanations/Explanations.lua: Lua error: ...ce/AddOns/CraftSim/Modules/Explanations/Explanations.lua:9: attempt to call method 'RegisterModule' (a nil value)
stack traceback:
	(string):1: in main chunk
[Interface/AddOns/Blizzard_ScriptErrors/Blizzard_ScriptErrors.lua]:59: in function 'GetErrorData'
[Interface/AddOns/Blizzard_ScriptErrors/Blizzard_ScriptErrors.lua]:72: in function <[Interface/AddOns/Blizzard_ScriptErrors/Blizzard_ScriptErrors.lua]:71>

Lua error: @Interface/AddOns/CraftSim/Modules/CraftQueue/CraftQueue.lua: Lua error: Interface/AddOns/CraftSim/Modules/CraftQueue/CraftQueue.lua:8: attempt to index local 'GUTIL' (a nil value)
stack traceback:
	(string):1: in main chunk
Lua error: Lua Error: @Interface/AddOns/CraftSim/Modules/CraftQueue/CraftQueue.lua: Lua error: Interface/AddOns/CraftSim/Modules/CraftQueue/CraftQueue.lua:8: attempt to index local 'GUTIL' (a nil value)
stack traceback:
	(string):1: in main chunk
[Interface/AddOns/Blizzard_ScriptErrors/Blizzard_ScriptErrors.lua]:59: in function 'GetErrorData'
[Interface/AddOns/Blizzard_ScriptErrors/Blizzard_ScriptErrors.lua]:72: in function <[Interface/AddOns/Blizzard_ScriptErrors/Blizzard_ScriptErrors.lua]:71>

Lua error: @Interface/AddOns/CraftSim/Modules/CraftQueue/CraftLists.lua: Lua error: Interface/AddOns/CraftSim/Modules/CraftQueue/CraftLists.lua:8: attempt to index local 'GUTIL' (a nil value)
stack traceback:
	(string):1: in main chunk
Lua error: Lua Error: @Interface/AddOns/CraftSim/Modules/CraftQueue/CraftLists.lua: Lua error: Interface/AddOns/CraftSim/Modules/CraftQueue/CraftLists.lua:8: attempt to index local 'GUTIL' (a nil value)
stack traceback:
	(string):1: in main chunk
[Interface/AddOns/Blizzard_ScriptErrors/Blizzard_ScriptErrors.lua]:59: in function 'GetErrorData'
[Interface/AddOns/Blizzard_ScriptErrors/Blizzard_ScriptErrors.lua]:72: in function <[Interface/AddOns/Blizzard_ScriptErrors/Blizzard_ScriptErrors.lua]:71>

Lua error: @Interface/AddOns/CraftSim/Modules/CraftQueue/EditRecipe.lua: Lua error: Interface/AddOns/CraftSim/Modules/CraftQueue/EditRecipe.lua:8: attempt to index local 'GUTIL' (a nil value)
stack traceback:
	(string):1: in main chunk
Lua error: Lua Error: @Interface/AddOns/CraftSim/Modules/CraftQueue/EditRecipe.lua: Lua error: Interface/AddOns/CraftSim/Modules/CraftQueue/EditRecipe.lua:8: attempt to index local 'GUTIL' (a nil value)
stack traceback:
	(string):1: in main chunk
[Interface/AddOns/Blizzard_ScriptErrors/Blizzard_ScriptErrors.lua]:59: in function 'GetErrorData'
[Interface/AddOns/Blizzard_ScriptErrors/Blizzard_ScriptErrors.lua]:72: in function <[Interface/AddOns/Blizzard_ScriptErrors/Blizzard_ScriptErrors.lua]:71>

Lua error: @Interface/AddOns/CraftSim/Modules/Cooldowns/Cooldowns.lua: Lua error: Interface/AddOns/CraftSim/Modules/Cooldowns/Cooldowns.lua:8: attempt to index local 'GUTIL' (a nil value)
stack traceback:
	(string):1: in main chunk
Lua error: Lua Error: @Interface/AddOns/CraftSim/Modules/Cooldowns/Cooldowns.lua: Lua error: Interface/AddOns/CraftSim/Modules/Cooldowns/Cooldowns.lua:8: attempt to index local 'GUTIL' (a nil value)
stack traceback:
	(string):1: in main chunk
[Interface/AddOns/Blizzard_ScriptErrors/Blizzard_ScriptErrors.lua]:59: in function 'GetErrorData'
[Interface/AddOns/Blizzard_ScriptErrors/Blizzard_ScriptErrors.lua]:72: in function <[Interface/AddOns/Blizzard_ScriptErrors/Blizzard_ScriptErrors.lua]:71>

Lua error: @Interface/AddOns/CraftSim/Modules/Cooldowns/UI.lua: Lua error: Interface/AddOns/CraftSim/Modules/Cooldowns/UI.lua:8: attempt to index field 'COOLDOWNS' (a nil value)
stack traceback:
	(string):1: in main chunk
Lua error: Lua Error: @Interface/AddOns/CraftSim/Modules/Cooldowns/UI.lua: Lua error: Interface/AddOns/CraftSim/Modules/Cooldowns/UI.lua:8: attempt to index field 'COOLDOWNS' (a nil value)
stack traceback:
	(string):1: in main chunk
[Interface/AddOns/Blizzard_ScriptErrors/Blizzard_ScriptErrors.lua]:59: in function 'GetErrorData'
[Interface/AddOns/Blizzard_ScriptErrors/Blizzard_ScriptErrors.lua]:72: in function <[Interface/AddOns/Blizzard_ScriptErrors/Blizzard_ScriptErrors.lua]:71>

Lua error: @Interface/AddOns/CraftSim/Modules/CustomerHistory/CustomerHistory.lua: Lua error: ...Ons/CraftSim/Modules/CustomerHistory/CustomerHistory.lua:10: attempt to index local 'GUTIL' (a nil value)
stack traceback:
	(string):1: in main chunk
Lua error: Lua Error: @Interface/AddOns/CraftSim/Modules/CustomerHistory/CustomerHistory.lua: Lua error: ...Ons/CraftSim/Modules/CustomerHistory/CustomerHistory.lua:10: attempt to index local 'GUTIL' (a nil value)
stack traceback:
	(string):1: in main chunk
[Interface/AddOns/Blizzard_ScriptErrors/Blizzard_ScriptErrors.lua]:59: in function 'GetErrorData'
[Interface/AddOns/Blizzard_ScriptErrors/Blizzard_ScriptErrors.lua]:72: in function <[Interface/AddOns/Blizzard_ScriptErrors/Blizzard_ScriptErrors.lua]:71>

Lua error: @Interface/AddOns/CraftSim/Modules/Statistics/Statistics.lua: Lua error: Interface/AddOns/CraftSim/Modules/Statistics/Statistics.lua:10: attempt to call method 'RegisterModule' (a nil value)
stack traceback:
	(string):1: in main chunk
Lua error: Lua Error: @Interface/AddOns/CraftSim/Modules/Statistics/Statistics.lua: Lua error: Interface/AddOns/CraftSim/Modules/Statistics/Statistics.lua:10: attempt to call method 'RegisterModule' (a nil value)
stack traceback:
	(string):1: in main chunk
[Interface/AddOns/Blizzard_ScriptErrors/Blizzard_ScriptErrors.lua]:59: in function 'GetErrorData'
[Interface/AddOns/Blizzard_ScriptErrors/Blizzard_ScriptErrors.lua]:72: in function <[Interface/AddOns/Blizzard_ScriptErrors/Blizzard_ScriptErrors.lua]:71>

Lua error: @Interface/AddOns/CraftSim/Modules/Statistics/UI.lua: Lua error: Interface/AddOns/CraftSim/Modules/Statistics/UI.lua:8: attempt to index local 'GUTIL' (a nil value)
stack traceback:
	(string):1: in main chunk
Lua error: Lua Error: @Interface/AddOns/CraftSim/Modules/Statistics/UI.lua: Lua error: Interface/AddOns/CraftSim/Modules/Statistics/UI.lua:8: attempt to index local 'GUTIL' (a nil value)
stack traceback:
	(string):1: in main chunk
[Interface/AddOns/Blizzard_ScriptErrors/Blizzard_ScriptErrors.lua]:59: in function 'GetErrorData'
[Interface/AddOns/Blizzard_ScriptErrors/Blizzard_ScriptErrors.lua]:72: in function <[Interface/AddOns/Blizzard_ScriptErrors/Blizzard_ScriptErrors.lua]:71>

Lua error: @Interface/AddOns/CraftSim/Modules/CraftLog/UI.lua: Lua error: Interface/AddOns/CraftSim/Modules/CraftLog/UI.lua:8: attempt to index local 'GUTIL' (a nil value)
stack traceback:
	(string):1: in main chunk
Lua error: Lua Error: @Interface/AddOns/CraftSim/Modules/CraftLog/UI.lua: Lua error: Interface/AddOns/CraftSim/Modules/CraftLog/UI.lua:8: attempt to index local 'GUTIL' (a nil value)
stack traceback:
	(string):1: in main chunk
[Interface/AddOns/Blizzard_ScriptErrors/Blizzard_ScriptErrors.lua]:59: in function 'GetErrorData'
[Interface/AddOns/Blizzard_ScriptErrors/Blizzard_ScriptErrors.lua]:72: in function <[Interface/AddOns/Blizzard_ScriptErrors/Blizzard_ScriptErrors.lua]:71>

Lua error: @Interface/AddOns/CraftSim/Modules/Pricing/Pricing.lua: Lua error: Interface/AddOns/CraftSim/Modules/Pricing/Pricing.lua:10: attempt to call method 'RegisterModule' (a nil value)
stack traceback:
	(string):1: in main chunk
Lua error: Lua Error: @Interface/AddOns/CraftSim/Modules/Pricing/Pricing.lua: Lua error: Interface/AddOns/CraftSim/Modules/Pricing/Pricing.lua:10: attempt to call method 'RegisterModule' (a nil value)
stack traceback:
	(string):1: in main chunk
[Interface/AddOns/Blizzard_ScriptErrors/Blizzard_ScriptErrors.lua]:59: in function 'GetErrorData'
[Interface/AddOns/Blizzard_ScriptErrors/Blizzard_ScriptErrors.lua]:72: in function <[Interface/AddOns/Blizzard_ScriptErrors/Blizzard_ScriptErrors.lua]:71>

Lua error: @Interface/AddOns/CraftSim/Modules/Pricing/UI.lua: Lua error: Interface/AddOns/CraftSim/Debug/Debug.lua:60: attempt to index upvalue 'LibLog' (a nil value)
stack traceback:
	(string):1: in main chunk
Lua error: Lua Error: @Interface/AddOns/CraftSim/Modules/Pricing/UI.lua: Lua error: Interface/AddOns/CraftSim/Debug/Debug.lua:60: attempt to index upvalue 'LibLog' (a nil value)
stack traceback:
	(string):1: in main chunk
[Interface/AddOns/Blizzard_ScriptErrors/Blizzard_ScriptErrors.lua]:59: in function 'GetErrorData'
[Interface/AddOns/Blizzard_ScriptErrors/Blizzard_ScriptErrors.lua]:72: in function <[Interface/AddOns/Blizzard_ScriptErrors/Blizzard_ScriptErrors.lua]:71>

Lua error: @Interface/AddOns/CraftSim/Modules/SpecializationInfo/UI.lua: Lua error: Interface/AddOns/CraftSim/Modules/SpecializationInfo/UI.lua:7: attempt to index local 'GUTIL' (a nil value)
stack traceback:
	(string):1: in main chunk
Lua error: Lua Error: @Interface/AddOns/CraftSim/Modules/SpecializationInfo/UI.lua: Lua error: Interface/AddOns/CraftSim/Modules/SpecializationInfo/UI.lua:7: attempt to index local 'GUTIL' (a nil value)
stack traceback:
	(string):1: in main chunk
[Interface/AddOns/Blizzard_ScriptErrors/Blizzard_ScriptErrors.lua]:59: in function 'GetErrorData'
[Interface/AddOns/Blizzard_ScriptErrors/Blizzard_ScriptErrors.lua]:72: in function <[Interface/AddOns/Blizzard_ScriptErrors/Blizzard_ScriptErrors.lua]:71>

Lua error: @Interface/AddOns/CraftSim/Modules/SimulationMode/Debug.lua: Lua error: Interface/AddOns/CraftSim/Modules/SimulationMode/Debug.lua:6: attempt to index local 'GUTIL' (a nil value)
stack traceback:
	(string):1: in main chunk
Lua error: Lua Error: @Interface/AddOns/CraftSim/Modules/SimulationMode/Debug.lua: Lua error: Interface/AddOns/CraftSim/Modules/SimulationMode/Debug.lua:6: attempt to index local 'GUTIL' (a nil value)
stack traceback:
	(string):1: in main chunk
[Interface/AddOns/Blizzard_ScriptErrors/Blizzard_ScriptErrors.lua]:59: in function 'GetErrorData'
[Interface/AddOns/Blizzard_ScriptErrors/Blizzard_ScriptErrors.lua]:72: in function <[Interface/AddOns/Blizzard_ScriptErrors/Blizzard_ScriptErrors.lua]:71>

Lua error: @Interface/AddOns/CraftSim/Modules/SimulationMode/UI.lua: Lua error: Interface/AddOns/CraftSim/Modules/SimulationMode/UI.lua:7: attempt to index local 'GUTIL' (a nil value)
stack traceback:
	(string):1: in main chunk
Lua error: Lua Error: @Interface/AddOns/CraftSim/Modules/SimulationMode/UI.lua: Lua error: Interface/AddOns/CraftSim/Modules/SimulationMode/UI.lua:7: attempt to index local 'GUTIL' (a nil value)
stack traceback:
	(string):1: in main chunk
[Interface/AddOns/Blizzard_ScriptErrors/Blizzard_ScriptErrors.lua]:59: in function 'GetErrorData'
[Interface/AddOns/Blizzard_ScriptErrors/Blizzard_ScriptErrors.lua]:72: in function <[Interface/AddOns/Blizzard_ScriptErrors/Blizzard_ScriptErrors.lua]:71>

Lua error: @Interface/AddOns/CraftSim/Modules/ReagentOptimization/ReagentOptimization.lua: Lua error: ...tSim/Modules/ReagentOptimization/ReagentOptimization.lua:87: attempt to call method 'RegisterModule' (a nil value)
stack traceback:
	(string):1: in main chunk
Lua error: Lua Error: @Interface/AddOns/CraftSim/Modules/ReagentOptimization/ReagentOptimization.lua: Lua error: ...tSim/Modules/ReagentOptimization/ReagentOptimization.lua:87: attempt to call method 'RegisterModule' (a nil value)
stack traceback:
	(string):1: in main chunk
[Interface/AddOns/Blizzard_ScriptErrors/Blizzard_ScriptErrors.lua]:59: in function 'GetErrorData'
[Interface/AddOns/Blizzard_ScriptErrors/Blizzard_ScriptErrors.lua]:72: in function <[Interface/AddOns/Blizzard_ScriptErrors/Blizzard_ScriptErrors.lua]:71>

Lua error: @Interface/AddOns/CraftSim/Modules/ReagentOptimization/UI.lua: Lua error: ...rface/AddOns/CraftSim/Modules/ReagentOptimization/UI.lua:6: attempt to index local 'GUTIL' (a nil value)
stack traceback:
	(string):1: in main chunk
Lua error: Lua Error: @Interface/AddOns/CraftSim/Modules/ReagentOptimization/UI.lua: Lua error: ...rface/AddOns/CraftSim/Modules/ReagentOptimization/UI.lua:6: attempt to index local 'GUTIL' (a nil value)
stack traceback:
	(string):1: in main chunk
[Interface/AddOns/Blizzard_ScriptErrors/Blizzard_ScriptErrors.lua]:59: in function 'GetErrorData'
[Interface/AddOns/Blizzard_ScriptErrors/Blizzard_ScriptErrors.lua]:72: in function <[Interface/AddOns/Blizzard_ScriptErrors/Blizzard_ScriptErrors.lua]:71>

Lua error: @Interface/AddOns/CraftSim/Modules/TopGear/TopGear.lua: Lua error: Interface/AddOns/CraftSim/Debug/Debug.lua:60: attempt to index upvalue 'LibLog' (a nil value)
stack traceback:
	(string):1: in main chunk
Lua error: Lua Error: @Interface/AddOns/CraftSim/Modules/TopGear/TopGear.lua: Lua error: Interface/AddOns/CraftSim/Debug/Debug.lua:60: attempt to index upvalue 'LibLog' (a nil value)
stack traceback:
	(string):1: in main chunk
[Interface/AddOns/Blizzard_ScriptErrors/Blizzard_ScriptErrors.lua]:59: in function 'GetErrorData'
[Interface/AddOns/Blizzard_ScriptErrors/Blizzard_ScriptErrors.lua]:72: in function <[Interface/AddOns/Blizzard_ScriptErrors/Blizzard_ScriptErrors.lua]:71>

Lua error: @Interface/AddOns/CraftSim/Modules/TopGear/UI.lua: Lua error: Interface/AddOns/CraftSim/Debug/Debug.lua:60: attempt to index upvalue 'LibLog' (a nil value)
stack traceback:
	(string):1: in main chunk
Lua error: Lua Error: @Interface/AddOns/CraftSim/Modules/TopGear/UI.lua: Lua error: Interface/AddOns/CraftSim/Debug/Debug.lua:60: attempt to index upvalue 'LibLog' (a nil value)
stack traceback:
	(string):1: in main chunk
[Interface/AddOns/Blizzard_ScriptErrors/Blizzard_ScriptErrors.lua]:59: in function 'GetErrorData'
[Interface/AddOns/Blizzard_ScriptErrors/Blizzard_ScriptErrors.lua]:72: in function <[Interface/AddOns/Blizzard_ScriptErrors/Blizzard_ScriptErrors.lua]:71>

Lua error: @Interface/AddOns/CraftSim/Modules/RecipeScan/RecipeScan.lua: Lua error: Interface/AddOns/CraftSim/Modules/RecipeScan/RecipeScan.lua:11: attempt to call method 'RegisterModule' (a nil value)
stack traceback:
	(string):1: in main chunk
Lua error: Lua Error: @Interface/AddOns/CraftSim/Modules/RecipeScan/RecipeScan.lua: Lua error: Interface/AddOns/CraftSim/Modules/RecipeScan/RecipeScan.lua:11: attempt to call method 'RegisterModule' (a nil value)
stack traceback:
	(string):1: in main chunk
[Interface/AddOns/Blizzard_ScriptErrors/Blizzard_ScriptErrors.lua]:59: in function 'GetErrorData'
[Interface/AddOns/Blizzard_ScriptErrors/Blizzard_ScriptErrors.lua]:72: in function <[Interface/AddOns/Blizzard_ScriptErrors/Blizzard_ScriptErrors.lua]:71>

Lua error: @Interface/AddOns/CraftSim/Modules/RecipeScan/UI.lua: Lua error: Interface/AddOns/CraftSim/Modules/RecipeScan/UI.lua:7: attempt to index field 'GUTIL' (a nil value)
stack traceback:
	(string):1: in main chunk
Lua error: Lua Error: @Interface/AddOns/CraftSim/Modules/RecipeScan/UI.lua: Lua error: Interface/AddOns/CraftSim/Modules/RecipeScan/UI.lua:7: attempt to index field 'GUTIL' (a nil value)
stack traceback:
	(string):1: in main chunk
[Interface/AddOns/Blizzard_ScriptErrors/Blizzard_ScriptErrors.lua]:59: in function 'GetErrorData'
[Interface/AddOns/Blizzard_ScriptErrors/Blizzard_ScriptErrors.lua]:72: in function <[Interface/AddOns/Blizzard_ScriptErrors/Blizzard_ScriptErrors.lua]:71>

Lua error: @Interface/AddOns/CraftSim/Modules/Supporters/Supporters.lua: Lua error: Interface/AddOns/CraftSim/Modules/Supporters/Supporters.lua:6: attempt to index local 'GUTIL' (a nil value)
stack traceback:
	(string):1: in main chunk
Lua error: Lua Error: @Interface/AddOns/CraftSim/Modules/Supporters/Supporters.lua: Lua error: Interface/AddOns/CraftSim/Modules/Supporters/Supporters.lua:6: attempt to index local 'GUTIL' (a nil value)
stack traceback:
	(string):1: in main chunk
[Interface/AddOns/Blizzard_ScriptErrors/Blizzard_ScriptErrors.lua]:59: in function 'GetErrorData'
[Interface/AddOns/Blizzard_ScriptErrors/Blizzard_ScriptErrors.lua]:72: in function <[Interface/AddOns/Blizzard_ScriptErrors/Blizzard_ScriptErrors.lua]:71>

Lua error: @Interface/AddOns/CraftSim/Modules/Supporters/UI.lua: Lua error: Interface/AddOns/CraftSim/Modules/Supporters/UI.lua:6: attempt to index local 'GUTIL' (a nil value)
stack traceback:
	(string):1: in main chunk
Lua error: Lua Error: @Interface/AddOns/CraftSim/Modules/Supporters/UI.lua: Lua error: Interface/AddOns/CraftSim/Modules/Supporters/UI.lua:6: attempt to index local 'GUTIL' (a nil value)
stack traceback:
	(string):1: in main chunk
[Interface/AddOns/Blizzard_ScriptErrors/Blizzard_ScriptErrors.lua]:59: in function 'GetErrorData'
[Interface/AddOns/Blizzard_ScriptErrors/Blizzard_ScriptErrors.lua]:72: in function <[Interface/AddOns/Blizzard_ScriptErrors/Blizzard_ScriptErrors.lua]:71>

Lua error: @Interface/AddOns/CraftSim/Modules/CraftBuffs/CraftBuffs.lua: Lua error: Interface/AddOns/CraftSim/Debug/Debug.lua:60: attempt to index upvalue 'LibLog' (a nil value)
stack traceback:
	(string):1: in main chunk
Lua error: Lua Error: @Interface/AddOns/CraftSim/Modules/CraftBuffs/CraftBuffs.lua: Lua error: Interface/AddOns/CraftSim/Debug/Debug.lua:60: attempt to index upvalue 'LibLog' (a nil value)
stack traceback:
	(string):1: in main chunk
[Interface/AddOns/Blizzard_ScriptErrors/Blizzard_ScriptErrors.lua]:59: in function 'GetErrorData'
[Interface/AddOns/Blizzard_ScriptErrors/Blizzard_ScriptErrors.lua]:72: in function <[Interface/AddOns/Blizzard_ScriptErrors/Blizzard_ScriptErrors.lua]:71>

Lua error: @Interface/AddOns/CraftSim/Modules/CraftBuffs/UI.lua: Lua error: Interface/AddOns/CraftSim/Modules/CraftBuffs/UI.lua:11: attempt to index field 'CRAFT_BUFFS' (a nil value)
stack traceback:
	(string):1: in main chunk
Lua error: Lua Error: @Interface/AddOns/CraftSim/Modules/CraftBuffs/UI.lua: Lua error: Interface/AddOns/CraftSim/Modules/CraftBuffs/UI.lua:11: attempt to index field 'CRAFT_BUFFS' (a nil value)
stack traceback:
	(string):1: in main chunk
[Interface/AddOns/Blizzard_ScriptErrors/Blizzard_ScriptErrors.lua]:59: in function 'GetErrorData'
[Interface/AddOns/Blizzard_ScriptErrors/Blizzard_ScriptErrors.lua]:72: in function <[Interface/AddOns/Blizzard_ScriptErrors/Blizzard_ScriptErrors.lua]:71>

Lua error: @Interface/AddOns/CraftSim/Modules/ConcentrationTracker/ConcentrationTracker.lua: Lua error: ...im/Modules/ConcentrationTracker/ConcentrationTracker.lua:5: attempt to index local 'GUTIL' (a nil value)
stack traceback:
	(string):1: in main chunk
Lua error: Lua Error: @Interface/AddOns/CraftSim/Modules/ConcentrationTracker/ConcentrationTracker.lua: Lua error: ...im/Modules/ConcentrationTracker/ConcentrationTracker.lua:5: attempt to index local 'GUTIL' (a nil value)
stack traceback:
	(string):1: in main chunk
[Interface/AddOns/Blizzard_ScriptErrors/Blizzard_ScriptErrors.lua]:59: in function 'GetErrorData'
[Interface/AddOns/Blizzard_ScriptErrors/Blizzard_ScriptErrors.lua]:72: in function <[Interface/AddOns/Blizzard_ScriptErrors/Blizzard_ScriptErrors.lua]:71>

Lua error: @Interface/AddOns/CraftSim/Modules/ConcentrationTracker/UI.lua: Lua error: ...face/AddOns/CraftSim/Modules/ConcentrationTracker/UI.lua:11: attempt to index field 'CONCENTRATION_TRACKER' (a nil value)
stack traceback:
	(string):1: in main chunk
Lua error: Lua Error: @Interface/AddOns/CraftSim/Modules/ConcentrationTracker/UI.lua: Lua error: ...face/AddOns/CraftSim/Modules/ConcentrationTracker/UI.lua:11: attempt to index field 'CONCENTRATION_TRACKER' (a nil value)
stack traceback:
	(string):1: in main chunk
[Interface/AddOns/Blizzard_ScriptErrors/Blizzard_ScriptErrors.lua]:59: in function 'GetErrorData'
[Interface/AddOns/Blizzard_ScriptErrors/Blizzard_ScriptErrors.lua]:72: in function <[Interface/AddOns/Blizzard_ScriptErrors/Blizzard_ScriptErrors.lua]:71>

Lua error: @Interface/AddOns/CraftSim/Modules/WorkOrderTracker/WorkOrderTracker.lua: Lua error: ...s/CraftSim/Modules/WorkOrderTracker/WorkOrderTracker.lua:8: attempt to index local 'GUTIL' (a nil value)
stack traceback:
	(string):1: in main chunk
Lua error: Lua Error: @Interface/AddOns/CraftSim/Modules/WorkOrderTracker/WorkOrderTracker.lua: Lua error: ...s/CraftSim/Modules/WorkOrderTracker/WorkOrderTracker.lua:8: attempt to index local 'GUTIL' (a nil value)
stack traceback:
	(string):1: in main chunk
[Interface/AddOns/Blizzard_ScriptErrors/Blizzard_ScriptErrors.lua]:59: in function 'GetErrorData'
[Interface/AddOns/Blizzard_ScriptErrors/Blizzard_ScriptErrors.lua]:72: in function <[Interface/AddOns/Blizzard_ScriptErrors/Blizzard_ScriptErrors.lua]:71>

Lua error: @Interface/AddOns/CraftSim/Modules/WorkOrderTracker/UI.lua: Lua error: Interface/AddOns/CraftSim/Modules/WorkOrderTracker/UI.lua:8: attempt to index field 'WORK_ORDER_TRACKER' (a nil value)
stack traceback:
	(string):1: in main chunk
Lua error: Lua Error: @Interface/AddOns/CraftSim/Modules/WorkOrderTracker/UI.lua: Lua error: Interface/AddOns/CraftSim/Modules/WorkOrderTracker/UI.lua:8: attempt to index field 'WORK_ORDER_TRACKER' (a nil value)
stack traceback:
	(string):1: in main chunk
[Interface/AddOns/Blizzard_ScriptErrors/Blizzard_ScriptErrors.lua]:59: in function 'GetErrorData'
[Interface/AddOns/Blizzard_ScriptErrors/Blizzard_ScriptErrors.lua]:72: in function <[Interface/AddOns/Blizzard_ScriptErrors/Blizzard_ScriptErrors.lua]:71>

Lua error: @Interface/AddOns/CraftSim/Data/SpecializationData/Dragonflight/Blacksmithing.lua: Lua error: ...m/Data/SpecializationData/Dragonflight/Blacksmithing.lua:3: attempt to index field 'SPECIALIZATION_DATA' (a nil value)
stack traceback:
	(string):1: in main chunk
Lua error: Lua Error: @Interface/AddOns/CraftSim/Data/SpecializationData/Dragonflight/Blacksmithing.lua: Lua error: ...m/Data/SpecializationData/Dragonflight/Blacksmithing.lua:3: attempt to index field 'SPECIALIZATION_DATA' (a nil value)
stack traceback:
	(string):1: in main chunk
[Interface/AddOns/Blizzard_ScriptErrors/Blizzard_ScriptErrors.lua]:59: in function 'GetErrorData'
[Interface/AddOns/Blizzard_ScriptErrors/Blizzard_ScriptErrors.lua]:72: in function <[Interface/AddOns/Blizzard_ScriptErrors/Blizzard_ScriptErrors.lua]:71>

Lua error: @Interface/AddOns/CraftSim/Data/SpecializationData/Dragonflight/Enchanting.lua: Lua error: ...tSim/Data/SpecializationData/Dragonflight/Enchanting.lua:3: attempt to index field 'SPECIALIZATION_DATA' (a nil value)
stack traceback:
	(string):1: in main chunk
Lua error: Lua Error: @Interface/AddOns/CraftSim/Data/SpecializationData/Dragonflight/Enchanting.lua: Lua error: ...tSim/Data/SpecializationData/Dragonflight/Enchanting.lua:3: attempt to index field 'SPECIALIZATION_DATA' (a nil value)
stack traceback:
	(string):1: in main chunk
[Interface/AddOns/Blizzard_ScriptErrors/Blizzard_ScriptErrors.lua]:59: in function 'GetErrorData'
[Interface/AddOns/Blizzard_ScriptErrors/Blizzard_ScriptErrors.lua]:72: in function <[Interface/AddOns/Blizzard_ScriptErrors/Blizzard_ScriptErrors.lua]:71>

Lua error: @Interface/AddOns/CraftSim/Data/SpecializationData/Dragonflight/Leatherworking.lua: Lua error: .../Data/SpecializationData/Dragonflight/Leatherworking.lua:3: attempt to index field 'SPECIALIZATION_DATA' (a nil value)
stack traceback:
	(string):1: in main chunk
Lua error: Lua Error: @Interface/AddOns/CraftSim/Data/SpecializationData/Dragonflight/Leatherworking.lua: Lua error: .../Data/SpecializationData/Dragonflight/Leatherworking.lua:3: attempt to index field 'SPECIALIZATION_DATA' (a nil value)
stack traceback:
	(string):1: in main chunk
[Interface/AddOns/Blizzard_ScriptErrors/Blizzard_ScriptErrors.lua]:59: in function 'GetErrorData'
[Interface/AddOns/Blizzard_ScriptErrors/Blizzard_ScriptErrors.lua]:72: in function <[Interface/AddOns/Blizzard_ScriptErrors/Blizzard_ScriptErrors.lua]:71>

Lua error: @Interface/AddOns/CraftSim/Data/SpecializationData/Dragonflight/Engineering.lua: Lua error: ...Sim/Data/SpecializationData/Dragonflight/Engineering.lua:3: attempt to index field 'SPECIALIZATION_DATA' (a nil value)
stack traceback:
	(string):1: in main chunk
Lua error: Lua Error: @Interface/AddOns/CraftSim/Data/SpecializationData/Dragonflight/Engineering.lua: Lua error: ...Sim/Data/SpecializationData/Dragonflight/Engineering.lua:3: attempt to index field 'SPECIALIZATION_DATA' (a nil value)
stack traceback:
	(string):1: in main chunk
[Interface/AddOns/Blizzard_ScriptErrors/Blizzard_ScriptErrors.lua]:59: in function 'GetErrorData'
[Interface/AddOns/Blizzard_ScriptErrors/Blizzard_ScriptErrors.lua]:72: in function <[Interface/AddOns/Blizzard_ScriptErrors/Blizzard_ScriptErrors.lua]:71>

Lua error: @Interface/AddOns/CraftSim/Data/SpecializationData/The_War_Within/Blacksmithing.lua: Lua error: ...Data/SpecializationData/The_War_Within/Blacksmithing.lua:3: attempt to index field 'SPECIALIZATION_DATA' (a nil value)
stack traceback:
	(string):1: in main chunk
Lua error: Lua Error: @Interface/AddOns/CraftSim/Data/SpecializationData/The_War_Within/Blacksmithing.lua: Lua error: ...Data/SpecializationData/The_War_Within/Blacksmithing.lua:3: attempt to index field 'SPECIALIZATION_DATA' (a nil value)
stack traceback:
	(string):1: in main chunk
[Interface/AddOns/Blizzard_ScriptErrors/Blizzard_ScriptErrors.lua]:59: in function 'GetErrorData'
[Interface/AddOns/Blizzard_ScriptErrors/Blizzard_ScriptErrors.lua]:72: in function <[Interface/AddOns/Blizzard_ScriptErrors/Blizzard_ScriptErrors.lua]:71>

Lua error: @Interface/AddOns/CraftSim/Data/SpecializationData/The_War_Within/Inscription.lua: Lua error: ...m/Data/SpecializationData/The_War_Within/Inscription.lua:3: attempt to index field 'SPECIALIZATION_DATA' (a nil value)
stack traceback:
	(string):1: in main chunk
Lua error: Lua Error: @Interface/AddOns/CraftSim/Data/SpecializationData/The_War_Within/Inscription.lua: Lua error: ...m/Data/SpecializationData/The_War_Within/Inscription.lua:3: attempt to index field 'SPECIALIZATION_DATA' (a nil value)
stack traceback:
	(string):1: in main chunk
[Interface/AddOns/Blizzard_ScriptErrors/Blizzard_ScriptErrors.lua]:59: in function 'GetErrorData'
[Interface/AddOns/Blizzard_ScriptErrors/Blizzard_ScriptErrors.lua]:72: in function <[Interface/AddOns/Blizzard_ScriptErrors/Blizzard_ScriptErrors.lua]:71>

Lua error: @Interface/AddOns/CraftSim/Data/SpecializationData/The_War_Within/Jewelcrafting.lua: Lua error: ...Data/SpecializationData/The_War_Within/Jewelcrafting.lua:3: attempt to index field 'SPECIALIZATION_DATA' (a nil value)
stack traceback:
	(string):1: in main chunk
Lua error: Lua Error: @Interface/AddOns/CraftSim/Data/SpecializationData/The_War_Within/Jewelcrafting.lua: Lua error: ...Data/SpecializationData/The_War_Within/Jewelcrafting.lua:3: attempt to index field 'SPECIALIZATION_DATA' (a nil value)
stack traceback:
	(string):1: in main chunk
[Interface/AddOns/Blizzard_ScriptErrors/Blizzard_ScriptErrors.lua]:59: in function 'GetErrorData'
[Interface/AddOns/Blizzard_ScriptErrors/Blizzard_ScriptErrors.lua]:72: in function <[Interface/AddOns/Blizzard_ScriptErrors/Blizzard_ScriptErrors.lua]:71>

Lua error: @Interface/AddOns/CraftSim/Data/SpecializationData/The_War_Within/Engineering.lua: Lua error: ...m/Data/SpecializationData/The_War_Within/Engineering.lua:3: attempt to index field 'SPECIALIZATION_DATA' (a nil value)
stack traceback:
	(string):1: in main chunk
Lua error: Lua Error: @Interface/AddOns/CraftSim/Data/SpecializationData/The_War_Within/Engineering.lua: Lua error: ...m/Data/SpecializationData/The_War_Within/Engineering.lua:3: attempt to index field 'SPECIALIZATION_DATA' (a nil value)
stack traceback:
	(string):1: in main chunk
[Interface/AddOns/Blizzard_ScriptErrors/Blizzard_ScriptErrors.lua]:59: in function 'GetErrorData'
[Interface/AddOns/Blizzard_ScriptErrors/Blizzard_ScriptErrors.lua]:72: in function <[Interface/AddOns/Blizzard_ScriptErrors/Blizzard_ScriptErrors.lua]:71>

Lua error: @Interface/AddOns/CraftSim/Data/SpecializationData/Midnight/Alchemy.lua: Lua error: ...ns/CraftSim/Data/SpecializationData/Midnight/Alchemy.lua:3: attempt to index field 'SPECIALIZATION_DATA' (a nil value)
stack traceback:
	(string):1: in main chunk
Lua error: Lua Error: @Interface/AddOns/CraftSim/Data/SpecializationData/Midnight/Alchemy.lua: Lua error: ...ns/CraftSim/Data/SpecializationData/Midnight/Alchemy.lua:3: attempt to index field 'SPECIALIZATION_DATA' (a nil value)
stack traceback:
	(string):1: in main chunk
[Interface/AddOns/Blizzard_ScriptErrors/Blizzard_ScriptErrors.lua]:59: in function 'GetErrorData'
[Interface/AddOns/Blizzard_ScriptErrors/Blizzard_ScriptErrors.lua]:72: in function <[Interface/AddOns/Blizzard_ScriptErrors/Blizzard_ScriptErrors.lua]:71>

Lua error: @Interface/AddOns/CraftSim/Data/SpecializationData/Midnight/Enchanting.lua: Lua error: ...CraftSim/Data/SpecializationData/Midnight/Enchanting.lua:3: attempt to index field 'SPECIALIZATION_DATA' (a nil value)
stack traceback:
	(string):1: in main chunk
Lua error: Lua Error: @Interface/AddOns/CraftSim/Data/SpecializationData/Midnight/Enchanting.lua: Lua error: ...CraftSim/Data/SpecializationData/Midnight/Enchanting.lua:3: attempt to index field 'SPECIALIZATION_DATA' (a nil value)
stack traceback:
	(string):1: in main chunk
[Interface/AddOns/Blizzard_ScriptErrors/Blizzard_ScriptErrors.lua]:59: in function 'GetErrorData'
[Interface/AddOns/Blizzard_ScriptErrors/Blizzard_ScriptErrors.lua]:72: in function <[Interface/AddOns/Blizzard_ScriptErrors/Blizzard_ScriptErrors.lua]:71>

Lua error: @Interface/AddOns/CraftSim/Data/SpecializationData/Midnight/Jewelcrafting.lua: Lua error: ...ftSim/Data/SpecializationData/Midnight/Jewelcrafting.lua:3: attempt to index field 'SPECIALIZATION_DATA' (a nil value)
stack traceback:
	(string):1: in main chunk
Lua error: Lua Error: @Interface/AddOns/CraftSim/Data/SpecializationData/Midnight/Jewelcrafting.lua: Lua error: ...ftSim/Data/SpecializationData/Midnight/Jewelcrafting.lua:3: attempt to index field 'SPECIALIZATION_DATA' (a nil value)
stack traceback:
	(string):1: in main chunk
[Interface/AddOns/Blizzard_ScriptErrors/Blizzard_ScriptErrors.lua]:59: in function 'GetErrorData'
[Interface/AddOns/Blizzard_ScriptErrors/Blizzard_ScriptErrors.lua]:72: in function <[Interface/AddOns/Blizzard_ScriptErrors/Blizzard_ScriptErrors.lua]:71>

Lua error: @Interface/AddOns/CraftSim/Data/SpecializationData/Midnight/Tailoring.lua: Lua error: .../CraftSim/Data/SpecializationData/Midnight/Tailoring.lua:3: attempt to index field 'SPECIALIZATION_DATA' (a nil value)
stack traceback:
	(string):1: in main chunk
Lua error: Lua Error: @Interface/AddOns/CraftSim/Data/SpecializationData/Midnight/Tailoring.lua: Lua error: .../CraftSim/Data/SpecializationData/Midnight/Tailoring.lua:3: attempt to index field 'SPECIALIZATION_DATA' (a nil value)
stack traceback:
	(string):1: in main chunk
[Interface/AddOns/Blizzard_ScriptErrors/Blizzard_ScriptErrors.lua]:59: in function 'GetErrorData'
[Interface/AddOns/Blizzard_ScriptErrors/Blizzard_ScriptErrors.lua]:72: in function <[Interface/AddOns/Blizzard_ScriptErrors/Blizzard_ScriptErrors.lua]:71>

Lua error: @Interface/AddOns/CraftSim/Data/SpecializationData/Midnight/Engineering.lua: Lua error: ...raftSim/Data/SpecializationData/Midnight/Engineering.lua:3: attempt to index field 'SPECIALIZATION_DATA' (a nil value)
stack traceback:
	(string):1: in main chunk
Lua error: Lua Error: @Interface/AddOns/CraftSim/Data/SpecializationData/Midnight/Engineering.lua: Lua error: ...raftSim/Data/SpecializationData/Midnight/Engineering.lua:3: attempt to index field 'SPECIALIZATION_DATA' (a nil value)
stack traceback:
	(string):1: in main chunk
[Interface/AddOns/Blizzard_ScriptErrors/Blizzard_ScriptErrors.lua]:59: in function 'GetErrorData'
[Interface/AddOns/Blizzard_ScriptErrors/Blizzard_ScriptErrors.lua]:72: in function <[Interface/AddOns/Blizzard_ScriptErrors/Blizzard_ScriptErrors.lua]:71>

Lua error: @Interface/AddOns/CraftSim/Classes/OnCraftData.lua: Lua error: Interface/AddOns/CraftSim/Classes/OnCraftData.lua:8: attempt to index field 'CraftSimObject' (a nil value)
stack traceback:
	(string):1: in main chunk
Lua error: Lua Error: @Interface/AddOns/CraftSim/Classes/OnCraftData.lua: Lua error: Interface/AddOns/CraftSim/Classes/OnCraftData.lua:8: attempt to index field 'CraftSimObject' (a nil value)
stack traceback:
	(string):1: in main chunk
[Interface/AddOns/Blizzard_ScriptErrors/Blizzard_ScriptErrors.lua]:59: in function 'GetErrorData'
[Interface/AddOns/Blizzard_ScriptErrors/Blizzard_ScriptErrors.lua]:72: in function <[Interface/AddOns/Blizzard_ScriptErrors/Blizzard_ScriptErrors.lua]:71>

Lua error: @Interface/AddOns/CraftSim/Classes/ProfessionData.lua: Lua error: Interface/AddOns/CraftSim/Debug/Debug.lua:60: attempt to index upvalue 'LibLog' (a nil value)
stack traceback:
	(string):1: in main chunk
Lua error: Lua Error: @Interface/AddOns/CraftSim/Classes/ProfessionData.lua: Lua error: Interface/AddOns/CraftSim/Debug/Debug.lua:60: attempt to index upvalue 'LibLog' (a nil value)
stack traceback:
	(string):1: in main chunk
[Interface/AddOns/Blizzard_ScriptErrors/Blizzard_ScriptErrors.lua]:59: in function 'GetErrorData'
[Interface/AddOns/Blizzard_ScriptErrors/Blizzard_ScriptErrors.lua]:72: in function <[Interface/AddOns/Blizzard_ScriptErrors/Blizzard_ScriptErrors.lua]:71>

Lua error: @Interface/AddOns/CraftSim/Classes/RecipeData.lua: Lua error: Interface/AddOns/CraftSim/Debug/Debug.lua:60: attempt to index upvalue 'LibLog' (a nil value)
stack traceback:
	(string):1: in main chunk
Lua error: Lua Error: @Interface/AddOns/CraftSim/Classes/RecipeData.lua: Lua error: Interface/AddOns/CraftSim/Debug/Debug.lua:60: attempt to index upvalue 'LibLog' (a nil value)
stack traceback:
	(string):1: in main chunk
[Interface/AddOns/Blizzard_ScriptErrors/Blizzard_ScriptErrors.lua]:59: in function 'GetErrorData'
[Interface/AddOns/Blizzard_ScriptErrors/Blizzard_ScriptErrors.lua]:72: in function <[Interface/AddOns/Blizzard_ScriptErrors/Blizzard_ScriptErrors.lua]:71>

Lua error: @Interface/AddOns/CraftSim/Classes/ReagentItem.lua: Lua error: Interface/AddOns/CraftSim/Classes/ReagentItem.lua:7: attempt to index field 'CraftSimObject' (a nil value)
stack traceback:
	(string):1: in main chunk
Lua error: Lua Error: @Interface/AddOns/CraftSim/Classes/ReagentItem.lua: Lua error: Interface/AddOns/CraftSim/Classes/ReagentItem.lua:7: attempt to index field 'CraftSimObject' (a nil value)
stack traceback:
	(string):1: in main chunk
[Interface/AddOns/Blizzard_ScriptErrors/Blizzard_ScriptErrors.lua]:59: in function 'GetErrorData'
[Interface/AddOns/Blizzard_ScriptErrors/Blizzard_ScriptErrors.lua]:72: in function <[Interface/AddOns/Blizzard_ScriptErrors/Blizzard_ScriptErrors.lua]:71>

Lua error: @Interface/AddOns/CraftSim/Classes/ProfessionStats.lua: Lua error: Interface/AddOns/CraftSim/Classes/ProfessionStats.lua:6: attempt to index field 'CraftSimObject' (a nil value)
stack traceback:
	(string):1: in main chunk
Lua error: Lua Error: @Interface/AddOns/CraftSim/Classes/ProfessionStats.lua: Lua error: Interface/AddOns/CraftSim/Classes/ProfessionStats.lua:6: attempt to index field 'CraftSimObject' (a nil value)
stack traceback:
	(string):1: in main chunk
[Interface/AddOns/Blizzard_ScriptErrors/Blizzard_ScriptErrors.lua]:59: in function 'GetErrorData'
[Interface/AddOns/Blizzard_ScriptErrors/Blizzard_ScriptErrors.lua]:72: in function <[Interface/AddOns/Blizzard_ScriptErrors/Blizzard_ScriptErrors.lua]:71>

Lua error: @Interface/AddOns/CraftSim/Classes/ProfessionStat.lua: Lua error: Interface/AddOns/CraftSim/Classes/ProfessionStat.lua:7: attempt to index field 'CraftSimObject' (a nil value)
stack traceback:
	(string):1: in main chunk
Lua error: Lua Error: @Interface/AddOns/CraftSim/Classes/ProfessionStat.lua: Lua error: Interface/AddOns/CraftSim/Classes/ProfessionStat.lua:7: attempt to index field 'CraftSimObject' (a nil value)
stack traceback:
	(string):1: in main chunk
[Interface/AddOns/Blizzard_ScriptErrors/Blizzard_ScriptErrors.lua]:59: in function 'GetErrorData'
[Interface/AddOns/Blizzard_ScriptErrors/Blizzard_ScriptErrors.lua]:72: in function <[Interface/AddOns/Blizzard_ScriptErrors/Blizzard_ScriptErrors.lua]:71>

Lua error: @Interface/AddOns/CraftSim/Classes/ProfessionGearSet.lua: Lua error: Interface/AddOns/CraftSim/Classes/ProfessionGearSet.lua:6: attempt to index field 'CraftSimObject' (a nil value)
stack traceback:
	(string):1: in main chunk
Lua error: Lua Error: @Interface/AddOns/CraftSim/Classes/ProfessionGearSet.lua: Lua error: Interface/AddOns/CraftSim/Classes/ProfessionGearSet.lua:6: attempt to index field 'CraftSimObject' (a nil value)
stack traceback:
	(string):1: in main chunk
[Interface/AddOns/Blizzard_ScriptErrors/Blizzard_ScriptErrors.lua]:59: in function 'GetErrorData'
[Interface/AddOns/Blizzard_ScriptErrors/Blizzard_ScriptErrors.lua]:72: in function <[Interface/AddOns/Blizzard_ScriptErrors/Blizzard_ScriptErrors.lua]:71>

Lua error: @Interface/AddOns/CraftSim/Classes/ProfessionGear.lua: Lua error: Interface/AddOns/CraftSim/Classes/ProfessionGear.lua:8: attempt to index field 'CraftSimObject' (a nil value)
stack traceback:
	(string):1: in main chunk
Lua error: Lua Error: @Interface/AddOns/CraftSim/Classes/ProfessionGear.lua: Lua error: Interface/AddOns/CraftSim/Classes/ProfessionGear.lua:8: attempt to index field 'CraftSimObject' (a nil value)
stack traceback:
	(string):1: in main chunk
[Interface/AddOns/Blizzard_ScriptErrors/Blizzard_ScriptErrors.lua]:59: in function 'GetErrorData'
[Interface/AddOns/Blizzard_ScriptErrors/Blizzard_ScriptErrors.lua]:72: in function <[Interface/AddOns/Blizzard_ScriptErrors/Blizzard_ScriptErrors.lua]:71>

Lua error: @Interface/AddOns/CraftSim/Classes/ResultData.lua: Lua error: Interface/AddOns/CraftSim/Debug/Debug.lua:60: attempt to index upvalue 'LibLog' (a nil value)
stack traceback:
	(string):1: in main chunk
Lua error: Lua Error: @Interface/AddOns/CraftSim/Classes/ResultData.lua: Lua error: Interface/AddOns/CraftSim/Debug/Debug.lua:60: attempt to index upvalue 'LibLog' (a nil value)
stack traceback:
	(string):1: in main chunk
[Interface/AddOns/Blizzard_ScriptErrors/Blizzard_ScriptErrors.lua]:59: in function 'GetErrorData'
[Interface/AddOns/Blizzard_ScriptErrors/Blizzard_ScriptErrors.lua]:72: in function <[Interface/AddOns/Blizzard_ScriptErrors/Blizzard_ScriptErrors.lua]:71>

Lua error: @Interface/AddOns/CraftSim/Classes/SalvageReagentSlot.lua: Lua error: Interface/AddOns/CraftSim/Classes/SalvageReagentSlot.lua:8: attempt to index field 'CraftSimObject' (a nil value)
stack traceback:
	(string):1: in main chunk
Lua error: Lua Error: @Interface/AddOns/CraftSim/Classes/SalvageReagentSlot.lua: Lua error: Interface/AddOns/CraftSim/Classes/SalvageReagentSlot.lua:8: attempt to index field 'CraftSimObject' (a nil value)
stack traceback:
	(string):1: in main chunk
[Interface/AddOns/Blizzard_ScriptErrors/Blizzard_ScriptErrors.lua]:59: in function 'GetErrorData'
[Interface/AddOns/Blizzard_ScriptErrors/Blizzard_ScriptErrors.lua]:72: in function <[Interface/AddOns/Blizzard_ScriptErrors/Blizzard_ScriptErrors.lua]:71>

Lua error: @Interface/AddOns/CraftSim/Classes/SpecializationData.lua: Lua error: Interface/AddOns/CraftSim/Debug/Debug.lua:60: attempt to index upvalue 'LibLog' (a nil value)
stack traceback:
	(string):1: in main chunk
Lua error: Lua Error: @Interface/AddOns/CraftSim/Classes/SpecializationData.lua: Lua error: Interface/AddOns/CraftSim/Debug/Debug.lua:60: attempt to index upvalue 'LibLog' (a nil value)
stack traceback:
	(string):1: in main chunk
[Interface/AddOns/Blizzard_ScriptErrors/Blizzard_ScriptErrors.lua]:59: in function 'GetErrorData'
[Interface/AddOns/Blizzard_ScriptErrors/Blizzard_ScriptErrors.lua]:72: in function <[Interface/AddOns/Blizzard_ScriptErrors/Blizzard_ScriptErrors.lua]:71>

Lua error: @Interface/AddOns/CraftSim/Classes/NodeData.lua: Lua error: Interface/AddOns/CraftSim/Classes/NodeData.lua:6: attempt to index local 'GUTIL' (a nil value)
stack traceback:
	(string):1: in main chunk
Lua error: Lua Error: @Interface/AddOns/CraftSim/Classes/NodeData.lua: Lua error: Interface/AddOns/CraftSim/Classes/NodeData.lua:6: attempt to index local 'GUTIL' (a nil value)
stack traceback:
	(string):1: in main chunk
[Interface/AddOns/Blizzard_ScriptErrors/Blizzard_ScriptErrors.lua]:59: in function 'GetErrorData'
[Interface/AddOns/Blizzard_ScriptErrors/Blizzard_ScriptErrors.lua]:72: in function <[Interface/AddOns/Blizzard_ScriptErrors/Blizzard_ScriptErrors.lua]:71>

Lua error: @Interface/AddOns/CraftSim/Classes/PerkData.lua: Lua error: Interface/AddOns/CraftSim/Debug/Debug.lua:60: attempt to index upvalue 'LibLog' (a nil value)
stack traceback:
	(string):1: in main chunk
Lua error: Lua Error: @Interface/AddOns/CraftSim/Classes/PerkData.lua: Lua error: Interface/AddOns/CraftSim/Debug/Debug.lua:60: attempt to index upvalue 'LibLog' (a nil value)
stack traceback:
	(string):1: in main chunk
[Interface/AddOns/Blizzard_ScriptErrors/Blizzard_ScriptErrors.lua]:59: in function 'GetErrorData'
[Interface/AddOns/Blizzard_ScriptErrors/Blizzard_ScriptErrors.lua]:72: in function <[Interface/AddOns/Blizzard_ScriptErrors/Blizzard_ScriptErrors.lua]:71>

Lua error: @Interface/AddOns/CraftSim/Classes/CraftRecipeData.lua: Lua error: Interface/AddOns/CraftSim/Classes/CraftRecipeData.lua:65: attempt to index field 'CraftSimObject' (a nil value)
stack traceback:
	(string):1: in main chunk
Lua error: Lua Error: @Interface/AddOns/CraftSim/Classes/CraftRecipeData.lua: Lua error: Interface/AddOns/CraftSim/Classes/CraftRecipeData.lua:65: attempt to index field 'CraftSimObject' (a nil value)
stack traceback:
	(string):1: in main chunk
[Interface/AddOns/Blizzard_ScriptErrors/Blizzard_ScriptErrors.lua]:59: in function 'GetErrorData'
[Interface/AddOns/Blizzard_ScriptErrors/Blizzard_ScriptErrors.lua]:72: in function <[Interface/AddOns/Blizzard_ScriptErrors/Blizzard_ScriptErrors.lua]:71>

Lua error: @Interface/AddOns/CraftSim/Classes/JSONBuilder.lua: Lua error: Interface/AddOns/CraftSim/Classes/JSONBuilder.lua:7: attempt to index field 'CraftSimObject' (a nil value)
stack traceback:
	(string):1: in main chunk
Lua error: Lua Error: @Interface/AddOns/CraftSim/Classes/JSONBuilder.lua: Lua error: Interface/AddOns/CraftSim/Classes/JSONBuilder.lua:7: attempt to index field 'CraftSimObject' (a nil value)
stack traceback:
	(string):1: in main chunk
[Interface/AddOns/Blizzard_ScriptErrors/Blizzard_ScriptErrors.lua]:59: in function 'GetErrorData'
[Interface/AddOns/Blizzard_ScriptErrors/Blizzard_ScriptErrors.lua]:72: in function <[Interface/AddOns/Blizzard_ScriptErrors/Blizzard_ScriptErrors.lua]:71>

Lua error: @Interface/AddOns/CraftSim/Classes/Buff.lua: Lua error: Interface/AddOns/CraftSim/Debug/Debug.lua:60: attempt to index upvalue 'LibLog' (a nil value)
stack traceback:
	(string):1: in main chunk
Lua error: Lua Error: @Interface/AddOns/CraftSim/Classes/Buff.lua: Lua error: Interface/AddOns/CraftSim/Debug/Debug.lua:60: attempt to index upvalue 'LibLog' (a nil value)
stack traceback:
	(string):1: in main chunk
[Interface/AddOns/Blizzard_ScriptErrors/Blizzard_ScriptErrors.lua]:59: in function 'GetErrorData'
[Interface/AddOns/Blizzard_ScriptErrors/Blizzard_ScriptErrors.lua]:72: in function <[Interface/AddOns/Blizzard_ScriptErrors/Blizzard_ScriptErrors.lua]:71>

Lua error: @Interface/AddOns/CraftSim/Classes/CraftQueue.lua: Lua error: Interface/AddOns/CraftSim/Classes/CraftQueue.lua:7: attempt to index field 'CraftSimObject' (a nil value)
stack traceback:
	(string):1: in main chunk
Lua error: Lua Error: @Interface/AddOns/CraftSim/Classes/CraftQueue.lua: Lua error: Interface/AddOns/CraftSim/Classes/CraftQueue.lua:7: attempt to index field 'CraftSimObject' (a nil value)
stack traceback:
	(string):1: in main chunk
[Interface/AddOns/Blizzard_ScriptErrors/Blizzard_ScriptErrors.lua]:59: in function 'GetErrorData'
[Interface/AddOns/Blizzard_ScriptErrors/Blizzard_ScriptErrors.lua]:72: in function <[Interface/AddOns/Blizzard_ScriptErrors/Blizzard_ScriptErrors.lua]:71>

Lua error: @Interface/AddOns/CraftSim/Classes/CraftQueueItem.lua: Lua error: Interface/AddOns/CraftSim/Classes/CraftQueueItem.lua:8: attempt to index field 'CraftSimObject' (a nil value)
stack traceback:
	(string):1: in main chunk
Lua error: Lua Error: @Interface/AddOns/CraftSim/Classes/CraftQueueItem.lua: Lua error: Interface/AddOns/CraftSim/Classes/CraftQueueItem.lua:8: attempt to index field 'CraftSimObject' (a nil value)
stack traceback:
	(string):1: in main chunk
[Interface/AddOns/Blizzard_ScriptErrors/Blizzard_ScriptErrors.lua]:59: in function 'GetErrorData'
[Interface/AddOns/Blizzard_ScriptErrors/Blizzard_ScriptErrors.lua]:72: in function <[Interface/AddOns/Blizzard_ScriptErrors/Blizzard_ScriptErrors.lua]:71>

Lua error: IO error reading /syncthing/World of Warcraft/_retail_/Interface/AddOns/XIV_Databar_Continued/Libs/CallbackHandler-1.0/CallbackHandler-1.0.lua: No such file or directory (os error 2)
stack traceback:
	(string):1: in main chunk
Lua error: Lua Error: IO error reading /syncthing/World of Warcraft/_retail_/Interface/AddOns/XIV_Databar_Continued/Libs/CallbackHandler-1.0/CallbackHandler-1.0.lua: No such file or directory (os error 2)
stack traceback:
	(string):1: in main chunk
[Interface/AddOns/Blizzard_ScriptErrors/Blizzard_ScriptErrors.lua]:59: in function 'GetErrorData'
[Interface/AddOns/Blizzard_ScriptErrors/Blizzard_ScriptErrors.lua]:72: in function <[Interface/AddOns/Blizzard_ScriptErrors/Blizzard_ScriptErrors.lua]:71>

Lua error: Lua Error: IO error reading /syncthing/World of Warcraft/_retail_/Interface/AddOns/XIV_Databar_Continued/Libs/CallbackHandler-1.0/CallbackHandler-1.0.lua: No such file or directory (os error 2)
stack traceback:
	(string):1: in main chunk
[Interface/AddOns/Blizzard_ScriptErrors/Blizzard_ScriptErrors.lua]:59: in function 'GetErrorData'
[Interface/AddOns/Blizzard_ScriptErrors/Blizzard_ScriptErrors.lua]:72: in function <[Interface/AddOns/Blizzard_ScriptErrors/Blizzard_ScriptErrors.lua]:71>

Lua error: @Interface/AddOns/XIV_Databar_Continued/locales/enUS.lua: Lua error: Interface/AddOns/XIV_Databar_Continued/locales/enUS.lua:4: Cannot find a library instance of "AceLocale-3.0".
stack traceback:
	(string):1: in main chunk
Lua error: Lua Error: @Interface/AddOns/XIV_Databar_Continued/locales/enUS.lua: Lua error: Interface/AddOns/XIV_Databar_Continued/locales/enUS.lua:4: Cannot find a library instance of "AceLocale-3.0".
stack traceback:
	(string):1: in main chunk
[Interface/AddOns/Blizzard_ScriptErrors/Blizzard_ScriptErrors.lua]:59: in function 'GetErrorData'
[Interface/AddOns/Blizzard_ScriptErrors/Blizzard_ScriptErrors.lua]:72: in function <[Interface/AddOns/Blizzard_ScriptErrors/Blizzard_ScriptErrors.lua]:71>

Lua error: @Interface/AddOns/XIV_Databar_Continued/core.lua: Lua error: Interface/AddOns/XIV_Databar_Continued/core.lua:6: Cannot find a library instance of "AceAddon-3.0".
stack traceback:
	(string):1: in main chunk
Lua error: Lua Error: @Interface/AddOns/XIV_Databar_Continued/core.lua: Lua error: Interface/AddOns/XIV_Databar_Continued/core.lua:6: Cannot find a library instance of "AceAddon-3.0".
stack traceback:
	(string):1: in main chunk
[Interface/AddOns/Blizzard_ScriptErrors/Blizzard_ScriptErrors.lua]:59: in function 'GetErrorData'
[Interface/AddOns/Blizzard_ScriptErrors/Blizzard_ScriptErrors.lua]:72: in function <[Interface/AddOns/Blizzard_ScriptErrors/Blizzard_ScriptErrors.lua]:71>

Lua error: @Interface/AddOns/XIV_Databar_Continued/options.lua: Lua error: Interface/AddOns/XIV_Databar_Continued/options.lua:5: Cannot find a library instance of "AceConfig-3.0".
stack traceback:
	(string):1: in main chunk
Lua error: Lua Error: @Interface/AddOns/XIV_Databar_Continued/options.lua: Lua error: Interface/AddOns/XIV_Databar_Continued/options.lua:5: Cannot find a library instance of "AceConfig-3.0".
stack traceback:
	(string):1: in main chunk
[Interface/AddOns/Blizzard_ScriptErrors/Blizzard_ScriptErrors.lua]:59: in function 'GetErrorData'
[Interface/AddOns/Blizzard_ScriptErrors/Blizzard_ScriptErrors.lua]:72: in function <[Interface/AddOns/Blizzard_ScriptErrors/Blizzard_ScriptErrors.lua]:71>

Lua error: @Interface/AddOns/XIV_Databar_Continued/Core/utils/changelog/Old/v1/1.0.lua: Lua error: ...IV_Databar_Continued/Core/utils/changelog/Old/v1/1.0.lua:3: attempt to index field 'Changelog' (a nil value)
stack traceback:
	(string):1: in main chunk
Lua error: Lua Error: @Interface/AddOns/XIV_Databar_Continued/Core/utils/changelog/Old/v1/1.0.lua: Lua error: ...IV_Databar_Continued/Core/utils/changelog/Old/v1/1.0.lua:3: attempt to index field 'Changelog' (a nil value)
stack traceback:
	(string):1: in main chunk
[Interface/AddOns/Blizzard_ScriptErrors/Blizzard_ScriptErrors.lua]:59: in function 'GetErrorData'
[Interface/AddOns/Blizzard_ScriptErrors/Blizzard_ScriptErrors.lua]:72: in function <[Interface/AddOns/Blizzard_ScriptErrors/Blizzard_ScriptErrors.lua]:71>

Lua error: @Interface/AddOns/XIV_Databar_Continued/Core/utils/mythicteleports/expansions/classic.lua: Lua error: ...tinued/Core/utils/mythicteleports/expansions/classic.lua:6: attempt to index local 'L' (a nil value)
stack traceback:
	(string):1: in main chunk
Lua error: Lua Error: @Interface/AddOns/XIV_Databar_Continued/Core/utils/mythicteleports/expansions/classic.lua: Lua error: ...tinued/Core/utils/mythicteleports/expansions/classic.lua:6: attempt to index local 'L' (a nil value)
stack traceback:
	(string):1: in main chunk
[Interface/AddOns/Blizzard_ScriptErrors/Blizzard_ScriptErrors.lua]:59: in function 'GetErrorData'
[Interface/AddOns/Blizzard_ScriptErrors/Blizzard_ScriptErrors.lua]:72: in function <[Interface/AddOns/Blizzard_ScriptErrors/Blizzard_ScriptErrors.lua]:71>


=== Addon loading summary (before startup events) ===
Loaded: 28/47 addons
Failed during loading: 26
Load failures: 3
Loaded with Lua errors during loading: 23
Total: 202 Lua files, 11 XML files, 623 warnings
Total time: 537.68ms
  IO:         3.99ms (0.7%)
  XML parse:  7.59ms (1.4%)
  XML proc:   7.53ms (1.4%)
  XML frames: 1.89ms (0.4%, subset of XML proc)
    setup:  1.61ms  (code_build=11.00µs exec_lua=1.61ms props=5.14µs)
    finalize: 141.33µs  (layers=571.00ns anim=340.00ns button=3.47µs lifecycle=132.22µs)
    1 frames, 0 textures, 0 fontstrings, 1 lifecycle fires
  Lua exec:   518.57ms (96.4%)
    compile:  439.36ms (81.7%, subset of Lua exec)
    call:     79.21ms (14.7%, subset of Lua exec)
  SavedVars:  6.18µs (0.0%)
Bytecode cache: 0/425 hits (0%, lookup_miss=0 replay_fail=0 stored=0 store_fail=0)

Slowest addons:
  116.9ms  DandersFrames (lua=116.1ms compile=100.4ms call=15.7ms sv=70.0ns xml=0.0ns)
  104.8ms  CraftSim (lua=104.0ms compile=86.4ms call=17.6ms sv=281.0ns xml=0.0ns)
   45.7ms  BetterBlizzFrames (lua=45.0ms compile=42.4ms call=2.6ms sv=130.0ns xml=73.9µs)
   35.7ms  EnhanceQoL (lua=34.8ms compile=31.0ms call=3.9ms sv=411.0ns xml=633.4µs)
   32.2ms  Leatrix_Plus (lua=31.8ms compile=30.7ms call=1.1ms sv=260.0ns xml=303.8µs)
   25.4ms  ItemVersion (lua=25.3ms compile=23.2ms call=2.2ms sv=111.0ns xml=0.0ns)
   21.1ms  BossHelper (lua=20.9ms compile=17.1ms call=3.7ms sv=450.0ns xml=0.0ns)
   20.6ms  Plumber (lua=18.4ms compile=14.6ms call=3.8ms sv=210.0ns xml=2.0ms)
   17.9ms  Chattynator (lua=15.8ms compile=10.1ms call=5.7ms sv=40.0ns xml=2.0ms)
   15.8ms  Syndicator (lua=15.7ms compile=13.1ms call=2.6ms sv=250.0ns xml=61.1µs)
[  3.944s] [Startup] end load third-party addons in 729.54ms
[  3.944s] [Startup] begin sync addon names to Lua
[  3.944s] [Startup] end sync addon names to Lua in 471.98µs
[  3.944s] [Startup] applying post-load workarounds
[  3.944s] [Startup] apply_post_load_workarounds: begin
[  3.944s] [Workarounds] starting patch_edit_mode_manager
[  3.944s] [Workarounds] finished patch_edit_mode_manager in 496.45µs
[  3.944s] [Workarounds] starting init_edit_mode_layout
[  3.944s] [EditMode] starting setup_layout_info
[  3.950s] [EditMode] finished setup_layout_info in 5.88ms
[  3.950s] [EditMode] starting apply_system_anchors
[  4.140s] [EditMode] finished apply_system_anchors in 189.69ms
[  4.140s] [EditMode] starting finalize_action_bar_positions
[  4.142s] [EditMode] finished finalize_action_bar_positions in 2.61ms
[  4.142s] [EditMode] starting invoke_anchor_changed_hooks
[  4.147s] [EditMode] finished invoke_anchor_changed_hooks in 4.73ms
[  4.147s] [EditMode] starting fix_action_bar_nan_size
[  4.147s] [EditMode] finished fix_action_bar_nan_size in 60.07µs
[  4.147s] [EditMode] starting fix_action_bar_scale
[  4.147s] [EditMode] finished fix_action_bar_scale in 7.02µs
[  4.147s] [Workarounds] finished init_edit_mode_layout in 203.07ms
[  4.147s] [Workarounds] starting patch_ui_parent_panel_toggles
[  4.148s] [Workarounds] finished patch_ui_parent_panel_toggles in 299.65µs
[  4.148s] [Workarounds] starting patch_uiparent_onupdate_worklists
[  4.148s] [Workarounds] finished patch_uiparent_onupdate_worklists in 160.97µs
[  4.148s] [Workarounds] starting init_chat_type_colors
[  4.148s] [Workarounds] finished init_chat_type_colors in 172.52µs
[  4.148s] [Workarounds] starting patch_chat_voice_button_surface
[  4.148s] [Workarounds] finished patch_chat_voice_button_surface in 313.37µs
[  4.148s] [Workarounds] starting patch_item_socketing_tooltips
[  4.148s] [Workarounds] finished patch_item_socketing_tooltips in 87.98µs
[  4.148s] [Workarounds] starting patch_character_select_selected_name
[  4.148s] [Workarounds] finished patch_character_select_selected_name in 50.05µs
[  4.148s] [Workarounds] starting patch_character_create_defaults
[  4.149s] [Workarounds] finished patch_character_create_defaults in 336.26µs
[  4.149s] [Workarounds] starting patch_character_frame_title_refresh
[  4.161s] [Workarounds] finished patch_character_frame_title_refresh in 11.92ms
[  4.161s] [Workarounds] starting patch_vignette_pin_template
[  4.161s] [Workarounds] finished patch_vignette_pin_template in 144.04µs
[  4.161s] [Workarounds] starting patch_fog_of_war_pin_mixin
[  4.161s] [Workarounds] finished patch_fog_of_war_pin_mixin in 347.03µs
[  4.161s] [Workarounds] starting patch_map_exploration_pin_mixin
[  4.162s] [Workarounds] finished patch_map_exploration_pin_mixin in 458.40µs
[  4.162s] [Workarounds] starting patch_map_canvas_data_provider_attachment
[  4.162s] [Workarounds] finished patch_map_canvas_data_provider_attachment in 84.40µs
[  4.162s] [Workarounds] starting ensure_adventure_map_frame_surface
[  4.162s] [Workarounds] finished ensure_adventure_map_frame_surface in 201.02µs
[  4.162s] [Workarounds] starting patch_action_bar_button_event_fanout
[  4.162s] [Workarounds] finished patch_action_bar_button_event_fanout in 138.33µs
[  4.162s] [Workarounds] starting patch_paging_controls_page_text
[  4.162s] [Workarounds] finished patch_paging_controls_page_text in 48.58µs
[  4.162s] [Workarounds] starting patch_talent_edge_frame_level_sync
[  4.162s] [Workarounds] finished patch_talent_edge_frame_level_sync in 33.89µs
[  4.162s] [Workarounds] starting patch_catalog_shop_product_card_defaults
[  4.162s] [Workarounds] finished patch_catalog_shop_product_card_defaults in 74.48µs
[  4.162s] [Workarounds] starting patch_game_time_defaults
[  4.162s] [Workarounds] finished patch_game_time_defaults in 8.58µs
[  4.162s] [Workarounds] starting patch_tooltip_nineslice_surface
[  4.162s] [Workarounds] finished patch_tooltip_nineslice_surface in 62.10µs
[  4.162s] [Workarounds] starting patch_container_frame_token_tracker
[  4.162s] [Workarounds] finished patch_container_frame_token_tracker in 53.30µs
[  4.162s] [Workarounds] starting patch_achievement_display_set_achievements
[  4.162s] [Workarounds] finished patch_achievement_display_set_achievements in 10.73µs
[  4.162s] [Workarounds] starting patch_housing_dashboard_preload
[  4.163s] [Workarounds] finished patch_housing_dashboard_preload in 211.70µs
[  4.163s] [Workarounds] starting patch_lfg_lock_list
[  4.163s] [Workarounds] finished patch_lfg_lock_list in 9.15µs
[  4.163s] [Workarounds] starting patch_auction_house_browse_results_event
[  4.163s] [Workarounds] finished patch_auction_house_browse_results_event in 95.00µs
[  4.163s] [Workarounds] starting patch_auction_house_search_context_aliases
[  4.163s] [Workarounds] finished patch_auction_house_search_context_aliases in 47.54µs
[  4.163s] [Workarounds] starting patch_auth_challenge_frame_parent
[  4.163s] [Workarounds] finished patch_auth_challenge_frame_parent in 55.23µs
[  4.163s] [Workarounds] starting patch_settings_surface_defaults
[  4.163s] [Workarounds] finished patch_settings_surface_defaults in 457.91µs
[  4.163s] [Workarounds] starting patch_settings_canvas_layout_visibility
[  4.163s] [Workarounds] finished patch_settings_canvas_layout_visibility in 149.99µs
[  4.163s] [Startup] apply_post_load_workarounds: workarounds complete
[  4.262s] [Startup] apply_post_load_workarounds: globals restored
[  4.263s] [Startup] apply_post_load_workarounds: patch 12.1 compatibility restored
[  4.263s] [Startup] apply_post_load_workarounds: seterrorhandler restored
[  4.263s] [Startup] post-load workarounds complete in 318.99ms
[  4.263s] [Startup] restarting GC after bootstrap
[  4.495s] [Startup] GC restart complete in 231.97ms
=== Final observed Lua error summary ===
Status: FAILED
Lua errors: 493 unique, 507 occurrence(s)
Attributed owners: 27
  AdvancedInterfaceOptions: 6 occurrence(s)
  AstralKeys: 18 occurrence(s)
  BetterBlizzFrames: 12 occurrence(s)
  BlizzMove: 10 occurrence(s)
  BossHelper: 20 occurrence(s)
  BugSack: 2 occurrence(s)
  Chattynator: 28 occurrence(s)
  Clicked: 20 occurrence(s)
  Collectionator: 1 occurrence(s)
  CraftSim: 158 occurrence(s)
  CursorRing: 16 occurrence(s)
  DandersFrames: 12 occurrence(s)
  DeModal: 2 occurrence(s)
  Dejunk: 2 occurrence(s)
  DialogueUI: 22 occurrence(s)
  EXBOSS-LocaleBase: 1 occurrence(s)
  EllesmereUICooldownManager: 1 occurrence(s)
  EnhanceQoL: 32 occurrence(s)
  Falcon: 10 occurrence(s)
  InTime: 4 occurrence(s)
  ItemVersion: 12 occurrence(s)
  Leatrix_Plus: 4 occurrence(s)
  Plumber: 50 occurrence(s)
  SavedInstances: 24 occurrence(s)
  Simulationcraft: 6 occurrence(s)
  Syndicator: 16 occurrence(s)
  XIV_Databar_Continued: 14 occurrence(s)
Unattributed Lua errors: 4 occurrence(s)
[
  {
    "message": "@Interface/AddOns/AdvancedInterfaceOptions/cvars.lua: Lua error: Interface/AddOns/AdvancedInterfaceOptions/cvars.lua:1165: attempt to call local '(for state)' (a nil value)\nstack traceback:\n\t(string):1: in main chunk",
    "count": 1
  },
  {
    "message": "Lua Error: @Interface/AddOns/AdvancedInterfaceOptions/cvars.lua: Lua error: Interface/AddOns/AdvancedInterfaceOptions/cvars.lua:1165: attempt to call local '(for state)' (a nil value)\nstack traceback:\n\t(string):1: in main chunk\n[Interface/AddOns/Blizzard_ScriptErrors/Blizzard_ScriptErrors.lua]:59: in function 'GetErrorData'\n[Interface/AddOns/Blizzard_ScriptErrors/Blizzard_ScriptErrors.lua]:72: in function <[Interface/AddOns/Blizzard_ScriptErrors/Blizzard_ScriptErrors.lua]:71>",
    "count": 1
  },
  {
    "message": "@Interface/AddOns/AdvancedInterfaceOptions/browser.lua: Lua error: Interface/AddOns/AdvancedInterfaceOptions/browser.lua:2: attempt to call method 'Eve' (a nil value)\nstack traceback:\n\t(string):1: in main chunk",
    "count": 1
  },
  {
    "message": "Lua Error: @Interface/AddOns/AdvancedInterfaceOptions/browser.lua: Lua error: Interface/AddOns/AdvancedInterfaceOptions/browser.lua:2: attempt to call method 'Eve' (a nil value)\nstack traceback:\n\t(string):1: in main chunk\n[Interface/AddOns/Blizzard_ScriptErrors/Blizzard_ScriptErrors.lua]:59: in function 'GetErrorData'\n[Interface/AddOns/Blizzard_ScriptErrors/Blizzard_ScriptErrors.lua]:72: in function <[Interface/AddOns/Blizzard_ScriptErrors/Blizzard_ScriptErrors.lua]:71>",
    "count": 1
  },
  {
    "message": "@Interface/AddOns/AdvancedInterfaceOptions/basicOptions.lua: Lua error: Interface/AddOns/AdvancedInterfaceOptions/basicOptions.lua:2: attempt to call method 'Eve' (a nil value)\nstack traceback:\n\t(string):1: in main chunk",
    "count": 1
  },
  {
    "message": "Lua Error: @Interface/AddOns/AdvancedInterfaceOptions/basicOptions.lua: Lua error: Interface/AddOns/AdvancedInterfaceOptions/basicOptions.lua:2: attempt to call method 'Eve' (a nil value)\nstack traceback:\n\t(string):1: in main chunk\n[Interface/AddOns/Blizzard_ScriptErrors/Blizzard_ScriptErrors.lua]:59: in function 'GetErrorData'\n[Interface/AddOns/Blizzard_ScriptErrors/Blizzard_ScriptErrors.lua]:72: in function <[Interface/AddOns/Blizzard_ScriptErrors/Blizzard_ScriptErrors.lua]:71>",
    "count": 1
  },
  {
    "message": "IO error reading /syncthing/World of Warcraft/_retail_/Interface/AddOns/AstralKeys/Libs/LibStub/LibStub.lua: No such file or directory (os error 2)\nstack traceback:\n\t(string):1: in main chunk",
    "count": 1
  },
  {
    "message": "Lua Error: IO error reading /syncthing/World of Warcraft/_retail_/Interface/AddOns/AstralKeys/Libs/LibStub/LibStub.lua: No such file or directory (os error 2)\nstack traceback:\n\t(string):1: in main chunk\n[Interface/AddOns/Blizzard_ScriptErrors/Blizzard_ScriptErrors.lua]:59: in function 'GetErrorData'\n[Interface/AddOns/Blizzard_ScriptErrors/Blizzard_ScriptErrors.lua]:72: in function <[Interface/AddOns/Blizzard_ScriptErrors/Blizzard_ScriptErrors.lua]:71>",
    "count": 1
  },
  {
    "message": "@Interface/AddOns/AstralKeys/Dialog.lua: Lua error: Interface/AddOns/AstralKeys/Localization/Localization.lua:17: stack overflow\nstack traceback:\n\t(string):1: in main chunk",
    "count": 1
  },
  {
    "message": "Lua Error: @Interface/AddOns/AstralKeys/Dialog.lua: Lua error: Interface/AddOns/AstralKeys/Localization/Localization.lua:17: stack overflow\nstack traceback:\n\t(string):1: in main chunk\n[Interface/AddOns/Blizzard_ScriptErrors/Blizzard_ScriptErrors.lua]:59: in function 'GetErrorData'\n[Interface/AddOns/Blizzard_ScriptErrors/Blizzard_ScriptErrors.lua]:72: in function <[Interface/AddOns/Blizzard_ScriptErrors/Blizzard_ScriptErrors.lua]:71>",
    "count": 1
  },
  {
    "message": "@Interface/AddOns/AstralKeys/Communications.lua: Lua error: Interface/AddOns/AstralKeys/Communications.lua:252: attempt to index global 'AstralEvents' (a nil value)\nstack traceback:\n\t(string):1: in main chunk",
    "count": 1
  },
  {
    "message": "Lua Error: @Interface/AddOns/AstralKeys/Communications.lua: Lua error: Interface/AddOns/AstralKeys/Communications.lua:252: attempt to index global 'AstralEvents' (a nil value)\nstack traceback:\n\t(string):1: in main chunk\n[Interface/AddOns/Blizzard_ScriptErrors/Blizzard_ScriptErrors.lua]:59: in function 'GetErrorData'\n[Interface/AddOns/Blizzard_ScriptErrors/Blizzard_ScriptErrors.lua]:72: in function <[Interface/AddOns/Blizzard_ScriptErrors/Blizzard_ScriptErrors.lua]:71>",
    "count": 1
  },
  {
    "message": "@Interface/AddOns/AstralKeys/Lists/Friends.lua: Lua error: Interface/AddOns/AstralKeys/Lists/Friends.lua:75: attempt to index global 'AstralEvents' (a nil value)\nstack traceback:\n\t(string):1: in main chunk",
    "count": 1
  },
  {
    "message": "Lua Error: @Interface/AddOns/AstralKeys/Lists/Friends.lua: Lua error: Interface/AddOns/AstralKeys/Lists/Friends.lua:75: attempt to index global 'AstralEvents' (a nil value)\nstack traceback:\n\t(string):1: in main chunk\n[Interface/AddOns/Blizzard_ScriptErrors/Blizzard_ScriptErrors.lua]:59: in function 'GetErrorData'\n[Interface/AddOns/Blizzard_ScriptErrors/Blizzard_ScriptErrors.lua]:72: in function <[Interface/AddOns/Blizzard_ScriptErrors/Blizzard_ScriptErrors.lua]:71>",
    "count": 1
  },
  {
    "message": "@Interface/AddOns/AstralKeys/Lists/Guild.lua: Lua error: Interface/AddOns/AstralKeys/Lists/Guild.lua:19: attempt to index global 'AstralEvents' (a nil value)\nstack traceback:\n\t(string):1: in main chunk",
    "count": 1
  },
  {
    "message": "Lua Error: @Interface/AddOns/AstralKeys/Lists/Guild.lua: Lua error: Interface/AddOns/AstralKeys/Lists/Guild.lua:19: attempt to index global 'AstralEvents' (a nil value)\nstack traceback:\n\t(string):1: in main chunk\n[Interface/AddOns/Blizzard_ScriptErrors/Blizzard_ScriptErrors.lua]:59: in function 'GetErrorData'\n[Interface/AddOns/Blizzard_ScriptErrors/Blizzard_ScriptErrors.lua]:72: in function <[Interface/AddOns/Blizzard_ScriptErrors/Blizzard_ScriptErrors.lua]:71>",
    "count": 1
  },
  {
    "message": "@Interface/AddOns/AstralKeys/Dungeons.lua: Lua error: Interface/AddOns/AstralKeys/Localization/Localization.lua:17: stack overflow\nstack traceback:\n\t(string):1: in main chunk",
    "count": 1
  },
  {
    "message": "Lua Error: @Interface/AddOns/AstralKeys/Dungeons.lua: Lua error: Interface/AddOns/AstralKeys/Localization/Localization.lua:17: stack overflow\nstack traceback:\n\t(string):1: in main chunk\n[Interface/AddOns/Blizzard_ScriptErrors/Blizzard_ScriptErrors.lua]:59: in function 'GetErrorData'\n[Interface/AddOns/Blizzard_ScriptErrors/Blizzard_ScriptErrors.lua]:72: in function <[Interface/AddOns/Blizzard_ScriptErrors/Blizzard_ScriptErrors.lua]:71>",
    "count": 1
  },
  {
    "message": "@Interface/AddOns/AstralKeys/AstralKeys.lua: Lua error: Interface/AddOns/AstralKeys/AstralKeys.lua:93: attempt to index global 'AstralEvents' (a nil value)\nstack traceback:\n\t(string):1: in main chunk",
    "count": 1
  },
  {
    "message": "Lua Error: @Interface/AddOns/AstralKeys/AstralKeys.lua: Lua error: Interface/AddOns/AstralKeys/AstralKeys.lua:93: attempt to index global 'AstralEvents' (a nil value)\nstack traceback:\n\t(string):1: in main chunk\n[Interface/AddOns/Blizzard_ScriptErrors/Blizzard_ScriptErrors.lua]:59: in function 'GetErrorData'\n[Interface/AddOns/Blizzard_ScriptErrors/Blizzard_ScriptErrors.lua]:72: in function <[Interface/AddOns/Blizzard_ScriptErrors/Blizzard_ScriptErrors.lua]:71>",
    "count": 1
  },
  {
    "message": "IO error reading /syncthing/World of Warcraft/_retail_/Interface/AddOns/AstralKeys/Frame.lua: No such file or directory (os error 2)\nstack traceback:\n\t(string):1: in main chunk",
    "count": 1
  },
  {
    "message": "Lua Error: IO error reading /syncthing/World of Warcraft/_retail_/Interface/AddOns/AstralKeys/Frame.lua: No such file or directory (os error 2)\nstack traceback:\n\t(string):1: in main chunk\n[Interface/AddOns/Blizzard_ScriptErrors/Blizzard_ScriptErrors.lua]:59: in function 'GetErrorData'\n[Interface/AddOns/Blizzard_ScriptErrors/Blizzard_ScriptErrors.lua]:72: in function <[Interface/AddOns/Blizzard_ScriptErrors/Blizzard_ScriptErrors.lua]:71>",
    "count": 1
  },
  {
    "message": "@Interface/AddOns/AstralKeys/MinimapButton.lua: Lua error: Interface/AddOns/AstralKeys/MinimapButton.lua:4: attempt to call a nil value\nstack traceback:\n\t(string):1: in main chunk",
    "count": 1
  },
  {
    "message": "Lua Error: @Interface/AddOns/AstralKeys/MinimapButton.lua: Lua error: Interface/AddOns/AstralKeys/MinimapButton.lua:4: attempt to call a nil value\nstack traceback:\n\t(string):1: in main chunk\n[Interface/AddOns/Blizzard_ScriptErrors/Blizzard_ScriptErrors.lua]:59: in function 'GetErrorData'\n[Interface/AddOns/Blizzard_ScriptErrors/Blizzard_ScriptErrors.lua]:72: in function <[Interface/AddOns/Blizzard_ScriptErrors/Blizzard_ScriptErrors.lua]:71>",
    "count": 1
  },
  {
    "message": "IO error reading /syncthing/World of Warcraft/_retail_/Interface/AddOns/BetterBlizzFrames/libs/LibStub/LibStub.lua: No such file or directory (os error 2)\nstack traceback:\n\t(string):1: in main chunk",
    "count": 1
  },
  {
    "message": "Lua Error: IO error reading /syncthing/World of Warcraft/_retail_/Interface/AddOns/BetterBlizzFrames/libs/LibStub/LibStub.lua: No such file or directory (os error 2)\nstack traceback:\n\t(string):1: in main chunk\n[Interface/AddOns/Blizzard_ScriptErrors/Blizzard_ScriptErrors.lua]:59: in function 'GetErrorData'\n[Interface/AddOns/Blizzard_ScriptErrors/Blizzard_ScriptErrors.lua]:72: in function <[Interface/AddOns/Blizzard_ScriptErrors/Blizzard_ScriptErrors.lua]:71>",
    "count": 1
  },
  {
    "message": "@Interface/AddOns/BetterBlizzFrames/shared/functions.lua: Lua error: Interface/AddOns/BetterBlizzFrames/shared/functions.lua:329: attempt to call a nil value\nstack traceback:\n\t(string):1: in main chunk",
    "count": 1
  },
  {
    "message": "Lua Error: @Interface/AddOns/BetterBlizzFrames/shared/functions.lua: Lua error: Interface/AddOns/BetterBlizzFrames/shared/functions.lua:329: attempt to call a nil value\nstack traceback:\n\t(string):1: in main chunk\n[Interface/AddOns/Blizzard_ScriptErrors/Blizzard_ScriptErrors.lua]:59: in function 'GetErrorData'\n[Interface/AddOns/Blizzard_ScriptErrors/Blizzard_ScriptErrors.lua]:72: in function <[Interface/AddOns/Blizzard_ScriptErrors/Blizzard_ScriptErrors.lua]:71>",
    "count": 1
  },
  {
    "message": "@Interface/AddOns/BetterBlizzFrames/shared/ImportExport.lua: Lua error: Interface/AddOns/BetterBlizzFrames/shared/ImportExport.lua:2: attempt to call a nil value\nstack traceback:\n\t(string):1: in main chunk",
    "count": 1
  },
  {
    "message": "Lua Error: @Interface/AddOns/BetterBlizzFrames/shared/ImportExport.lua: Lua error: Interface/AddOns/BetterBlizzFrames/shared/ImportExport.lua:2: attempt to call a nil value\nstack traceback:\n\t(string):1: in main chunk\n[Interface/AddOns/Blizzard_ScriptErrors/Blizzard_ScriptErrors.lua]:59: in function 'GetErrorData'\n[Interface/AddOns/Blizzard_ScriptErrors/Blizzard_ScriptErrors.lua]:72: in function <[Interface/AddOns/Blizzard_ScriptErrors/Blizzard_ScriptErrors.lua]:71>",
    "count": 1
  },
  {
    "message": "@Interface/AddOns/BetterBlizzFrames/retail/modules/interruptIcon.lua: Lua error: ...ddOns/BetterBlizzFrames/retail/modules/interruptIcon.lua:333: attempt to call a nil value\nstack traceback:\n\t(string):1: in main chunk",
    "count": 1
  },
  {
    "message": "Lua Error: @Interface/AddOns/BetterBlizzFrames/retail/modules/interruptIcon.lua: Lua error: ...ddOns/BetterBlizzFrames/retail/modules/interruptIcon.lua:333: attempt to call a nil value\nstack traceback:\n\t(string):1: in main chunk\n[Interface/AddOns/Blizzard_ScriptErrors/Blizzard_ScriptErrors.lua]:59: in function 'GetErrorData'\n[Interface/AddOns/Blizzard_ScriptErrors/Blizzard_ScriptErrors.lua]:72: in function <[Interface/AddOns/Blizzard_ScriptErrors/Blizzard_ScriptErrors.lua]:71>",
    "count": 1
  },
  {
    "message": "@Interface/AddOns/BetterBlizzFrames/retail/modules/prd.lua: Lua error: Interface/AddOns/BetterBlizzFrames/retail/modules/prd.lua:1: attempt to call a nil value\nstack traceback:\n\t(string):1: in main chunk",
    "count": 1
  },
  {
    "message": "Lua Error: @Interface/AddOns/BetterBlizzFrames/retail/modules/prd.lua: Lua error: Interface/AddOns/BetterBlizzFrames/retail/modules/prd.lua:1: attempt to call a nil value\nstack traceback:\n\t(string):1: in main chunk\n[Interface/AddOns/Blizzard_ScriptErrors/Blizzard_ScriptErrors.lua]:59: in function 'GetErrorData'\n[Interface/AddOns/Blizzard_ScriptErrors/Blizzard_ScriptErrors.lua]:72: in function <[Interface/AddOns/Blizzard_ScriptErrors/Blizzard_ScriptErrors.lua]:71>",
    "count": 1
  },
  {
    "message": "@Interface/AddOns/BetterBlizzFrames/retail/gui.lua: Lua error: Interface/AddOns/BetterBlizzFrames/retail/gui.lua:2: attempt to index global 'LibStub' (a nil value)\nstack traceback:\n\t(string):1: in main chunk",
    "count": 1
  },
  {
    "message": "Lua Error: @Interface/AddOns/BetterBlizzFrames/retail/gui.lua: Lua error: Interface/AddOns/BetterBlizzFrames/retail/gui.lua:2: attempt to index global 'LibStub' (a nil value)\nstack traceback:\n\t(string):1: in main chunk\n[Interface/AddOns/Blizzard_ScriptErrors/Blizzard_ScriptErrors.lua]:59: in function 'GetErrorData'\n[Interface/AddOns/Blizzard_ScriptErrors/Blizzard_ScriptErrors.lua]:72: in function <[Interface/AddOns/Blizzard_ScriptErrors/Blizzard_ScriptErrors.lua]:71>",
    "count": 1
  },
  {
    "message": "IO error loading /syncthing/World of Warcraft/_retail_/Interface/AddOns/BlizzMove/Libs/CallbackHandler-1.0/CallbackHandler-1.0.xml: No such file or directory (os error 2)\nstack traceback:\n\t(string):1: in main chunk",
    "count": 1
  },
  {
    "message": "Lua Error: IO error loading /syncthing/World of Warcraft/_retail_/Interface/AddOns/BlizzMove/Libs/CallbackHandler-1.0/CallbackHandler-1.0.xml: No such file or directory (os error 2)\nstack traceback:\n\t(string):1: in main chunk\n[Interface/AddOns/Blizzard_ScriptErrors/Blizzard_ScriptErrors.lua]:59: in function 'GetErrorData'\n[Interface/AddOns/Blizzard_ScriptErrors/Blizzard_ScriptErrors.lua]:72: in function <[Interface/AddOns/Blizzard_ScriptErrors/Blizzard_ScriptErrors.lua]:71>",
    "count": 1
  },
  {
    "message": "XML error: IO error loading /syncthing/World of Warcraft/_retail_/Interface/AddOns/BlizzMove/Libs/CallbackHandler-1.0/CallbackHandler-1.0.xml: No such file or directory (os error 2)\nstack traceback:\n\t(string):1: in main chunk",
    "count": 1
  },
  {
    "message": "Lua Error: XML error: IO error loading /syncthing/World of Warcraft/_retail_/Interface/AddOns/BlizzMove/Libs/CallbackHandler-1.0/CallbackHandler-1.0.xml: No such file or directory (os error 2)\nstack traceback:\n\t(string):1: in main chunk\n[Interface/AddOns/Blizzard_ScriptErrors/Blizzard_ScriptErrors.lua]:59: in function 'GetErrorData'\n[Interface/AddOns/Blizzard_ScriptErrors/Blizzard_ScriptErrors.lua]:72: in function <[Interface/AddOns/Blizzard_ScriptErrors/Blizzard_ScriptErrors.lua]:71>",
    "count": 1
  },
  {
    "message": "IO error reading /syncthing/World of Warcraft/_retail_/Interface/AddOns/BlizzMove/Locale/enUS.lua: No such file or directory (os error 2)\nstack traceback:\n\t(string):1: in main chunk",
    "count": 1
  },
  {
    "message": "Lua Error: IO error reading /syncthing/World of Warcraft/_retail_/Interface/AddOns/BlizzMove/Locale/enUS.lua: No such file or directory (os error 2)\nstack traceback:\n\t(string):1: in main chunk\n[Interface/AddOns/Blizzard_ScriptErrors/Blizzard_ScriptErrors.lua]:59: in function 'GetErrorData'\n[Interface/AddOns/Blizzard_ScriptErrors/Blizzard_ScriptErrors.lua]:72: in function <[Interface/AddOns/Blizzard_ScriptErrors/Blizzard_ScriptErrors.lua]:71>",
    "count": 1
  },
  {
    "message": "@Interface/AddOns/BlizzMove/BlizzMove.lua: Lua error: Interface/AddOns/BlizzMove/BlizzMove.lua:34: Cannot find a library instance of \"AceAddon-3.0\".\nstack traceback:\n\t(string):1: in main chunk",
    "count": 1
  },
  {
    "message": "Lua Error: @Interface/AddOns/BlizzMove/BlizzMove.lua: Lua error: Interface/AddOns/BlizzMove/BlizzMove.lua:34: Cannot find a library instance of \"AceAddon-3.0\".\nstack traceback:\n\t(string):1: in main chunk\n[Interface/AddOns/Blizzard_ScriptErrors/Blizzard_ScriptErrors.lua]:59: in function 'GetErrorData'\n[Interface/AddOns/Blizzard_ScriptErrors/Blizzard_ScriptErrors.lua]:72: in function <[Interface/AddOns/Blizzard_ScriptErrors/Blizzard_ScriptErrors.lua]:71>",
    "count": 1
  },
  {
    "message": "@Interface/AddOns/BlizzMove/BlizzMoveConfig.lua: Lua error: Interface/AddOns/BlizzMove/BlizzMoveConfig.lua:13: Cannot find a library instance of \"AceAddon-3.0\".\nstack traceback:\n\t(string):1: in main chunk",
    "count": 1
  },
  {
    "message": "Lua Error: @Interface/AddOns/BlizzMove/BlizzMoveConfig.lua: Lua error: Interface/AddOns/BlizzMove/BlizzMoveConfig.lua:13: Cannot find a library instance of \"AceAddon-3.0\".\nstack traceback:\n\t(string):1: in main chunk\n[Interface/AddOns/Blizzard_ScriptErrors/Blizzard_ScriptErrors.lua]:59: in function 'GetErrorData'\n[Interface/AddOns/Blizzard_ScriptErrors/Blizzard_ScriptErrors.lua]:72: in function <[Interface/AddOns/Blizzard_ScriptErrors/Blizzard_ScriptErrors.lua]:71>",
    "count": 1
  },
  {
    "message": "@Interface/AddOns/BossHelper/Core/BossData.lua: Lua error: Interface/AddOns/BossHelper/Core/BossData.lua:37: attempt to index global 'BossHelper' (a nil value)\nstack traceback:\n\t(string):1: in main chunk",
    "count": 1
  },
  {
    "message": "Lua Error: @Interface/AddOns/BossHelper/Core/BossData.lua: Lua error: Interface/AddOns/BossHelper/Core/BossData.lua:37: attempt to index global 'BossHelper' (a nil value)\nstack traceback:\n\t(string):1: in main chunk\n[Interface/AddOns/Blizzard_ScriptErrors/Blizzard_ScriptErrors.lua]:59: in function 'GetErrorData'\n[Interface/AddOns/Blizzard_ScriptErrors/Blizzard_ScriptErrors.lua]:72: in function <[Interface/AddOns/Blizzard_ScriptErrors/Blizzard_ScriptErrors.lua]:71>",
    "count": 1
  },
  {
    "message": "@Interface/AddOns/BossHelper/Core/AffixData.lua: Lua error: Interface/AddOns/BossHelper/Core/AffixData.lua:8: attempt to index global 'BossHelper' (a nil value)\nstack traceback:\n\t(string):1: in main chunk",
    "count": 1
  },
  {
    "message": "Lua Error: @Interface/AddOns/BossHelper/Core/AffixData.lua: Lua error: Interface/AddOns/BossHelper/Core/AffixData.lua:8: attempt to index global 'BossHelper' (a nil value)\nstack traceback:\n\t(string):1: in main chunk\n[Interface/AddOns/Blizzard_ScriptErrors/Blizzard_ScriptErrors.lua]:59: in function 'GetErrorData'\n[Interface/AddOns/Blizzard_ScriptErrors/Blizzard_ScriptErrors.lua]:72: in function <[Interface/AddOns/Blizzard_ScriptErrors/Blizzard_ScriptErrors.lua]:71>",
    "count": 1
  },
  {
    "message": "@Interface/AddOns/BossHelper/Core/Functions.lua: Lua error: Interface/AddOns/BossHelper/Core/Functions.lua:10: attempt to index global 'BossHelper' (a nil value)\nstack traceback:\n\t(string):1: in main chunk",
    "count": 1
  },
  {
    "message": "Lua Error: @Interface/AddOns/BossHelper/Core/Functions.lua: Lua error: Interface/AddOns/BossHelper/Core/Functions.lua:10: attempt to index global 'BossHelper' (a nil value)\nstack traceback:\n\t(string):1: in main chunk\n[Interface/AddOns/Blizzard_ScriptErrors/Blizzard_ScriptErrors.lua]:59: in function 'GetErrorData'\n[Interface/AddOns/Blizzard_ScriptErrors/Blizzard_ScriptErrors.lua]:72: in function <[Interface/AddOns/Blizzard_ScriptErrors/Blizzard_ScriptErrors.lua]:71>",
    "count": 1
  },
  {
    "message": "@Interface/AddOns/BossHelper/Core/EditModeLogic.lua: Lua error: Interface/AddOns/BossHelper/Core/EditModeLogic.lua:3: attempt to index global 'BossHelper' (a nil value)\nstack traceback:\n\t(string):1: in main chunk",
    "count": 1
  },
  {
    "message": "Lua Error: @Interface/AddOns/BossHelper/Core/EditModeLogic.lua: Lua error: Interface/AddOns/BossHelper/Core/EditModeLogic.lua:3: attempt to index global 'BossHelper' (a nil value)\nstack traceback:\n\t(string):1: in main chunk\n[Interface/AddOns/Blizzard_ScriptErrors/Blizzard_ScriptErrors.lua]:59: in function 'GetErrorData'\n[Interface/AddOns/Blizzard_ScriptErrors/Blizzard_ScriptErrors.lua]:72: in function <[Interface/AddOns/Blizzard_ScriptErrors/Blizzard_ScriptErrors.lua]:71>",
    "count": 1
  },
  {
    "message": "@Interface/AddOns/BossHelper/UI/StartPage.lua: Lua error: Interface/AddOns/BossHelper/UI/StartPage.lua:12: attempt to index field 'UI' (a nil value)\nstack traceback:\n\t(string):1: in main chunk",
    "count": 1
  },
  {
    "message": "Lua Error: @Interface/AddOns/BossHelper/UI/StartPage.lua: Lua error: Interface/AddOns/BossHelper/UI/StartPage.lua:12: attempt to index field 'UI' (a nil value)\nstack traceback:\n\t(string):1: in main chunk\n[Interface/AddOns/Blizzard_ScriptErrors/Blizzard_ScriptErrors.lua]:59: in function 'GetErrorData'\n[Interface/AddOns/Blizzard_ScriptErrors/Blizzard_ScriptErrors.lua]:72: in function <[Interface/AddOns/Blizzard_ScriptErrors/Blizzard_ScriptErrors.lua]:71>",
    "count": 1
  },
  {
    "message": "@Interface/AddOns/BossHelper/UI/Settings.lua: Lua error: Interface/AddOns/BossHelper/UI/Settings.lua:40: attempt to index field 'UI' (a nil value)\nstack traceback:\n\t(string):1: in main chunk",
    "count": 1
  },
  {
    "message": "Lua Error: @Interface/AddOns/BossHelper/UI/Settings.lua: Lua error: Interface/AddOns/BossHelper/UI/Settings.lua:40: attempt to index field 'UI' (a nil value)\nstack traceback:\n\t(string):1: in main chunk\n[Interface/AddOns/Blizzard_ScriptErrors/Blizzard_ScriptErrors.lua]:59: in function 'GetErrorData'\n[Interface/AddOns/Blizzard_ScriptErrors/Blizzard_ScriptErrors.lua]:72: in function <[Interface/AddOns/Blizzard_ScriptErrors/Blizzard_ScriptErrors.lua]:71>",
    "count": 1
  },
  {
    "message": "@Interface/AddOns/BossHelper/UI/EditTactics.lua: Lua error: Interface/AddOns/BossHelper/UI/EditTactics.lua:28: attempt to index field 'UI' (a nil value)\nstack traceback:\n\t(string):1: in main chunk",
    "count": 1
  },
  {
    "message": "Lua Error: @Interface/AddOns/BossHelper/UI/EditTactics.lua: Lua error: Interface/AddOns/BossHelper/UI/EditTactics.lua:28: attempt to index field 'UI' (a nil value)\nstack traceback:\n\t(string):1: in main chunk\n[Interface/AddOns/Blizzard_ScriptErrors/Blizzard_ScriptErrors.lua]:59: in function 'GetErrorData'\n[Interface/AddOns/Blizzard_ScriptErrors/Blizzard_ScriptErrors.lua]:72: in function <[Interface/AddOns/Blizzard_ScriptErrors/Blizzard_ScriptErrors.lua]:71>",
    "count": 1
  },
  {
    "message": "@Interface/AddOns/BossHelper/UI/Affixes.lua: Lua error: Interface/AddOns/BossHelper/UI/Affixes.lua:10: attempt to index field 'AffixData' (a nil value)\nstack traceback:\n\t(string):1: in main chunk",
    "count": 1
  },
  {
    "message": "Lua Error: @Interface/AddOns/BossHelper/UI/Affixes.lua: Lua error: Interface/AddOns/BossHelper/UI/Affixes.lua:10: attempt to index field 'AffixData' (a nil value)\nstack traceback:\n\t(string):1: in main chunk\n[Interface/AddOns/Blizzard_ScriptErrors/Blizzard_ScriptErrors.lua]:59: in function 'GetErrorData'\n[Interface/AddOns/Blizzard_ScriptErrors/Blizzard_ScriptErrors.lua]:72: in function <[Interface/AddOns/Blizzard_ScriptErrors/Blizzard_ScriptErrors.lua]:71>",
    "count": 1
  },
  {
    "message": "@Interface/AddOns/BossHelper/UI/QuickStart.lua: Lua error: Interface/AddOns/BossHelper/UI/QuickStart.lua:11: attempt to index field 'UI' (a nil value)\nstack traceback:\n\t(string):1: in main chunk",
    "count": 1
  },
  {
    "message": "Lua Error: @Interface/AddOns/BossHelper/UI/QuickStart.lua: Lua error: Interface/AddOns/BossHelper/UI/QuickStart.lua:11: attempt to index field 'UI' (a nil value)\nstack traceback:\n\t(string):1: in main chunk\n[Interface/AddOns/Blizzard_ScriptErrors/Blizzard_ScriptErrors.lua]:59: in function 'GetErrorData'\n[Interface/AddOns/Blizzard_ScriptErrors/Blizzard_ScriptErrors.lua]:72: in function <[Interface/AddOns/Blizzard_ScriptErrors/Blizzard_ScriptErrors.lua]:71>",
    "count": 1
  },
  {
    "message": "@Interface/AddOns/BossHelper/Modules/MiniWindow.lua: Lua error: Interface/AddOns/BossHelper/Modules/MiniWindow.lua:97: attempt to index field 'UI' (a nil value)\nstack traceback:\n\t(string):1: in main chunk",
    "count": 1
  },
  {
    "message": "Lua Error: @Interface/AddOns/BossHelper/Modules/MiniWindow.lua: Lua error: Interface/AddOns/BossHelper/Modules/MiniWindow.lua:97: attempt to index field 'UI' (a nil value)\nstack traceback:\n\t(string):1: in main chunk\n[Interface/AddOns/Blizzard_ScriptErrors/Blizzard_ScriptErrors.lua]:59: in function 'GetErrorData'\n[Interface/AddOns/Blizzard_ScriptErrors/Blizzard_ScriptErrors.lua]:72: in function <[Interface/AddOns/Blizzard_ScriptErrors/Blizzard_ScriptErrors.lua]:71>",
    "count": 1
  },
  {
    "message": "IO error reading /syncthing/World of Warcraft/_retail_/Interface/AddOns/BugSack/Libs/LibStub/LibStub.lua: No such file or directory (os error 2)\nstack traceback:\n\t(string):1: in main chunk",
    "count": 1
  },
  {
    "message": "Lua Error: IO error reading /syncthing/World of Warcraft/_retail_/Interface/AddOns/BugSack/Libs/LibStub/LibStub.lua: No such file or directory (os error 2)\nstack traceback:\n\t(string):1: in main chunk\n[Interface/AddOns/Blizzard_ScriptErrors/Blizzard_ScriptErrors.lua]:59: in function 'GetErrorData'\n[Interface/AddOns/Blizzard_ScriptErrors/Blizzard_ScriptErrors.lua]:72: in function <[Interface/AddOns/Blizzard_ScriptErrors/Blizzard_ScriptErrors.lua]:71>",
    "count": 1
  },
  {
    "message": "IO error reading /syncthing/World of Warcraft/_retail_/Interface/AddOns/Chattynator/Libs/LibSharedMedia-3.0/LibSharedMedia-3.0.lua: No such file or directory (os error 2)\nstack traceback:\n\t(string):1: in main chunk",
    "count": 1
  },
  {
    "message": "Lua Error: IO error reading /syncthing/World of Warcraft/_retail_/Interface/AddOns/Chattynator/Libs/LibSharedMedia-3.0/LibSharedMedia-3.0.lua: No such file or directory (os error 2)\nstack traceback:\n\t(string):1: in main chunk\n[Interface/AddOns/Blizzard_ScriptErrors/Blizzard_ScriptErrors.lua]:59: in function 'GetErrorData'\n[Interface/AddOns/Blizzard_ScriptErrors/Blizzard_ScriptErrors.lua]:72: in function <[Interface/AddOns/Blizzard_ScriptErrors/Blizzard_ScriptErrors.lua]:71>",
    "count": 1
  },
  {
    "message": "@Interface/AddOns/Chattynator/Core/Config.lua: Lua error: Interface/AddOns/Chattynator/Core/Config.lua:77: attempt to index field 'Constants' (a nil value)\nstack traceback:\n\t(string):1: in main chunk",
    "count": 1
  },
  {
    "message": "Lua Error: @Interface/AddOns/Chattynator/Core/Config.lua: Lua error: Interface/AddOns/Chattynator/Core/Config.lua:77: attempt to index field 'Constants' (a nil value)\nstack traceback:\n\t(string):1: in main chunk\n[Interface/AddOns/Blizzard_ScriptErrors/Blizzard_ScriptErrors.lua]:59: in function 'GetErrorData'\n[Interface/AddOns/Blizzard_ScriptErrors/Blizzard_ScriptErrors.lua]:72: in function <[Interface/AddOns/Blizzard_ScriptErrors/Blizzard_ScriptErrors.lua]:71>",
    "count": 1
  },
  {
    "message": "@Interface/AddOns/Chattynator/Core/Utilities.lua: Lua error: Interface/AddOns/Chattynator/Core/Utilities.lua:4: attempt to index field 'Utilities' (a nil value)\nstack traceback:\n\t(string):1: in main chunk",
    "count": 1
  },
  {
    "message": "Lua Error: @Interface/AddOns/Chattynator/Core/Utilities.lua: Lua error: Interface/AddOns/Chattynator/Core/Utilities.lua:4: attempt to index field 'Utilities' (a nil value)\nstack traceback:\n\t(string):1: in main chunk\n[Interface/AddOns/Blizzard_ScriptErrors/Blizzard_ScriptErrors.lua]:59: in function 'GetErrorData'\n[Interface/AddOns/Blizzard_ScriptErrors/Blizzard_ScriptErrors.lua]:72: in function <[Interface/AddOns/Blizzard_ScriptErrors/Blizzard_ScriptErrors.lua]:71>",
    "count": 1
  },
  {
    "message": "@Interface/AddOns/Chattynator/Core/Fonts.lua: Lua error: Interface/AddOns/Chattynator/Core/Fonts.lua:4: Cannot find a library instance of \"LibSharedMedia-3.0\".\nstack traceback:\n\t(string):1: in main chunk",
    "count": 1
  },
  {
    "message": "Lua Error: @Interface/AddOns/Chattynator/Core/Fonts.lua: Lua error: Interface/AddOns/Chattynator/Core/Fonts.lua:4: Cannot find a library instance of \"LibSharedMedia-3.0\".\nstack traceback:\n\t(string):1: in main chunk\n[Interface/AddOns/Blizzard_ScriptErrors/Blizzard_ScriptErrors.lua]:59: in function 'GetErrorData'\n[Interface/AddOns/Blizzard_ScriptErrors/Blizzard_ScriptErrors.lua]:72: in function <[Interface/AddOns/Blizzard_ScriptErrors/Blizzard_ScriptErrors.lua]:71>",
    "count": 1
  },
  {
    "message": "@Interface/AddOns/Chattynator/Core/Overrides.lua: Lua error: Interface/AddOns/Chattynator/Core/Overrides.lua:4: attempt to index field 'Core' (a nil value)\nstack traceback:\n\t(string):1: in main chunk",
    "count": 1
  },
  {
    "message": "Lua Error: @Interface/AddOns/Chattynator/Core/Overrides.lua: Lua error: Interface/AddOns/Chattynator/Core/Overrides.lua:4: attempt to index field 'Core' (a nil value)\nstack traceback:\n\t(string):1: in main chunk\n[Interface/AddOns/Blizzard_ScriptErrors/Blizzard_ScriptErrors.lua]:59: in function 'GetErrorData'\n[Interface/AddOns/Blizzard_ScriptErrors/Blizzard_ScriptErrors.lua]:72: in function <[Interface/AddOns/Blizzard_ScriptErrors/Blizzard_ScriptErrors.lua]:71>",
    "count": 1
  },
  {
    "message": "@Interface/AddOns/Chattynator/Core/Initialize.lua: Lua error: Interface/AddOns/Chattynator/Core/Initialize.lua:6: attempt to index field 'Constants' (a nil value)\nstack traceback:\n\t(string):1: in main chunk",
    "count": 1
  },
  {
    "message": "Lua Error: @Interface/AddOns/Chattynator/Core/Initialize.lua: Lua error: Interface/AddOns/Chattynator/Core/Initialize.lua:6: attempt to index field 'Constants' (a nil value)\nstack traceback:\n\t(string):1: in main chunk\n[Interface/AddOns/Blizzard_ScriptErrors/Blizzard_ScriptErrors.lua]:59: in function 'GetErrorData'\n[Interface/AddOns/Blizzard_ScriptErrors/Blizzard_ScriptErrors.lua]:72: in function <[Interface/AddOns/Blizzard_ScriptErrors/Blizzard_ScriptErrors.lua]:71>",
    "count": 1
  },
  {
    "message": "@Interface/AddOns/Chattynator/Display/Tabs.lua: Lua error: Interface/AddOns/Chattynator/Display/Tabs.lua:23: attempt to index field 'Display' (a nil value)\nstack traceback:\n\t(string):1: in main chunk",
    "count": 1
  },
  {
    "message": "Lua Error: @Interface/AddOns/Chattynator/Display/Tabs.lua: Lua error: Interface/AddOns/Chattynator/Display/Tabs.lua:23: attempt to index field 'Display' (a nil value)\nstack traceback:\n\t(string):1: in main chunk\n[Interface/AddOns/Blizzard_ScriptErrors/Blizzard_ScriptErrors.lua]:59: in function 'GetErrorData'\n[Interface/AddOns/Blizzard_ScriptErrors/Blizzard_ScriptErrors.lua]:72: in function <[Interface/AddOns/Blizzard_ScriptErrors/Blizzard_ScriptErrors.lua]:71>",
    "count": 1
  },
  {
    "message": "@Interface/AddOns/Chattynator/Modifiers/URLs.lua: Lua error: Interface/AddOns/Chattynator/Modifiers/URLs.lua:23: attempt to index field 'Modifiers' (a nil value)\nstack traceback:\n\t(string):1: in main chunk",
    "count": 1
  },
  {
    "message": "Lua Error: @Interface/AddOns/Chattynator/Modifiers/URLs.lua: Lua error: Interface/AddOns/Chattynator/Modifiers/URLs.lua:23: attempt to index field 'Modifiers' (a nil value)\nstack traceback:\n\t(string):1: in main chunk\n[Interface/AddOns/Blizzard_ScriptErrors/Blizzard_ScriptErrors.lua]:59: in function 'GetErrorData'\n[Interface/AddOns/Blizzard_ScriptErrors/Blizzard_ScriptErrors.lua]:72: in function <[Interface/AddOns/Blizzard_ScriptErrors/Blizzard_ScriptErrors.lua]:71>",
    "count": 1
  },
  {
    "message": "@Interface/AddOns/Chattynator/Modifiers/RedundantText.lua: Lua error: Interface/AddOns/Chattynator/Modifiers/RedundantText.lua:37: attempt to index field 'Modifiers' (a nil value)\nstack traceback:\n\t(string):1: in main chunk",
    "count": 1
  },
  {
    "message": "Lua Error: @Interface/AddOns/Chattynator/Modifiers/RedundantText.lua: Lua error: Interface/AddOns/Chattynator/Modifiers/RedundantText.lua:37: attempt to index field 'Modifiers' (a nil value)\nstack traceback:\n\t(string):1: in main chunk\n[Interface/AddOns/Blizzard_ScriptErrors/Blizzard_ScriptErrors.lua]:59: in function 'GetErrorData'\n[Interface/AddOns/Blizzard_ScriptErrors/Blizzard_ScriptErrors.lua]:72: in function <[Interface/AddOns/Blizzard_ScriptErrors/Blizzard_ScriptErrors.lua]:71>",
    "count": 1
  },
  {
    "message": "@Interface/AddOns/Chattynator/Skins/Main.lua: Lua error: Interface/AddOns/Chattynator/Skins/Main.lua:4: attempt to index field 'Skins' (a nil value)\nstack traceback:\n\t(string):1: in main chunk",
    "count": 1
  },
  {
    "message": "Lua Error: @Interface/AddOns/Chattynator/Skins/Main.lua: Lua error: Interface/AddOns/Chattynator/Skins/Main.lua:4: attempt to index field 'Skins' (a nil value)\nstack traceback:\n\t(string):1: in main chunk\n[Interface/AddOns/Blizzard_ScriptErrors/Blizzard_ScriptErrors.lua]:59: in function 'GetErrorData'\n[Interface/AddOns/Blizzard_ScriptErrors/Blizzard_ScriptErrors.lua]:72: in function <[Interface/AddOns/Blizzard_ScriptErrors/Blizzard_ScriptErrors.lua]:71>",
    "count": 1
  },
  {
    "message": "@Interface/AddOns/Chattynator/Skins/Blizzard.lua: Lua error: Interface/AddOns/Chattynator/Skins/Blizzard.lua:294: attempt to index field 'Skins' (a nil value)\nstack traceback:\n\t(string):1: in main chunk",
    "count": 1
  },
  {
    "message": "Lua Error: @Interface/AddOns/Chattynator/Skins/Blizzard.lua: Lua error: Interface/AddOns/Chattynator/Skins/Blizzard.lua:294: attempt to index field 'Skins' (a nil value)\nstack traceback:\n\t(string):1: in main chunk\n[Interface/AddOns/Blizzard_ScriptErrors/Blizzard_ScriptErrors.lua]:59: in function 'GetErrorData'\n[Interface/AddOns/Blizzard_ScriptErrors/Blizzard_ScriptErrors.lua]:72: in function <[Interface/AddOns/Blizzard_ScriptErrors/Blizzard_ScriptErrors.lua]:71>",
    "count": 1
  },
  {
    "message": "@Interface/AddOns/Chattynator/Skins/Dark.lua: Lua error: Interface/AddOns/Chattynator/Skins/Dark.lua:457: attempt to index field 'Skins' (a nil value)\nstack traceback:\n\t(string):1: in main chunk",
    "count": 1
  },
  {
    "message": "Lua Error: @Interface/AddOns/Chattynator/Skins/Dark.lua: Lua error: Interface/AddOns/Chattynator/Skins/Dark.lua:457: attempt to index field 'Skins' (a nil value)\nstack traceback:\n\t(string):1: in main chunk\n[Interface/AddOns/Blizzard_ScriptErrors/Blizzard_ScriptErrors.lua]:59: in function 'GetErrorData'\n[Interface/AddOns/Blizzard_ScriptErrors/Blizzard_ScriptErrors.lua]:72: in function <[Interface/AddOns/Blizzard_ScriptErrors/Blizzard_ScriptErrors.lua]:71>",
    "count": 1
  },
  {
    "message": "@Interface/AddOns/Chattynator/CustomiseDialog/Initialize.lua: Lua error: Interface/AddOns/Chattynator/CustomiseDialog/Initialize.lua:5: attempt to index field 'CustomiseDialog' (a nil value)\nstack traceback:\n\t(string):1: in main chunk",
    "count": 1
  },
  {
    "message": "Lua Error: @Interface/AddOns/Chattynator/CustomiseDialog/Initialize.lua: Lua error: Interface/AddOns/Chattynator/CustomiseDialog/Initialize.lua:5: attempt to index field 'CustomiseDialog' (a nil value)\nstack traceback:\n\t(string):1: in main chunk\n[Interface/AddOns/Blizzard_ScriptErrors/Blizzard_ScriptErrors.lua]:59: in function 'GetErrorData'\n[Interface/AddOns/Blizzard_ScriptErrors/Blizzard_ScriptErrors.lua]:72: in function <[Interface/AddOns/Blizzard_ScriptErrors/Blizzard_ScriptErrors.lua]:71>",
    "count": 1
  },
  {
    "message": "@Interface/AddOns/Chattynator/CustomiseDialog/Filtering.lua: Lua error: Interface/AddOns/Chattynator/CustomiseDialog/Filtering.lua:4: attempt to index field 'CustomiseDialog' (a nil value)\nstack traceback:\n\t(string):1: in main chunk",
    "count": 1
  },
  {
    "message": "Lua Error: @Interface/AddOns/Chattynator/CustomiseDialog/Filtering.lua: Lua error: Interface/AddOns/Chattynator/CustomiseDialog/Filtering.lua:4: attempt to index field 'CustomiseDialog' (a nil value)\nstack traceback:\n\t(string):1: in main chunk\n[Interface/AddOns/Blizzard_ScriptErrors/Blizzard_ScriptErrors.lua]:59: in function 'GetErrorData'\n[Interface/AddOns/Blizzard_ScriptErrors/Blizzard_ScriptErrors.lua]:72: in function <[Interface/AddOns/Blizzard_ScriptErrors/Blizzard_ScriptErrors.lua]:71>",
    "count": 1
  },
  {
    "message": "IO error reading /syncthing/World of Warcraft/_retail_/Interface/AddOns/Clicked/Libs/LibStub/LibStub.lua: No such file or directory (os error 2)\nstack traceback:\n\t(string):1: in main chunk",
    "count": 1
  },
  {
    "message": "Lua Error: IO error reading /syncthing/World of Warcraft/_retail_/Interface/AddOns/Clicked/Libs/LibStub/LibStub.lua: No such file or directory (os error 2)\nstack traceback:\n\t(string):1: in main chunk\n[Interface/AddOns/Blizzard_ScriptErrors/Blizzard_ScriptErrors.lua]:59: in function 'GetErrorData'\n[Interface/AddOns/Blizzard_ScriptErrors/Blizzard_ScriptErrors.lua]:72: in function <[Interface/AddOns/Blizzard_ScriptErrors/Blizzard_ScriptErrors.lua]:71>",
    "count": 1
  },
  {
    "message": "IO error reading /syncthing/World of Warcraft/_retail_/Interface/AddOns/Clicked/Widgets/AceGUIContainer-ClickedTreeGroup.lua: No such file or directory (os error 2)\nstack traceback:\n\t(string):1: in main chunk",
    "count": 1
  },
  {
    "message": "Lua Error: IO error reading /syncthing/World of Warcraft/_retail_/Interface/AddOns/Clicked/Widgets/AceGUIContainer-ClickedTreeGroup.lua: No such file or directory (os error 2)\nstack traceback:\n\t(string):1: in main chunk\n[Interface/AddOns/Blizzard_ScriptErrors/Blizzard_ScriptErrors.lua]:59: in function 'GetErrorData'\n[Interface/AddOns/Blizzard_ScriptErrors/Blizzard_ScriptErrors.lua]:72: in function <[Interface/AddOns/Blizzard_ScriptErrors/Blizzard_ScriptErrors.lua]:71>",
    "count": 1
  },
  {
    "message": "@Interface/AddOns/Clicked/Core/BindingProcessor.lua: Lua error: Interface/AddOns/Clicked/Core/BindingProcessor.lua:24: attempt to index global 'Clicked' (a nil value)\nstack traceback:\n\t(string):1: in main chunk",
    "count": 1
  },
  {
    "message": "Lua Error: @Interface/AddOns/Clicked/Core/BindingProcessor.lua: Lua error: Interface/AddOns/Clicked/Core/BindingProcessor.lua:24: attempt to index global 'Clicked' (a nil value)\nstack traceback:\n\t(string):1: in main chunk\n[Interface/AddOns/Blizzard_ScriptErrors/Blizzard_ScriptErrors.lua]:59: in function 'GetErrorData'\n[Interface/AddOns/Blizzard_ScriptErrors/Blizzard_ScriptErrors.lua]:72: in function <[Interface/AddOns/Blizzard_ScriptErrors/Blizzard_ScriptErrors.lua]:71>",
    "count": 1
  },
  {
    "message": "@Interface/AddOns/Clicked/Conditions/ConditionUtils.lua: Lua error: Interface/AddOns/Clicked/Conditions/ConditionUtils.lua:37: Cannot find a library instance of \"LibTalentInfo-1.0\".\nstack traceback:\n\t(string):1: in main chunk",
    "count": 1
  },
  {
    "message": "Lua Error: @Interface/AddOns/Clicked/Conditions/ConditionUtils.lua: Lua error: Interface/AddOns/Clicked/Conditions/ConditionUtils.lua:37: Cannot find a library instance of \"LibTalentInfo-1.0\".\nstack traceback:\n\t(string):1: in main chunk\n[Interface/AddOns/Blizzard_ScriptErrors/Blizzard_ScriptErrors.lua]:59: in function 'GetErrorData'\n[Interface/AddOns/Blizzard_ScriptErrors/Blizzard_ScriptErrors.lua]:72: in function <[Interface/AddOns/Blizzard_ScriptErrors/Blizzard_ScriptErrors.lua]:71>",
    "count": 1
  },
  {
    "message": "@Interface/AddOns/Clicked/Conditions/LoadConditions.lua: Lua error: Interface/AddOns/Clicked/Conditions/LoadConditions.lua:47: attempt to call method 'IsForever' (a nil value)\nstack traceback:\n\t(string):1: in main chunk",
    "count": 1
  },
  {
    "message": "Lua Error: @Interface/AddOns/Clicked/Conditions/LoadConditions.lua: Lua error: Interface/AddOns/Clicked/Conditions/LoadConditions.lua:47: attempt to call method 'IsForever' (a nil value)\nstack traceback:\n\t(string):1: in main chunk\n[Interface/AddOns/Blizzard_ScriptErrors/Blizzard_ScriptErrors.lua]:59: in function 'GetErrorData'\n[Interface/AddOns/Blizzard_ScriptErrors/Blizzard_ScriptErrors.lua]:72: in function <[Interface/AddOns/Blizzard_ScriptErrors/Blizzard_ScriptErrors.lua]:71>",
    "count": 1
  },
  {
    "message": "@Interface/AddOns/Clicked/Config/Profile.lua: Lua error: Interface/AddOns/Clicked/Config/Profile.lua:17: Cannot find a library instance of \"AceConfig-3.0\".\nstack traceback:\n\t(string):1: in main chunk",
    "count": 1
  },
  {
    "message": "Lua Error: @Interface/AddOns/Clicked/Config/Profile.lua: Lua error: Interface/AddOns/Clicked/Config/Profile.lua:17: Cannot find a library instance of \"AceConfig-3.0\".\nstack traceback:\n\t(string):1: in main chunk\n[Interface/AddOns/Blizzard_ScriptErrors/Blizzard_ScriptErrors.lua]:59: in function 'GetErrorData'\n[Interface/AddOns/Blizzard_ScriptErrors/Blizzard_ScriptErrors.lua]:72: in function <[Interface/AddOns/Blizzard_ScriptErrors/Blizzard_ScriptErrors.lua]:71>",
    "count": 1
  },
  {
    "message": "@Interface/AddOns/Clicked/Config/KeyVisualizer.lua: Lua error: Interface/AddOns/Clicked/Config/KeyVisualizer.lua:17: Cannot find a library instance of \"AceGUI-3.0\".\nstack traceback:\n\t(string):1: in main chunk",
    "count": 1
  },
  {
    "message": "Lua Error: @Interface/AddOns/Clicked/Config/KeyVisualizer.lua: Lua error: Interface/AddOns/Clicked/Config/KeyVisualizer.lua:17: Cannot find a library instance of \"AceGUI-3.0\".\nstack traceback:\n\t(string):1: in main chunk\n[Interface/AddOns/Blizzard_ScriptErrors/Blizzard_ScriptErrors.lua]:59: in function 'GetErrorData'\n[Interface/AddOns/Blizzard_ScriptErrors/Blizzard_ScriptErrors.lua]:72: in function <[Interface/AddOns/Blizzard_ScriptErrors/Blizzard_ScriptErrors.lua]:71>",
    "count": 1
  },
  {
    "message": "@Interface/AddOns/Clicked/Debug/StatusOutput.lua: Lua error: Interface/AddOns/Clicked/Debug/StatusOutput.lua:17: Cannot find a library instance of \"AceGUI-3.0\".\nstack traceback:\n\t(string):1: in main chunk",
    "count": 1
  },
  {
    "message": "Lua Error: @Interface/AddOns/Clicked/Debug/StatusOutput.lua: Lua error: Interface/AddOns/Clicked/Debug/StatusOutput.lua:17: Cannot find a library instance of \"AceGUI-3.0\".\nstack traceback:\n\t(string):1: in main chunk\n[Interface/AddOns/Blizzard_ScriptErrors/Blizzard_ScriptErrors.lua]:59: in function 'GetErrorData'\n[Interface/AddOns/Blizzard_ScriptErrors/Blizzard_ScriptErrors.lua]:72: in function <[Interface/AddOns/Blizzard_ScriptErrors/Blizzard_ScriptErrors.lua]:71>",
    "count": 1
  },
  {
    "message": "IO error reading /syncthing/World of Warcraft/_retail_/Interface/AddOns/Clicked/BindingConfig/Tabs/Action.lua: No such file or directory (os error 2)\nstack traceback:\n\t(string):1: in main chunk",
    "count": 1
  },
  {
    "message": "Lua Error: IO error reading /syncthing/World of Warcraft/_retail_/Interface/AddOns/Clicked/BindingConfig/Tabs/Action.lua: No such file or directory (os error 2)\nstack traceback:\n\t(string):1: in main chunk\n[Interface/AddOns/Blizzard_ScriptErrors/Blizzard_ScriptErrors.lua]:59: in function 'GetErrorData'\n[Interface/AddOns/Blizzard_ScriptErrors/Blizzard_ScriptErrors.lua]:72: in function <[Interface/AddOns/Blizzard_ScriptErrors/Blizzard_ScriptErrors.lua]:71>",
    "count": 1
  },
  {
    "message": "@Interface/AddOns/Clicked/BindingConfig/BindingConfig.lua: Lua error: Interface/AddOns/Clicked/BindingConfig/BindingConfig.lua:31: Cannot find a library instance of \"AceGUI-3.0\".\nstack traceback:\n\t(string):1: in main chunk",
    "count": 1
  },
  {
    "message": "Lua Error: @Interface/AddOns/Clicked/BindingConfig/BindingConfig.lua: Lua error: Interface/AddOns/Clicked/BindingConfig/BindingConfig.lua:31: Cannot find a library instance of \"AceGUI-3.0\".\nstack traceback:\n\t(string):1: in main chunk\n[Interface/AddOns/Blizzard_ScriptErrors/Blizzard_ScriptErrors.lua]:59: in function 'GetErrorData'\n[Interface/AddOns/Blizzard_ScriptErrors/Blizzard_ScriptErrors.lua]:72: in function <[Interface/AddOns/Blizzard_ScriptErrors/Blizzard_ScriptErrors.lua]:71>",
    "count": 1
  },
  {
    "message": "Collectionator missing required TOC dependencies: Auctionator",
    "count": 1
  },
  {
    "message": "@Interface/AddOns/CursorRing/Locales/enUS.lua: Lua error: Interface/AddOns/CursorRing/Locales/enUS.lua:2: attempt to call field 'NewLocale' (a nil value)\nstack traceback:\n\t(string):1: in main chunk",
    "count": 1
  },
  {
    "message": "Lua Error: @Interface/AddOns/CursorRing/Locales/enUS.lua: Lua error: Interface/AddOns/CursorRing/Locales/enUS.lua:2: attempt to call field 'NewLocale' (a nil value)\nstack traceback:\n\t(string):1: in main chunk\n[Interface/AddOns/Blizzard_ScriptErrors/Blizzard_ScriptErrors.lua]:59: in function 'GetErrorData'\n[Interface/AddOns/Blizzard_ScriptErrors/Blizzard_ScriptErrors.lua]:72: in function <[Interface/AddOns/Blizzard_ScriptErrors/Blizzard_ScriptErrors.lua]:71>",
    "count": 1
  },
  {
    "message": "@Interface/AddOns/CursorRing/Locales/deDE.lua: Lua error: Interface/AddOns/CursorRing/Locales/deDE.lua:2: attempt to call field 'NewLocale' (a nil value)\nstack traceback:\n\t(string):1: in main chunk",
    "count": 1
  },
  {
    "message": "Lua Error: @Interface/AddOns/CursorRing/Locales/deDE.lua: Lua error: Interface/AddOns/CursorRing/Locales/deDE.lua:2: attempt to call field 'NewLocale' (a nil value)\nstack traceback:\n\t(string):1: in main chunk\n[Interface/AddOns/Blizzard_ScriptErrors/Blizzard_ScriptErrors.lua]:59: in function 'GetErrorData'\n[Interface/AddOns/Blizzard_ScriptErrors/Blizzard_ScriptErrors.lua]:72: in function <[Interface/AddOns/Blizzard_ScriptErrors/Blizzard_ScriptErrors.lua]:71>",
    "count": 1
  },
  {
    "message": "@Interface/AddOns/CursorRing/Locales/zhCN.lua: Lua error: Interface/AddOns/CursorRing/Locales/zhCN.lua:2: attempt to call field 'NewLocale' (a nil value)\nstack traceback:\n\t(string):1: in main chunk",
    "count": 1
  },
  {
    "message": "Lua Error: @Interface/AddOns/CursorRing/Locales/zhCN.lua: Lua error: Interface/AddOns/CursorRing/Locales/zhCN.lua:2: attempt to call field 'NewLocale' (a nil value)\nstack traceback:\n\t(string):1: in main chunk\n[Interface/AddOns/Blizzard_ScriptErrors/Blizzard_ScriptErrors.lua]:59: in function 'GetErrorData'\n[Interface/AddOns/Blizzard_ScriptErrors/Blizzard_ScriptErrors.lua]:72: in function <[Interface/AddOns/Blizzard_ScriptErrors/Blizzard_ScriptErrors.lua]:71>",
    "count": 1
  },
  {
    "message": "@Interface/AddOns/CursorRing/Modules/Resources/Druid.lua: Lua error: Interface/AddOns/CursorRing/Modules/Resources/Druid.lua:5: attempt to call field 'RegisterResourceModule' (a nil value)\nstack traceback:\n\t(string):1: in main chunk",
    "count": 1
  },
  {
    "message": "Lua Error: @Interface/AddOns/CursorRing/Modules/Resources/Druid.lua: Lua error: Interface/AddOns/CursorRing/Modules/Resources/Druid.lua:5: attempt to call field 'RegisterResourceModule' (a nil value)\nstack traceback:\n\t(string):1: in main chunk\n[Interface/AddOns/Blizzard_ScriptErrors/Blizzard_ScriptErrors.lua]:59: in function 'GetErrorData'\n[Interface/AddOns/Blizzard_ScriptErrors/Blizzard_ScriptErrors.lua]:72: in function <[Interface/AddOns/Blizzard_ScriptErrors/Blizzard_ScriptErrors.lua]:71>",
    "count": 1
  },
  {
    "message": "@Interface/AddOns/CursorRing/Modules/Resources/Paladin.lua: Lua error: Interface/AddOns/CursorRing/Modules/Resources/Paladin.lua:5: attempt to call field 'RegisterResourceModule' (a nil value)\nstack traceback:\n\t(string):1: in main chunk",
    "count": 1
  },
  {
    "message": "Lua Error: @Interface/AddOns/CursorRing/Modules/Resources/Paladin.lua: Lua error: Interface/AddOns/CursorRing/Modules/Resources/Paladin.lua:5: attempt to call field 'RegisterResourceModule' (a nil value)\nstack traceback:\n\t(string):1: in main chunk\n[Interface/AddOns/Blizzard_ScriptErrors/Blizzard_ScriptErrors.lua]:59: in function 'GetErrorData'\n[Interface/AddOns/Blizzard_ScriptErrors/Blizzard_ScriptErrors.lua]:72: in function <[Interface/AddOns/Blizzard_ScriptErrors/Blizzard_ScriptErrors.lua]:71>",
    "count": 1
  },
  {
    "message": "@Interface/AddOns/CursorRing/Modules/Resources/Monk.lua: Lua error: Interface/AddOns/CursorRing/Modules/Resources/Monk.lua:5: attempt to call field 'RegisterResourceModule' (a nil value)\nstack traceback:\n\t(string):1: in main chunk",
    "count": 1
  },
  {
    "message": "Lua Error: @Interface/AddOns/CursorRing/Modules/Resources/Monk.lua: Lua error: Interface/AddOns/CursorRing/Modules/Resources/Monk.lua:5: attempt to call field 'RegisterResourceModule' (a nil value)\nstack traceback:\n\t(string):1: in main chunk\n[Interface/AddOns/Blizzard_ScriptErrors/Blizzard_ScriptErrors.lua]:59: in function 'GetErrorData'\n[Interface/AddOns/Blizzard_ScriptErrors/Blizzard_ScriptErrors.lua]:72: in function <[Interface/AddOns/Blizzard_ScriptErrors/Blizzard_ScriptErrors.lua]:71>",
    "count": 1
  },
  {
    "message": "@Interface/AddOns/CursorRing/Modules/Resources/Warlock.lua: Lua error: Interface/AddOns/CursorRing/Modules/Resources/Warlock.lua:30: attempt to call field 'RegisterResourceModule' (a nil value)\nstack traceback:\n\t(string):1: in main chunk",
    "count": 1
  },
  {
    "message": "Lua Error: @Interface/AddOns/CursorRing/Modules/Resources/Warlock.lua: Lua error: Interface/AddOns/CursorRing/Modules/Resources/Warlock.lua:30: attempt to call field 'RegisterResourceModule' (a nil value)\nstack traceback:\n\t(string):1: in main chunk\n[Interface/AddOns/Blizzard_ScriptErrors/Blizzard_ScriptErrors.lua]:59: in function 'GetErrorData'\n[Interface/AddOns/Blizzard_ScriptErrors/Blizzard_ScriptErrors.lua]:72: in function <[Interface/AddOns/Blizzard_ScriptErrors/Blizzard_ScriptErrors.lua]:71>",
    "count": 1
  },
  {
    "message": "@Interface/AddOns/CursorRing/Modules/Resources/Evoker.lua: Lua error: Interface/AddOns/CursorRing/Modules/Resources/Evoker.lua:18: attempt to call field 'RegisterResourceModule' (a nil value)\nstack traceback:\n\t(string):1: in main chunk",
    "count": 1
  },
  {
    "message": "Lua Error: @Interface/AddOns/CursorRing/Modules/Resources/Evoker.lua: Lua error: Interface/AddOns/CursorRing/Modules/Resources/Evoker.lua:18: attempt to call field 'RegisterResourceModule' (a nil value)\nstack traceback:\n\t(string):1: in main chunk\n[Interface/AddOns/Blizzard_ScriptErrors/Blizzard_ScriptErrors.lua]:59: in function 'GetErrorData'\n[Interface/AddOns/Blizzard_ScriptErrors/Blizzard_ScriptErrors.lua]:72: in function <[Interface/AddOns/Blizzard_ScriptErrors/Blizzard_ScriptErrors.lua]:71>",
    "count": 1
  },
  {
    "message": "@Interface/AddOns/DandersFrames/Core/AutoProfiles.lua: Lua error: Interface/AddOns/DandersFrames/Core/AutoProfiles.lua:97: attempt to index upvalue 'L' (a nil value)\nstack traceback:\n\t(string):1: in main chunk",
    "count": 1
  },
  {
    "message": "Lua Error: @Interface/AddOns/DandersFrames/Core/AutoProfiles.lua: Lua error: Interface/AddOns/DandersFrames/Core/AutoProfiles.lua:97: attempt to index upvalue 'L' (a nil value)\nstack traceback:\n\t(string):1: in main chunk\n[Interface/AddOns/Blizzard_ScriptErrors/Blizzard_ScriptErrors.lua]:59: in function 'GetErrorData'\n[Interface/AddOns/Blizzard_ScriptErrors/Blizzard_ScriptErrors.lua]:72: in function <[Interface/AddOns/Blizzard_ScriptErrors/Blizzard_ScriptErrors.lua]:71>",
    "count": 1
  },
  {
    "message": "@Interface/AddOns/DandersFrames/Frames/Headers.lua: Lua error: Interface/AddOns/DandersFrames/Frames/Headers.lua:506: attempt to call method 'RegisterDebugSlash' (a nil value)\nstack traceback:\n\t(string):1: in main chunk",
    "count": 1
  },
  {
    "message": "Lua Error: @Interface/AddOns/DandersFrames/Frames/Headers.lua: Lua error: Interface/AddOns/DandersFrames/Frames/Headers.lua:506: attempt to call method 'RegisterDebugSlash' (a nil value)\nstack traceback:\n\t(string):1: in main chunk\n[Interface/AddOns/Blizzard_ScriptErrors/Blizzard_ScriptErrors.lua]:59: in function 'GetErrorData'\n[Interface/AddOns/Blizzard_ScriptErrors/Blizzard_ScriptErrors.lua]:72: in function <[Interface/AddOns/Blizzard_ScriptErrors/Blizzard_ScriptErrors.lua]:71>",
    "count": 1
  },
  {
    "message": "@Interface/AddOns/DandersFrames/Frames/Position.lua: Lua error: Interface/AddOns/DandersFrames/Frames/Position.lua:72: attempt to index local 'L' (a nil value)\nstack traceback:\n\t(string):1: in main chunk",
    "count": 1
  },
  {
    "message": "Lua Error: @Interface/AddOns/DandersFrames/Frames/Position.lua: Lua error: Interface/AddOns/DandersFrames/Frames/Position.lua:72: attempt to index local 'L' (a nil value)\nstack traceback:\n\t(string):1: in main chunk\n[Interface/AddOns/Blizzard_ScriptErrors/Blizzard_ScriptErrors.lua]:59: in function 'GetErrorData'\n[Interface/AddOns/Blizzard_ScriptErrors/Blizzard_ScriptErrors.lua]:72: in function <[Interface/AddOns/Blizzard_ScriptErrors/Blizzard_ScriptErrors.lua]:71>",
    "count": 1
  },
  {
    "message": "@Interface/AddOns/DandersFrames/Features/Range.lua: Lua error: Interface/AddOns/DandersFrames/Features/Range.lua:984: attempt to call method 'RegisterRosterUnitEvent' (a nil value)\nstack traceback:\n\t(string):1: in main chunk",
    "count": 1
  },
  {
    "message": "Lua Error: @Interface/AddOns/DandersFrames/Features/Range.lua: Lua error: Interface/AddOns/DandersFrames/Features/Range.lua:984: attempt to call method 'RegisterRosterUnitEvent' (a nil value)\nstack traceback:\n\t(string):1: in main chunk\n[Interface/AddOns/Blizzard_ScriptErrors/Blizzard_ScriptErrors.lua]:59: in function 'GetErrorData'\n[Interface/AddOns/Blizzard_ScriptErrors/Blizzard_ScriptErrors.lua]:72: in function <[Interface/AddOns/Blizzard_ScriptErrors/Blizzard_ScriptErrors.lua]:71>",
    "count": 1
  },
  {
    "message": "@Interface/AddOns/DandersFrames/Features/Dispel.lua: Lua error: Interface/AddOns/DandersFrames/Features/Dispel.lua:3133: attempt to call method 'RegisterDebugSlash' (a nil value)\nstack traceback:\n\t(string):1: in main chunk",
    "count": 1
  },
  {
    "message": "Lua Error: @Interface/AddOns/DandersFrames/Features/Dispel.lua: Lua error: Interface/AddOns/DandersFrames/Features/Dispel.lua:3133: attempt to call method 'RegisterDebugSlash' (a nil value)\nstack traceback:\n\t(string):1: in main chunk\n[Interface/AddOns/Blizzard_ScriptErrors/Blizzard_ScriptErrors.lua]:59: in function 'GetErrorData'\n[Interface/AddOns/Blizzard_ScriptErrors/Blizzard_ScriptErrors.lua]:72: in function <[Interface/AddOns/Blizzard_ScriptErrors/Blizzard_ScriptErrors.lua]:71>",
    "count": 1
  },
  {
    "message": "@Interface/AddOns/DeModal/DeModal.lua: Lua error: Interface/AddOns/DeModal/DeModal.lua:9: attempt to call field 'LoadSlashCommands' (a nil value)\nstack traceback:\n\t(string):1: in main chunk",
    "count": 1
  },
  {
    "message": "Lua Error: @Interface/AddOns/DeModal/DeModal.lua: Lua error: Interface/AddOns/DeModal/DeModal.lua:9: attempt to call field 'LoadSlashCommands' (a nil value)\nstack traceback:\n\t(string):1: in main chunk\n[Interface/AddOns/Blizzard_ScriptErrors/Blizzard_ScriptErrors.lua]:59: in function 'GetErrorData'\n[Interface/AddOns/Blizzard_ScriptErrors/Blizzard_ScriptErrors.lua]:72: in function <[Interface/AddOns/Blizzard_ScriptErrors/Blizzard_ScriptErrors.lua]:71>",
    "count": 1
  },
  {
    "message": "IO error reading /syncthing/World of Warcraft/_retail_/Interface/AddOns/Dejunk/src/addon.lua: No such file or directory (os error 2)\nstack traceback:\n\t(string):1: in main chunk",
    "count": 1
  },
  {
    "message": "Lua Error: IO error reading /syncthing/World of Warcraft/_retail_/Interface/AddOns/Dejunk/src/addon.lua: No such file or directory (os error 2)\nstack traceback:\n\t(string):1: in main chunk\n[Interface/AddOns/Blizzard_ScriptErrors/Blizzard_ScriptErrors.lua]:59: in function 'GetErrorData'\n[Interface/AddOns/Blizzard_ScriptErrors/Blizzard_ScriptErrors.lua]:72: in function <[Interface/AddOns/Blizzard_ScriptErrors/Blizzard_ScriptErrors.lua]:71>",
    "count": 1
  },
  {
    "message": "IO error reading /syncthing/World of Warcraft/_retail_/Interface/AddOns/DialogueUI/Code/Utility/FontUtil.lua: No such file or directory (os error 2)\nstack traceback:\n\t(string):1: in main chunk",
    "count": 1
  },
  {
    "message": "Lua Error: IO error reading /syncthing/World of Warcraft/_retail_/Interface/AddOns/DialogueUI/Code/Utility/FontUtil.lua: No such file or directory (os error 2)\nstack traceback:\n\t(string):1: in main chunk\n[Interface/AddOns/Blizzard_ScriptErrors/Blizzard_ScriptErrors.lua]:59: in function 'GetErrorData'\n[Interface/AddOns/Blizzard_ScriptErrors/Blizzard_ScriptErrors.lua]:72: in function <[Interface/AddOns/Blizzard_ScriptErrors/Blizzard_ScriptErrors.lua]:71>",
    "count": 1
  },
  {
    "message": "@Interface/AddOns/DialogueUI/Code/Sound.lua: Lua error: Interface/AddOns/DialogueUI/Code/Sound.lua:78: attempt to index field 'CallbackRegistry' (a nil value)\nstack traceback:\n\t(string):1: in main chunk",
    "count": 1
  },
  {
    "message": "Lua Error: @Interface/AddOns/DialogueUI/Code/Sound.lua: Lua error: Interface/AddOns/DialogueUI/Code/Sound.lua:78: attempt to index field 'CallbackRegistry' (a nil value)\nstack traceback:\n\t(string):1: in main chunk\n[Interface/AddOns/Blizzard_ScriptErrors/Blizzard_ScriptErrors.lua]:59: in function 'GetErrorData'\n[Interface/AddOns/Blizzard_ScriptErrors/Blizzard_ScriptErrors.lua]:72: in function <[Interface/AddOns/Blizzard_ScriptErrors/Blizzard_ScriptErrors.lua]:71>",
    "count": 1
  },
  {
    "message": "IO error reading /syncthing/World of Warcraft/_retail_/Interface/AddOns/DialogueUI/Code/Scroll/Scroll_Swipe.lua: No such file or directory (os error 2)\nstack traceback:\n\t(string):1: in main chunk",
    "count": 1
  },
  {
    "message": "Lua Error: IO error reading /syncthing/World of Warcraft/_retail_/Interface/AddOns/DialogueUI/Code/Scroll/Scroll_Swipe.lua: No such file or directory (os error 2)\nstack traceback:\n\t(string):1: in main chunk\n[Interface/AddOns/Blizzard_ScriptErrors/Blizzard_ScriptErrors.lua]:59: in function 'GetErrorData'\n[Interface/AddOns/Blizzard_ScriptErrors/Blizzard_ScriptErrors.lua]:72: in function <[Interface/AddOns/Blizzard_ScriptErrors/Blizzard_ScriptErrors.lua]:71>",
    "count": 1
  },
  {
    "message": "IO error reading /syncthing/World of Warcraft/_retail_/Interface/AddOns/DialogueUI/Code/Settings/Settings_Definitions.lua: No such file or directory (os error 2)\nstack traceback:\n\t(string):1: in main chunk",
    "count": 1
  },
  {
    "message": "Lua Error: IO error reading /syncthing/World of Warcraft/_retail_/Interface/AddOns/DialogueUI/Code/Settings/Settings_Definitions.lua: No such file or directory (os error 2)\nstack traceback:\n\t(string):1: in main chunk\n[Interface/AddOns/Blizzard_ScriptErrors/Blizzard_ScriptErrors.lua]:59: in function 'GetErrorData'\n[Interface/AddOns/Blizzard_ScriptErrors/Blizzard_ScriptErrors.lua]:72: in function <[Interface/AddOns/Blizzard_ScriptErrors/Blizzard_ScriptErrors.lua]:71>",
    "count": 1
  },
  {
    "message": "@Interface/AddOns/DialogueUI/Code/NameplateGossip.lua: Lua error: Interface/AddOns/DialogueUI/Code/NameplateGossip.lua:260: attempt to index field 'CallbackRegistry' (a nil value)\nstack traceback:\n\t(string):1: in main chunk",
    "count": 1
  },
  {
    "message": "Lua Error: @Interface/AddOns/DialogueUI/Code/NameplateGossip.lua: Lua error: Interface/AddOns/DialogueUI/Code/NameplateGossip.lua:260: attempt to index field 'CallbackRegistry' (a nil value)\nstack traceback:\n\t(string):1: in main chunk\n[Interface/AddOns/Blizzard_ScriptErrors/Blizzard_ScriptErrors.lua]:59: in function 'GetErrorData'\n[Interface/AddOns/Blizzard_ScriptErrors/Blizzard_ScriptErrors.lua]:72: in function <[Interface/AddOns/Blizzard_ScriptErrors/Blizzard_ScriptErrors.lua]:71>",
    "count": 1
  },
  {
    "message": "IO error reading /syncthing/World of Warcraft/_retail_/Interface/AddOns/DialogueUI/Code/Dialogue/Clipboard.lua: No such file or directory (os error 2)\nstack traceback:\n\t(string):1: in main chunk",
    "count": 1
  },
  {
    "message": "Lua Error: IO error reading /syncthing/World of Warcraft/_retail_/Interface/AddOns/DialogueUI/Code/Dialogue/Clipboard.lua: No such file or directory (os error 2)\nstack traceback:\n\t(string):1: in main chunk\n[Interface/AddOns/Blizzard_ScriptErrors/Blizzard_ScriptErrors.lua]:59: in function 'GetErrorData'\n[Interface/AddOns/Blizzard_ScriptErrors/Blizzard_ScriptErrors.lua]:72: in function <[Interface/AddOns/Blizzard_ScriptErrors/Blizzard_ScriptErrors.lua]:71>",
    "count": 1
  },
  {
    "message": "@Interface/AddOns/DialogueUI/Code/Book/BookUI_Component.lua: Lua error: Interface/AddOns/DialogueUI/Code/Book/BookUI_Component.lua:440: attempt to index field 'TooltipAPI' (a nil value)\nstack traceback:\n\t(string):1: in main chunk",
    "count": 1
  },
  {
    "message": "Lua Error: @Interface/AddOns/DialogueUI/Code/Book/BookUI_Component.lua: Lua error: Interface/AddOns/DialogueUI/Code/Book/BookUI_Component.lua:440: attempt to index field 'TooltipAPI' (a nil value)\nstack traceback:\n\t(string):1: in main chunk\n[Interface/AddOns/Blizzard_ScriptErrors/Blizzard_ScriptErrors.lua]:59: in function 'GetErrorData'\n[Interface/AddOns/Blizzard_ScriptErrors/Blizzard_ScriptErrors.lua]:72: in function <[Interface/AddOns/Blizzard_ScriptErrors/Blizzard_ScriptErrors.lua]:71>",
    "count": 1
  },
  {
    "message": "IO error reading /syncthing/World of Warcraft/_retail_/Interface/AddOns/DialogueUI/Code/Widget/WidgetManager.lua: No such file or directory (os error 2)\nstack traceback:\n\t(string):1: in main chunk",
    "count": 1
  },
  {
    "message": "Lua Error: IO error reading /syncthing/World of Warcraft/_retail_/Interface/AddOns/DialogueUI/Code/Widget/WidgetManager.lua: No such file or directory (os error 2)\nstack traceback:\n\t(string):1: in main chunk\n[Interface/AddOns/Blizzard_ScriptErrors/Blizzard_ScriptErrors.lua]:59: in function 'GetErrorData'\n[Interface/AddOns/Blizzard_ScriptErrors/Blizzard_ScriptErrors.lua]:72: in function <[Interface/AddOns/Blizzard_ScriptErrors/Blizzard_ScriptErrors.lua]:71>",
    "count": 1
  },
  {
    "message": "@Interface/AddOns/DialogueUI/Code/Core.lua: Lua error: Interface/AddOns/DialogueUI/Code/Core.lua:74: attempt to call field 'AddCustomLinkType' (a nil value)\nstack traceback:\n\t(string):1: in main chunk",
    "count": 1
  },
  {
    "message": "Lua Error: @Interface/AddOns/DialogueUI/Code/Core.lua: Lua error: Interface/AddOns/DialogueUI/Code/Core.lua:74: attempt to call field 'AddCustomLinkType' (a nil value)\nstack traceback:\n\t(string):1: in main chunk\n[Interface/AddOns/Blizzard_ScriptErrors/Blizzard_ScriptErrors.lua]:59: in function 'GetErrorData'\n[Interface/AddOns/Blizzard_ScriptErrors/Blizzard_ScriptErrors.lua]:72: in function <[Interface/AddOns/Blizzard_ScriptErrors/Blizzard_ScriptErrors.lua]:71>",
    "count": 1
  },
  {
    "message": "[OnEvent] frame=#48564 addon=DialogueUI source=@Interface/AddOns/DialogueUI/Initialization.lua:204: Interface/AddOns/DialogueUI/Initialization.lua:137: attempt to index field 'CallbackRegistry' (a nil value)\nstack traceback:\n\t(string):12: in function <(string):12>\n\t[C]: in function 'native_xpcall'\n\t(string):11: in function <(string):10>\n\tInterface/AddOns/DialogueUI/Initialization.lua:137: in function 'SetDBValue'\n\tInterface/AddOns/DialogueUI/Initialization.lua:177: in function 'LoadDatabase'\n\tInterface/AddOns/DialogueUI/Initialization.lua:209: in function <Interface/AddOns/DialogueUI/Initialization.lua:204>\n\t(tail call): ?\n\t(tail call): ?\n\t[C]: in function 'native_xpcall'\n\t(string):8: in function <(string):5>\n\t(tail call): ?",
    "count": 2
  },
  {
    "message": "Lua Error: [OnEvent] frame=#48564 addon=DialogueUI source=@Interface/AddOns/DialogueUI/Initialization.lua:204: Interface/AddOns/DialogueUI/Initialization.lua:137: attempt to index field 'CallbackRegistry' (a nil value)\nstack traceback:\n\t(string):12: in function <(string):12>\n\t[C]: in function 'native_xpcall'\n\t(string):11: in function <(string):10>\n\tInterface/AddOns/DialogueUI/Initialization.lua:137: in function 'SetDBValue'\n\tInterface/AddOns/DialogueUI/Initialization.lua:177: in function 'LoadDatabase'\n\tInterface/AddOns/DialogueUI/Initialization.lua:209: in function <Interface/AddOns/DialogueUI/Initialization.lua:204>\n\t(tail call): ?\n\t(tail call): ?\n\t[C]: in function 'native_xpcall'\n\t(string):8: in function <(string):5>\n\t(tail call): ?\n[Interface/AddOns/Blizzard_ScriptErrors/Blizzard_ScriptErrors.lua]:59: in function 'GetErrorData'\n[Interface/AddOns/Blizzard_ScriptErrors/Blizzard_ScriptErrors.lua]:72: in function <[Interface/AddOns/Blizzard_ScriptErrors/Blizzard_ScriptErrors.lua]:71>",
    "count": 2
  },
  {
    "message": "EXBOSS-LocaleBase missing required TOC dependencies: ExwindCore, EXBossData",
    "count": 1
  },
  {
    "message": "EllesmereUICooldownManager missing required TOC dependencies: EllesmereUI",
    "count": 1
  },
  {
    "message": "IO error reading /syncthing/World of Warcraft/_retail_/Interface/AddOns/EnhanceQoL/libs/AceLocale-3.0/AceLocale-3.0.lua: No such file or directory (os error 2)\nstack traceback:\n\t(string):1: in main chunk",
    "count": 1
  },
  {
    "message": "Lua Error: IO error reading /syncthing/World of Warcraft/_retail_/Interface/AddOns/EnhanceQoL/libs/AceLocale-3.0/AceLocale-3.0.lua: No such file or directory (os error 2)\nstack traceback:\n\t(string):1: in main chunk\n[Interface/AddOns/Blizzard_ScriptErrors/Blizzard_ScriptErrors.lua]:59: in function 'GetErrorData'\n[Interface/AddOns/Blizzard_ScriptErrors/Blizzard_ScriptErrors.lua]:72: in function <[Interface/AddOns/Blizzard_ScriptErrors/Blizzard_ScriptErrors.lua]:71>",
    "count": 1
  },
  {
    "message": "@Interface/AddOns/EnhanceQoL/Init.lua: Lua error: Interface/AddOns/EnhanceQoL/Init.lua:70: Cannot find a library instance of \"AceLocale-3.0\".\nstack traceback:\n\t(string):1: in main chunk",
    "count": 1
  },
  {
    "message": "Lua Error: @Interface/AddOns/EnhanceQoL/Init.lua: Lua error: Interface/AddOns/EnhanceQoL/Init.lua:70: Cannot find a library instance of \"AceLocale-3.0\".\nstack traceback:\n\t(string):1: in main chunk\n[Interface/AddOns/Blizzard_ScriptErrors/Blizzard_ScriptErrors.lua]:59: in function 'GetErrorData'\n[Interface/AddOns/Blizzard_ScriptErrors/Blizzard_ScriptErrors.lua]:72: in function <[Interface/AddOns/Blizzard_ScriptErrors/Blizzard_ScriptErrors.lua]:71>",
    "count": 1
  },
  {
    "message": "IO error reading /syncthing/World of Warcraft/_retail_/Interface/AddOns/EnhanceQoL/libs/LibDeflate/LibDeflate.lua: No such file or directory (os error 2)\nstack traceback:\n\t(string):1: in main chunk",
    "count": 1
  },
  {
    "message": "Lua Error: IO error reading /syncthing/World of Warcraft/_retail_/Interface/AddOns/EnhanceQoL/libs/LibDeflate/LibDeflate.lua: No such file or directory (os error 2)\nstack traceback:\n\t(string):1: in main chunk\n[Interface/AddOns/Blizzard_ScriptErrors/Blizzard_ScriptErrors.lua]:59: in function 'GetErrorData'\n[Interface/AddOns/Blizzard_ScriptErrors/Blizzard_ScriptErrors.lua]:72: in function <[Interface/AddOns/Blizzard_ScriptErrors/Blizzard_ScriptErrors.lua]:71>",
    "count": 1
  },
  {
    "message": "IO error reading /syncthing/World of Warcraft/_retail_/Interface/AddOns/EnhanceQoL/libs/LibSettingsDesigner/LibSettingsDesignerUI.lua: No such file or directory (os error 2)\nstack traceback:\n\t(string):1: in main chunk",
    "count": 1
  },
  {
    "message": "Lua Error: IO error reading /syncthing/World of Warcraft/_retail_/Interface/AddOns/EnhanceQoL/libs/LibSettingsDesigner/LibSettingsDesignerUI.lua: No such file or directory (os error 2)\nstack traceback:\n\t(string):1: in main chunk\n[Interface/AddOns/Blizzard_ScriptErrors/Blizzard_ScriptErrors.lua]:59: in function 'GetErrorData'\n[Interface/AddOns/Blizzard_ScriptErrors/Blizzard_ScriptErrors.lua]:72: in function <[Interface/AddOns/Blizzard_ScriptErrors/Blizzard_ScriptErrors.lua]:71>",
    "count": 1
  },
  {
    "message": "@Interface/AddOns/EnhanceQoL/Core/EditMode.lua: Lua error: EnhanceQoL Edit Mode integration is not loaded\nstack traceback:\n\t(string):1: in main chunk",
    "count": 1
  },
  {
    "message": "Lua Error: @Interface/AddOns/EnhanceQoL/Core/EditMode.lua: Lua error: EnhanceQoL Edit Mode integration is not loaded\nstack traceback:\n\t(string):1: in main chunk\n[Interface/AddOns/Blizzard_ScriptErrors/Blizzard_ScriptErrors.lua]:59: in function 'GetErrorData'\n[Interface/AddOns/Blizzard_ScriptErrors/Blizzard_ScriptErrors.lua]:72: in function <[Interface/AddOns/Blizzard_ScriptErrors/Blizzard_ScriptErrors.lua]:71>",
    "count": 1
  },
  {
    "message": "@Interface/AddOns/EnhanceQoL/Core/SharedAnchors.lua: Lua error: Interface/AddOns/EnhanceQoL/Core/SharedAnchors.lua:14: Cannot find a library instance of \"AceLocale-3.0\".\nstack traceback:\n\t(string):1: in main chunk",
    "count": 1
  },
  {
    "message": "Lua Error: @Interface/AddOns/EnhanceQoL/Core/SharedAnchors.lua: Lua error: Interface/AddOns/EnhanceQoL/Core/SharedAnchors.lua:14: Cannot find a library instance of \"AceLocale-3.0\".\nstack traceback:\n\t(string):1: in main chunk\n[Interface/AddOns/Blizzard_ScriptErrors/Blizzard_ScriptErrors.lua]:59: in function 'GetErrorData'\n[Interface/AddOns/Blizzard_ScriptErrors/Blizzard_ScriptErrors.lua]:72: in function <[Interface/AddOns/Blizzard_ScriptErrors/Blizzard_ScriptErrors.lua]:71>",
    "count": 1
  },
  {
    "message": "@Interface/AddOns/EnhanceQoL/Core/EditModeAnchors.lua: Lua error: Interface/AddOns/EnhanceQoL/Core/EditModeAnchors.lua:8: Cannot find a library instance of \"AceLocale-3.0\".\nstack traceback:\n\t(string):1: in main chunk",
    "count": 1
  },
  {
    "message": "Lua Error: @Interface/AddOns/EnhanceQoL/Core/EditModeAnchors.lua: Lua error: Interface/AddOns/EnhanceQoL/Core/EditModeAnchors.lua:8: Cannot find a library instance of \"AceLocale-3.0\".\nstack traceback:\n\t(string):1: in main chunk\n[Interface/AddOns/Blizzard_ScriptErrors/Blizzard_ScriptErrors.lua]:59: in function 'GetErrorData'\n[Interface/AddOns/Blizzard_ScriptErrors/Blizzard_ScriptErrors.lua]:72: in function <[Interface/AddOns/Blizzard_ScriptErrors/Blizzard_ScriptErrors.lua]:71>",
    "count": 1
  },
  {
    "message": "@Interface/AddOns/EnhanceQoL/Core/EditModeAnchorUI.lua: Lua error: Interface/AddOns/EnhanceQoL/Core/EditModeAnchorUI.lua:6: Cannot find a library instance of \"AceLocale-3.0\".\nstack traceback:\n\t(string):1: in main chunk",
    "count": 1
  },
  {
    "message": "Lua Error: @Interface/AddOns/EnhanceQoL/Core/EditModeAnchorUI.lua: Lua error: Interface/AddOns/EnhanceQoL/Core/EditModeAnchorUI.lua:6: Cannot find a library instance of \"AceLocale-3.0\".\nstack traceback:\n\t(string):1: in main chunk\n[Interface/AddOns/Blizzard_ScriptErrors/Blizzard_ScriptErrors.lua]:59: in function 'GetErrorData'\n[Interface/AddOns/Blizzard_ScriptErrors/Blizzard_ScriptErrors.lua]:72: in function <[Interface/AddOns/Blizzard_ScriptErrors/Blizzard_ScriptErrors.lua]:71>",
    "count": 1
  },
  {
    "message": "@Interface/AddOns/EnhanceQoL/Core/Streams/Stream_Currency.lua: Lua error: ...rface/AddOns/EnhanceQoL/Core/Streams/Stream_Currency.lua:18: attempt to index local 'L' (a nil value)\nstack traceback:\n\t(string):1: in main chunk",
    "count": 1
  },
  {
    "message": "Lua Error: @Interface/AddOns/EnhanceQoL/Core/Streams/Stream_Currency.lua: Lua error: ...rface/AddOns/EnhanceQoL/Core/Streams/Stream_Currency.lua:18: attempt to index local 'L' (a nil value)\nstack traceback:\n\t(string):1: in main chunk\n[Interface/AddOns/Blizzard_ScriptErrors/Blizzard_ScriptErrors.lua]:59: in function 'GetErrorData'\n[Interface/AddOns/Blizzard_ScriptErrors/Blizzard_ScriptErrors.lua]:72: in function <[Interface/AddOns/Blizzard_ScriptErrors/Blizzard_ScriptErrors.lua]:71>",
    "count": 1
  },
  {
    "message": "@Interface/AddOns/EnhanceQoL/Submodules/GemHelper.lua: Lua error: Interface/AddOns/EnhanceQoL/Submodules/GemHelper.lua:3: Cannot find a library instance of \"AceLocale-3.0\".\nstack traceback:\n\t(string):1: in main chunk",
    "count": 1
  },
  {
    "message": "Lua Error: @Interface/AddOns/EnhanceQoL/Submodules/GemHelper.lua: Lua error: Interface/AddOns/EnhanceQoL/Submodules/GemHelper.lua:3: Cannot find a library instance of \"AceLocale-3.0\".\nstack traceback:\n\t(string):1: in main chunk\n[Interface/AddOns/Blizzard_ScriptErrors/Blizzard_ScriptErrors.lua]:59: in function 'GetErrorData'\n[Interface/AddOns/Blizzard_ScriptErrors/Blizzard_ScriptErrors.lua]:72: in function <[Interface/AddOns/Blizzard_ScriptErrors/Blizzard_ScriptErrors.lua]:71>",
    "count": 1
  },
  {
    "message": "@Interface/AddOns/EnhanceQoL/Submodules/MountActions.lua: Lua error: Interface/AddOns/EnhanceQoL/Submodules/MountActions.lua:9: Cannot find a library instance of \"AceLocale-3.0\".\nstack traceback:\n\t(string):1: in main chunk",
    "count": 1
  },
  {
    "message": "Lua Error: @Interface/AddOns/EnhanceQoL/Submodules/MountActions.lua: Lua error: Interface/AddOns/EnhanceQoL/Submodules/MountActions.lua:9: Cannot find a library instance of \"AceLocale-3.0\".\nstack traceback:\n\t(string):1: in main chunk\n[Interface/AddOns/Blizzard_ScriptErrors/Blizzard_ScriptErrors.lua]:59: in function 'GetErrorData'\n[Interface/AddOns/Blizzard_ScriptErrors/Blizzard_ScriptErrors.lua]:72: in function <[Interface/AddOns/Blizzard_ScriptErrors/Blizzard_ScriptErrors.lua]:71>",
    "count": 1
  },
  {
    "message": "@Interface/AddOns/EnhanceQoL/Submodules/ActionTracker.lua: Lua error: Interface/AddOns/EnhanceQoL/Submodules/ActionTracker.lua:13: Cannot find a library instance of \"AceLocale-3.0\".\nstack traceback:\n\t(string):1: in main chunk",
    "count": 1
  },
  {
    "message": "Lua Error: @Interface/AddOns/EnhanceQoL/Submodules/ActionTracker.lua: Lua error: Interface/AddOns/EnhanceQoL/Submodules/ActionTracker.lua:13: Cannot find a library instance of \"AceLocale-3.0\".\nstack traceback:\n\t(string):1: in main chunk\n[Interface/AddOns/Blizzard_ScriptErrors/Blizzard_ScriptErrors.lua]:59: in function 'GetErrorData'\n[Interface/AddOns/Blizzard_ScriptErrors/Blizzard_ScriptErrors.lua]:72: in function <[Interface/AddOns/Blizzard_ScriptErrors/Blizzard_ScriptErrors.lua]:71>",
    "count": 1
  },
  {
    "message": "@Interface/AddOns/EnhanceQoL/Submodules/GroupTools.lua: Lua error: Interface/AddOns/EnhanceQoL/Submodules/GroupTools.lua:14: Cannot find a library instance of \"AceLocale-3.0\".\nstack traceback:\n\t(string):1: in main chunk",
    "count": 1
  },
  {
    "message": "Lua Error: @Interface/AddOns/EnhanceQoL/Submodules/GroupTools.lua: Lua error: Interface/AddOns/EnhanceQoL/Submodules/GroupTools.lua:14: Cannot find a library instance of \"AceLocale-3.0\".\nstack traceback:\n\t(string):1: in main chunk\n[Interface/AddOns/Blizzard_ScriptErrors/Blizzard_ScriptErrors.lua]:59: in function 'GetErrorData'\n[Interface/AddOns/Blizzard_ScriptErrors/Blizzard_ScriptErrors.lua]:72: in function <[Interface/AddOns/Blizzard_ScriptErrors/Blizzard_ScriptErrors.lua]:71>",
    "count": 1
  },
  {
    "message": "IO error reading /syncthing/World of Warcraft/_retail_/Interface/AddOns/EnhanceQoL/Settings/SettingsUI.lua: No such file or directory (os error 2)\nstack traceback:\n\t(string):1: in main chunk",
    "count": 1
  },
  {
    "message": "Lua Error: IO error reading /syncthing/World of Warcraft/_retail_/Interface/AddOns/EnhanceQoL/Settings/SettingsUI.lua: No such file or directory (os error 2)\nstack traceback:\n\t(string):1: in main chunk\n[Interface/AddOns/Blizzard_ScriptErrors/Blizzard_ScriptErrors.lua]:59: in function 'GetErrorData'\n[Interface/AddOns/Blizzard_ScriptErrors/Blizzard_ScriptErrors.lua]:72: in function <[Interface/AddOns/Blizzard_ScriptErrors/Blizzard_ScriptErrors.lua]:71>",
    "count": 1
  },
  {
    "message": "@Interface/AddOns/EnhanceQoL/Modules/Mouse/Mouse.lua: Lua error: Interface/AddOns/EnhanceQoL/Modules/Mouse/Mouse.lua:10: Cannot find a library instance of \"AceLocale-3.0\".\nstack traceback:\n\t(string):1: in main chunk",
    "count": 1
  },
  {
    "message": "Lua Error: @Interface/AddOns/EnhanceQoL/Modules/Mouse/Mouse.lua: Lua error: Interface/AddOns/EnhanceQoL/Modules/Mouse/Mouse.lua:10: Cannot find a library instance of \"AceLocale-3.0\".\nstack traceback:\n\t(string):1: in main chunk\n[Interface/AddOns/Blizzard_ScriptErrors/Blizzard_ScriptErrors.lua]:59: in function 'GetErrorData'\n[Interface/AddOns/Blizzard_ScriptErrors/Blizzard_ScriptErrors.lua]:72: in function <[Interface/AddOns/Blizzard_ScriptErrors/Blizzard_ScriptErrors.lua]:71>",
    "count": 1
  },
  {
    "message": "IO error reading /syncthing/World of Warcraft/_retail_/Interface/AddOns/EnhanceQoL/Modules/Food/Drinks.lua: No such file or directory (os error 2)\nstack traceback:\n\t(string):1: in main chunk",
    "count": 1
  },
  {
    "message": "Lua Error: IO error reading /syncthing/World of Warcraft/_retail_/Interface/AddOns/EnhanceQoL/Modules/Food/Drinks.lua: No such file or directory (os error 2)\nstack traceback:\n\t(string):1: in main chunk\n[Interface/AddOns/Blizzard_ScriptErrors/Blizzard_ScriptErrors.lua]:59: in function 'GetErrorData'\n[Interface/AddOns/Blizzard_ScriptErrors/Blizzard_ScriptErrors.lua]:72: in function <[Interface/AddOns/Blizzard_ScriptErrors/Blizzard_ScriptErrors.lua]:71>",
    "count": 1
  },
  {
    "message": "@Interface/AddOns/InTime/InTime_UI.lua: Lua error: Interface/AddOns/InTime/InTime_UI.lua:131: attempt to index local 'L' (a nil value)\nstack traceback:\n\t(string):1: in main chunk",
    "count": 1
  },
  {
    "message": "Lua Error: @Interface/AddOns/InTime/InTime_UI.lua: Lua error: Interface/AddOns/InTime/InTime_UI.lua:131: attempt to index local 'L' (a nil value)\nstack traceback:\n\t(string):1: in main chunk\n[Interface/AddOns/Blizzard_ScriptErrors/Blizzard_ScriptErrors.lua]:59: in function 'GetErrorData'\n[Interface/AddOns/Blizzard_ScriptErrors/Blizzard_ScriptErrors.lua]:72: in function <[Interface/AddOns/Blizzard_ScriptErrors/Blizzard_ScriptErrors.lua]:71>",
    "count": 1
  },
  {
    "message": "@Interface/AddOns/InTime/InTime_Core.lua: Lua error: Interface/AddOns/InTime/InTime_Core.lua:20: attempt to index local 'L' (a nil value)\nstack traceback:\n\t(string):1: in main chunk",
    "count": 1
  },
  {
    "message": "Lua Error: @Interface/AddOns/InTime/InTime_Core.lua: Lua error: Interface/AddOns/InTime/InTime_Core.lua:20: attempt to index local 'L' (a nil value)\nstack traceback:\n\t(string):1: in main chunk\n[Interface/AddOns/Blizzard_ScriptErrors/Blizzard_ScriptErrors.lua]:59: in function 'GetErrorData'\n[Interface/AddOns/Blizzard_ScriptErrors/Blizzard_ScriptErrors.lua]:72: in function <[Interface/AddOns/Blizzard_ScriptErrors/Blizzard_ScriptErrors.lua]:71>",
    "count": 1
  },
  {
    "message": "@Interface/AddOns/ItemVersion/Locales/enUS.lua: Lua error: Interface/AddOns/ItemVersion/Locales/enUS.lua:6: Cannot find a library instance of \"AceLocale-3.0\".\nstack traceback:\n\t(string):1: in main chunk",
    "count": 1
  },
  {
    "message": "Lua Error: @Interface/AddOns/ItemVersion/Locales/enUS.lua: Lua error: Interface/AddOns/ItemVersion/Locales/enUS.lua:6: Cannot find a library instance of \"AceLocale-3.0\".\nstack traceback:\n\t(string):1: in main chunk\n[Interface/AddOns/Blizzard_ScriptErrors/Blizzard_ScriptErrors.lua]:59: in function 'GetErrorData'\n[Interface/AddOns/Blizzard_ScriptErrors/Blizzard_ScriptErrors.lua]:72: in function <[Interface/AddOns/Blizzard_ScriptErrors/Blizzard_ScriptErrors.lua]:71>",
    "count": 1
  },
  {
    "message": "@Interface/AddOns/ItemVersion/Locales/zhCN.lua: Lua error: Interface/AddOns/ItemVersion/Locales/zhCN.lua:6: Cannot find a library instance of \"AceLocale-3.0\".\nstack traceback:\n\t(string):1: in main chunk",
    "count": 1
  },
  {
    "message": "Lua Error: @Interface/AddOns/ItemVersion/Locales/zhCN.lua: Lua error: Interface/AddOns/ItemVersion/Locales/zhCN.lua:6: Cannot find a library instance of \"AceLocale-3.0\".\nstack traceback:\n\t(string):1: in main chunk\n[Interface/AddOns/Blizzard_ScriptErrors/Blizzard_ScriptErrors.lua]:59: in function 'GetErrorData'\n[Interface/AddOns/Blizzard_ScriptErrors/Blizzard_ScriptErrors.lua]:72: in function <[Interface/AddOns/Blizzard_ScriptErrors/Blizzard_ScriptErrors.lua]:71>",
    "count": 1
  },
  {
    "message": "@Interface/AddOns/ItemVersion/Profile.lua: Lua error: Interface/AddOns/ItemVersion/Profile.lua:3: Cannot find a library instance of \"AceLocale-3.0\".\nstack traceback:\n\t(string):1: in main chunk",
    "count": 1
  },
  {
    "message": "Lua Error: @Interface/AddOns/ItemVersion/Profile.lua: Lua error: Interface/AddOns/ItemVersion/Profile.lua:3: Cannot find a library instance of \"AceLocale-3.0\".\nstack traceback:\n\t(string):1: in main chunk\n[Interface/AddOns/Blizzard_ScriptErrors/Blizzard_ScriptErrors.lua]:59: in function 'GetErrorData'\n[Interface/AddOns/Blizzard_ScriptErrors/Blizzard_ScriptErrors.lua]:72: in function <[Interface/AddOns/Blizzard_ScriptErrors/Blizzard_ScriptErrors.lua]:71>",
    "count": 1
  },
  {
    "message": "@Interface/AddOns/ItemVersion/Expansion.lua: Lua error: Interface/AddOns/ItemVersion/Expansion.lua:3: Cannot find a library instance of \"AceLocale-3.0\".\nstack traceback:\n\t(string):1: in main chunk",
    "count": 1
  },
  {
    "message": "Lua Error: @Interface/AddOns/ItemVersion/Expansion.lua: Lua error: Interface/AddOns/ItemVersion/Expansion.lua:3: Cannot find a library instance of \"AceLocale-3.0\".\nstack traceback:\n\t(string):1: in main chunk\n[Interface/AddOns/Blizzard_ScriptErrors/Blizzard_ScriptErrors.lua]:59: in function 'GetErrorData'\n[Interface/AddOns/Blizzard_ScriptErrors/Blizzard_ScriptErrors.lua]:72: in function <[Interface/AddOns/Blizzard_ScriptErrors/Blizzard_ScriptErrors.lua]:71>",
    "count": 1
  },
  {
    "message": "@Interface/AddOns/ItemVersion/Options.lua: Lua error: Interface/AddOns/ItemVersion/Options.lua:3: Cannot find a library instance of \"AceLocale-3.0\".\nstack traceback:\n\t(string):1: in main chunk",
    "count": 1
  },
  {
    "message": "Lua Error: @Interface/AddOns/ItemVersion/Options.lua: Lua error: Interface/AddOns/ItemVersion/Options.lua:3: Cannot find a library instance of \"AceLocale-3.0\".\nstack traceback:\n\t(string):1: in main chunk\n[Interface/AddOns/Blizzard_ScriptErrors/Blizzard_ScriptErrors.lua]:59: in function 'GetErrorData'\n[Interface/AddOns/Blizzard_ScriptErrors/Blizzard_ScriptErrors.lua]:72: in function <[Interface/AddOns/Blizzard_ScriptErrors/Blizzard_ScriptErrors.lua]:71>",
    "count": 1
  },
  {
    "message": "@Interface/AddOns/ItemVersion/SlashCommands.lua: Lua error: Interface/AddOns/ItemVersion/SlashCommands.lua:3: Cannot find a library instance of \"AceLocale-3.0\".\nstack traceback:\n\t(string):1: in main chunk",
    "count": 1
  },
  {
    "message": "Lua Error: @Interface/AddOns/ItemVersion/SlashCommands.lua: Lua error: Interface/AddOns/ItemVersion/SlashCommands.lua:3: Cannot find a library instance of \"AceLocale-3.0\".\nstack traceback:\n\t(string):1: in main chunk\n[Interface/AddOns/Blizzard_ScriptErrors/Blizzard_ScriptErrors.lua]:59: in function 'GetErrorData'\n[Interface/AddOns/Blizzard_ScriptErrors/Blizzard_ScriptErrors.lua]:72: in function <[Interface/AddOns/Blizzard_ScriptErrors/Blizzard_ScriptErrors.lua]:71>",
    "count": 1
  },
  {
    "message": "@Interface/AddOns/Leatrix_Plus/Leatrix_Plus_Media.lua: Lua error: Interface/AddOns/Leatrix_Plus/Leatrix_Plus_Media.lua:10: attempt to index local 'L' (a nil value)\nstack traceback:\n\t(string):1: in main chunk",
    "count": 1
  },
  {
    "message": "Lua Error: @Interface/AddOns/Leatrix_Plus/Leatrix_Plus_Media.lua: Lua error: Interface/AddOns/Leatrix_Plus/Leatrix_Plus_Media.lua:10: attempt to index local 'L' (a nil value)\nstack traceback:\n\t(string):1: in main chunk\n[Interface/AddOns/Blizzard_ScriptErrors/Blizzard_ScriptErrors.lua]:59: in function 'GetErrorData'\n[Interface/AddOns/Blizzard_ScriptErrors/Blizzard_ScriptErrors.lua]:72: in function <[Interface/AddOns/Blizzard_ScriptErrors/Blizzard_ScriptErrors.lua]:71>",
    "count": 1
  },
  {
    "message": "@Interface/AddOns/Leatrix_Plus/Leatrix_Plus.lua: Lua error: Interface/AddOns/Leatrix_Plus/Leatrix_Plus.lua:61: attempt to index local 'L' (a nil value)\nstack traceback:\n\t(string):1: in main chunk",
    "count": 1
  },
  {
    "message": "Lua Error: @Interface/AddOns/Leatrix_Plus/Leatrix_Plus.lua: Lua error: Interface/AddOns/Leatrix_Plus/Leatrix_Plus.lua:61: attempt to index local 'L' (a nil value)\nstack traceback:\n\t(string):1: in main chunk\n[Interface/AddOns/Blizzard_ScriptErrors/Blizzard_ScriptErrors.lua]:59: in function 'GetErrorData'\n[Interface/AddOns/Blizzard_ScriptErrors/Blizzard_ScriptErrors.lua]:72: in function <[Interface/AddOns/Blizzard_ScriptErrors/Blizzard_ScriptErrors.lua]:71>",
    "count": 1
  },
  {
    "message": "@Interface/AddOns/Plumber/Locales/enUS.lua: Lua error: Interface/AddOns/Plumber/Locales/enUS.lua:17: attempt to index local 'L' (a nil value)\nstack traceback:\n\t(string):1: in main chunk",
    "count": 1
  },
  {
    "message": "Lua Error: @Interface/AddOns/Plumber/Locales/enUS.lua: Lua error: Interface/AddOns/Plumber/Locales/enUS.lua:17: attempt to index local 'L' (a nil value)\nstack traceback:\n\t(string):1: in main chunk\n[Interface/AddOns/Blizzard_ScriptErrors/Blizzard_ScriptErrors.lua]:59: in function 'GetErrorData'\n[Interface/AddOns/Blizzard_ScriptErrors/Blizzard_ScriptErrors.lua]:72: in function <[Interface/AddOns/Blizzard_ScriptErrors/Blizzard_ScriptErrors.lua]:71>",
    "count": 1
  },
  {
    "message": "@Interface/AddOns/Plumber/Modules/Shared/SharedData.lua: Lua error: Interface/AddOns/Plumber/Modules/Shared/SharedData.lua:51: attempt to index local 'L' (a nil value)\nstack traceback:\n\t(string):1: in main chunk",
    "count": 1
  },
  {
    "message": "Lua Error: @Interface/AddOns/Plumber/Modules/Shared/SharedData.lua: Lua error: Interface/AddOns/Plumber/Modules/Shared/SharedData.lua:51: attempt to index local 'L' (a nil value)\nstack traceback:\n\t(string):1: in main chunk\n[Interface/AddOns/Blizzard_ScriptErrors/Blizzard_ScriptErrors.lua]:59: in function 'GetErrorData'\n[Interface/AddOns/Blizzard_ScriptErrors/Blizzard_ScriptErrors.lua]:72: in function <[Interface/AddOns/Blizzard_ScriptErrors/Blizzard_ScriptErrors.lua]:71>",
    "count": 1
  },
  {
    "message": "IO error loading /syncthing/World of Warcraft/_retail_/Interface/AddOns/Plumber/Modules/Shared/SharedWidgets.xml: No such file or directory (os error 2)\nstack traceback:\n\t(string):1: in main chunk",
    "count": 1
  },
  {
    "message": "Lua Error: IO error loading /syncthing/World of Warcraft/_retail_/Interface/AddOns/Plumber/Modules/Shared/SharedWidgets.xml: No such file or directory (os error 2)\nstack traceback:\n\t(string):1: in main chunk\n[Interface/AddOns/Blizzard_ScriptErrors/Blizzard_ScriptErrors.lua]:59: in function 'GetErrorData'\n[Interface/AddOns/Blizzard_ScriptErrors/Blizzard_ScriptErrors.lua]:72: in function <[Interface/AddOns/Blizzard_ScriptErrors/Blizzard_ScriptErrors.lua]:71>",
    "count": 1
  },
  {
    "message": "XML error: IO error loading /syncthing/World of Warcraft/_retail_/Interface/AddOns/Plumber/Modules/Shared/SharedWidgets.xml: No such file or directory (os error 2)\nstack traceback:\n\t(string):1: in main chunk",
    "count": 1
  },
  {
    "message": "Lua Error: XML error: IO error loading /syncthing/World of Warcraft/_retail_/Interface/AddOns/Plumber/Modules/Shared/SharedWidgets.xml: No such file or directory (os error 2)\nstack traceback:\n\t(string):1: in main chunk\n[Interface/AddOns/Blizzard_ScriptErrors/Blizzard_ScriptErrors.lua]:59: in function 'GetErrorData'\n[Interface/AddOns/Blizzard_ScriptErrors/Blizzard_ScriptErrors.lua]:72: in function <[Interface/AddOns/Blizzard_ScriptErrors/Blizzard_ScriptErrors.lua]:71>",
    "count": 1
  },
  {
    "message": "@Interface/AddOns/Plumber/Modules/ScenarioTracker.lua: Lua error: Interface/AddOns/Plumber/Modules/ScenarioTracker.lua:150: attempt to index local 'API' (a nil value)\nstack traceback:\n\t(string):1: in main chunk",
    "count": 1
  },
  {
    "message": "Lua Error: @Interface/AddOns/Plumber/Modules/ScenarioTracker.lua: Lua error: Interface/AddOns/Plumber/Modules/ScenarioTracker.lua:150: attempt to index local 'API' (a nil value)\nstack traceback:\n\t(string):1: in main chunk\n[Interface/AddOns/Blizzard_ScriptErrors/Blizzard_ScriptErrors.lua]:59: in function 'GetErrorData'\n[Interface/AddOns/Blizzard_ScriptErrors/Blizzard_ScriptErrors.lua]:72: in function <[Interface/AddOns/Blizzard_ScriptErrors/Blizzard_ScriptErrors.lua]:71>",
    "count": 1
  },
  {
    "message": "IO error reading /syncthing/World of Warcraft/_retail_/Interface/AddOns/Plumber/Modules/ControlCenter/Preload.lua: No such file or directory (os error 2)\nstack traceback:\n\t(string):1: in main chunk",
    "count": 1
  },
  {
    "message": "Lua Error: IO error reading /syncthing/World of Warcraft/_retail_/Interface/AddOns/Plumber/Modules/ControlCenter/Preload.lua: No such file or directory (os error 2)\nstack traceback:\n\t(string):1: in main chunk\n[Interface/AddOns/Blizzard_ScriptErrors/Blizzard_ScriptErrors.lua]:59: in function 'GetErrorData'\n[Interface/AddOns/Blizzard_ScriptErrors/Blizzard_ScriptErrors.lua]:72: in function <[Interface/AddOns/Blizzard_ScriptErrors/Blizzard_ScriptErrors.lua]:71>",
    "count": 1
  },
  {
    "message": "@Interface/AddOns/Plumber/Modules/Macros.lua: Lua error: Interface/AddOns/Plumber/Modules/Macros.lua:47: attempt to index local 'API' (a nil value)\nstack traceback:\n\t(string):1: in main chunk",
    "count": 1
  },
  {
    "message": "Lua Error: @Interface/AddOns/Plumber/Modules/Macros.lua: Lua error: Interface/AddOns/Plumber/Modules/Macros.lua:47: attempt to index local 'API' (a nil value)\nstack traceback:\n\t(string):1: in main chunk\n[Interface/AddOns/Blizzard_ScriptErrors/Blizzard_ScriptErrors.lua]:59: in function 'GetErrorData'\n[Interface/AddOns/Blizzard_ScriptErrors/Blizzard_ScriptErrors.lua]:72: in function <[Interface/AddOns/Blizzard_ScriptErrors/Blizzard_ScriptErrors.lua]:71>",
    "count": 1
  },
  {
    "message": "@Interface/AddOns/Plumber/Modules/BackpackItemTracker.lua: Lua error: Interface/AddOns/Plumber/Modules/BackpackItemTracker.lua:20: attempt to index local 'API' (a nil value)\nstack traceback:\n\t(string):1: in main chunk",
    "count": 1
  },
  {
    "message": "Lua Error: @Interface/AddOns/Plumber/Modules/BackpackItemTracker.lua: Lua error: Interface/AddOns/Plumber/Modules/BackpackItemTracker.lua:20: attempt to index local 'API' (a nil value)\nstack traceback:\n\t(string):1: in main chunk\n[Interface/AddOns/Blizzard_ScriptErrors/Blizzard_ScriptErrors.lua]:59: in function 'GetErrorData'\n[Interface/AddOns/Blizzard_ScriptErrors/Blizzard_ScriptErrors.lua]:72: in function <[Interface/AddOns/Blizzard_ScriptErrors/Blizzard_ScriptErrors.lua]:71>",
    "count": 1
  },
  {
    "message": "@Interface/AddOns/Plumber/Modules/AutoJoinEvents.lua: Lua error: Interface/AddOns/Plumber/Modules/AutoJoinEvents.lua:7: attempt to index field 'API' (a nil value)\nstack traceback:\n\t(string):1: in main chunk",
    "count": 1
  },
  {
    "message": "Lua Error: @Interface/AddOns/Plumber/Modules/AutoJoinEvents.lua: Lua error: Interface/AddOns/Plumber/Modules/AutoJoinEvents.lua:7: attempt to index field 'API' (a nil value)\nstack traceback:\n\t(string):1: in main chunk\n[Interface/AddOns/Blizzard_ScriptErrors/Blizzard_ScriptErrors.lua]:59: in function 'GetErrorData'\n[Interface/AddOns/Blizzard_ScriptErrors/Blizzard_ScriptErrors.lua]:72: in function <[Interface/AddOns/Blizzard_ScriptErrors/Blizzard_ScriptErrors.lua]:71>",
    "count": 1
  },
  {
    "message": "@Interface/AddOns/Plumber/Modules/PlayerChoiceFrameToken.lua: Lua error: Interface/AddOns/Plumber/Modules/PlayerChoiceFrameToken.lua:5: attempt to index field 'API' (a nil value)\nstack traceback:\n\t(string):1: in main chunk",
    "count": 1
  },
  {
    "message": "Lua Error: @Interface/AddOns/Plumber/Modules/PlayerChoiceFrameToken.lua: Lua error: Interface/AddOns/Plumber/Modules/PlayerChoiceFrameToken.lua:5: attempt to index field 'API' (a nil value)\nstack traceback:\n\t(string):1: in main chunk\n[Interface/AddOns/Blizzard_ScriptErrors/Blizzard_ScriptErrors.lua]:59: in function 'GetErrorData'\n[Interface/AddOns/Blizzard_ScriptErrors/Blizzard_ScriptErrors.lua]:72: in function <[Interface/AddOns/Blizzard_ScriptErrors/Blizzard_ScriptErrors.lua]:71>",
    "count": 1
  },
  {
    "message": "@Interface/AddOns/Plumber/Modules/QuickSlot.lua: Lua error: Interface/AddOns/Plumber/Modules/QuickSlot.lua:4: attempt to index local 'API' (a nil value)\nstack traceback:\n\t(string):1: in main chunk",
    "count": 1
  },
  {
    "message": "Lua Error: @Interface/AddOns/Plumber/Modules/QuickSlot.lua: Lua error: Interface/AddOns/Plumber/Modules/QuickSlot.lua:4: attempt to index local 'API' (a nil value)\nstack traceback:\n\t(string):1: in main chunk\n[Interface/AddOns/Blizzard_ScriptErrors/Blizzard_ScriptErrors.lua]:59: in function 'GetErrorData'\n[Interface/AddOns/Blizzard_ScriptErrors/Blizzard_ScriptErrors.lua]:72: in function <[Interface/AddOns/Blizzard_ScriptErrors/Blizzard_ScriptErrors.lua]:71>",
    "count": 1
  },
  {
    "message": "@Interface/AddOns/Plumber/Modules/RareAnnouncement.lua: Lua error: Interface/AddOns/Plumber/Modules/RareAnnouncement.lua:6: attempt to index local 'API' (a nil value)\nstack traceback:\n\t(string):1: in main chunk",
    "count": 1
  },
  {
    "message": "Lua Error: @Interface/AddOns/Plumber/Modules/RareAnnouncement.lua: Lua error: Interface/AddOns/Plumber/Modules/RareAnnouncement.lua:6: attempt to index local 'API' (a nil value)\nstack traceback:\n\t(string):1: in main chunk\n[Interface/AddOns/Blizzard_ScriptErrors/Blizzard_ScriptErrors.lua]:59: in function 'GetErrorData'\n[Interface/AddOns/Blizzard_ScriptErrors/Blizzard_ScriptErrors.lua]:72: in function <[Interface/AddOns/Blizzard_ScriptErrors/Blizzard_ScriptErrors.lua]:71>",
    "count": 1
  },
  {
    "message": "@Interface/AddOns/Plumber/Modules/MerchantPrice.lua: Lua error: Interface/AddOns/Plumber/Modules/MerchantPrice.lua:27: attempt to index local 'API' (a nil value)\nstack traceback:\n\t(string):1: in main chunk",
    "count": 1
  },
  {
    "message": "Lua Error: @Interface/AddOns/Plumber/Modules/MerchantPrice.lua: Lua error: Interface/AddOns/Plumber/Modules/MerchantPrice.lua:27: attempt to index local 'API' (a nil value)\nstack traceback:\n\t(string):1: in main chunk\n[Interface/AddOns/Blizzard_ScriptErrors/Blizzard_ScriptErrors.lua]:59: in function 'GetErrorData'\n[Interface/AddOns/Blizzard_ScriptErrors/Blizzard_ScriptErrors.lua]:72: in function <[Interface/AddOns/Blizzard_ScriptErrors/Blizzard_ScriptErrors.lua]:71>",
    "count": 1
  },
  {
    "message": "@Interface/AddOns/Plumber/Modules/DelvesAutomation.lua: Lua error: Interface/AddOns/Plumber/Modules/DelvesAutomation.lua:75: attempt to index field 'L' (a nil value)\nstack traceback:\n\t(string):1: in main chunk",
    "count": 1
  },
  {
    "message": "Lua Error: @Interface/AddOns/Plumber/Modules/DelvesAutomation.lua: Lua error: Interface/AddOns/Plumber/Modules/DelvesAutomation.lua:75: attempt to index field 'L' (a nil value)\nstack traceback:\n\t(string):1: in main chunk\n[Interface/AddOns/Blizzard_ScriptErrors/Blizzard_ScriptErrors.lua]:59: in function 'GetErrorData'\n[Interface/AddOns/Blizzard_ScriptErrors/Blizzard_ScriptErrors.lua]:72: in function <[Interface/AddOns/Blizzard_ScriptErrors/Blizzard_ScriptErrors.lua]:71>",
    "count": 1
  },
  {
    "message": "IO error reading /syncthing/World of Warcraft/_retail_/Interface/AddOns/Plumber/Modules/GameTooltip_Core.lua: No such file or directory (os error 2)\nstack traceback:\n\t(string):1: in main chunk",
    "count": 1
  },
  {
    "message": "Lua Error: IO error reading /syncthing/World of Warcraft/_retail_/Interface/AddOns/Plumber/Modules/GameTooltip_Core.lua: No such file or directory (os error 2)\nstack traceback:\n\t(string):1: in main chunk\n[Interface/AddOns/Blizzard_ScriptErrors/Blizzard_ScriptErrors.lua]:59: in function 'GetErrorData'\n[Interface/AddOns/Blizzard_ScriptErrors/Blizzard_ScriptErrors.lua]:72: in function <[Interface/AddOns/Blizzard_ScriptErrors/Blizzard_ScriptErrors.lua]:71>",
    "count": 1
  },
  {
    "message": "@Interface/AddOns/Plumber/Modules/UnderlightAngler.lua: Lua error: Interface/AddOns/Plumber/Modules/UnderlightAngler.lua:69: attempt to index field 'L' (a nil value)\nstack traceback:\n\t(string):1: in main chunk",
    "count": 1
  },
  {
    "message": "Lua Error: @Interface/AddOns/Plumber/Modules/UnderlightAngler.lua: Lua error: Interface/AddOns/Plumber/Modules/UnderlightAngler.lua:69: attempt to index field 'L' (a nil value)\nstack traceback:\n\t(string):1: in main chunk\n[Interface/AddOns/Blizzard_ScriptErrors/Blizzard_ScriptErrors.lua]:59: in function 'GetErrorData'\n[Interface/AddOns/Blizzard_ScriptErrors/Blizzard_ScriptErrors.lua]:72: in function <[Interface/AddOns/Blizzard_ScriptErrors/Blizzard_ScriptErrors.lua]:71>",
    "count": 1
  },
  {
    "message": "@Interface/AddOns/Plumber/Modules/ChatOptions.lua: Lua error: Interface/AddOns/Plumber/Modules/ChatOptions.lua:205: attempt to index local 'API' (a nil value)\nstack traceback:\n\t(string):1: in main chunk",
    "count": 1
  },
  {
    "message": "Lua Error: @Interface/AddOns/Plumber/Modules/ChatOptions.lua: Lua error: Interface/AddOns/Plumber/Modules/ChatOptions.lua:205: attempt to index local 'API' (a nil value)\nstack traceback:\n\t(string):1: in main chunk\n[Interface/AddOns/Blizzard_ScriptErrors/Blizzard_ScriptErrors.lua]:59: in function 'GetErrorData'\n[Interface/AddOns/Blizzard_ScriptErrors/Blizzard_ScriptErrors.lua]:72: in function <[Interface/AddOns/Blizzard_ScriptErrors/Blizzard_ScriptErrors.lua]:71>",
    "count": 1
  },
  {
    "message": "IO error reading /syncthing/World of Warcraft/_retail_/Interface/AddOns/Plumber/Modules/StaticPopup_QuestItemDestroyAlert.lua: No such file or directory (os error 2)\nstack traceback:\n\t(string):1: in main chunk",
    "count": 1
  },
  {
    "message": "Lua Error: IO error reading /syncthing/World of Warcraft/_retail_/Interface/AddOns/Plumber/Modules/StaticPopup_QuestItemDestroyAlert.lua: No such file or directory (os error 2)\nstack traceback:\n\t(string):1: in main chunk\n[Interface/AddOns/Blizzard_ScriptErrors/Blizzard_ScriptErrors.lua]:59: in function 'GetErrorData'\n[Interface/AddOns/Blizzard_ScriptErrors/Blizzard_ScriptErrors.lua]:72: in function <[Interface/AddOns/Blizzard_ScriptErrors/Blizzard_ScriptErrors.lua]:71>",
    "count": 1
  },
  {
    "message": "@Interface/AddOns/Plumber/Modules/ProfessionsBook.lua: Lua error: Interface/AddOns/Plumber/Modules/ProfessionsBook.lua:7: attempt to index field 'GameTooltipManager' (a nil value)\nstack traceback:\n\t(string):1: in main chunk",
    "count": 1
  },
  {
    "message": "Lua Error: @Interface/AddOns/Plumber/Modules/ProfessionsBook.lua: Lua error: Interface/AddOns/Plumber/Modules/ProfessionsBook.lua:7: attempt to index field 'GameTooltipManager' (a nil value)\nstack traceback:\n\t(string):1: in main chunk\n[Interface/AddOns/Blizzard_ScriptErrors/Blizzard_ScriptErrors.lua]:59: in function 'GetErrorData'\n[Interface/AddOns/Blizzard_ScriptErrors/Blizzard_ScriptErrors.lua]:72: in function <[Interface/AddOns/Blizzard_ScriptErrors/Blizzard_ScriptErrors.lua]:71>",
    "count": 1
  },
  {
    "message": "@Interface/AddOns/Plumber/Modules/HolidayDungeon.lua: Lua error: Interface/AddOns/Plumber/Modules/HolidayDungeon.lua:90: attempt to index field 'L' (a nil value)\nstack traceback:\n\t(string):1: in main chunk",
    "count": 1
  },
  {
    "message": "Lua Error: @Interface/AddOns/Plumber/Modules/HolidayDungeon.lua: Lua error: Interface/AddOns/Plumber/Modules/HolidayDungeon.lua:90: attempt to index field 'L' (a nil value)\nstack traceback:\n\t(string):1: in main chunk\n[Interface/AddOns/Blizzard_ScriptErrors/Blizzard_ScriptErrors.lua]:59: in function 'GetErrorData'\n[Interface/AddOns/Blizzard_ScriptErrors/Blizzard_ScriptErrors.lua]:72: in function <[Interface/AddOns/Blizzard_ScriptErrors/Blizzard_ScriptErrors.lua]:71>",
    "count": 1
  },
  {
    "message": "@Interface/AddOns/Plumber/Modules/SourceAchievementLink.lua: Lua error: Interface/AddOns/Plumber/Modules/SourceAchievementLink.lua:6: attempt to index local 'API' (a nil value)\nstack traceback:\n\t(string):1: in main chunk",
    "count": 1
  },
  {
    "message": "Lua Error: @Interface/AddOns/Plumber/Modules/SourceAchievementLink.lua: Lua error: Interface/AddOns/Plumber/Modules/SourceAchievementLink.lua:6: attempt to index local 'API' (a nil value)\nstack traceback:\n\t(string):1: in main chunk\n[Interface/AddOns/Blizzard_ScriptErrors/Blizzard_ScriptErrors.lua]:59: in function 'GetErrorData'\n[Interface/AddOns/Blizzard_ScriptErrors/Blizzard_ScriptErrors.lua]:72: in function <[Interface/AddOns/Blizzard_ScriptErrors/Blizzard_ScriptErrors.lua]:71>",
    "count": 1
  },
  {
    "message": "IO error reading /syncthing/World of Warcraft/_retail_/Interface/AddOns/Plumber/Modules/OutfitSelect.lua: No such file or directory (os error 2)\nstack traceback:\n\t(string):1: in main chunk",
    "count": 1
  },
  {
    "message": "Lua Error: IO error reading /syncthing/World of Warcraft/_retail_/Interface/AddOns/Plumber/Modules/OutfitSelect.lua: No such file or directory (os error 2)\nstack traceback:\n\t(string):1: in main chunk\n[Interface/AddOns/Blizzard_ScriptErrors/Blizzard_ScriptErrors.lua]:59: in function 'GetErrorData'\n[Interface/AddOns/Blizzard_ScriptErrors/Blizzard_ScriptErrors.lua]:72: in function <[Interface/AddOns/Blizzard_ScriptErrors/Blizzard_ScriptErrors.lua]:71>",
    "count": 1
  },
  {
    "message": "@Interface/AddOns/Plumber/Modules/CatalystUI.lua: Lua error: Interface/AddOns/Plumber/Modules/CatalystUI.lua:178: attempt to index field 'L' (a nil value)\nstack traceback:\n\t(string):1: in main chunk",
    "count": 1
  },
  {
    "message": "Lua Error: @Interface/AddOns/Plumber/Modules/CatalystUI.lua: Lua error: Interface/AddOns/Plumber/Modules/CatalystUI.lua:178: attempt to index field 'L' (a nil value)\nstack traceback:\n\t(string):1: in main chunk\n[Interface/AddOns/Blizzard_ScriptErrors/Blizzard_ScriptErrors.lua]:59: in function 'GetErrorData'\n[Interface/AddOns/Blizzard_ScriptErrors/Blizzard_ScriptErrors.lua]:72: in function <[Interface/AddOns/Blizzard_ScriptErrors/Blizzard_ScriptErrors.lua]:71>",
    "count": 1
  },
  {
    "message": "@Interface/AddOns/Plumber/Modules/HuntTable.lua: Lua error: Interface/AddOns/Plumber/Modules/HuntTable.lua:3: attempt to index field 'API' (a nil value)\nstack traceback:\n\t(string):1: in main chunk",
    "count": 1
  },
  {
    "message": "Lua Error: @Interface/AddOns/Plumber/Modules/HuntTable.lua: Lua error: Interface/AddOns/Plumber/Modules/HuntTable.lua:3: attempt to index field 'API' (a nil value)\nstack traceback:\n\t(string):1: in main chunk\n[Interface/AddOns/Blizzard_ScriptErrors/Blizzard_ScriptErrors.lua]:59: in function 'GetErrorData'\n[Interface/AddOns/Blizzard_ScriptErrors/Blizzard_ScriptErrors.lua]:72: in function <[Interface/AddOns/Blizzard_ScriptErrors/Blizzard_ScriptErrors.lua]:71>",
    "count": 1
  },
  {
    "message": "@Interface/AddOns/Plumber/Modules/TransmogRestorePending.lua: Lua error: Interface/AddOns/Plumber/Modules/TransmogRestorePending.lua:840: attempt to index local 'L' (a nil value)\nstack traceback:\n\t(string):1: in main chunk",
    "count": 1
  },
  {
    "message": "Lua Error: @Interface/AddOns/Plumber/Modules/TransmogRestorePending.lua: Lua error: Interface/AddOns/Plumber/Modules/TransmogRestorePending.lua:840: attempt to index local 'L' (a nil value)\nstack traceback:\n\t(string):1: in main chunk\n[Interface/AddOns/Blizzard_ScriptErrors/Blizzard_ScriptErrors.lua]:59: in function 'GetErrorData'\n[Interface/AddOns/Blizzard_ScriptErrors/Blizzard_ScriptErrors.lua]:72: in function <[Interface/AddOns/Blizzard_ScriptErrors/Blizzard_ScriptErrors.lua]:71>",
    "count": 1
  },
  {
    "message": "@Interface/AddOns/SavedInstances/Init.lua: Lua error: Interface/AddOns/SavedInstances/Init.lua:2: Cannot find a library instance of \"AceAddon-3.0\".\nstack traceback:\n\t(string):1: in main chunk",
    "count": 1
  },
  {
    "message": "Lua Error: @Interface/AddOns/SavedInstances/Init.lua: Lua error: Interface/AddOns/SavedInstances/Init.lua:2: Cannot find a library instance of \"AceAddon-3.0\".\nstack traceback:\n\t(string):1: in main chunk\n[Interface/AddOns/Blizzard_ScriptErrors/Blizzard_ScriptErrors.lua]:59: in function 'GetErrorData'\n[Interface/AddOns/Blizzard_ScriptErrors/Blizzard_ScriptErrors.lua]:72: in function <[Interface/AddOns/Blizzard_ScriptErrors/Blizzard_ScriptErrors.lua]:71>",
    "count": 1
  },
  {
    "message": "@Interface/AddOns/SavedInstances/Locales/Locale.lua: Lua error: bad argument #1 to 'setmetatable' (table expected)\nstack traceback:\n\t(string):1: in main chunk",
    "count": 1
  },
  {
    "message": "Lua Error: @Interface/AddOns/SavedInstances/Locales/Locale.lua: Lua error: bad argument #1 to 'setmetatable' (table expected)\nstack traceback:\n\t(string):1: in main chunk\n[Interface/AddOns/Blizzard_ScriptErrors/Blizzard_ScriptErrors.lua]:59: in function 'GetErrorData'\n[Interface/AddOns/Blizzard_ScriptErrors/Blizzard_ScriptErrors.lua]:72: in function <[Interface/AddOns/Blizzard_ScriptErrors/Blizzard_ScriptErrors.lua]:71>",
    "count": 1
  },
  {
    "message": "@Interface/AddOns/SavedInstances/Core/Tooltip.lua: Lua error: Interface/AddOns/SavedInstances/Core/Tooltip.lua:2: attempt to index local 'SI' (a nil value)\nstack traceback:\n\t(string):1: in main chunk",
    "count": 1
  },
  {
    "message": "Lua Error: @Interface/AddOns/SavedInstances/Core/Tooltip.lua: Lua error: Interface/AddOns/SavedInstances/Core/Tooltip.lua:2: attempt to index local 'SI' (a nil value)\nstack traceback:\n\t(string):1: in main chunk\n[Interface/AddOns/Blizzard_ScriptErrors/Blizzard_ScriptErrors.lua]:59: in function 'GetErrorData'\n[Interface/AddOns/Blizzard_ScriptErrors/Blizzard_ScriptErrors.lua]:72: in function <[Interface/AddOns/Blizzard_ScriptErrors/Blizzard_ScriptErrors.lua]:71>",
    "count": 1
  },
  {
    "message": "@Interface/AddOns/SavedInstances/Core/Debug.lua: Lua error: Interface/AddOns/SavedInstances/Core/Debug.lua:18: attempt to index local 'SI' (a nil value)\nstack traceback:\n\t(string):1: in main chunk",
    "count": 1
  },
  {
    "message": "Lua Error: @Interface/AddOns/SavedInstances/Core/Debug.lua: Lua error: Interface/AddOns/SavedInstances/Core/Debug.lua:18: attempt to index local 'SI' (a nil value)\nstack traceback:\n\t(string):1: in main chunk\n[Interface/AddOns/Blizzard_ScriptErrors/Blizzard_ScriptErrors.lua]:59: in function 'GetErrorData'\n[Interface/AddOns/Blizzard_ScriptErrors/Blizzard_ScriptErrors.lua]:72: in function <[Interface/AddOns/Blizzard_ScriptErrors/Blizzard_ScriptErrors.lua]:71>",
    "count": 1
  },
  {
    "message": "@Interface/AddOns/SavedInstances/Modules/BonusRoll.lua: Lua error: Interface/AddOns/SavedInstances/Modules/BonusRoll.lua:2: attempt to index local 'SI' (a nil value)\nstack traceback:\n\t(string):1: in main chunk",
    "count": 1
  },
  {
    "message": "Lua Error: @Interface/AddOns/SavedInstances/Modules/BonusRoll.lua: Lua error: Interface/AddOns/SavedInstances/Modules/BonusRoll.lua:2: attempt to index local 'SI' (a nil value)\nstack traceback:\n\t(string):1: in main chunk\n[Interface/AddOns/Blizzard_ScriptErrors/Blizzard_ScriptErrors.lua]:59: in function 'GetErrorData'\n[Interface/AddOns/Blizzard_ScriptErrors/Blizzard_ScriptErrors.lua]:72: in function <[Interface/AddOns/Blizzard_ScriptErrors/Blizzard_ScriptErrors.lua]:71>",
    "count": 1
  },
  {
    "message": "@Interface/AddOns/SavedInstances/Modules/Calling.lua: Lua error: Interface/AddOns/SavedInstances/Modules/Calling.lua:2: attempt to index local 'SI' (a nil value)\nstack traceback:\n\t(string):1: in main chunk",
    "count": 1
  },
  {
    "message": "Lua Error: @Interface/AddOns/SavedInstances/Modules/Calling.lua: Lua error: Interface/AddOns/SavedInstances/Modules/Calling.lua:2: attempt to index local 'SI' (a nil value)\nstack traceback:\n\t(string):1: in main chunk\n[Interface/AddOns/Blizzard_ScriptErrors/Blizzard_ScriptErrors.lua]:59: in function 'GetErrorData'\n[Interface/AddOns/Blizzard_ScriptErrors/Blizzard_ScriptErrors.lua]:72: in function <[Interface/AddOns/Blizzard_ScriptErrors/Blizzard_ScriptErrors.lua]:71>",
    "count": 1
  },
  {
    "message": "@Interface/AddOns/SavedInstances/Modules/Emissary.lua: Lua error: Interface/AddOns/SavedInstances/Modules/Emissary.lua:2: attempt to index local 'SI' (a nil value)\nstack traceback:\n\t(string):1: in main chunk",
    "count": 1
  },
  {
    "message": "Lua Error: @Interface/AddOns/SavedInstances/Modules/Emissary.lua: Lua error: Interface/AddOns/SavedInstances/Modules/Emissary.lua:2: attempt to index local 'SI' (a nil value)\nstack traceback:\n\t(string):1: in main chunk\n[Interface/AddOns/Blizzard_ScriptErrors/Blizzard_ScriptErrors.lua]:59: in function 'GetErrorData'\n[Interface/AddOns/Blizzard_ScriptErrors/Blizzard_ScriptErrors.lua]:72: in function <[Interface/AddOns/Blizzard_ScriptErrors/Blizzard_ScriptErrors.lua]:71>",
    "count": 1
  },
  {
    "message": "@Interface/AddOns/SavedInstances/Modules/MythicPlus.lua: Lua error: Interface/AddOns/SavedInstances/Modules/MythicPlus.lua:2: attempt to index local 'SI' (a nil value)\nstack traceback:\n\t(string):1: in main chunk",
    "count": 1
  },
  {
    "message": "Lua Error: @Interface/AddOns/SavedInstances/Modules/MythicPlus.lua: Lua error: Interface/AddOns/SavedInstances/Modules/MythicPlus.lua:2: attempt to index local 'SI' (a nil value)\nstack traceback:\n\t(string):1: in main chunk\n[Interface/AddOns/Blizzard_ScriptErrors/Blizzard_ScriptErrors.lua]:59: in function 'GetErrorData'\n[Interface/AddOns/Blizzard_ScriptErrors/Blizzard_ScriptErrors.lua]:72: in function <[Interface/AddOns/Blizzard_ScriptErrors/Blizzard_ScriptErrors.lua]:71>",
    "count": 1
  },
  {
    "message": "@Interface/AddOns/SavedInstances/Modules/Paragon.lua: Lua error: Interface/AddOns/SavedInstances/Modules/Paragon.lua:2: attempt to index local 'SI' (a nil value)\nstack traceback:\n\t(string):1: in main chunk",
    "count": 1
  },
  {
    "message": "Lua Error: @Interface/AddOns/SavedInstances/Modules/Paragon.lua: Lua error: Interface/AddOns/SavedInstances/Modules/Paragon.lua:2: attempt to index local 'SI' (a nil value)\nstack traceback:\n\t(string):1: in main chunk\n[Interface/AddOns/Blizzard_ScriptErrors/Blizzard_ScriptErrors.lua]:59: in function 'GetErrorData'\n[Interface/AddOns/Blizzard_ScriptErrors/Blizzard_ScriptErrors.lua]:72: in function <[Interface/AddOns/Blizzard_ScriptErrors/Blizzard_ScriptErrors.lua]:71>",
    "count": 1
  },
  {
    "message": "@Interface/AddOns/SavedInstances/Modules/Progress.lua: Lua error: Interface/AddOns/SavedInstances/Modules/Progress.lua:2: attempt to index local 'SI' (a nil value)\nstack traceback:\n\t(string):1: in main chunk",
    "count": 1
  },
  {
    "message": "Lua Error: @Interface/AddOns/SavedInstances/Modules/Progress.lua: Lua error: Interface/AddOns/SavedInstances/Modules/Progress.lua:2: attempt to index local 'SI' (a nil value)\nstack traceback:\n\t(string):1: in main chunk\n[Interface/AddOns/Blizzard_ScriptErrors/Blizzard_ScriptErrors.lua]:59: in function 'GetErrorData'\n[Interface/AddOns/Blizzard_ScriptErrors/Blizzard_ScriptErrors.lua]:72: in function <[Interface/AddOns/Blizzard_ScriptErrors/Blizzard_ScriptErrors.lua]:71>",
    "count": 1
  },
  {
    "message": "@Interface/AddOns/SavedInstances/Modules/TradeSkill.lua: Lua error: Interface/AddOns/SavedInstances/Modules/TradeSkill.lua:2: attempt to index local 'SI' (a nil value)\nstack traceback:\n\t(string):1: in main chunk",
    "count": 1
  },
  {
    "message": "Lua Error: @Interface/AddOns/SavedInstances/Modules/TradeSkill.lua: Lua error: Interface/AddOns/SavedInstances/Modules/TradeSkill.lua:2: attempt to index local 'SI' (a nil value)\nstack traceback:\n\t(string):1: in main chunk\n[Interface/AddOns/Blizzard_ScriptErrors/Blizzard_ScriptErrors.lua]:59: in function 'GetErrorData'\n[Interface/AddOns/Blizzard_ScriptErrors/Blizzard_ScriptErrors.lua]:72: in function <[Interface/AddOns/Blizzard_ScriptErrors/Blizzard_ScriptErrors.lua]:71>",
    "count": 1
  },
  {
    "message": "@Interface/AddOns/SavedInstances/Modules/WorldBoss.lua: Lua error: Interface/AddOns/SavedInstances/Modules/WorldBoss.lua:2: attempt to index local 'SI' (a nil value)\nstack traceback:\n\t(string):1: in main chunk",
    "count": 1
  },
  {
    "message": "Lua Error: @Interface/AddOns/SavedInstances/Modules/WorldBoss.lua: Lua error: Interface/AddOns/SavedInstances/Modules/WorldBoss.lua:2: attempt to index local 'SI' (a nil value)\nstack traceback:\n\t(string):1: in main chunk\n[Interface/AddOns/Blizzard_ScriptErrors/Blizzard_ScriptErrors.lua]:59: in function 'GetErrorData'\n[Interface/AddOns/Blizzard_ScriptErrors/Blizzard_ScriptErrors.lua]:72: in function <[Interface/AddOns/Blizzard_ScriptErrors/Blizzard_ScriptErrors.lua]:71>",
    "count": 1
  },
  {
    "message": "IO error reading /syncthing/World of Warcraft/_retail_/Interface/AddOns/Simulationcraft/libs/AceDB-3.0/AceDB-3.0.lua: No such file or directory (os error 2)\nstack traceback:\n\t(string):1: in main chunk",
    "count": 1
  },
  {
    "message": "Lua Error: IO error reading /syncthing/World of Warcraft/_retail_/Interface/AddOns/Simulationcraft/libs/AceDB-3.0/AceDB-3.0.lua: No such file or directory (os error 2)\nstack traceback:\n\t(string):1: in main chunk\n[Interface/AddOns/Blizzard_ScriptErrors/Blizzard_ScriptErrors.lua]:59: in function 'GetErrorData'\n[Interface/AddOns/Blizzard_ScriptErrors/Blizzard_ScriptErrors.lua]:72: in function <[Interface/AddOns/Blizzard_ScriptErrors/Blizzard_ScriptErrors.lua]:71>",
    "count": 1
  },
  {
    "message": "IO error reading /syncthing/World of Warcraft/_retail_/Interface/AddOns/Simulationcraft/libs/LibDBIcon-1.0/LibDBIcon-1.0.lua: No such file or directory (os error 2)\nstack traceback:\n\t(string):1: in main chunk",
    "count": 1
  },
  {
    "message": "Lua Error: IO error reading /syncthing/World of Warcraft/_retail_/Interface/AddOns/Simulationcraft/libs/LibDBIcon-1.0/LibDBIcon-1.0.lua: No such file or directory (os error 2)\nstack traceback:\n\t(string):1: in main chunk\n[Interface/AddOns/Blizzard_ScriptErrors/Blizzard_ScriptErrors.lua]:59: in function 'GetErrorData'\n[Interface/AddOns/Blizzard_ScriptErrors/Blizzard_ScriptErrors.lua]:72: in function <[Interface/AddOns/Blizzard_ScriptErrors/Blizzard_ScriptErrors.lua]:71>",
    "count": 1
  },
  {
    "message": "@Interface/AddOns/Simulationcraft/core.lua: Lua error: Interface/AddOns/Simulationcraft/core.lua:6: Cannot find a library instance of \"AceAddon-3.0\".\nstack traceback:\n\t(string):1: in main chunk",
    "count": 1
  },
  {
    "message": "Lua Error: @Interface/AddOns/Simulationcraft/core.lua: Lua error: Interface/AddOns/Simulationcraft/core.lua:6: Cannot find a library instance of \"AceAddon-3.0\".\nstack traceback:\n\t(string):1: in main chunk\n[Interface/AddOns/Blizzard_ScriptErrors/Blizzard_ScriptErrors.lua]:59: in function 'GetErrorData'\n[Interface/AddOns/Blizzard_ScriptErrors/Blizzard_ScriptErrors.lua]:72: in function <[Interface/AddOns/Blizzard_ScriptErrors/Blizzard_ScriptErrors.lua]:71>",
    "count": 1
  },
  {
    "message": "IO error reading /syncthing/World of Warcraft/_retail_/Interface/AddOns/Syndicator/Libs/LibBattlePetTooltipLine/LibBattlePetTooltipLine.lua: No such file or directory (os error 2)\nstack traceback:\n\t(string):1: in main chunk",
    "count": 1
  },
  {
    "message": "Lua Error: IO error reading /syncthing/World of Warcraft/_retail_/Interface/AddOns/Syndicator/Libs/LibBattlePetTooltipLine/LibBattlePetTooltipLine.lua: No such file or directory (os error 2)\nstack traceback:\n\t(string):1: in main chunk\n[Interface/AddOns/Blizzard_ScriptErrors/Blizzard_ScriptErrors.lua]:59: in function 'GetErrorData'\n[Interface/AddOns/Blizzard_ScriptErrors/Blizzard_ScriptErrors.lua]:72: in function <[Interface/AddOns/Blizzard_ScriptErrors/Blizzard_ScriptErrors.lua]:71>",
    "count": 1
  },
  {
    "message": "@Interface/AddOns/Syndicator/Core/Utilities.lua: Lua error: Interface/AddOns/Syndicator/Core/Utilities.lua:66: attempt to index field 'Constants' (a nil value)\nstack traceback:\n\t(string):1: in main chunk",
    "count": 1
  },
  {
    "message": "Lua Error: @Interface/AddOns/Syndicator/Core/Utilities.lua: Lua error: Interface/AddOns/Syndicator/Core/Utilities.lua:66: attempt to index field 'Constants' (a nil value)\nstack traceback:\n\t(string):1: in main chunk\n[Interface/AddOns/Blizzard_ScriptErrors/Blizzard_ScriptErrors.lua]:59: in function 'GetErrorData'\n[Interface/AddOns/Blizzard_ScriptErrors/Blizzard_ScriptErrors.lua]:72: in function <[Interface/AddOns/Blizzard_ScriptErrors/Blizzard_ScriptErrors.lua]:71>",
    "count": 1
  },
  {
    "message": "@Interface/AddOns/Syndicator/Core/Initialize.lua: Lua error: Interface/AddOns/Syndicator/Core/Initialize.lua:6: attempt to index field 'Constants' (a nil value)\nstack traceback:\n\t(string):1: in main chunk",
    "count": 1
  },
  {
    "message": "Lua Error: @Interface/AddOns/Syndicator/Core/Initialize.lua: Lua error: Interface/AddOns/Syndicator/Core/Initialize.lua:6: attempt to index field 'Constants' (a nil value)\nstack traceback:\n\t(string):1: in main chunk\n[Interface/AddOns/Blizzard_ScriptErrors/Blizzard_ScriptErrors.lua]:59: in function 'GetErrorData'\n[Interface/AddOns/Blizzard_ScriptErrors/Blizzard_ScriptErrors.lua]:72: in function <[Interface/AddOns/Blizzard_ScriptErrors/Blizzard_ScriptErrors.lua]:71>",
    "count": 1
  },
  {
    "message": "@Interface/AddOns/Syndicator/Tracking/BagCache.lua: Lua error: Interface/AddOns/Syndicator/Tracking/BagCache.lua:10: attempt to index local '(for state)' (a nil value)\nstack traceback:\n\t(string):1: in main chunk",
    "count": 1
  },
  {
    "message": "Lua Error: @Interface/AddOns/Syndicator/Tracking/BagCache.lua: Lua error: Interface/AddOns/Syndicator/Tracking/BagCache.lua:10: attempt to index local '(for state)' (a nil value)\nstack traceback:\n\t(string):1: in main chunk\n[Interface/AddOns/Blizzard_ScriptErrors/Blizzard_ScriptErrors.lua]:59: in function 'GetErrorData'\n[Interface/AddOns/Blizzard_ScriptErrors/Blizzard_ScriptErrors.lua]:72: in function <[Interface/AddOns/Blizzard_ScriptErrors/Blizzard_ScriptErrors.lua]:71>",
    "count": 1
  },
  {
    "message": "@Interface/AddOns/Syndicator/Tracking/Tooltips.lua: Lua error: Interface/AddOns/Syndicator/Tracking/Tooltips.lua:6: Cannot find a library instance of \"LibBattlePetTooltipLine-1-0\".\nstack traceback:\n\t(string):1: in main chunk",
    "count": 1
  },
  {
    "message": "Lua Error: @Interface/AddOns/Syndicator/Tracking/Tooltips.lua: Lua error: Interface/AddOns/Syndicator/Tracking/Tooltips.lua:6: Cannot find a library instance of \"LibBattlePetTooltipLine-1-0\".\nstack traceback:\n\t(string):1: in main chunk\n[Interface/AddOns/Blizzard_ScriptErrors/Blizzard_ScriptErrors.lua]:59: in function 'GetErrorData'\n[Interface/AddOns/Blizzard_ScriptErrors/Blizzard_ScriptErrors.lua]:72: in function <[Interface/AddOns/Blizzard_ScriptErrors/Blizzard_ScriptErrors.lua]:71>",
    "count": 1
  },
  {
    "message": "@Interface/AddOns/Syndicator/Search/CheckItem.lua: Lua error: Interface/AddOns/Syndicator/Search/CheckItem.lua:25: attempt to index field 'Constants' (a nil value)\nstack traceback:\n\t(string):1: in main chunk",
    "count": 1
  },
  {
    "message": "Lua Error: @Interface/AddOns/Syndicator/Search/CheckItem.lua: Lua error: Interface/AddOns/Syndicator/Search/CheckItem.lua:25: attempt to index field 'Constants' (a nil value)\nstack traceback:\n\t(string):1: in main chunk\n[Interface/AddOns/Blizzard_ScriptErrors/Blizzard_ScriptErrors.lua]:59: in function 'GetErrorData'\n[Interface/AddOns/Blizzard_ScriptErrors/Blizzard_ScriptErrors.lua]:72: in function <[Interface/AddOns/Blizzard_ScriptErrors/Blizzard_ScriptErrors.lua]:71>",
    "count": 1
  },
  {
    "message": "@Interface/AddOns/Syndicator/Search/UI/Builder.lua: Lua error: Interface/AddOns/Syndicator/Search/UI/Builder.lua:283: attempt to index field 'Locales' (a nil value)\nstack traceback:\n\t(string):1: in main chunk",
    "count": 1
  },
  {
    "message": "Lua Error: @Interface/AddOns/Syndicator/Search/UI/Builder.lua: Lua error: Interface/AddOns/Syndicator/Search/UI/Builder.lua:283: attempt to index field 'Locales' (a nil value)\nstack traceback:\n\t(string):1: in main chunk\n[Interface/AddOns/Blizzard_ScriptErrors/Blizzard_ScriptErrors.lua]:59: in function 'GetErrorData'\n[Interface/AddOns/Blizzard_ScriptErrors/Blizzard_ScriptErrors.lua]:72: in function <[Interface/AddOns/Blizzard_ScriptErrors/Blizzard_ScriptErrors.lua]:71>",
    "count": 1
  },
  {
    "message": "@Interface/AddOns/Syndicator/Search/Utilities.lua: Lua error: Interface/AddOns/Syndicator/Search/Utilities.lua:47: attempt to index field 'Constants' (a nil value)\nstack traceback:\n\t(string):1: in main chunk",
    "count": 1
  },
  {
    "message": "Lua Error: @Interface/AddOns/Syndicator/Search/Utilities.lua: Lua error: Interface/AddOns/Syndicator/Search/Utilities.lua:47: attempt to index field 'Constants' (a nil value)\nstack traceback:\n\t(string):1: in main chunk\n[Interface/AddOns/Blizzard_ScriptErrors/Blizzard_ScriptErrors.lua]:59: in function 'GetErrorData'\n[Interface/AddOns/Blizzard_ScriptErrors/Blizzard_ScriptErrors.lua]:72: in function <[Interface/AddOns/Blizzard_ScriptErrors/Blizzard_ScriptErrors.lua]:71>",
    "count": 1
  },
  {
    "message": "@Interface/AddOns/CraftSim/Init/GLibs.lua: Lua error: Interface/AddOns/CraftSim/Init/GLibs.lua:6: Cannot find a library instance of \"GGUI-2.1\".\nstack traceback:\n\t(string):1: in main chunk",
    "count": 1
  },
  {
    "message": "Lua Error: @Interface/AddOns/CraftSim/Init/GLibs.lua: Lua error: Interface/AddOns/CraftSim/Init/GLibs.lua:6: Cannot find a library instance of \"GGUI-2.1\".\nstack traceback:\n\t(string):1: in main chunk\n[Interface/AddOns/Blizzard_ScriptErrors/Blizzard_ScriptErrors.lua]:59: in function 'GetErrorData'\n[Interface/AddOns/Blizzard_ScriptErrors/Blizzard_ScriptErrors.lua]:72: in function <[Interface/AddOns/Blizzard_ScriptErrors/Blizzard_ScriptErrors.lua]:71>",
    "count": 1
  },
  {
    "message": "@Interface/AddOns/CraftSim/Locals/enUS.lua: Lua error: Interface/AddOns/CraftSim/Locals/enUS.lua:5: attempt to index local 'GUTIL' (a nil value)\nstack traceback:\n\t(string):1: in main chunk",
    "count": 1
  },
  {
    "message": "Lua Error: @Interface/AddOns/CraftSim/Locals/enUS.lua: Lua error: Interface/AddOns/CraftSim/Locals/enUS.lua:5: attempt to index local 'GUTIL' (a nil value)\nstack traceback:\n\t(string):1: in main chunk\n[Interface/AddOns/Blizzard_ScriptErrors/Blizzard_ScriptErrors.lua]:59: in function 'GetErrorData'\n[Interface/AddOns/Blizzard_ScriptErrors/Blizzard_ScriptErrors.lua]:72: in function <[Interface/AddOns/Blizzard_ScriptErrors/Blizzard_ScriptErrors.lua]:71>",
    "count": 1
  },
  {
    "message": "@Interface/AddOns/CraftSim/Locals/Localization.lua: Lua error: Interface/AddOns/CraftSim/Locals/Localization.lua:24: attempt to index field 'LOCAL_EN' (a nil value)\nstack traceback:\n\t(string):1: in main chunk",
    "count": 1
  },
  {
    "message": "Lua Error: @Interface/AddOns/CraftSim/Locals/Localization.lua: Lua error: Interface/AddOns/CraftSim/Locals/Localization.lua:24: attempt to index field 'LOCAL_EN' (a nil value)\nstack traceback:\n\t(string):1: in main chunk\n[Interface/AddOns/Blizzard_ScriptErrors/Blizzard_ScriptErrors.lua]:59: in function 'GetErrorData'\n[Interface/AddOns/Blizzard_ScriptErrors/Blizzard_ScriptErrors.lua]:72: in function <[Interface/AddOns/Blizzard_ScriptErrors/Blizzard_ScriptErrors.lua]:71>",
    "count": 1
  },
  {
    "message": "@Interface/AddOns/CraftSim/Debug/Debug.lua: Lua error: Interface/AddOns/CraftSim/Debug/Debug.lua:60: attempt to index upvalue 'LibLog' (a nil value)\nstack traceback:\n\t(string):1: in main chunk",
    "count": 1
  },
  {
    "message": "Lua Error: @Interface/AddOns/CraftSim/Debug/Debug.lua: Lua error: Interface/AddOns/CraftSim/Debug/Debug.lua:60: attempt to index upvalue 'LibLog' (a nil value)\nstack traceback:\n\t(string):1: in main chunk\n[Interface/AddOns/Blizzard_ScriptErrors/Blizzard_ScriptErrors.lua]:59: in function 'GetErrorData'\n[Interface/AddOns/Blizzard_ScriptErrors/Blizzard_ScriptErrors.lua]:72: in function <[Interface/AddOns/Blizzard_ScriptErrors/Blizzard_ScriptErrors.lua]:71>",
    "count": 1
  },
  {
    "message": "@Interface/AddOns/CraftSim/Util/Util.lua: Lua error: Interface/AddOns/CraftSim/Util/Util.lua:7: attempt to index local 'GUTIL' (a nil value)\nstack traceback:\n\t(string):1: in main chunk",
    "count": 1
  },
  {
    "message": "Lua Error: @Interface/AddOns/CraftSim/Util/Util.lua: Lua error: Interface/AddOns/CraftSim/Util/Util.lua:7: attempt to index local 'GUTIL' (a nil value)\nstack traceback:\n\t(string):1: in main chunk\n[Interface/AddOns/Blizzard_ScriptErrors/Blizzard_ScriptErrors.lua]:59: in function 'GetErrorData'\n[Interface/AddOns/Blizzard_ScriptErrors/Blizzard_ScriptErrors.lua]:72: in function <[Interface/AddOns/Blizzard_ScriptErrors/Blizzard_ScriptErrors.lua]:71>",
    "count": 1
  },
  {
    "message": "@Interface/AddOns/CraftSim/Util/RecipeAcquisition.lua: Lua error: Interface/AddOns/CraftSim/Util/RecipeAcquisition.lua:10: attempt to index local 'GUTIL' (a nil value)\nstack traceback:\n\t(string):1: in main chunk",
    "count": 1
  },
  {
    "message": "Lua Error: @Interface/AddOns/CraftSim/Util/RecipeAcquisition.lua: Lua error: Interface/AddOns/CraftSim/Util/RecipeAcquisition.lua:10: attempt to index local 'GUTIL' (a nil value)\nstack traceback:\n\t(string):1: in main chunk\n[Interface/AddOns/Blizzard_ScriptErrors/Blizzard_ScriptErrors.lua]:59: in function 'GetErrorData'\n[Interface/AddOns/Blizzard_ScriptErrors/Blizzard_ScriptErrors.lua]:72: in function <[Interface/AddOns/Blizzard_ScriptErrors/Blizzard_ScriptErrors.lua]:71>",
    "count": 1
  },
  {
    "message": "@Interface/AddOns/CraftSim/DB/DB.lua: Lua error: Interface/AddOns/CraftSim/DB/DB.lua:6: attempt to index local 'GUTIL' (a nil value)\nstack traceback:\n\t(string):1: in main chunk",
    "count": 1
  },
  {
    "message": "Lua Error: @Interface/AddOns/CraftSim/DB/DB.lua: Lua error: Interface/AddOns/CraftSim/DB/DB.lua:6: attempt to index local 'GUTIL' (a nil value)\nstack traceback:\n\t(string):1: in main chunk\n[Interface/AddOns/Blizzard_ScriptErrors/Blizzard_ScriptErrors.lua]:59: in function 'GetErrorData'\n[Interface/AddOns/Blizzard_ScriptErrors/Blizzard_ScriptErrors.lua]:72: in function <[Interface/AddOns/Blizzard_ScriptErrors/Blizzard_ScriptErrors.lua]:71>",
    "count": 1
  },
  {
    "message": "@Interface/AddOns/CraftSim/DB/patronMoxieValuesDB.lua: Lua error: Interface/AddOns/CraftSim/DB/patronMoxieValuesDB.lua:9: attempt to index field 'DB' (a nil value)\nstack traceback:\n\t(string):1: in main chunk",
    "count": 1
  },
  {
    "message": "Lua Error: @Interface/AddOns/CraftSim/DB/patronMoxieValuesDB.lua: Lua error: Interface/AddOns/CraftSim/DB/patronMoxieValuesDB.lua:9: attempt to index field 'DB' (a nil value)\nstack traceback:\n\t(string):1: in main chunk\n[Interface/AddOns/Blizzard_ScriptErrors/Blizzard_ScriptErrors.lua]:59: in function 'GetErrorData'\n[Interface/AddOns/Blizzard_ScriptErrors/Blizzard_ScriptErrors.lua]:72: in function <[Interface/AddOns/Blizzard_ScriptErrors/Blizzard_ScriptErrors.lua]:71>",
    "count": 1
  },
  {
    "message": "@Interface/AddOns/CraftSim/DB/ItemCountDB.lua: Lua error: Interface/AddOns/CraftSim/Debug/Debug.lua:60: attempt to index upvalue 'LibLog' (a nil value)\nstack traceback:\n\t(string):1: in main chunk",
    "count": 1
  },
  {
    "message": "Lua Error: @Interface/AddOns/CraftSim/DB/ItemCountDB.lua: Lua error: Interface/AddOns/CraftSim/Debug/Debug.lua:60: attempt to index upvalue 'LibLog' (a nil value)\nstack traceback:\n\t(string):1: in main chunk\n[Interface/AddOns/Blizzard_ScriptErrors/Blizzard_ScriptErrors.lua]:59: in function 'GetErrorData'\n[Interface/AddOns/Blizzard_ScriptErrors/Blizzard_ScriptErrors.lua]:72: in function <[Interface/AddOns/Blizzard_ScriptErrors/Blizzard_ScriptErrors.lua]:71>",
    "count": 1
  },
  {
    "message": "@Interface/AddOns/CraftSim/DB/craftQueueDB.lua: Lua error: Interface/AddOns/CraftSim/DB/craftQueueDB.lua:10: attempt to index field 'DB' (a nil value)\nstack traceback:\n\t(string):1: in main chunk",
    "count": 1
  },
  {
    "message": "Lua Error: @Interface/AddOns/CraftSim/DB/craftQueueDB.lua: Lua error: Interface/AddOns/CraftSim/DB/craftQueueDB.lua:10: attempt to index field 'DB' (a nil value)\nstack traceback:\n\t(string):1: in main chunk\n[Interface/AddOns/Blizzard_ScriptErrors/Blizzard_ScriptErrors.lua]:59: in function 'GetErrorData'\n[Interface/AddOns/Blizzard_ScriptErrors/Blizzard_ScriptErrors.lua]:72: in function <[Interface/AddOns/Blizzard_ScriptErrors/Blizzard_ScriptErrors.lua]:71>",
    "count": 1
  },
  {
    "message": "@Interface/AddOns/CraftSim/DB/multicraftPreloadDB.lua: Lua error: Interface/AddOns/CraftSim/DB/multicraftPreloadDB.lua:10: attempt to index field 'DB' (a nil value)\nstack traceback:\n\t(string):1: in main chunk",
    "count": 1
  },
  {
    "message": "Lua Error: @Interface/AddOns/CraftSim/DB/multicraftPreloadDB.lua: Lua error: Interface/AddOns/CraftSim/DB/multicraftPreloadDB.lua:10: attempt to index field 'DB' (a nil value)\nstack traceback:\n\t(string):1: in main chunk\n[Interface/AddOns/Blizzard_ScriptErrors/Blizzard_ScriptErrors.lua]:59: in function 'GetErrorData'\n[Interface/AddOns/Blizzard_ScriptErrors/Blizzard_ScriptErrors.lua]:72: in function <[Interface/AddOns/Blizzard_ScriptErrors/Blizzard_ScriptErrors.lua]:71>",
    "count": 1
  },
  {
    "message": "@Interface/AddOns/CraftSim/Util/Widgets/QualityMeter.lua: Lua error: Interface/AddOns/CraftSim/Util/Widgets/QualityMeter.lua:8: attempt to index local 'GUTIL' (a nil value)\nstack traceback:\n\t(string):1: in main chunk",
    "count": 1
  },
  {
    "message": "Lua Error: @Interface/AddOns/CraftSim/Util/Widgets/QualityMeter.lua: Lua error: Interface/AddOns/CraftSim/Util/Widgets/QualityMeter.lua:8: attempt to index local 'GUTIL' (a nil value)\nstack traceback:\n\t(string):1: in main chunk\n[Interface/AddOns/Blizzard_ScriptErrors/Blizzard_ScriptErrors.lua]:59: in function 'GetErrorData'\n[Interface/AddOns/Blizzard_ScriptErrors/Blizzard_ScriptErrors.lua]:72: in function <[Interface/AddOns/Blizzard_ScriptErrors/Blizzard_ScriptErrors.lua]:71>",
    "count": 1
  },
  {
    "message": "@Interface/AddOns/CraftSim/Pricing/ProfitCalculation.lua: Lua error: Interface/AddOns/CraftSim/Debug/Debug.lua:60: attempt to index upvalue 'LibLog' (a nil value)\nstack traceback:\n\t(string):1: in main chunk",
    "count": 1
  },
  {
    "message": "Lua Error: @Interface/AddOns/CraftSim/Pricing/ProfitCalculation.lua: Lua error: Interface/AddOns/CraftSim/Debug/Debug.lua:60: attempt to index upvalue 'LibLog' (a nil value)\nstack traceback:\n\t(string):1: in main chunk\n[Interface/AddOns/Blizzard_ScriptErrors/Blizzard_ScriptErrors.lua]:59: in function 'GetErrorData'\n[Interface/AddOns/Blizzard_ScriptErrors/Blizzard_ScriptErrors.lua]:72: in function <[Interface/AddOns/Blizzard_ScriptErrors/Blizzard_ScriptErrors.lua]:71>",
    "count": 1
  },
  {
    "message": "@Interface/AddOns/CraftSim/DataSource/PriceSource.lua: Lua error: Interface/AddOns/CraftSim/Debug/Debug.lua:60: attempt to index upvalue 'LibLog' (a nil value)\nstack traceback:\n\t(string):1: in main chunk",
    "count": 1
  },
  {
    "message": "Lua Error: @Interface/AddOns/CraftSim/DataSource/PriceSource.lua: Lua error: Interface/AddOns/CraftSim/Debug/Debug.lua:60: attempt to index upvalue 'LibLog' (a nil value)\nstack traceback:\n\t(string):1: in main chunk\n[Interface/AddOns/Blizzard_ScriptErrors/Blizzard_ScriptErrors.lua]:59: in function 'GetErrorData'\n[Interface/AddOns/Blizzard_ScriptErrors/Blizzard_ScriptErrors.lua]:72: in function <[Interface/AddOns/Blizzard_ScriptErrors/Blizzard_ScriptErrors.lua]:71>",
    "count": 1
  },
  {
    "message": "@Interface/AddOns/CraftSim/DataSource/InventorySource.lua: Lua error: Interface/AddOns/CraftSim/Debug/Debug.lua:60: attempt to index upvalue 'LibLog' (a nil value)\nstack traceback:\n\t(string):1: in main chunk",
    "count": 1
  },
  {
    "message": "Lua Error: @Interface/AddOns/CraftSim/DataSource/InventorySource.lua: Lua error: Interface/AddOns/CraftSim/Debug/Debug.lua:60: attempt to index upvalue 'LibLog' (a nil value)\nstack traceback:\n\t(string):1: in main chunk\n[Interface/AddOns/Blizzard_ScriptErrors/Blizzard_ScriptErrors.lua]:59: in function 'GetErrorData'\n[Interface/AddOns/Blizzard_ScriptErrors/Blizzard_ScriptErrors.lua]:72: in function <[Interface/AddOns/Blizzard_ScriptErrors/Blizzard_ScriptErrors.lua]:71>",
    "count": 1
  },
  {
    "message": "@Interface/AddOns/CraftSim/Modules/Modules.lua: Lua error: Interface/AddOns/CraftSim/Modules/Modules.lua:63: attempt to index local 'GUTIL' (a nil value)\nstack traceback:\n\t(string):1: in main chunk",
    "count": 1
  },
  {
    "message": "Lua Error: @Interface/AddOns/CraftSim/Modules/Modules.lua: Lua error: Interface/AddOns/CraftSim/Modules/Modules.lua:63: attempt to index local 'GUTIL' (a nil value)\nstack traceback:\n\t(string):1: in main chunk\n[Interface/AddOns/Blizzard_ScriptErrors/Blizzard_ScriptErrors.lua]:59: in function 'GetErrorData'\n[Interface/AddOns/Blizzard_ScriptErrors/Blizzard_ScriptErrors.lua]:72: in function <[Interface/AddOns/Blizzard_ScriptErrors/Blizzard_ScriptErrors.lua]:71>",
    "count": 1
  },
  {
    "message": "@Interface/AddOns/CraftSim/Modules/ControlPanel/ControlPanel.lua: Lua error: ...ce/AddOns/CraftSim/Modules/ControlPanel/ControlPanel.lua:9: attempt to call method 'RegisterModule' (a nil value)\nstack traceback:\n\t(string):1: in main chunk",
    "count": 1
  },
  {
    "message": "Lua Error: @Interface/AddOns/CraftSim/Modules/ControlPanel/ControlPanel.lua: Lua error: ...ce/AddOns/CraftSim/Modules/ControlPanel/ControlPanel.lua:9: attempt to call method 'RegisterModule' (a nil value)\nstack traceback:\n\t(string):1: in main chunk\n[Interface/AddOns/Blizzard_ScriptErrors/Blizzard_ScriptErrors.lua]:59: in function 'GetErrorData'\n[Interface/AddOns/Blizzard_ScriptErrors/Blizzard_ScriptErrors.lua]:72: in function <[Interface/AddOns/Blizzard_ScriptErrors/Blizzard_ScriptErrors.lua]:71>",
    "count": 1
  },
  {
    "message": "@Interface/AddOns/CraftSim/Modules/ItemCount/ItemCount.lua: Lua error: Interface/AddOns/CraftSim/Debug/Debug.lua:60: attempt to index upvalue 'LibLog' (a nil value)\nstack traceback:\n\t(string):1: in main chunk",
    "count": 1
  },
  {
    "message": "Lua Error: @Interface/AddOns/CraftSim/Modules/ItemCount/ItemCount.lua: Lua error: Interface/AddOns/CraftSim/Debug/Debug.lua:60: attempt to index upvalue 'LibLog' (a nil value)\nstack traceback:\n\t(string):1: in main chunk\n[Interface/AddOns/Blizzard_ScriptErrors/Blizzard_ScriptErrors.lua]:59: in function 'GetErrorData'\n[Interface/AddOns/Blizzard_ScriptErrors/Blizzard_ScriptErrors.lua]:72: in function <[Interface/AddOns/Blizzard_ScriptErrors/Blizzard_ScriptErrors.lua]:71>",
    "count": 1
  },
  {
    "message": "@Interface/AddOns/CraftSim/Modules/Disenchant/UI.lua: Lua error: Interface/AddOns/CraftSim/Modules/Disenchant/UI.lua:8: attempt to index field 'DISENCHANT' (a nil value)\nstack traceback:\n\t(string):1: in main chunk",
    "count": 1
  },
  {
    "message": "Lua Error: @Interface/AddOns/CraftSim/Modules/Disenchant/UI.lua: Lua error: Interface/AddOns/CraftSim/Modules/Disenchant/UI.lua:8: attempt to index field 'DISENCHANT' (a nil value)\nstack traceback:\n\t(string):1: in main chunk\n[Interface/AddOns/Blizzard_ScriptErrors/Blizzard_ScriptErrors.lua]:59: in function 'GetErrorData'\n[Interface/AddOns/Blizzard_ScriptErrors/Blizzard_ScriptErrors.lua]:72: in function <[Interface/AddOns/Blizzard_ScriptErrors/Blizzard_ScriptErrors.lua]:71>",
    "count": 1
  },
  {
    "message": "@Interface/AddOns/CraftSim/Modules/Explanations/Explanations.lua: Lua error: ...ce/AddOns/CraftSim/Modules/Explanations/Explanations.lua:9: attempt to call method 'RegisterModule' (a nil value)\nstack traceback:\n\t(string):1: in main chunk",
    "count": 1
  },
  {
    "message": "Lua Error: @Interface/AddOns/CraftSim/Modules/Explanations/Explanations.lua: Lua error: ...ce/AddOns/CraftSim/Modules/Explanations/Explanations.lua:9: attempt to call method 'RegisterModule' (a nil value)\nstack traceback:\n\t(string):1: in main chunk\n[Interface/AddOns/Blizzard_ScriptErrors/Blizzard_ScriptErrors.lua]:59: in function 'GetErrorData'\n[Interface/AddOns/Blizzard_ScriptErrors/Blizzard_ScriptErrors.lua]:72: in function <[Interface/AddOns/Blizzard_ScriptErrors/Blizzard_ScriptErrors.lua]:71>",
    "count": 1
  },
  {
    "message": "@Interface/AddOns/CraftSim/Modules/CraftQueue/CraftQueue.lua: Lua error: Interface/AddOns/CraftSim/Modules/CraftQueue/CraftQueue.lua:8: attempt to index local 'GUTIL' (a nil value)\nstack traceback:\n\t(string):1: in main chunk",
    "count": 1
  },
  {
    "message": "Lua Error: @Interface/AddOns/CraftSim/Modules/CraftQueue/CraftQueue.lua: Lua error: Interface/AddOns/CraftSim/Modules/CraftQueue/CraftQueue.lua:8: attempt to index local 'GUTIL' (a nil value)\nstack traceback:\n\t(string):1: in main chunk\n[Interface/AddOns/Blizzard_ScriptErrors/Blizzard_ScriptErrors.lua]:59: in function 'GetErrorData'\n[Interface/AddOns/Blizzard_ScriptErrors/Blizzard_ScriptErrors.lua]:72: in function <[Interface/AddOns/Blizzard_ScriptErrors/Blizzard_ScriptErrors.lua]:71>",
    "count": 1
  },
  {
    "message": "@Interface/AddOns/CraftSim/Modules/CraftQueue/CraftLists.lua: Lua error: Interface/AddOns/CraftSim/Modules/CraftQueue/CraftLists.lua:8: attempt to index local 'GUTIL' (a nil value)\nstack traceback:\n\t(string):1: in main chunk",
    "count": 1
  },
  {
    "message": "Lua Error: @Interface/AddOns/CraftSim/Modules/CraftQueue/CraftLists.lua: Lua error: Interface/AddOns/CraftSim/Modules/CraftQueue/CraftLists.lua:8: attempt to index local 'GUTIL' (a nil value)\nstack traceback:\n\t(string):1: in main chunk\n[Interface/AddOns/Blizzard_ScriptErrors/Blizzard_ScriptErrors.lua]:59: in function 'GetErrorData'\n[Interface/AddOns/Blizzard_ScriptErrors/Blizzard_ScriptErrors.lua]:72: in function <[Interface/AddOns/Blizzard_ScriptErrors/Blizzard_ScriptErrors.lua]:71>",
    "count": 1
  },
  {
    "message": "@Interface/AddOns/CraftSim/Modules/CraftQueue/EditRecipe.lua: Lua error: Interface/AddOns/CraftSim/Modules/CraftQueue/EditRecipe.lua:8: attempt to index local 'GUTIL' (a nil value)\nstack traceback:\n\t(string):1: in main chunk",
    "count": 1
  },
  {
    "message": "Lua Error: @Interface/AddOns/CraftSim/Modules/CraftQueue/EditRecipe.lua: Lua error: Interface/AddOns/CraftSim/Modules/CraftQueue/EditRecipe.lua:8: attempt to index local 'GUTIL' (a nil value)\nstack traceback:\n\t(string):1: in main chunk\n[Interface/AddOns/Blizzard_ScriptErrors/Blizzard_ScriptErrors.lua]:59: in function 'GetErrorData'\n[Interface/AddOns/Blizzard_ScriptErrors/Blizzard_ScriptErrors.lua]:72: in function <[Interface/AddOns/Blizzard_ScriptErrors/Blizzard_ScriptErrors.lua]:71>",
    "count": 1
  },
  {
    "message": "@Interface/AddOns/CraftSim/Modules/Cooldowns/Cooldowns.lua: Lua error: Interface/AddOns/CraftSim/Modules/Cooldowns/Cooldowns.lua:8: attempt to index local 'GUTIL' (a nil value)\nstack traceback:\n\t(string):1: in main chunk",
    "count": 1
  },
  {
    "message": "Lua Error: @Interface/AddOns/CraftSim/Modules/Cooldowns/Cooldowns.lua: Lua error: Interface/AddOns/CraftSim/Modules/Cooldowns/Cooldowns.lua:8: attempt to index local 'GUTIL' (a nil value)\nstack traceback:\n\t(string):1: in main chunk\n[Interface/AddOns/Blizzard_ScriptErrors/Blizzard_ScriptErrors.lua]:59: in function 'GetErrorData'\n[Interface/AddOns/Blizzard_ScriptErrors/Blizzard_ScriptErrors.lua]:72: in function <[Interface/AddOns/Blizzard_ScriptErrors/Blizzard_ScriptErrors.lua]:71>",
    "count": 1
  },
  {
    "message": "@Interface/AddOns/CraftSim/Modules/Cooldowns/UI.lua: Lua error: Interface/AddOns/CraftSim/Modules/Cooldowns/UI.lua:8: attempt to index field 'COOLDOWNS' (a nil value)\nstack traceback:\n\t(string):1: in main chunk",
    "count": 1
  },
  {
    "message": "Lua Error: @Interface/AddOns/CraftSim/Modules/Cooldowns/UI.lua: Lua error: Interface/AddOns/CraftSim/Modules/Cooldowns/UI.lua:8: attempt to index field 'COOLDOWNS' (a nil value)\nstack traceback:\n\t(string):1: in main chunk\n[Interface/AddOns/Blizzard_ScriptErrors/Blizzard_ScriptErrors.lua]:59: in function 'GetErrorData'\n[Interface/AddOns/Blizzard_ScriptErrors/Blizzard_ScriptErrors.lua]:72: in function <[Interface/AddOns/Blizzard_ScriptErrors/Blizzard_ScriptErrors.lua]:71>",
    "count": 1
  },
  {
    "message": "@Interface/AddOns/CraftSim/Modules/CustomerHistory/CustomerHistory.lua: Lua error: ...Ons/CraftSim/Modules/CustomerHistory/CustomerHistory.lua:10: attempt to index local 'GUTIL' (a nil value)\nstack traceback:\n\t(string):1: in main chunk",
    "count": 1
  },
  {
    "message": "Lua Error: @Interface/AddOns/CraftSim/Modules/CustomerHistory/CustomerHistory.lua: Lua error: ...Ons/CraftSim/Modules/CustomerHistory/CustomerHistory.lua:10: attempt to index local 'GUTIL' (a nil value)\nstack traceback:\n\t(string):1: in main chunk\n[Interface/AddOns/Blizzard_ScriptErrors/Blizzard_ScriptErrors.lua]:59: in function 'GetErrorData'\n[Interface/AddOns/Blizzard_ScriptErrors/Blizzard_ScriptErrors.lua]:72: in function <[Interface/AddOns/Blizzard_ScriptErrors/Blizzard_ScriptErrors.lua]:71>",
    "count": 1
  },
  {
    "message": "@Interface/AddOns/CraftSim/Modules/Statistics/Statistics.lua: Lua error: Interface/AddOns/CraftSim/Modules/Statistics/Statistics.lua:10: attempt to call method 'RegisterModule' (a nil value)\nstack traceback:\n\t(string):1: in main chunk",
    "count": 1
  },
  {
    "message": "Lua Error: @Interface/AddOns/CraftSim/Modules/Statistics/Statistics.lua: Lua error: Interface/AddOns/CraftSim/Modules/Statistics/Statistics.lua:10: attempt to call method 'RegisterModule' (a nil value)\nstack traceback:\n\t(string):1: in main chunk\n[Interface/AddOns/Blizzard_ScriptErrors/Blizzard_ScriptErrors.lua]:59: in function 'GetErrorData'\n[Interface/AddOns/Blizzard_ScriptErrors/Blizzard_ScriptErrors.lua]:72: in function <[Interface/AddOns/Blizzard_ScriptErrors/Blizzard_ScriptErrors.lua]:71>",
    "count": 1
  },
  {
    "message": "@Interface/AddOns/CraftSim/Modules/Statistics/UI.lua: Lua error: Interface/AddOns/CraftSim/Modules/Statistics/UI.lua:8: attempt to index local 'GUTIL' (a nil value)\nstack traceback:\n\t(string):1: in main chunk",
    "count": 1
  },
  {
    "message": "Lua Error: @Interface/AddOns/CraftSim/Modules/Statistics/UI.lua: Lua error: Interface/AddOns/CraftSim/Modules/Statistics/UI.lua:8: attempt to index local 'GUTIL' (a nil value)\nstack traceback:\n\t(string):1: in main chunk\n[Interface/AddOns/Blizzard_ScriptErrors/Blizzard_ScriptErrors.lua]:59: in function 'GetErrorData'\n[Interface/AddOns/Blizzard_ScriptErrors/Blizzard_ScriptErrors.lua]:72: in function <[Interface/AddOns/Blizzard_ScriptErrors/Blizzard_ScriptErrors.lua]:71>",
    "count": 1
  },
  {
    "message": "@Interface/AddOns/CraftSim/Modules/CraftLog/UI.lua: Lua error: Interface/AddOns/CraftSim/Modules/CraftLog/UI.lua:8: attempt to index local 'GUTIL' (a nil value)\nstack traceback:\n\t(string):1: in main chunk",
    "count": 1
  },
  {
    "message": "Lua Error: @Interface/AddOns/CraftSim/Modules/CraftLog/UI.lua: Lua error: Interface/AddOns/CraftSim/Modules/CraftLog/UI.lua:8: attempt to index local 'GUTIL' (a nil value)\nstack traceback:\n\t(string):1: in main chunk\n[Interface/AddOns/Blizzard_ScriptErrors/Blizzard_ScriptErrors.lua]:59: in function 'GetErrorData'\n[Interface/AddOns/Blizzard_ScriptErrors/Blizzard_ScriptErrors.lua]:72: in function <[Interface/AddOns/Blizzard_ScriptErrors/Blizzard_ScriptErrors.lua]:71>",
    "count": 1
  },
  {
    "message": "@Interface/AddOns/CraftSim/Modules/Pricing/Pricing.lua: Lua error: Interface/AddOns/CraftSim/Modules/Pricing/Pricing.lua:10: attempt to call method 'RegisterModule' (a nil value)\nstack traceback:\n\t(string):1: in main chunk",
    "count": 1
  },
  {
    "message": "Lua Error: @Interface/AddOns/CraftSim/Modules/Pricing/Pricing.lua: Lua error: Interface/AddOns/CraftSim/Modules/Pricing/Pricing.lua:10: attempt to call method 'RegisterModule' (a nil value)\nstack traceback:\n\t(string):1: in main chunk\n[Interface/AddOns/Blizzard_ScriptErrors/Blizzard_ScriptErrors.lua]:59: in function 'GetErrorData'\n[Interface/AddOns/Blizzard_ScriptErrors/Blizzard_ScriptErrors.lua]:72: in function <[Interface/AddOns/Blizzard_ScriptErrors/Blizzard_ScriptErrors.lua]:71>",
    "count": 1
  },
  {
    "message": "@Interface/AddOns/CraftSim/Modules/Pricing/UI.lua: Lua error: Interface/AddOns/CraftSim/Debug/Debug.lua:60: attempt to index upvalue 'LibLog' (a nil value)\nstack traceback:\n\t(string):1: in main chunk",
    "count": 1
  },
  {
    "message": "Lua Error: @Interface/AddOns/CraftSim/Modules/Pricing/UI.lua: Lua error: Interface/AddOns/CraftSim/Debug/Debug.lua:60: attempt to index upvalue 'LibLog' (a nil value)\nstack traceback:\n\t(string):1: in main chunk\n[Interface/AddOns/Blizzard_ScriptErrors/Blizzard_ScriptErrors.lua]:59: in function 'GetErrorData'\n[Interface/AddOns/Blizzard_ScriptErrors/Blizzard_ScriptErrors.lua]:72: in function <[Interface/AddOns/Blizzard_ScriptErrors/Blizzard_ScriptErrors.lua]:71>",
    "count": 1
  },
  {
    "message": "@Interface/AddOns/CraftSim/Modules/SpecializationInfo/UI.lua: Lua error: Interface/AddOns/CraftSim/Modules/SpecializationInfo/UI.lua:7: attempt to index local 'GUTIL' (a nil value)\nstack traceback:\n\t(string):1: in main chunk",
    "count": 1
  },
  {
    "message": "Lua Error: @Interface/AddOns/CraftSim/Modules/SpecializationInfo/UI.lua: Lua error: Interface/AddOns/CraftSim/Modules/SpecializationInfo/UI.lua:7: attempt to index local 'GUTIL' (a nil value)\nstack traceback:\n\t(string):1: in main chunk\n[Interface/AddOns/Blizzard_ScriptErrors/Blizzard_ScriptErrors.lua]:59: in function 'GetErrorData'\n[Interface/AddOns/Blizzard_ScriptErrors/Blizzard_ScriptErrors.lua]:72: in function <[Interface/AddOns/Blizzard_ScriptErrors/Blizzard_ScriptErrors.lua]:71>",
    "count": 1
  },
  {
    "message": "@Interface/AddOns/CraftSim/Modules/SimulationMode/Debug.lua: Lua error: Interface/AddOns/CraftSim/Modules/SimulationMode/Debug.lua:6: attempt to index local 'GUTIL' (a nil value)\nstack traceback:\n\t(string):1: in main chunk",
    "count": 1
  },
  {
    "message": "Lua Error: @Interface/AddOns/CraftSim/Modules/SimulationMode/Debug.lua: Lua error: Interface/AddOns/CraftSim/Modules/SimulationMode/Debug.lua:6: attempt to index local 'GUTIL' (a nil value)\nstack traceback:\n\t(string):1: in main chunk\n[Interface/AddOns/Blizzard_ScriptErrors/Blizzard_ScriptErrors.lua]:59: in function 'GetErrorData'\n[Interface/AddOns/Blizzard_ScriptErrors/Blizzard_ScriptErrors.lua]:72: in function <[Interface/AddOns/Blizzard_ScriptErrors/Blizzard_ScriptErrors.lua]:71>",
    "count": 1
  },
  {
    "message": "@Interface/AddOns/CraftSim/Modules/SimulationMode/UI.lua: Lua error: Interface/AddOns/CraftSim/Modules/SimulationMode/UI.lua:7: attempt to index local 'GUTIL' (a nil value)\nstack traceback:\n\t(string):1: in main chunk",
    "count": 1
  },
  {
    "message": "Lua Error: @Interface/AddOns/CraftSim/Modules/SimulationMode/UI.lua: Lua error: Interface/AddOns/CraftSim/Modules/SimulationMode/UI.lua:7: attempt to index local 'GUTIL' (a nil value)\nstack traceback:\n\t(string):1: in main chunk\n[Interface/AddOns/Blizzard_ScriptErrors/Blizzard_ScriptErrors.lua]:59: in function 'GetErrorData'\n[Interface/AddOns/Blizzard_ScriptErrors/Blizzard_ScriptErrors.lua]:72: in function <[Interface/AddOns/Blizzard_ScriptErrors/Blizzard_ScriptErrors.lua]:71>",
    "count": 1
  },
  {
    "message": "@Interface/AddOns/CraftSim/Modules/ReagentOptimization/ReagentOptimization.lua: Lua error: ...tSim/Modules/ReagentOptimization/ReagentOptimization.lua:87: attempt to call method 'RegisterModule' (a nil value)\nstack traceback:\n\t(string):1: in main chunk",
    "count": 1
  },
  {
    "message": "Lua Error: @Interface/AddOns/CraftSim/Modules/ReagentOptimization/ReagentOptimization.lua: Lua error: ...tSim/Modules/ReagentOptimization/ReagentOptimization.lua:87: attempt to call method 'RegisterModule' (a nil value)\nstack traceback:\n\t(string):1: in main chunk\n[Interface/AddOns/Blizzard_ScriptErrors/Blizzard_ScriptErrors.lua]:59: in function 'GetErrorData'\n[Interface/AddOns/Blizzard_ScriptErrors/Blizzard_ScriptErrors.lua]:72: in function <[Interface/AddOns/Blizzard_ScriptErrors/Blizzard_ScriptErrors.lua]:71>",
    "count": 1
  },
  {
    "message": "@Interface/AddOns/CraftSim/Modules/ReagentOptimization/UI.lua: Lua error: ...rface/AddOns/CraftSim/Modules/ReagentOptimization/UI.lua:6: attempt to index local 'GUTIL' (a nil value)\nstack traceback:\n\t(string):1: in main chunk",
    "count": 1
  },
  {
    "message": "Lua Error: @Interface/AddOns/CraftSim/Modules/ReagentOptimization/UI.lua: Lua error: ...rface/AddOns/CraftSim/Modules/ReagentOptimization/UI.lua:6: attempt to index local 'GUTIL' (a nil value)\nstack traceback:\n\t(string):1: in main chunk\n[Interface/AddOns/Blizzard_ScriptErrors/Blizzard_ScriptErrors.lua]:59: in function 'GetErrorData'\n[Interface/AddOns/Blizzard_ScriptErrors/Blizzard_ScriptErrors.lua]:72: in function <[Interface/AddOns/Blizzard_ScriptErrors/Blizzard_ScriptErrors.lua]:71>",
    "count": 1
  },
  {
    "message": "@Interface/AddOns/CraftSim/Modules/TopGear/TopGear.lua: Lua error: Interface/AddOns/CraftSim/Debug/Debug.lua:60: attempt to index upvalue 'LibLog' (a nil value)\nstack traceback:\n\t(string):1: in main chunk",
    "count": 1
  },
  {
    "message": "Lua Error: @Interface/AddOns/CraftSim/Modules/TopGear/TopGear.lua: Lua error: Interface/AddOns/CraftSim/Debug/Debug.lua:60: attempt to index upvalue 'LibLog' (a nil value)\nstack traceback:\n\t(string):1: in main chunk\n[Interface/AddOns/Blizzard_ScriptErrors/Blizzard_ScriptErrors.lua]:59: in function 'GetErrorData'\n[Interface/AddOns/Blizzard_ScriptErrors/Blizzard_ScriptErrors.lua]:72: in function <[Interface/AddOns/Blizzard_ScriptErrors/Blizzard_ScriptErrors.lua]:71>",
    "count": 1
  },
  {
    "message": "@Interface/AddOns/CraftSim/Modules/TopGear/UI.lua: Lua error: Interface/AddOns/CraftSim/Debug/Debug.lua:60: attempt to index upvalue 'LibLog' (a nil value)\nstack traceback:\n\t(string):1: in main chunk",
    "count": 1
  },
  {
    "message": "Lua Error: @Interface/AddOns/CraftSim/Modules/TopGear/UI.lua: Lua error: Interface/AddOns/CraftSim/Debug/Debug.lua:60: attempt to index upvalue 'LibLog' (a nil value)\nstack traceback:\n\t(string):1: in main chunk\n[Interface/AddOns/Blizzard_ScriptErrors/Blizzard_ScriptErrors.lua]:59: in function 'GetErrorData'\n[Interface/AddOns/Blizzard_ScriptErrors/Blizzard_ScriptErrors.lua]:72: in function <[Interface/AddOns/Blizzard_ScriptErrors/Blizzard_ScriptErrors.lua]:71>",
    "count": 1
  },
  {
    "message": "@Interface/AddOns/CraftSim/Modules/RecipeScan/RecipeScan.lua: Lua error: Interface/AddOns/CraftSim/Modules/RecipeScan/RecipeScan.lua:11: attempt to call method 'RegisterModule' (a nil value)\nstack traceback:\n\t(string):1: in main chunk",
    "count": 1
  },
  {
    "message": "Lua Error: @Interface/AddOns/CraftSim/Modules/RecipeScan/RecipeScan.lua: Lua error: Interface/AddOns/CraftSim/Modules/RecipeScan/RecipeScan.lua:11: attempt to call method 'RegisterModule' (a nil value)\nstack traceback:\n\t(string):1: in main chunk\n[Interface/AddOns/Blizzard_ScriptErrors/Blizzard_ScriptErrors.lua]:59: in function 'GetErrorData'\n[Interface/AddOns/Blizzard_ScriptErrors/Blizzard_ScriptErrors.lua]:72: in function <[Interface/AddOns/Blizzard_ScriptErrors/Blizzard_ScriptErrors.lua]:71>",
    "count": 1
  },
  {
    "message": "@Interface/AddOns/CraftSim/Modules/RecipeScan/UI.lua: Lua error: Interface/AddOns/CraftSim/Modules/RecipeScan/UI.lua:7: attempt to index field 'GUTIL' (a nil value)\nstack traceback:\n\t(string):1: in main chunk",
    "count": 1
  },
  {
    "message": "Lua Error: @Interface/AddOns/CraftSim/Modules/RecipeScan/UI.lua: Lua error: Interface/AddOns/CraftSim/Modules/RecipeScan/UI.lua:7: attempt to index field 'GUTIL' (a nil value)\nstack traceback:\n\t(string):1: in main chunk\n[Interface/AddOns/Blizzard_ScriptErrors/Blizzard_ScriptErrors.lua]:59: in function 'GetErrorData'\n[Interface/AddOns/Blizzard_ScriptErrors/Blizzard_ScriptErrors.lua]:72: in function <[Interface/AddOns/Blizzard_ScriptErrors/Blizzard_ScriptErrors.lua]:71>",
    "count": 1
  },
  {
    "message": "@Interface/AddOns/CraftSim/Modules/Supporters/Supporters.lua: Lua error: Interface/AddOns/CraftSim/Modules/Supporters/Supporters.lua:6: attempt to index local 'GUTIL' (a nil value)\nstack traceback:\n\t(string):1: in main chunk",
    "count": 1
  },
  {
    "message": "Lua Error: @Interface/AddOns/CraftSim/Modules/Supporters/Supporters.lua: Lua error: Interface/AddOns/CraftSim/Modules/Supporters/Supporters.lua:6: attempt to index local 'GUTIL' (a nil value)\nstack traceback:\n\t(string):1: in main chunk\n[Interface/AddOns/Blizzard_ScriptErrors/Blizzard_ScriptErrors.lua]:59: in function 'GetErrorData'\n[Interface/AddOns/Blizzard_ScriptErrors/Blizzard_ScriptErrors.lua]:72: in function <[Interface/AddOns/Blizzard_ScriptErrors/Blizzard_ScriptErrors.lua]:71>",
    "count": 1
  },
  {
    "message": "@Interface/AddOns/CraftSim/Modules/Supporters/UI.lua: Lua error: Interface/AddOns/CraftSim/Modules/Supporters/UI.lua:6: attempt to index local 'GUTIL' (a nil value)\nstack traceback:\n\t(string):1: in main chunk",
    "count": 1
  },
  {
    "message": "Lua Error: @Interface/AddOns/CraftSim/Modules/Supporters/UI.lua: Lua error: Interface/AddOns/CraftSim/Modules/Supporters/UI.lua:6: attempt to index local 'GUTIL' (a nil value)\nstack traceback:\n\t(string):1: in main chunk\n[Interface/AddOns/Blizzard_ScriptErrors/Blizzard_ScriptErrors.lua]:59: in function 'GetErrorData'\n[Interface/AddOns/Blizzard_ScriptErrors/Blizzard_ScriptErrors.lua]:72: in function <[Interface/AddOns/Blizzard_ScriptErrors/Blizzard_ScriptErrors.lua]:71>",
    "count": 1
  },
  {
    "message": "@Interface/AddOns/CraftSim/Modules/CraftBuffs/CraftBuffs.lua: Lua error: Interface/AddOns/CraftSim/Debug/Debug.lua:60: attempt to index upvalue 'LibLog' (a nil value)\nstack traceback:\n\t(string):1: in main chunk",
    "count": 1
  },
  {
    "message": "Lua Error: @Interface/AddOns/CraftSim/Modules/CraftBuffs/CraftBuffs.lua: Lua error: Interface/AddOns/CraftSim/Debug/Debug.lua:60: attempt to index upvalue 'LibLog' (a nil value)\nstack traceback:\n\t(string):1: in main chunk\n[Interface/AddOns/Blizzard_ScriptErrors/Blizzard_ScriptErrors.lua]:59: in function 'GetErrorData'\n[Interface/AddOns/Blizzard_ScriptErrors/Blizzard_ScriptErrors.lua]:72: in function <[Interface/AddOns/Blizzard_ScriptErrors/Blizzard_ScriptErrors.lua]:71>",
    "count": 1
  },
  {
    "message": "@Interface/AddOns/CraftSim/Modules/CraftBuffs/UI.lua: Lua error: Interface/AddOns/CraftSim/Modules/CraftBuffs/UI.lua:11: attempt to index field 'CRAFT_BUFFS' (a nil value)\nstack traceback:\n\t(string):1: in main chunk",
    "count": 1
  },
  {
    "message": "Lua Error: @Interface/AddOns/CraftSim/Modules/CraftBuffs/UI.lua: Lua error: Interface/AddOns/CraftSim/Modules/CraftBuffs/UI.lua:11: attempt to index field 'CRAFT_BUFFS' (a nil value)\nstack traceback:\n\t(string):1: in main chunk\n[Interface/AddOns/Blizzard_ScriptErrors/Blizzard_ScriptErrors.lua]:59: in function 'GetErrorData'\n[Interface/AddOns/Blizzard_ScriptErrors/Blizzard_ScriptErrors.lua]:72: in function <[Interface/AddOns/Blizzard_ScriptErrors/Blizzard_ScriptErrors.lua]:71>",
    "count": 1
  },
  {
    "message": "@Interface/AddOns/CraftSim/Modules/ConcentrationTracker/ConcentrationTracker.lua: Lua error: ...im/Modules/ConcentrationTracker/ConcentrationTracker.lua:5: attempt to index local 'GUTIL' (a nil value)\nstack traceback:\n\t(string):1: in main chunk",
    "count": 1
  },
  {
    "message": "Lua Error: @Interface/AddOns/CraftSim/Modules/ConcentrationTracker/ConcentrationTracker.lua: Lua error: ...im/Modules/ConcentrationTracker/ConcentrationTracker.lua:5: attempt to index local 'GUTIL' (a nil value)\nstack traceback:\n\t(string):1: in main chunk\n[Interface/AddOns/Blizzard_ScriptErrors/Blizzard_ScriptErrors.lua]:59: in function 'GetErrorData'\n[Interface/AddOns/Blizzard_ScriptErrors/Blizzard_ScriptErrors.lua]:72: in function <[Interface/AddOns/Blizzard_ScriptErrors/Blizzard_ScriptErrors.lua]:71>",
    "count": 1
  },
  {
    "message": "@Interface/AddOns/CraftSim/Modules/ConcentrationTracker/UI.lua: Lua error: ...face/AddOns/CraftSim/Modules/ConcentrationTracker/UI.lua:11: attempt to index field 'CONCENTRATION_TRACKER' (a nil value)\nstack traceback:\n\t(string):1: in main chunk",
    "count": 1
  },
  {
    "message": "Lua Error: @Interface/AddOns/CraftSim/Modules/ConcentrationTracker/UI.lua: Lua error: ...face/AddOns/CraftSim/Modules/ConcentrationTracker/UI.lua:11: attempt to index field 'CONCENTRATION_TRACKER' (a nil value)\nstack traceback:\n\t(string):1: in main chunk\n[Interface/AddOns/Blizzard_ScriptErrors/Blizzard_ScriptErrors.lua]:59: in function 'GetErrorData'\n[Interface/AddOns/Blizzard_ScriptErrors/Blizzard_ScriptErrors.lua]:72: in function <[Interface/AddOns/Blizzard_ScriptErrors/Blizzard_ScriptErrors.lua]:71>",
    "count": 1
  },
  {
    "message": "@Interface/AddOns/CraftSim/Modules/WorkOrderTracker/WorkOrderTracker.lua: Lua error: ...s/CraftSim/Modules/WorkOrderTracker/WorkOrderTracker.lua:8: attempt to index local 'GUTIL' (a nil value)\nstack traceback:\n\t(string):1: in main chunk",
    "count": 1
  },
  {
    "message": "Lua Error: @Interface/AddOns/CraftSim/Modules/WorkOrderTracker/WorkOrderTracker.lua: Lua error: ...s/CraftSim/Modules/WorkOrderTracker/WorkOrderTracker.lua:8: attempt to index local 'GUTIL' (a nil value)\nstack traceback:\n\t(string):1: in main chunk\n[Interface/AddOns/Blizzard_ScriptErrors/Blizzard_ScriptErrors.lua]:59: in function 'GetErrorData'\n[Interface/AddOns/Blizzard_ScriptErrors/Blizzard_ScriptErrors.lua]:72: in function <[Interface/AddOns/Blizzard_ScriptErrors/Blizzard_ScriptErrors.lua]:71>",
    "count": 1
  },
  {
    "message": "@Interface/AddOns/CraftSim/Modules/WorkOrderTracker/UI.lua: Lua error: Interface/AddOns/CraftSim/Modules/WorkOrderTracker/UI.lua:8: attempt to index field 'WORK_ORDER_TRACKER' (a nil value)\nstack traceback:\n\t(string):1: in main chunk",
    "count": 1
  },
  {
    "message": "Lua Error: @Interface/AddOns/CraftSim/Modules/WorkOrderTracker/UI.lua: Lua error: Interface/AddOns/CraftSim/Modules/WorkOrderTracker/UI.lua:8: attempt to index field 'WORK_ORDER_TRACKER' (a nil value)\nstack traceback:\n\t(string):1: in main chunk\n[Interface/AddOns/Blizzard_ScriptErrors/Blizzard_ScriptErrors.lua]:59: in function 'GetErrorData'\n[Interface/AddOns/Blizzard_ScriptErrors/Blizzard_ScriptErrors.lua]:72: in function <[Interface/AddOns/Blizzard_ScriptErrors/Blizzard_ScriptErrors.lua]:71>",
    "count": 1
  },
  {
    "message": "@Interface/AddOns/CraftSim/Data/SpecializationData/Dragonflight/Blacksmithing.lua: Lua error: ...m/Data/SpecializationData/Dragonflight/Blacksmithing.lua:3: attempt to index field 'SPECIALIZATION_DATA' (a nil value)\nstack traceback:\n\t(string):1: in main chunk",
    "count": 1
  },
  {
    "message": "Lua Error: @Interface/AddOns/CraftSim/Data/SpecializationData/Dragonflight/Blacksmithing.lua: Lua error: ...m/Data/SpecializationData/Dragonflight/Blacksmithing.lua:3: attempt to index field 'SPECIALIZATION_DATA' (a nil value)\nstack traceback:\n\t(string):1: in main chunk\n[Interface/AddOns/Blizzard_ScriptErrors/Blizzard_ScriptErrors.lua]:59: in function 'GetErrorData'\n[Interface/AddOns/Blizzard_ScriptErrors/Blizzard_ScriptErrors.lua]:72: in function <[Interface/AddOns/Blizzard_ScriptErrors/Blizzard_ScriptErrors.lua]:71>",
    "count": 1
  },
  {
    "message": "@Interface/AddOns/CraftSim/Data/SpecializationData/Dragonflight/Enchanting.lua: Lua error: ...tSim/Data/SpecializationData/Dragonflight/Enchanting.lua:3: attempt to index field 'SPECIALIZATION_DATA' (a nil value)\nstack traceback:\n\t(string):1: in main chunk",
    "count": 1
  },
  {
    "message": "Lua Error: @Interface/AddOns/CraftSim/Data/SpecializationData/Dragonflight/Enchanting.lua: Lua error: ...tSim/Data/SpecializationData/Dragonflight/Enchanting.lua:3: attempt to index field 'SPECIALIZATION_DATA' (a nil value)\nstack traceback:\n\t(string):1: in main chunk\n[Interface/AddOns/Blizzard_ScriptErrors/Blizzard_ScriptErrors.lua]:59: in function 'GetErrorData'\n[Interface/AddOns/Blizzard_ScriptErrors/Blizzard_ScriptErrors.lua]:72: in function <[Interface/AddOns/Blizzard_ScriptErrors/Blizzard_ScriptErrors.lua]:71>",
    "count": 1
  },
  {
    "message": "@Interface/AddOns/CraftSim/Data/SpecializationData/Dragonflight/Leatherworking.lua: Lua error: .../Data/SpecializationData/Dragonflight/Leatherworking.lua:3: attempt to index field 'SPECIALIZATION_DATA' (a nil value)\nstack traceback:\n\t(string):1: in main chunk",
    "count": 1
  },
  {
    "message": "Lua Error: @Interface/AddOns/CraftSim/Data/SpecializationData/Dragonflight/Leatherworking.lua: Lua error: .../Data/SpecializationData/Dragonflight/Leatherworking.lua:3: attempt to index field 'SPECIALIZATION_DATA' (a nil value)\nstack traceback:\n\t(string):1: in main chunk\n[Interface/AddOns/Blizzard_ScriptErrors/Blizzard_ScriptErrors.lua]:59: in function 'GetErrorData'\n[Interface/AddOns/Blizzard_ScriptErrors/Blizzard_ScriptErrors.lua]:72: in function <[Interface/AddOns/Blizzard_ScriptErrors/Blizzard_ScriptErrors.lua]:71>",
    "count": 1
  },
  {
    "message": "@Interface/AddOns/CraftSim/Data/SpecializationData/Dragonflight/Engineering.lua: Lua error: ...Sim/Data/SpecializationData/Dragonflight/Engineering.lua:3: attempt to index field 'SPECIALIZATION_DATA' (a nil value)\nstack traceback:\n\t(string):1: in main chunk",
    "count": 1
  },
  {
    "message": "Lua Error: @Interface/AddOns/CraftSim/Data/SpecializationData/Dragonflight/Engineering.lua: Lua error: ...Sim/Data/SpecializationData/Dragonflight/Engineering.lua:3: attempt to index field 'SPECIALIZATION_DATA' (a nil value)\nstack traceback:\n\t(string):1: in main chunk\n[Interface/AddOns/Blizzard_ScriptErrors/Blizzard_ScriptErrors.lua]:59: in function 'GetErrorData'\n[Interface/AddOns/Blizzard_ScriptErrors/Blizzard_ScriptErrors.lua]:72: in function <[Interface/AddOns/Blizzard_ScriptErrors/Blizzard_ScriptErrors.lua]:71>",
    "count": 1
  },
  {
    "message": "@Interface/AddOns/CraftSim/Data/SpecializationData/The_War_Within/Blacksmithing.lua: Lua error: ...Data/SpecializationData/The_War_Within/Blacksmithing.lua:3: attempt to index field 'SPECIALIZATION_DATA' (a nil value)\nstack traceback:\n\t(string):1: in main chunk",
    "count": 1
  },
  {
    "message": "Lua Error: @Interface/AddOns/CraftSim/Data/SpecializationData/The_War_Within/Blacksmithing.lua: Lua error: ...Data/SpecializationData/The_War_Within/Blacksmithing.lua:3: attempt to index field 'SPECIALIZATION_DATA' (a nil value)\nstack traceback:\n\t(string):1: in main chunk\n[Interface/AddOns/Blizzard_ScriptErrors/Blizzard_ScriptErrors.lua]:59: in function 'GetErrorData'\n[Interface/AddOns/Blizzard_ScriptErrors/Blizzard_ScriptErrors.lua]:72: in function <[Interface/AddOns/Blizzard_ScriptErrors/Blizzard_ScriptErrors.lua]:71>",
    "count": 1
  },
  {
    "message": "@Interface/AddOns/CraftSim/Data/SpecializationData/The_War_Within/Inscription.lua: Lua error: ...m/Data/SpecializationData/The_War_Within/Inscription.lua:3: attempt to index field 'SPECIALIZATION_DATA' (a nil value)\nstack traceback:\n\t(string):1: in main chunk",
    "count": 1
  },
  {
    "message": "Lua Error: @Interface/AddOns/CraftSim/Data/SpecializationData/The_War_Within/Inscription.lua: Lua error: ...m/Data/SpecializationData/The_War_Within/Inscription.lua:3: attempt to index field 'SPECIALIZATION_DATA' (a nil value)\nstack traceback:\n\t(string):1: in main chunk\n[Interface/AddOns/Blizzard_ScriptErrors/Blizzard_ScriptErrors.lua]:59: in function 'GetErrorData'\n[Interface/AddOns/Blizzard_ScriptErrors/Blizzard_ScriptErrors.lua]:72: in function <[Interface/AddOns/Blizzard_ScriptErrors/Blizzard_ScriptErrors.lua]:71>",
    "count": 1
  },
  {
    "message": "@Interface/AddOns/CraftSim/Data/SpecializationData/The_War_Within/Jewelcrafting.lua: Lua error: ...Data/SpecializationData/The_War_Within/Jewelcrafting.lua:3: attempt to index field 'SPECIALIZATION_DATA' (a nil value)\nstack traceback:\n\t(string):1: in main chunk",
    "count": 1
  },
  {
    "message": "Lua Error: @Interface/AddOns/CraftSim/Data/SpecializationData/The_War_Within/Jewelcrafting.lua: Lua error: ...Data/SpecializationData/The_War_Within/Jewelcrafting.lua:3: attempt to index field 'SPECIALIZATION_DATA' (a nil value)\nstack traceback:\n\t(string):1: in main chunk\n[Interface/AddOns/Blizzard_ScriptErrors/Blizzard_ScriptErrors.lua]:59: in function 'GetErrorData'\n[Interface/AddOns/Blizzard_ScriptErrors/Blizzard_ScriptErrors.lua]:72: in function <[Interface/AddOns/Blizzard_ScriptErrors/Blizzard_ScriptErrors.lua]:71>",
    "count": 1
  },
  {
    "message": "@Interface/AddOns/CraftSim/Data/SpecializationData/The_War_Within/Engineering.lua: Lua error: ...m/Data/SpecializationData/The_War_Within/Engineering.lua:3: attempt to index field 'SPECIALIZATION_DATA' (a nil value)\nstack traceback:\n\t(string):1: in main chunk",
    "count": 1
  },
  {
    "message": "Lua Error: @Interface/AddOns/CraftSim/Data/SpecializationData/The_War_Within/Engineering.lua: Lua error: ...m/Data/SpecializationData/The_War_Within/Engineering.lua:3: attempt to index field 'SPECIALIZATION_DATA' (a nil value)\nstack traceback:\n\t(string):1: in main chunk\n[Interface/AddOns/Blizzard_ScriptErrors/Blizzard_ScriptErrors.lua]:59: in function 'GetErrorData'\n[Interface/AddOns/Blizzard_ScriptErrors/Blizzard_ScriptErrors.lua]:72: in function <[Interface/AddOns/Blizzard_ScriptErrors/Blizzard_ScriptErrors.lua]:71>",
    "count": 1
  },
  {
    "message": "@Interface/AddOns/CraftSim/Data/SpecializationData/Midnight/Alchemy.lua: Lua error: ...ns/CraftSim/Data/SpecializationData/Midnight/Alchemy.lua:3: attempt to index field 'SPECIALIZATION_DATA' (a nil value)\nstack traceback:\n\t(string):1: in main chunk",
    "count": 1
  },
  {
    "message": "Lua Error: @Interface/AddOns/CraftSim/Data/SpecializationData/Midnight/Alchemy.lua: Lua error: ...ns/CraftSim/Data/SpecializationData/Midnight/Alchemy.lua:3: attempt to index field 'SPECIALIZATION_DATA' (a nil value)\nstack traceback:\n\t(string):1: in main chunk\n[Interface/AddOns/Blizzard_ScriptErrors/Blizzard_ScriptErrors.lua]:59: in function 'GetErrorData'\n[Interface/AddOns/Blizzard_ScriptErrors/Blizzard_ScriptErrors.lua]:72: in function <[Interface/AddOns/Blizzard_ScriptErrors/Blizzard_ScriptErrors.lua]:71>",
    "count": 1
  },
  {
    "message": "@Interface/AddOns/CraftSim/Data/SpecializationData/Midnight/Enchanting.lua: Lua error: ...CraftSim/Data/SpecializationData/Midnight/Enchanting.lua:3: attempt to index field 'SPECIALIZATION_DATA' (a nil value)\nstack traceback:\n\t(string):1: in main chunk",
    "count": 1
  },
  {
    "message": "Lua Error: @Interface/AddOns/CraftSim/Data/SpecializationData/Midnight/Enchanting.lua: Lua error: ...CraftSim/Data/SpecializationData/Midnight/Enchanting.lua:3: attempt to index field 'SPECIALIZATION_DATA' (a nil value)\nstack traceback:\n\t(string):1: in main chunk\n[Interface/AddOns/Blizzard_ScriptErrors/Blizzard_ScriptErrors.lua]:59: in function 'GetErrorData'\n[Interface/AddOns/Blizzard_ScriptErrors/Blizzard_ScriptErrors.lua]:72: in function <[Interface/AddOns/Blizzard_ScriptErrors/Blizzard_ScriptErrors.lua]:71>",
    "count": 1
  },
  {
    "message": "@Interface/AddOns/CraftSim/Data/SpecializationData/Midnight/Jewelcrafting.lua: Lua error: ...ftSim/Data/SpecializationData/Midnight/Jewelcrafting.lua:3: attempt to index field 'SPECIALIZATION_DATA' (a nil value)\nstack traceback:\n\t(string):1: in main chunk",
    "count": 1
  },
  {
    "message": "Lua Error: @Interface/AddOns/CraftSim/Data/SpecializationData/Midnight/Jewelcrafting.lua: Lua error: ...ftSim/Data/SpecializationData/Midnight/Jewelcrafting.lua:3: attempt to index field 'SPECIALIZATION_DATA' (a nil value)\nstack traceback:\n\t(string):1: in main chunk\n[Interface/AddOns/Blizzard_ScriptErrors/Blizzard_ScriptErrors.lua]:59: in function 'GetErrorData'\n[Interface/AddOns/Blizzard_ScriptErrors/Blizzard_ScriptErrors.lua]:72: in function <[Interface/AddOns/Blizzard_ScriptErrors/Blizzard_ScriptErrors.lua]:71>",
    "count": 1
  },
  {
    "message": "@Interface/AddOns/CraftSim/Data/SpecializationData/Midnight/Tailoring.lua: Lua error: .../CraftSim/Data/SpecializationData/Midnight/Tailoring.lua:3: attempt to index field 'SPECIALIZATION_DATA' (a nil value)\nstack traceback:\n\t(string):1: in main chunk",
    "count": 1
  },
  {
    "message": "Lua Error: @Interface/AddOns/CraftSim/Data/SpecializationData/Midnight/Tailoring.lua: Lua error: .../CraftSim/Data/SpecializationData/Midnight/Tailoring.lua:3: attempt to index field 'SPECIALIZATION_DATA' (a nil value)\nstack traceback:\n\t(string):1: in main chunk\n[Interface/AddOns/Blizzard_ScriptErrors/Blizzard_ScriptErrors.lua]:59: in function 'GetErrorData'\n[Interface/AddOns/Blizzard_ScriptErrors/Blizzard_ScriptErrors.lua]:72: in function <[Interface/AddOns/Blizzard_ScriptErrors/Blizzard_ScriptErrors.lua]:71>",
    "count": 1
  },
  {
    "message": "@Interface/AddOns/CraftSim/Data/SpecializationData/Midnight/Engineering.lua: Lua error: ...raftSim/Data/SpecializationData/Midnight/Engineering.lua:3: attempt to index field 'SPECIALIZATION_DATA' (a nil value)\nstack traceback:\n\t(string):1: in main chunk",
    "count": 1
  },
  {
    "message": "Lua Error: @Interface/AddOns/CraftSim/Data/SpecializationData/Midnight/Engineering.lua: Lua error: ...raftSim/Data/SpecializationData/Midnight/Engineering.lua:3: attempt to index field 'SPECIALIZATION_DATA' (a nil value)\nstack traceback:\n\t(string):1: in main chunk\n[Interface/AddOns/Blizzard_ScriptErrors/Blizzard_ScriptErrors.lua]:59: in function 'GetErrorData'\n[Interface/AddOns/Blizzard_ScriptErrors/Blizzard_ScriptErrors.lua]:72: in function <[Interface/AddOns/Blizzard_ScriptErrors/Blizzard_ScriptErrors.lua]:71>",
    "count": 1
  },
  {
    "message": "@Interface/AddOns/CraftSim/Classes/OnCraftData.lua: Lua error: Interface/AddOns/CraftSim/Classes/OnCraftData.lua:8: attempt to index field 'CraftSimObject' (a nil value)\nstack traceback:\n\t(string):1: in main chunk",
    "count": 1
  },
  {
    "message": "Lua Error: @Interface/AddOns/CraftSim/Classes/OnCraftData.lua: Lua error: Interface/AddOns/CraftSim/Classes/OnCraftData.lua:8: attempt to index field 'CraftSimObject' (a nil value)\nstack traceback:\n\t(string):1: in main chunk\n[Interface/AddOns/Blizzard_ScriptErrors/Blizzard_ScriptErrors.lua]:59: in function 'GetErrorData'\n[Interface/AddOns/Blizzard_ScriptErrors/Blizzard_ScriptErrors.lua]:72: in function <[Interface/AddOns/Blizzard_ScriptErrors/Blizzard_ScriptErrors.lua]:71>",
    "count": 1
  },
  {
    "message": "@Interface/AddOns/CraftSim/Classes/ProfessionData.lua: Lua error: Interface/AddOns/CraftSim/Debug/Debug.lua:60: attempt to index upvalue 'LibLog' (a nil value)\nstack traceback:\n\t(string):1: in main chunk",
    "count": 1
  },
  {
    "message": "Lua Error: @Interface/AddOns/CraftSim/Classes/ProfessionData.lua: Lua error: Interface/AddOns/CraftSim/Debug/Debug.lua:60: attempt to index upvalue 'LibLog' (a nil value)\nstack traceback:\n\t(string):1: in main chunk\n[Interface/AddOns/Blizzard_ScriptErrors/Blizzard_ScriptErrors.lua]:59: in function 'GetErrorData'\n[Interface/AddOns/Blizzard_ScriptErrors/Blizzard_ScriptErrors.lua]:72: in function <[Interface/AddOns/Blizzard_ScriptErrors/Blizzard_ScriptErrors.lua]:71>",
    "count": 1
  },
  {
    "message": "@Interface/AddOns/CraftSim/Classes/RecipeData.lua: Lua error: Interface/AddOns/CraftSim/Debug/Debug.lua:60: attempt to index upvalue 'LibLog' (a nil value)\nstack traceback:\n\t(string):1: in main chunk",
    "count": 1
  },
  {
    "message": "Lua Error: @Interface/AddOns/CraftSim/Classes/RecipeData.lua: Lua error: Interface/AddOns/CraftSim/Debug/Debug.lua:60: attempt to index upvalue 'LibLog' (a nil value)\nstack traceback:\n\t(string):1: in main chunk\n[Interface/AddOns/Blizzard_ScriptErrors/Blizzard_ScriptErrors.lua]:59: in function 'GetErrorData'\n[Interface/AddOns/Blizzard_ScriptErrors/Blizzard_ScriptErrors.lua]:72: in function <[Interface/AddOns/Blizzard_ScriptErrors/Blizzard_ScriptErrors.lua]:71>",
    "count": 1
  },
  {
    "message": "@Interface/AddOns/CraftSim/Classes/ReagentItem.lua: Lua error: Interface/AddOns/CraftSim/Classes/ReagentItem.lua:7: attempt to index field 'CraftSimObject' (a nil value)\nstack traceback:\n\t(string):1: in main chunk",
    "count": 1
  },
  {
    "message": "Lua Error: @Interface/AddOns/CraftSim/Classes/ReagentItem.lua: Lua error: Interface/AddOns/CraftSim/Classes/ReagentItem.lua:7: attempt to index field 'CraftSimObject' (a nil value)\nstack traceback:\n\t(string):1: in main chunk\n[Interface/AddOns/Blizzard_ScriptErrors/Blizzard_ScriptErrors.lua]:59: in function 'GetErrorData'\n[Interface/AddOns/Blizzard_ScriptErrors/Blizzard_ScriptErrors.lua]:72: in function <[Interface/AddOns/Blizzard_ScriptErrors/Blizzard_ScriptErrors.lua]:71>",
    "count": 1
  },
  {
    "message": "@Interface/AddOns/CraftSim/Classes/ProfessionStats.lua: Lua error: Interface/AddOns/CraftSim/Classes/ProfessionStats.lua:6: attempt to index field 'CraftSimObject' (a nil value)\nstack traceback:\n\t(string):1: in main chunk",
    "count": 1
  },
  {
    "message": "Lua Error: @Interface/AddOns/CraftSim/Classes/ProfessionStats.lua: Lua error: Interface/AddOns/CraftSim/Classes/ProfessionStats.lua:6: attempt to index field 'CraftSimObject' (a nil value)\nstack traceback:\n\t(string):1: in main chunk\n[Interface/AddOns/Blizzard_ScriptErrors/Blizzard_ScriptErrors.lua]:59: in function 'GetErrorData'\n[Interface/AddOns/Blizzard_ScriptErrors/Blizzard_ScriptErrors.lua]:72: in function <[Interface/AddOns/Blizzard_ScriptErrors/Blizzard_ScriptErrors.lua]:71>",
    "count": 1
  },
  {
    "message": "@Interface/AddOns/CraftSim/Classes/ProfessionStat.lua: Lua error: Interface/AddOns/CraftSim/Classes/ProfessionStat.lua:7: attempt to index field 'CraftSimObject' (a nil value)\nstack traceback:\n\t(string):1: in main chunk",
    "count": 1
  },
  {
    "message": "Lua Error: @Interface/AddOns/CraftSim/Classes/ProfessionStat.lua: Lua error: Interface/AddOns/CraftSim/Classes/ProfessionStat.lua:7: attempt to index field 'CraftSimObject' (a nil value)\nstack traceback:\n\t(string):1: in main chunk\n[Interface/AddOns/Blizzard_ScriptErrors/Blizzard_ScriptErrors.lua]:59: in function 'GetErrorData'\n[Interface/AddOns/Blizzard_ScriptErrors/Blizzard_ScriptErrors.lua]:72: in function <[Interface/AddOns/Blizzard_ScriptErrors/Blizzard_ScriptErrors.lua]:71>",
    "count": 1
  },
  {
    "message": "@Interface/AddOns/CraftSim/Classes/ProfessionGearSet.lua: Lua error: Interface/AddOns/CraftSim/Classes/ProfessionGearSet.lua:6: attempt to index field 'CraftSimObject' (a nil value)\nstack traceback:\n\t(string):1: in main chunk",
    "count": 1
  },
  {
    "message": "Lua Error: @Interface/AddOns/CraftSim/Classes/ProfessionGearSet.lua: Lua error: Interface/AddOns/CraftSim/Classes/ProfessionGearSet.lua:6: attempt to index field 'CraftSimObject' (a nil value)\nstack traceback:\n\t(string):1: in main chunk\n[Interface/AddOns/Blizzard_ScriptErrors/Blizzard_ScriptErrors.lua]:59: in function 'GetErrorData'\n[Interface/AddOns/Blizzard_ScriptErrors/Blizzard_ScriptErrors.lua]:72: in function <[Interface/AddOns/Blizzard_ScriptErrors/Blizzard_ScriptErrors.lua]:71>",
    "count": 1
  },
  {
    "message": "@Interface/AddOns/CraftSim/Classes/ProfessionGear.lua: Lua error: Interface/AddOns/CraftSim/Classes/ProfessionGear.lua:8: attempt to index field 'CraftSimObject' (a nil value)\nstack traceback:\n\t(string):1: in main chunk",
    "count": 1
  },
  {
    "message": "Lua Error: @Interface/AddOns/CraftSim/Classes/ProfessionGear.lua: Lua error: Interface/AddOns/CraftSim/Classes/ProfessionGear.lua:8: attempt to index field 'CraftSimObject' (a nil value)\nstack traceback:\n\t(string):1: in main chunk\n[Interface/AddOns/Blizzard_ScriptErrors/Blizzard_ScriptErrors.lua]:59: in function 'GetErrorData'\n[Interface/AddOns/Blizzard_ScriptErrors/Blizzard_ScriptErrors.lua]:72: in function <[Interface/AddOns/Blizzard_ScriptErrors/Blizzard_ScriptErrors.lua]:71>",
    "count": 1
  },
  {
    "message": "@Interface/AddOns/CraftSim/Classes/ResultData.lua: Lua error: Interface/AddOns/CraftSim/Debug/Debug.lua:60: attempt to index upvalue 'LibLog' (a nil value)\nstack traceback:\n\t(string):1: in main chunk",
    "count": 1
  },
  {
    "message": "Lua Error: @Interface/AddOns/CraftSim/Classes/ResultData.lua: Lua error: Interface/AddOns/CraftSim/Debug/Debug.lua:60: attempt to index upvalue 'LibLog' (a nil value)\nstack traceback:\n\t(string):1: in main chunk\n[Interface/AddOns/Blizzard_ScriptErrors/Blizzard_ScriptErrors.lua]:59: in function 'GetErrorData'\n[Interface/AddOns/Blizzard_ScriptErrors/Blizzard_ScriptErrors.lua]:72: in function <[Interface/AddOns/Blizzard_ScriptErrors/Blizzard_ScriptErrors.lua]:71>",
    "count": 1
  },
  {
    "message": "@Interface/AddOns/CraftSim/Classes/SalvageReagentSlot.lua: Lua error: Interface/AddOns/CraftSim/Classes/SalvageReagentSlot.lua:8: attempt to index field 'CraftSimObject' (a nil value)\nstack traceback:\n\t(string):1: in main chunk",
    "count": 1
  },
  {
    "message": "Lua Error: @Interface/AddOns/CraftSim/Classes/SalvageReagentSlot.lua: Lua error: Interface/AddOns/CraftSim/Classes/SalvageReagentSlot.lua:8: attempt to index field 'CraftSimObject' (a nil value)\nstack traceback:\n\t(string):1: in main chunk\n[Interface/AddOns/Blizzard_ScriptErrors/Blizzard_ScriptErrors.lua]:59: in function 'GetErrorData'\n[Interface/AddOns/Blizzard_ScriptErrors/Blizzard_ScriptErrors.lua]:72: in function <[Interface/AddOns/Blizzard_ScriptErrors/Blizzard_ScriptErrors.lua]:71>",
    "count": 1
  },
  {
    "message": "@Interface/AddOns/CraftSim/Classes/SpecializationData.lua: Lua error: Interface/AddOns/CraftSim/Debug/Debug.lua:60: attempt to index upvalue 'LibLog' (a nil value)\nstack traceback:\n\t(string):1: in main chunk",
    "count": 1
  },
  {
    "message": "Lua Error: @Interface/AddOns/CraftSim/Classes/SpecializationData.lua: Lua error: Interface/AddOns/CraftSim/Debug/Debug.lua:60: attempt to index upvalue 'LibLog' (a nil value)\nstack traceback:\n\t(string):1: in main chunk\n[Interface/AddOns/Blizzard_ScriptErrors/Blizzard_ScriptErrors.lua]:59: in function 'GetErrorData'\n[Interface/AddOns/Blizzard_ScriptErrors/Blizzard_ScriptErrors.lua]:72: in function <[Interface/AddOns/Blizzard_ScriptErrors/Blizzard_ScriptErrors.lua]:71>",
    "count": 1
  },
  {
    "message": "@Interface/AddOns/CraftSim/Classes/NodeData.lua: Lua error: Interface/AddOns/CraftSim/Classes/NodeData.lua:6: attempt to index local 'GUTIL' (a nil value)\nstack traceback:\n\t(string):1: in main chunk",
    "count": 1
  },
  {
    "message": "Lua Error: @Interface/AddOns/CraftSim/Classes/NodeData.lua: Lua error: Interface/AddOns/CraftSim/Classes/NodeData.lua:6: attempt to index local 'GUTIL' (a nil value)\nstack traceback:\n\t(string):1: in main chunk\n[Interface/AddOns/Blizzard_ScriptErrors/Blizzard_ScriptErrors.lua]:59: in function 'GetErrorData'\n[Interface/AddOns/Blizzard_ScriptErrors/Blizzard_ScriptErrors.lua]:72: in function <[Interface/AddOns/Blizzard_ScriptErrors/Blizzard_ScriptErrors.lua]:71>",
    "count": 1
  },
  {
    "message": "@Interface/AddOns/CraftSim/Classes/PerkData.lua: Lua error: Interface/AddOns/CraftSim/Debug/Debug.lua:60: attempt to index upvalue 'LibLog' (a nil value)\nstack traceback:\n\t(string):1: in main chunk",
    "count": 1
  },
  {
    "message": "Lua Error: @Interface/AddOns/CraftSim/Classes/PerkData.lua: Lua error: Interface/AddOns/CraftSim/Debug/Debug.lua:60: attempt to index upvalue 'LibLog' (a nil value)\nstack traceback:\n\t(string):1: in main chunk\n[Interface/AddOns/Blizzard_ScriptErrors/Blizzard_ScriptErrors.lua]:59: in function 'GetErrorData'\n[Interface/AddOns/Blizzard_ScriptErrors/Blizzard_ScriptErrors.lua]:72: in function <[Interface/AddOns/Blizzard_ScriptErrors/Blizzard_ScriptErrors.lua]:71>",
    "count": 1
  },
  {
    "message": "@Interface/AddOns/CraftSim/Classes/CraftRecipeData.lua: Lua error: Interface/AddOns/CraftSim/Classes/CraftRecipeData.lua:65: attempt to index field 'CraftSimObject' (a nil value)\nstack traceback:\n\t(string):1: in main chunk",
    "count": 1
  },
  {
    "message": "Lua Error: @Interface/AddOns/CraftSim/Classes/CraftRecipeData.lua: Lua error: Interface/AddOns/CraftSim/Classes/CraftRecipeData.lua:65: attempt to index field 'CraftSimObject' (a nil value)\nstack traceback:\n\t(string):1: in main chunk\n[Interface/AddOns/Blizzard_ScriptErrors/Blizzard_ScriptErrors.lua]:59: in function 'GetErrorData'\n[Interface/AddOns/Blizzard_ScriptErrors/Blizzard_ScriptErrors.lua]:72: in function <[Interface/AddOns/Blizzard_ScriptErrors/Blizzard_ScriptErrors.lua]:71>",
    "count": 1
  },
  {
    "message": "@Interface/AddOns/CraftSim/Classes/JSONBuilder.lua: Lua error: Interface/AddOns/CraftSim/Classes/JSONBuilder.lua:7: attempt to index field 'CraftSimObject' (a nil value)\nstack traceback:\n\t(string):1: in main chunk",
    "count": 1
  },
  {
    "message": "Lua Error: @Interface/AddOns/CraftSim/Classes/JSONBuilder.lua: Lua error: Interface/AddOns/CraftSim/Classes/JSONBuilder.lua:7: attempt to index field 'CraftSimObject' (a nil value)\nstack traceback:\n\t(string):1: in main chunk\n[Interface/AddOns/Blizzard_ScriptErrors/Blizzard_ScriptErrors.lua]:59: in function 'GetErrorData'\n[Interface/AddOns/Blizzard_ScriptErrors/Blizzard_ScriptErrors.lua]:72: in function <[Interface/AddOns/Blizzard_ScriptErrors/Blizzard_ScriptErrors.lua]:71>",
    "count": 1
  },
  {
    "message": "@Interface/AddOns/CraftSim/Classes/Buff.lua: Lua error: Interface/AddOns/CraftSim/Debug/Debug.lua:60: attempt to index upvalue 'LibLog' (a nil value)\nstack traceback:\n\t(string):1: in main chunk",
    "count": 1
  },
  {
    "message": "Lua Error: @Interface/AddOns/CraftSim/Classes/Buff.lua: Lua error: Interface/AddOns/CraftSim/Debug/Debug.lua:60: attempt to index upvalue 'LibLog' (a nil value)\nstack traceback:\n\t(string):1: in main chunk\n[Interface/AddOns/Blizzard_ScriptErrors/Blizzard_ScriptErrors.lua]:59: in function 'GetErrorData'\n[Interface/AddOns/Blizzard_ScriptErrors/Blizzard_ScriptErrors.lua]:72: in function <[Interface/AddOns/Blizzard_ScriptErrors/Blizzard_ScriptErrors.lua]:71>",
    "count": 1
  },
  {
    "message": "@Interface/AddOns/CraftSim/Classes/CraftQueue.lua: Lua error: Interface/AddOns/CraftSim/Classes/CraftQueue.lua:7: attempt to index field 'CraftSimObject' (a nil value)\nstack traceback:\n\t(string):1: in main chunk",
    "count": 1
  },
  {
    "message": "Lua Error: @Interface/AddOns/CraftSim/Classes/CraftQueue.lua: Lua error: Interface/AddOns/CraftSim/Classes/CraftQueue.lua:7: attempt to index field 'CraftSimObject' (a nil value)\nstack traceback:\n\t(string):1: in main chunk\n[Interface/AddOns/Blizzard_ScriptErrors/Blizzard_ScriptErrors.lua]:59: in function 'GetErrorData'\n[Interface/AddOns/Blizzard_ScriptErrors/Blizzard_ScriptErrors.lua]:72: in function <[Interface/AddOns/Blizzard_ScriptErrors/Blizzard_ScriptErrors.lua]:71>",
    "count": 1
  },
  {
    "message": "@Interface/AddOns/CraftSim/Classes/CraftQueueItem.lua: Lua error: Interface/AddOns/CraftSim/Classes/CraftQueueItem.lua:8: attempt to index field 'CraftSimObject' (a nil value)\nstack traceback:\n\t(string):1: in main chunk",
    "count": 1
  },
  {
    "message": "Lua Error: @Interface/AddOns/CraftSim/Classes/CraftQueueItem.lua: Lua error: Interface/AddOns/CraftSim/Classes/CraftQueueItem.lua:8: attempt to index field 'CraftSimObject' (a nil value)\nstack traceback:\n\t(string):1: in main chunk\n[Interface/AddOns/Blizzard_ScriptErrors/Blizzard_ScriptErrors.lua]:59: in function 'GetErrorData'\n[Interface/AddOns/Blizzard_ScriptErrors/Blizzard_ScriptErrors.lua]:72: in function <[Interface/AddOns/Blizzard_ScriptErrors/Blizzard_ScriptErrors.lua]:71>",
    "count": 1
  },
  {
    "message": "IO error reading /syncthing/World of Warcraft/_retail_/Interface/AddOns/XIV_Databar_Continued/Libs/CallbackHandler-1.0/CallbackHandler-1.0.lua: No such file or directory (os error 2)\nstack traceback:\n\t(string):1: in main chunk",
    "count": 2
  },
  {
    "message": "Lua Error: IO error reading /syncthing/World of Warcraft/_retail_/Interface/AddOns/XIV_Databar_Continued/Libs/CallbackHandler-1.0/CallbackHandler-1.0.lua: No such file or directory (os error 2)\nstack traceback:\n\t(string):1: in main chunk\n[Interface/AddOns/Blizzard_ScriptErrors/Blizzard_ScriptErrors.lua]:59: in function 'GetErrorData'\n[Interface/AddOns/Blizzard_ScriptErrors/Blizzard_ScriptErrors.lua]:72: in function <[Interface/AddOns/Blizzard_ScriptErrors/Blizzard_ScriptErrors.lua]:71>",
    "count": 2
  },
  {
    "message": "@Interface/AddOns/XIV_Databar_Continued/locales/enUS.lua: Lua error: Interface/AddOns/XIV_Databar_Continued/locales/enUS.lua:4: Cannot find a library instance of \"AceLocale-3.0\".\nstack traceback:\n\t(string):1: in main chunk",
    "count": 1
  },
  {
    "message": "Lua Error: @Interface/AddOns/XIV_Databar_Continued/locales/enUS.lua: Lua error: Interface/AddOns/XIV_Databar_Continued/locales/enUS.lua:4: Cannot find a library instance of \"AceLocale-3.0\".\nstack traceback:\n\t(string):1: in main chunk\n[Interface/AddOns/Blizzard_ScriptErrors/Blizzard_ScriptErrors.lua]:59: in function 'GetErrorData'\n[Interface/AddOns/Blizzard_ScriptErrors/Blizzard_ScriptErrors.lua]:72: in function <[Interface/AddOns/Blizzard_ScriptErrors/Blizzard_ScriptErrors.lua]:71>",
    "count": 1
  },
  {
    "message": "@Interface/AddOns/XIV_Databar_Continued/core.lua: Lua error: Interface/AddOns/XIV_Databar_Continued/core.lua:6: Cannot find a library instance of \"AceAddon-3.0\".\nstack traceback:\n\t(string):1: in main chunk",
    "count": 1
  },
  {
    "message": "Lua Error: @Interface/AddOns/XIV_Databar_Continued/core.lua: Lua error: Interface/AddOns/XIV_Databar_Continued/core.lua:6: Cannot find a library instance of \"AceAddon-3.0\".\nstack traceback:\n\t(string):1: in main chunk\n[Interface/AddOns/Blizzard_ScriptErrors/Blizzard_ScriptErrors.lua]:59: in function 'GetErrorData'\n[Interface/AddOns/Blizzard_ScriptErrors/Blizzard_ScriptErrors.lua]:72: in function <[Interface/AddOns/Blizzard_ScriptErrors/Blizzard_ScriptErrors.lua]:71>",
    "count": 1
  },
  {
    "message": "@Interface/AddOns/XIV_Databar_Continued/options.lua: Lua error: Interface/AddOns/XIV_Databar_Continued/options.lua:5: Cannot find a library instance of \"AceConfig-3.0\".\nstack traceback:\n\t(string):1: in main chunk",
    "count": 1
  },
  {
    "message": "Lua Error: @Interface/AddOns/XIV_Databar_Continued/options.lua: Lua error: Interface/AddOns/XIV_Databar_Continued/options.lua:5: Cannot find a library instance of \"AceConfig-3.0\".\nstack traceback:\n\t(string):1: in main chunk\n[Interface/AddOns/Blizzard_ScriptErrors/Blizzard_ScriptErrors.lua]:59: in function 'GetErrorData'\n[Interface/AddOns/Blizzard_ScriptErrors/Blizzard_ScriptErrors.lua]:72: in function <[Interface/AddOns/Blizzard_ScriptErrors/Blizzard_ScriptErrors.lua]:71>",
    "count": 1
  },
  {
    "message": "@Interface/AddOns/XIV_Databar_Continued/Core/utils/changelog/Old/v1/1.0.lua: Lua error: ...IV_Databar_Continued/Core/utils/changelog/Old/v1/1.0.lua:3: attempt to index field 'Changelog' (a nil value)\nstack traceback:\n\t(string):1: in main chunk",
    "count": 1
  },
  {
    "message": "Lua Error: @Interface/AddOns/XIV_Databar_Continued/Core/utils/changelog/Old/v1/1.0.lua: Lua error: ...IV_Databar_Continued/Core/utils/changelog/Old/v1/1.0.lua:3: attempt to index field 'Changelog' (a nil value)\nstack traceback:\n\t(string):1: in main chunk\n[Interface/AddOns/Blizzard_ScriptErrors/Blizzard_ScriptErrors.lua]:59: in function 'GetErrorData'\n[Interface/AddOns/Blizzard_ScriptErrors/Blizzard_ScriptErrors.lua]:72: in function <[Interface/AddOns/Blizzard_ScriptErrors/Blizzard_ScriptErrors.lua]:71>",
    "count": 1
  },
  {
    "message": "@Interface/AddOns/XIV_Databar_Continued/Core/utils/mythicteleports/expansions/classic.lua: Lua error: ...tinued/Core/utils/mythicteleports/expansions/classic.lua:6: attempt to index local 'L' (a nil value)\nstack traceback:\n\t(string):1: in main chunk",
    "count": 1
  },
  {
    "message": "Lua Error: @Interface/AddOns/XIV_Databar_Continued/Core/utils/mythicteleports/expansions/classic.lua: Lua error: ...tinued/Core/utils/mythicteleports/expansions/classic.lua:6: attempt to index local 'L' (a nil value)\nstack traceback:\n\t(string):1: in main chunk\n[Interface/AddOns/Blizzard_ScriptErrors/Blizzard_ScriptErrors.lua]:59: in function 'GetErrorData'\n[Interface/AddOns/Blizzard_ScriptErrors/Blizzard_ScriptErrors.lua]:72: in function <[Interface/AddOns/Blizzard_ScriptErrors/Blizzard_ScriptErrors.lua]:71>",
    "count": 1
  },
  {
    "message": "[OnEvent] frame=#48513 addon=DandersFrames source=@Interface/AddOns/DandersFrames/ClickCasting/Events.lua:569: Interface/AddOns/DandersFrames/ClickCasting/Frames.lua:333: attempt to call method 'CreateHovercastButton' (a nil value)\nstack traceback:\n\t(string):12: in function <(string):12>\n\t[C]: in function 'native_xpcall'\n\t(string):11: in function 'CreateHovercastButton'\n\tInterface/AddOns/DandersFrames/ClickCasting/Frames.lua:333: in function 'InitializeSecureFrames'\n\tInterface/AddOns/DandersFrames/ClickCasting/Frames.lua:49: in function 'Initialize'\n\tInterface/AddOns/DandersFrames/ClickCasting/Events.lua:572: in function <Interface/AddOns/DandersFrames/ClickCasting/Events.lua:569>\n\t(tail call): ?\n\t(tail call): ?\n\t[C]: in function 'native_xpcall'\n\t(string):8: in function <(string):5>\n\t(tail call): ?",
    "count": 1
  },
  {
    "message": "Lua Error: [OnEvent] frame=#48513 addon=DandersFrames source=@Interface/AddOns/DandersFrames/ClickCasting/Events.lua:569: Interface/AddOns/DandersFrames/ClickCasting/Frames.lua:333: attempt to call method 'CreateHovercastButton' (a nil value)\nstack traceback:\n\t(string):12: in function <(string):12>\n\t[C]: in function 'native_xpcall'\n\t(string):11: in function 'CreateHovercastButton'\n\tInterface/AddOns/DandersFrames/ClickCasting/Frames.lua:333: in function 'InitializeSecureFrames'\n\tInterface/AddOns/DandersFrames/ClickCasting/Frames.lua:49: in function 'Initialize'\n\tInterface/AddOns/DandersFrames/ClickCasting/Events.lua:572: in function <Interface/AddOns/DandersFrames/ClickCasting/Events.lua:569>\n\t(tail call): ?\n\t(tail call): ?\n\t[C]: in function 'native_xpcall'\n\t(string):8: in function <(string):5>\n\t(tail call): ?\n[Interface/AddOns/Blizzard_ScriptErrors/Blizzard_ScriptErrors.lua]:59: in function 'GetErrorData'\n[Interface/AddOns/Blizzard_ScriptErrors/Blizzard_ScriptErrors.lua]:72: in function <[Interface/AddOns/Blizzard_ScriptErrors/Blizzard_ScriptErrors.lua]:71>",
    "count": 1
  },
  {
    "message": "[OnEvent] frame=FalconAddOnFrame addon=Falcon source=@Interface/AddOns/Falcon/Falcon.lua:333: Interface/AddOns/Falcon/Falcon.lua:334: attempt to call method 'IsInEditMode' (a nil value)\nstack traceback:\n\t(string):12: in function <(string):12>\n\t[C]: in function 'native_xpcall'\n\t(string):11: in function 'IsInEditMode'\n\tInterface/AddOns/Falcon/Falcon.lua:334: in function <Interface/AddOns/Falcon/Falcon.lua:333>\n\t(tail call): ?\n\t(tail call): ?\n\t[C]: in function 'native_xpcall'\n\t(string):8: in function <(string):5>\n\t(tail call): ?",
    "count": 5
  },
  {
    "message": "Lua Error: [OnEvent] frame=FalconAddOnFrame addon=Falcon source=@Interface/AddOns/Falcon/Falcon.lua:333: Interface/AddOns/Falcon/Falcon.lua:334: attempt to call method 'IsInEditMode' (a nil value)\nstack traceback:\n\t(string):12: in function <(string):12>\n\t[C]: in function 'native_xpcall'\n\t(string):11: in function 'IsInEditMode'\n\tInterface/AddOns/Falcon/Falcon.lua:334: in function <Interface/AddOns/Falcon/Falcon.lua:333>\n\t(tail call): ?\n\t(tail call): ?\n\t[C]: in function 'native_xpcall'\n\t(string):8: in function <(string):5>\n\t(tail call): ?\n[Interface/AddOns/Blizzard_ScriptErrors/Blizzard_ScriptErrors.lua]:59: in function 'GetErrorData'\n[Interface/AddOns/Blizzard_ScriptErrors/Blizzard_ScriptErrors.lua]:72: in function <[Interface/AddOns/Blizzard_ScriptErrors/Blizzard_ScriptErrors.lua]:71>",
    "count": 5
  },
  {
    "message": "...face/AddOns/BetterBlizzFrames/retail/modules/castbar.lua:1688: attempt to perform arithmetic on local 'w' (a nil value)\nstack traceback:\n\t(string):1: in main chunk",
    "count": 2
  },
  {
    "message": "Lua Error: ...face/AddOns/BetterBlizzFrames/retail/modules/castbar.lua:1688: attempt to perform arithmetic on local 'w' (a nil value)\nstack traceback:\n\t(string):1: in main chunk\n[Interface/AddOns/Blizzard_ScriptErrors/Blizzard_ScriptErrors.lua]:59: in function 'GetErrorData'\n[Interface/AddOns/Blizzard_ScriptErrors/Blizzard_ScriptErrors.lua]:72: in function <[Interface/AddOns/Blizzard_ScriptErrors/Blizzard_ScriptErrors.lua]:71>",
    "count": 2
  }
]
