[  0.000s] [startup] wow-sim process started pid=130578
[  0.000s] Resource limits: 2 CPU core(s)
[  0.000s] [Startup] WowLuaEnv::new begin
[  0.007s] [Startup] SimState::default complete in 6.40ms
[  0.007s] [Startup] rilua VM created in 235.94µs
[  0.008s] [Startup] builtin frames initialized in 268.87µs
[  0.008s] [Startup] template registry cleared in 17.24µs
[  0.008s] [Startup] intrinsic templates registered in 18.64µs
[  0.008s] [Startup] initial app_data lua handle installed in 1.22µs
[  0.536s] [Startup] init_lua_state complete in 528.74ms
[  0.536s] [Startup] final app_data lua handle installed in 772.00ns
[  0.537s] [Startup] initial screen globals installed in 419.72µs
[  0.537s] [Startup] WowLuaEnv::new complete
[  0.537s] [Startup] screen size set to 1600x1200 in 168.94µs
[  0.537s] [Startup] WowFontSystem::new begin casc=false
[  0.792s] [Startup] font system fallback loaded in 254.51ms
[  0.792s] [Startup] cosmic font system built in 63.15µs
[  0.792s] [Startup] swash cache created in 18.22µs
[  0.792s] [Startup] WowFontSystem::new complete in 254.68ms
[  0.792s] [Startup] font system created in 254.69ms
ALSA lib confmisc.c:855:(parse_card) [error.core] cannot find card '0'
ALSA lib conf.c:5211:(_snd_config_evaluate) [error.core] function snd_func_card_inum returned error: No such file or directory
ALSA lib confmisc.c:422:(snd_func_concat) [error.core] error evaluating strings
ALSA lib conf.c:5211:(_snd_config_evaluate) [error.core] function snd_func_concat returned error: No such file or directory
ALSA lib confmisc.c:1342:(snd_func_refer) [error.core] error evaluating name
ALSA lib conf.c:5211:(_snd_config_evaluate) [error.core] function snd_func_refer returned error: No such file or directory
ALSA lib conf.c:5734:(snd_config_expand) [error.core] Evaluate error: No such file or directory
ALSA lib pcm.c:2722:(snd_pcm_open_noupdate) [error.pcm] Unknown PCM default
[  0.794s] Sound: no audio device available
[  0.794s] [Startup] begin stop GC
[  0.794s] [Startup] end stop GC in 661.00ns
[  0.794s] [Startup] begin configure saved variables
[  0.794s] SavedVariables loading disabled
[  0.794s] [Startup] end configure saved variables in 3.40µs
[  0.794s] [Startup] begin load keybindings
[  0.794s] [Startup] end load keybindings in 281.00ns
[  0.794s] [Startup] begin configure edit mode cache
[  0.795s] EditMode cache source (read-only): 50868465#2 @ Burning Blade/Haky
[  0.795s] [Startup] end configure edit mode cache in 206.79µs
[  0.795s] [Startup] begin read ServerSnapshot edit mode layout
[  0.795s] [Startup] end read ServerSnapshot edit mode layout in 30.00ns
[  0.795s] [Startup] begin load edit mode cache
[  0.795s] Loaded EditMode layout cache from WTF
[  0.795s] [Startup] end load edit mode cache in 232.21µs
[  0.795s] [Startup] begin load ServerSnapshot character state
[  0.795s] [Startup] end load ServerSnapshot character state in 30.00ns
[  0.795s] [Startup] begin load Blizzard addons
[  0.809s] Loading 291 Blizzard addons...
[  5.093s] Blizzard addons loaded in 4.30s (io=22.40ms xml=239.70ms xmlproc=2.79s frames⊂xmlproc=2.77s lua=942.74ms [compile=784.35ms call=158.38ms] gc=deferred, bytecode cache: 0/1569 hits (0%, lookup_miss=0 replay_fail=0 stored=0 store_fail=0))
  frame breakdown: setup=1.46s finalize=3.35s (2482 frames)
  setup: code_build=15.93ms exec_lua=1.44s props=13.65ms
  finalize: layers=125.74ms (1151 tex, 689 fs) anim=35.64ms button=72.04ms lifecycle=1.01s (1761 fires)
[  5.093s] [Startup] end load Blizzard addons in 4.30s
[  5.093s] [Startup] begin prepare chat frame for third-party addons
[  5.095s] [Startup] end prepare chat frame for third-party addons in 1.27ms
[  5.095s] [Startup] begin apply post-Blizzard load workarounds
[  5.095s] [Startup] applying post-load workarounds
[  5.094s] [Startup] apply_post_load_workarounds: begin
[  5.094s] [Workarounds] starting patch_edit_mode_manager
[  5.095s] [Workarounds] finished patch_edit_mode_manager in 505.78µs
[  5.095s] [Workarounds] starting init_edit_mode_layout
[  5.095s] [EditMode] starting setup_layout_info
[  5.102s] [EditMode] finished setup_layout_info in 7.42ms
[  5.102s] [EditMode] starting apply_system_anchors
[  5.283s] [EditMode] finished apply_system_anchors in 180.83ms
[  5.283s] [EditMode] starting finalize_action_bar_positions
[  5.286s] [EditMode] finished finalize_action_bar_positions in 2.58ms
[  5.286s] [EditMode] starting invoke_anchor_changed_hooks
[  5.286s] [EditMode] finished invoke_anchor_changed_hooks in 793.91µs
[  5.286s] [EditMode] starting fix_action_bar_nan_size
[  5.287s] [EditMode] finished fix_action_bar_nan_size in 51.84µs
[  5.287s] [EditMode] starting fix_action_bar_scale
[  5.287s] [EditMode] finished fix_action_bar_scale in 4.60µs
[  5.287s] [Workarounds] finished init_edit_mode_layout in 191.82ms
[  5.287s] [Workarounds] starting patch_ui_parent_panel_toggles
[  5.287s] [Workarounds] finished patch_ui_parent_panel_toggles in 265.05µs
[  5.287s] [Workarounds] starting patch_uiparent_onupdate_worklists
[  5.287s] [Workarounds] finished patch_uiparent_onupdate_worklists in 97.98µs
[  5.287s] [Workarounds] starting init_chat_type_colors
[  5.287s] [Workarounds] finished init_chat_type_colors in 127.73µs
[  5.287s] [Workarounds] starting patch_chat_voice_button_surface
[  5.287s] [Workarounds] finished patch_chat_voice_button_surface in 145.07µs
[  5.287s] [Workarounds] starting patch_item_socketing_tooltips
[  5.287s] [Workarounds] finished patch_item_socketing_tooltips in 59.58µs
[  5.287s] [Workarounds] starting patch_character_select_selected_name
[  5.287s] [Workarounds] finished patch_character_select_selected_name in 29.62µs
[  5.287s] [Workarounds] starting patch_character_create_defaults
[  5.287s] [Workarounds] finished patch_character_create_defaults in 230.78µs
[  5.287s] [Workarounds] starting patch_character_frame_title_refresh
[  5.294s] [Workarounds] finished patch_character_frame_title_refresh in 6.46ms
[  5.294s] [Workarounds] starting patch_vignette_pin_template
[  5.294s] [Workarounds] finished patch_vignette_pin_template in 140.74µs
[  5.294s] [Workarounds] starting patch_fog_of_war_pin_mixin
[  5.294s] [Workarounds] finished patch_fog_of_war_pin_mixin in 322.13µs
[  5.294s] [Workarounds] starting patch_map_exploration_pin_mixin
[  5.301s] [Workarounds] finished patch_map_exploration_pin_mixin in 6.29ms
[  5.301s] [Workarounds] starting patch_map_canvas_data_provider_attachment
[  5.301s] [Workarounds] finished patch_map_canvas_data_provider_attachment in 109.08µs
[  5.301s] [Workarounds] starting ensure_adventure_map_frame_surface
[  5.301s] [Workarounds] finished ensure_adventure_map_frame_surface in 610.67µs
[  5.302s] [Workarounds] starting patch_action_bar_button_event_fanout
[  5.302s] [Workarounds] finished patch_action_bar_button_event_fanout in 139.97µs
[  5.302s] [Workarounds] starting patch_paging_controls_page_text
[  5.302s] [Workarounds] finished patch_paging_controls_page_text in 43.74µs
[  5.302s] [Workarounds] starting patch_talent_edge_frame_level_sync
[  5.302s] [Workarounds] finished patch_talent_edge_frame_level_sync in 31.58µs
[  5.302s] [Workarounds] starting patch_catalog_shop_product_card_defaults
[  5.302s] [Workarounds] finished patch_catalog_shop_product_card_defaults in 70.60µs
[  5.302s] [Workarounds] starting patch_game_time_defaults
[  5.302s] [Workarounds] finished patch_game_time_defaults in 7.90µs
[  5.302s] [Workarounds] starting patch_tooltip_nineslice_surface
[  5.302s] [Workarounds] finished patch_tooltip_nineslice_surface in 53.07µs
[  5.302s] [Workarounds] starting patch_container_frame_token_tracker
[  5.302s] [Workarounds] finished patch_container_frame_token_tracker in 55.57µs
[  5.302s] [Workarounds] starting patch_achievement_display_set_achievements
[  5.302s] [Workarounds] finished patch_achievement_display_set_achievements in 11.66µs
[  5.302s] [Workarounds] starting patch_housing_dashboard_preload
[  5.302s] [Workarounds] finished patch_housing_dashboard_preload in 202.46µs
[  5.302s] [Workarounds] starting patch_lfg_lock_list
[  5.302s] [Workarounds] finished patch_lfg_lock_list in 40.39µs
[  5.302s] [Workarounds] starting patch_auction_house_browse_results_event
[  5.302s] [Workarounds] finished patch_auction_house_browse_results_event in 64.79µs
[  5.302s] [Workarounds] starting patch_auction_house_search_context_aliases
[  5.302s] [Workarounds] finished patch_auction_house_search_context_aliases in 31.77µs
[  5.302s] [Workarounds] starting patch_auth_challenge_frame_parent
[  5.302s] [Workarounds] finished patch_auth_challenge_frame_parent in 102.24µs
[  5.302s] [Workarounds] starting patch_settings_surface_defaults
[  5.303s] [Workarounds] finished patch_settings_surface_defaults in 412.66µs
[  5.303s] [Workarounds] starting patch_settings_canvas_layout_visibility
[  5.303s] [Workarounds] finished patch_settings_canvas_layout_visibility in 122.74µs
[  5.303s] [Startup] apply_post_load_workarounds: workarounds complete
[  5.392s] [Startup] apply_post_load_workarounds: globals restored
[  5.393s] [Startup] apply_post_load_workarounds: patch 12.1 compatibility restored
[  5.393s] [Startup] apply_post_load_workarounds: seterrorhandler restored
[  5.393s] [Startup] post-load workarounds complete in 298.54ms
[  5.393s] [Startup] end apply post-Blizzard load workarounds in 298.55ms
[  5.393s] [Startup] begin load third-party addons
[  5.416s] Loading 9 Blizzard addon dependencies for third-party addons...
[  5.541s] Loading 48 addons...
Lua error: @/home/osso/.worktrees/wow-ui-sim-p510-page/data/patch-api/evidence/5.1.0-session-2026-10-08/addon-snapshot/AdvancedInterfaceOptions/cvars.lua: Lua error: ...-10-08/addon-snapshot/AdvancedInterfaceOptions/cvars.lua:1165: attempt to call local '(for state)' (a nil value)
stack traceback:
	(string):1: in main chunk
Lua error: Lua Error: @/home/osso/.worktrees/wow-ui-sim-p510-page/data/patch-api/evidence/5.1.0-session-2026-10-08/addon-snapshot/AdvancedInterfaceOptions/cvars.lua: Lua error: ...-10-08/addon-snapshot/AdvancedInterfaceOptions/cvars.lua:1165: attempt to call local '(for state)' (a nil value)
stack traceback:
	(string):1: in main chunk
[Interface/AddOns/Blizzard_ScriptErrors/Blizzard_ScriptErrors.lua]:59: in function 'GetErrorData'
[Interface/AddOns/Blizzard_ScriptErrors/Blizzard_ScriptErrors.lua]:72: in function <[Interface/AddOns/Blizzard_ScriptErrors/Blizzard_ScriptErrors.lua]:71>

Lua error: @/home/osso/.worktrees/wow-ui-sim-p510-page/data/patch-api/evidence/5.1.0-session-2026-10-08/addon-snapshot/AdvancedInterfaceOptions/browser.lua: Lua error: ...0-08/addon-snapshot/AdvancedInterfaceOptions/browser.lua:2: attempt to call method 'Eve' (a nil value)
stack traceback:
	(string):1: in main chunk
Lua error: Lua Error: @/home/osso/.worktrees/wow-ui-sim-p510-page/data/patch-api/evidence/5.1.0-session-2026-10-08/addon-snapshot/AdvancedInterfaceOptions/browser.lua: Lua error: ...0-08/addon-snapshot/AdvancedInterfaceOptions/browser.lua:2: attempt to call method 'Eve' (a nil value)
stack traceback:
	(string):1: in main chunk
[Interface/AddOns/Blizzard_ScriptErrors/Blizzard_ScriptErrors.lua]:59: in function 'GetErrorData'
[Interface/AddOns/Blizzard_ScriptErrors/Blizzard_ScriptErrors.lua]:72: in function <[Interface/AddOns/Blizzard_ScriptErrors/Blizzard_ScriptErrors.lua]:71>

Lua error: @/home/osso/.worktrees/wow-ui-sim-p510-page/data/patch-api/evidence/5.1.0-session-2026-10-08/addon-snapshot/AdvancedInterfaceOptions/basicOptions.lua: Lua error: ...addon-snapshot/AdvancedInterfaceOptions/basicOptions.lua:2: attempt to call method 'Eve' (a nil value)
stack traceback:
	(string):1: in main chunk
Lua error: Lua Error: @/home/osso/.worktrees/wow-ui-sim-p510-page/data/patch-api/evidence/5.1.0-session-2026-10-08/addon-snapshot/AdvancedInterfaceOptions/basicOptions.lua: Lua error: ...addon-snapshot/AdvancedInterfaceOptions/basicOptions.lua:2: attempt to call method 'Eve' (a nil value)
stack traceback:
	(string):1: in main chunk
[Interface/AddOns/Blizzard_ScriptErrors/Blizzard_ScriptErrors.lua]:59: in function 'GetErrorData'
[Interface/AddOns/Blizzard_ScriptErrors/Blizzard_ScriptErrors.lua]:72: in function <[Interface/AddOns/Blizzard_ScriptErrors/Blizzard_ScriptErrors.lua]:71>

Lua error: IO error reading /home/osso/.worktrees/wow-ui-sim-p510-page/data/patch-api/evidence/5.1.0-session-2026-10-08/addon-snapshot/AstralKeys/Libs/LibStub/LibStub.lua: No such file or directory (os error 2)
stack traceback:
	(string):1: in main chunk
Lua error: Lua Error: IO error reading /home/osso/.worktrees/wow-ui-sim-p510-page/data/patch-api/evidence/5.1.0-session-2026-10-08/addon-snapshot/AstralKeys/Libs/LibStub/LibStub.lua: No such file or directory (os error 2)
stack traceback:
	(string):1: in main chunk
[Interface/AddOns/Blizzard_ScriptErrors/Blizzard_ScriptErrors.lua]:59: in function 'GetErrorData'
[Interface/AddOns/Blizzard_ScriptErrors/Blizzard_ScriptErrors.lua]:72: in function <[Interface/AddOns/Blizzard_ScriptErrors/Blizzard_ScriptErrors.lua]:71>

Lua error: @/home/osso/.worktrees/wow-ui-sim-p510-page/data/patch-api/evidence/5.1.0-session-2026-10-08/addon-snapshot/AstralKeys/Dialog.lua: Lua error: .../addon-snapshot/AstralKeys/Localization/Localization.lua:17: stack overflow
stack traceback:
	(string):1: in main chunk
Lua error: Lua Error: @/home/osso/.worktrees/wow-ui-sim-p510-page/data/patch-api/evidence/5.1.0-session-2026-10-08/addon-snapshot/AstralKeys/Dialog.lua: Lua error: .../addon-snapshot/AstralKeys/Localization/Localization.lua:17: stack overflow
stack traceback:
	(string):1: in main chunk
[Interface/AddOns/Blizzard_ScriptErrors/Blizzard_ScriptErrors.lua]:59: in function 'GetErrorData'
[Interface/AddOns/Blizzard_ScriptErrors/Blizzard_ScriptErrors.lua]:72: in function <[Interface/AddOns/Blizzard_ScriptErrors/Blizzard_ScriptErrors.lua]:71>

Lua error: @/home/osso/.worktrees/wow-ui-sim-p510-page/data/patch-api/evidence/5.1.0-session-2026-10-08/addon-snapshot/AstralKeys/Communications.lua: Lua error: ...-2026-10-08/addon-snapshot/AstralKeys/Communications.lua:252: attempt to index global 'AstralEvents' (a nil value)
stack traceback:
	(string):1: in main chunk
Lua error: Lua Error: @/home/osso/.worktrees/wow-ui-sim-p510-page/data/patch-api/evidence/5.1.0-session-2026-10-08/addon-snapshot/AstralKeys/Communications.lua: Lua error: ...-2026-10-08/addon-snapshot/AstralKeys/Communications.lua:252: attempt to index global 'AstralEvents' (a nil value)
stack traceback:
	(string):1: in main chunk
[Interface/AddOns/Blizzard_ScriptErrors/Blizzard_ScriptErrors.lua]:59: in function 'GetErrorData'
[Interface/AddOns/Blizzard_ScriptErrors/Blizzard_ScriptErrors.lua]:72: in function <[Interface/AddOns/Blizzard_ScriptErrors/Blizzard_ScriptErrors.lua]:71>

Lua error: @/home/osso/.worktrees/wow-ui-sim-p510-page/data/patch-api/evidence/5.1.0-session-2026-10-08/addon-snapshot/AstralKeys/Lists/Friends.lua: Lua error: ...n-2026-10-08/addon-snapshot/AstralKeys/Lists/Friends.lua:75: attempt to index global 'AstralEvents' (a nil value)
stack traceback:
	(string):1: in main chunk
Lua error: Lua Error: @/home/osso/.worktrees/wow-ui-sim-p510-page/data/patch-api/evidence/5.1.0-session-2026-10-08/addon-snapshot/AstralKeys/Lists/Friends.lua: Lua error: ...n-2026-10-08/addon-snapshot/AstralKeys/Lists/Friends.lua:75: attempt to index global 'AstralEvents' (a nil value)
stack traceback:
	(string):1: in main chunk
[Interface/AddOns/Blizzard_ScriptErrors/Blizzard_ScriptErrors.lua]:59: in function 'GetErrorData'
[Interface/AddOns/Blizzard_ScriptErrors/Blizzard_ScriptErrors.lua]:72: in function <[Interface/AddOns/Blizzard_ScriptErrors/Blizzard_ScriptErrors.lua]:71>

Lua error: @/home/osso/.worktrees/wow-ui-sim-p510-page/data/patch-api/evidence/5.1.0-session-2026-10-08/addon-snapshot/AstralKeys/Lists/Guild.lua: Lua error: ...ion-2026-10-08/addon-snapshot/AstralKeys/Lists/Guild.lua:19: attempt to index global 'AstralEvents' (a nil value)
stack traceback:
	(string):1: in main chunk
Lua error: Lua Error: @/home/osso/.worktrees/wow-ui-sim-p510-page/data/patch-api/evidence/5.1.0-session-2026-10-08/addon-snapshot/AstralKeys/Lists/Guild.lua: Lua error: ...ion-2026-10-08/addon-snapshot/AstralKeys/Lists/Guild.lua:19: attempt to index global 'AstralEvents' (a nil value)
stack traceback:
	(string):1: in main chunk
[Interface/AddOns/Blizzard_ScriptErrors/Blizzard_ScriptErrors.lua]:59: in function 'GetErrorData'
[Interface/AddOns/Blizzard_ScriptErrors/Blizzard_ScriptErrors.lua]:72: in function <[Interface/AddOns/Blizzard_ScriptErrors/Blizzard_ScriptErrors.lua]:71>

Lua error: @/home/osso/.worktrees/wow-ui-sim-p510-page/data/patch-api/evidence/5.1.0-session-2026-10-08/addon-snapshot/AstralKeys/Dungeons.lua: Lua error: .../addon-snapshot/AstralKeys/Localization/Localization.lua:17: stack overflow
stack traceback:
	(string):1: in main chunk
Lua error: Lua Error: @/home/osso/.worktrees/wow-ui-sim-p510-page/data/patch-api/evidence/5.1.0-session-2026-10-08/addon-snapshot/AstralKeys/Dungeons.lua: Lua error: .../addon-snapshot/AstralKeys/Localization/Localization.lua:17: stack overflow
stack traceback:
	(string):1: in main chunk
[Interface/AddOns/Blizzard_ScriptErrors/Blizzard_ScriptErrors.lua]:59: in function 'GetErrorData'
[Interface/AddOns/Blizzard_ScriptErrors/Blizzard_ScriptErrors.lua]:72: in function <[Interface/AddOns/Blizzard_ScriptErrors/Blizzard_ScriptErrors.lua]:71>

Lua error: @/home/osso/.worktrees/wow-ui-sim-p510-page/data/patch-api/evidence/5.1.0-session-2026-10-08/addon-snapshot/AstralKeys/AstralKeys.lua: Lua error: ...sion-2026-10-08/addon-snapshot/AstralKeys/AstralKeys.lua:93: attempt to index global 'AstralEvents' (a nil value)
stack traceback:
	(string):1: in main chunk
Lua error: Lua Error: @/home/osso/.worktrees/wow-ui-sim-p510-page/data/patch-api/evidence/5.1.0-session-2026-10-08/addon-snapshot/AstralKeys/AstralKeys.lua: Lua error: ...sion-2026-10-08/addon-snapshot/AstralKeys/AstralKeys.lua:93: attempt to index global 'AstralEvents' (a nil value)
stack traceback:
	(string):1: in main chunk
[Interface/AddOns/Blizzard_ScriptErrors/Blizzard_ScriptErrors.lua]:59: in function 'GetErrorData'
[Interface/AddOns/Blizzard_ScriptErrors/Blizzard_ScriptErrors.lua]:72: in function <[Interface/AddOns/Blizzard_ScriptErrors/Blizzard_ScriptErrors.lua]:71>

Lua error: IO error reading /home/osso/.worktrees/wow-ui-sim-p510-page/data/patch-api/evidence/5.1.0-session-2026-10-08/addon-snapshot/AstralKeys/Frame.lua: No such file or directory (os error 2)
stack traceback:
	(string):1: in main chunk
Lua error: Lua Error: IO error reading /home/osso/.worktrees/wow-ui-sim-p510-page/data/patch-api/evidence/5.1.0-session-2026-10-08/addon-snapshot/AstralKeys/Frame.lua: No such file or directory (os error 2)
stack traceback:
	(string):1: in main chunk
[Interface/AddOns/Blizzard_ScriptErrors/Blizzard_ScriptErrors.lua]:59: in function 'GetErrorData'
[Interface/AddOns/Blizzard_ScriptErrors/Blizzard_ScriptErrors.lua]:72: in function <[Interface/AddOns/Blizzard_ScriptErrors/Blizzard_ScriptErrors.lua]:71>

Lua error: @/home/osso/.worktrees/wow-ui-sim-p510-page/data/patch-api/evidence/5.1.0-session-2026-10-08/addon-snapshot/AstralKeys/MinimapButton.lua: Lua error: ...n-2026-10-08/addon-snapshot/AstralKeys/MinimapButton.lua:4: attempt to call a nil value
stack traceback:
	(string):1: in main chunk
Lua error: Lua Error: @/home/osso/.worktrees/wow-ui-sim-p510-page/data/patch-api/evidence/5.1.0-session-2026-10-08/addon-snapshot/AstralKeys/MinimapButton.lua: Lua error: ...n-2026-10-08/addon-snapshot/AstralKeys/MinimapButton.lua:4: attempt to call a nil value
stack traceback:
	(string):1: in main chunk
[Interface/AddOns/Blizzard_ScriptErrors/Blizzard_ScriptErrors.lua]:59: in function 'GetErrorData'
[Interface/AddOns/Blizzard_ScriptErrors/Blizzard_ScriptErrors.lua]:72: in function <[Interface/AddOns/Blizzard_ScriptErrors/Blizzard_ScriptErrors.lua]:71>

Lua error: IO error reading /home/osso/.worktrees/wow-ui-sim-p510-page/data/patch-api/evidence/5.1.0-session-2026-10-08/addon-snapshot/BetterBlizzFrames/libs/LibStub/LibStub.lua: No such file or directory (os error 2)
stack traceback:
	(string):1: in main chunk
Lua error: Lua Error: IO error reading /home/osso/.worktrees/wow-ui-sim-p510-page/data/patch-api/evidence/5.1.0-session-2026-10-08/addon-snapshot/BetterBlizzFrames/libs/LibStub/LibStub.lua: No such file or directory (os error 2)
stack traceback:
	(string):1: in main chunk
[Interface/AddOns/Blizzard_ScriptErrors/Blizzard_ScriptErrors.lua]:59: in function 'GetErrorData'
[Interface/AddOns/Blizzard_ScriptErrors/Blizzard_ScriptErrors.lua]:72: in function <[Interface/AddOns/Blizzard_ScriptErrors/Blizzard_ScriptErrors.lua]:71>

Lua error: @/home/osso/.worktrees/wow-ui-sim-p510-page/data/patch-api/evidence/5.1.0-session-2026-10-08/addon-snapshot/BetterBlizzFrames/shared/functions.lua: Lua error: ...08/addon-snapshot/BetterBlizzFrames/shared/functions.lua:329: attempt to call a nil value
stack traceback:
	(string):1: in main chunk
Lua error: Lua Error: @/home/osso/.worktrees/wow-ui-sim-p510-page/data/patch-api/evidence/5.1.0-session-2026-10-08/addon-snapshot/BetterBlizzFrames/shared/functions.lua: Lua error: ...08/addon-snapshot/BetterBlizzFrames/shared/functions.lua:329: attempt to call a nil value
stack traceback:
	(string):1: in main chunk
[Interface/AddOns/Blizzard_ScriptErrors/Blizzard_ScriptErrors.lua]:59: in function 'GetErrorData'
[Interface/AddOns/Blizzard_ScriptErrors/Blizzard_ScriptErrors.lua]:72: in function <[Interface/AddOns/Blizzard_ScriptErrors/Blizzard_ScriptErrors.lua]:71>

Lua error: @/home/osso/.worktrees/wow-ui-sim-p510-page/data/patch-api/evidence/5.1.0-session-2026-10-08/addon-snapshot/BetterBlizzFrames/shared/ImportExport.lua: Lua error: ...addon-snapshot/BetterBlizzFrames/shared/ImportExport.lua:2: attempt to call a nil value
stack traceback:
	(string):1: in main chunk
Lua error: Lua Error: @/home/osso/.worktrees/wow-ui-sim-p510-page/data/patch-api/evidence/5.1.0-session-2026-10-08/addon-snapshot/BetterBlizzFrames/shared/ImportExport.lua: Lua error: ...addon-snapshot/BetterBlizzFrames/shared/ImportExport.lua:2: attempt to call a nil value
stack traceback:
	(string):1: in main chunk
[Interface/AddOns/Blizzard_ScriptErrors/Blizzard_ScriptErrors.lua]:59: in function 'GetErrorData'
[Interface/AddOns/Blizzard_ScriptErrors/Blizzard_ScriptErrors.lua]:72: in function <[Interface/AddOns/Blizzard_ScriptErrors/Blizzard_ScriptErrors.lua]:71>

Lua error: @/home/osso/.worktrees/wow-ui-sim-p510-page/data/patch-api/evidence/5.1.0-session-2026-10-08/addon-snapshot/BetterBlizzFrames/retail/modules/interruptIcon.lua: Lua error: ...pshot/BetterBlizzFrames/retail/modules/interruptIcon.lua:333: attempt to call a nil value
stack traceback:
	(string):1: in main chunk
Lua error: Lua Error: @/home/osso/.worktrees/wow-ui-sim-p510-page/data/patch-api/evidence/5.1.0-session-2026-10-08/addon-snapshot/BetterBlizzFrames/retail/modules/interruptIcon.lua: Lua error: ...pshot/BetterBlizzFrames/retail/modules/interruptIcon.lua:333: attempt to call a nil value
stack traceback:
	(string):1: in main chunk
[Interface/AddOns/Blizzard_ScriptErrors/Blizzard_ScriptErrors.lua]:59: in function 'GetErrorData'
[Interface/AddOns/Blizzard_ScriptErrors/Blizzard_ScriptErrors.lua]:72: in function <[Interface/AddOns/Blizzard_ScriptErrors/Blizzard_ScriptErrors.lua]:71>

Lua error: @/home/osso/.worktrees/wow-ui-sim-p510-page/data/patch-api/evidence/5.1.0-session-2026-10-08/addon-snapshot/BetterBlizzFrames/retail/modules/prd.lua: Lua error: .../addon-snapshot/BetterBlizzFrames/retail/modules/prd.lua:1: attempt to call a nil value
stack traceback:
	(string):1: in main chunk
Lua error: Lua Error: @/home/osso/.worktrees/wow-ui-sim-p510-page/data/patch-api/evidence/5.1.0-session-2026-10-08/addon-snapshot/BetterBlizzFrames/retail/modules/prd.lua: Lua error: .../addon-snapshot/BetterBlizzFrames/retail/modules/prd.lua:1: attempt to call a nil value
stack traceback:
	(string):1: in main chunk
[Interface/AddOns/Blizzard_ScriptErrors/Blizzard_ScriptErrors.lua]:59: in function 'GetErrorData'
[Interface/AddOns/Blizzard_ScriptErrors/Blizzard_ScriptErrors.lua]:72: in function <[Interface/AddOns/Blizzard_ScriptErrors/Blizzard_ScriptErrors.lua]:71>

Lua error: @/home/osso/.worktrees/wow-ui-sim-p510-page/data/patch-api/evidence/5.1.0-session-2026-10-08/addon-snapshot/BetterBlizzFrames/retail/gui.lua: Lua error: ...26-10-08/addon-snapshot/BetterBlizzFrames/retail/gui.lua:2: attempt to index global 'LibStub' (a nil value)
stack traceback:
	(string):1: in main chunk
Lua error: Lua Error: @/home/osso/.worktrees/wow-ui-sim-p510-page/data/patch-api/evidence/5.1.0-session-2026-10-08/addon-snapshot/BetterBlizzFrames/retail/gui.lua: Lua error: ...26-10-08/addon-snapshot/BetterBlizzFrames/retail/gui.lua:2: attempt to index global 'LibStub' (a nil value)
stack traceback:
	(string):1: in main chunk
[Interface/AddOns/Blizzard_ScriptErrors/Blizzard_ScriptErrors.lua]:59: in function 'GetErrorData'
[Interface/AddOns/Blizzard_ScriptErrors/Blizzard_ScriptErrors.lua]:72: in function <[Interface/AddOns/Blizzard_ScriptErrors/Blizzard_ScriptErrors.lua]:71>

Lua error: IO error loading /home/osso/.worktrees/wow-ui-sim-p510-page/data/patch-api/evidence/5.1.0-session-2026-10-08/addon-snapshot/BlizzMove/Libs/CallbackHandler-1.0/CallbackHandler-1.0.xml: No such file or directory (os error 2)
stack traceback:
	(string):1: in main chunk
Lua error: Lua Error: IO error loading /home/osso/.worktrees/wow-ui-sim-p510-page/data/patch-api/evidence/5.1.0-session-2026-10-08/addon-snapshot/BlizzMove/Libs/CallbackHandler-1.0/CallbackHandler-1.0.xml: No such file or directory (os error 2)
stack traceback:
	(string):1: in main chunk
[Interface/AddOns/Blizzard_ScriptErrors/Blizzard_ScriptErrors.lua]:59: in function 'GetErrorData'
[Interface/AddOns/Blizzard_ScriptErrors/Blizzard_ScriptErrors.lua]:72: in function <[Interface/AddOns/Blizzard_ScriptErrors/Blizzard_ScriptErrors.lua]:71>

Lua error: XML error: IO error loading /home/osso/.worktrees/wow-ui-sim-p510-page/data/patch-api/evidence/5.1.0-session-2026-10-08/addon-snapshot/BlizzMove/Libs/CallbackHandler-1.0/CallbackHandler-1.0.xml: No such file or directory (os error 2)
stack traceback:
	(string):1: in main chunk
Lua error: Lua Error: XML error: IO error loading /home/osso/.worktrees/wow-ui-sim-p510-page/data/patch-api/evidence/5.1.0-session-2026-10-08/addon-snapshot/BlizzMove/Libs/CallbackHandler-1.0/CallbackHandler-1.0.xml: No such file or directory (os error 2)
stack traceback:
	(string):1: in main chunk
[Interface/AddOns/Blizzard_ScriptErrors/Blizzard_ScriptErrors.lua]:59: in function 'GetErrorData'
[Interface/AddOns/Blizzard_ScriptErrors/Blizzard_ScriptErrors.lua]:72: in function <[Interface/AddOns/Blizzard_ScriptErrors/Blizzard_ScriptErrors.lua]:71>

Lua error: IO error reading /home/osso/.worktrees/wow-ui-sim-p510-page/data/patch-api/evidence/5.1.0-session-2026-10-08/addon-snapshot/BlizzMove/Locale/enUS.lua: No such file or directory (os error 2)
stack traceback:
	(string):1: in main chunk
Lua error: Lua Error: IO error reading /home/osso/.worktrees/wow-ui-sim-p510-page/data/patch-api/evidence/5.1.0-session-2026-10-08/addon-snapshot/BlizzMove/Locale/enUS.lua: No such file or directory (os error 2)
stack traceback:
	(string):1: in main chunk
[Interface/AddOns/Blizzard_ScriptErrors/Blizzard_ScriptErrors.lua]:59: in function 'GetErrorData'
[Interface/AddOns/Blizzard_ScriptErrors/Blizzard_ScriptErrors.lua]:72: in function <[Interface/AddOns/Blizzard_ScriptErrors/Blizzard_ScriptErrors.lua]:71>

Lua error: @/home/osso/.worktrees/wow-ui-sim-p510-page/data/patch-api/evidence/5.1.0-session-2026-10-08/addon-snapshot/BlizzMove/BlizzMove.lua: Lua error: ...ession-2026-10-08/addon-snapshot/BlizzMove/BlizzMove.lua:34: Cannot find a library instance of "AceAddon-3.0".
stack traceback:
	(string):1: in main chunk
Lua error: Lua Error: @/home/osso/.worktrees/wow-ui-sim-p510-page/data/patch-api/evidence/5.1.0-session-2026-10-08/addon-snapshot/BlizzMove/BlizzMove.lua: Lua error: ...ession-2026-10-08/addon-snapshot/BlizzMove/BlizzMove.lua:34: Cannot find a library instance of "AceAddon-3.0".
stack traceback:
	(string):1: in main chunk
[Interface/AddOns/Blizzard_ScriptErrors/Blizzard_ScriptErrors.lua]:59: in function 'GetErrorData'
[Interface/AddOns/Blizzard_ScriptErrors/Blizzard_ScriptErrors.lua]:72: in function <[Interface/AddOns/Blizzard_ScriptErrors/Blizzard_ScriptErrors.lua]:71>

Lua error: @/home/osso/.worktrees/wow-ui-sim-p510-page/data/patch-api/evidence/5.1.0-session-2026-10-08/addon-snapshot/BlizzMove/BlizzMoveConfig.lua: Lua error: ...-2026-10-08/addon-snapshot/BlizzMove/BlizzMoveConfig.lua:13: Cannot find a library instance of "AceAddon-3.0".
stack traceback:
	(string):1: in main chunk
Lua error: Lua Error: @/home/osso/.worktrees/wow-ui-sim-p510-page/data/patch-api/evidence/5.1.0-session-2026-10-08/addon-snapshot/BlizzMove/BlizzMoveConfig.lua: Lua error: ...-2026-10-08/addon-snapshot/BlizzMove/BlizzMoveConfig.lua:13: Cannot find a library instance of "AceAddon-3.0".
stack traceback:
	(string):1: in main chunk
[Interface/AddOns/Blizzard_ScriptErrors/Blizzard_ScriptErrors.lua]:59: in function 'GetErrorData'
[Interface/AddOns/Blizzard_ScriptErrors/Blizzard_ScriptErrors.lua]:72: in function <[Interface/AddOns/Blizzard_ScriptErrors/Blizzard_ScriptErrors.lua]:71>

Lua error: @/home/osso/.worktrees/wow-ui-sim-p510-page/data/patch-api/evidence/5.1.0-session-2026-10-08/addon-snapshot/BossHelper/Core/BossData.lua: Lua error: ...n-2026-10-08/addon-snapshot/BossHelper/Core/BossData.lua:37: attempt to index global 'BossHelper' (a nil value)
stack traceback:
	(string):1: in main chunk
Lua error: Lua Error: @/home/osso/.worktrees/wow-ui-sim-p510-page/data/patch-api/evidence/5.1.0-session-2026-10-08/addon-snapshot/BossHelper/Core/BossData.lua: Lua error: ...n-2026-10-08/addon-snapshot/BossHelper/Core/BossData.lua:37: attempt to index global 'BossHelper' (a nil value)
stack traceback:
	(string):1: in main chunk
[Interface/AddOns/Blizzard_ScriptErrors/Blizzard_ScriptErrors.lua]:59: in function 'GetErrorData'
[Interface/AddOns/Blizzard_ScriptErrors/Blizzard_ScriptErrors.lua]:72: in function <[Interface/AddOns/Blizzard_ScriptErrors/Blizzard_ScriptErrors.lua]:71>

Lua error: @/home/osso/.worktrees/wow-ui-sim-p510-page/data/patch-api/evidence/5.1.0-session-2026-10-08/addon-snapshot/BossHelper/Core/AffixData.lua: Lua error: ...-2026-10-08/addon-snapshot/BossHelper/Core/AffixData.lua:8: attempt to index global 'BossHelper' (a nil value)
stack traceback:
	(string):1: in main chunk
Lua error: Lua Error: @/home/osso/.worktrees/wow-ui-sim-p510-page/data/patch-api/evidence/5.1.0-session-2026-10-08/addon-snapshot/BossHelper/Core/AffixData.lua: Lua error: ...-2026-10-08/addon-snapshot/BossHelper/Core/AffixData.lua:8: attempt to index global 'BossHelper' (a nil value)
stack traceback:
	(string):1: in main chunk
[Interface/AddOns/Blizzard_ScriptErrors/Blizzard_ScriptErrors.lua]:59: in function 'GetErrorData'
[Interface/AddOns/Blizzard_ScriptErrors/Blizzard_ScriptErrors.lua]:72: in function <[Interface/AddOns/Blizzard_ScriptErrors/Blizzard_ScriptErrors.lua]:71>

Lua error: @/home/osso/.worktrees/wow-ui-sim-p510-page/data/patch-api/evidence/5.1.0-session-2026-10-08/addon-snapshot/BossHelper/Core/Functions.lua: Lua error: ...-2026-10-08/addon-snapshot/BossHelper/Core/Functions.lua:10: attempt to index global 'BossHelper' (a nil value)
stack traceback:
	(string):1: in main chunk
Lua error: Lua Error: @/home/osso/.worktrees/wow-ui-sim-p510-page/data/patch-api/evidence/5.1.0-session-2026-10-08/addon-snapshot/BossHelper/Core/Functions.lua: Lua error: ...-2026-10-08/addon-snapshot/BossHelper/Core/Functions.lua:10: attempt to index global 'BossHelper' (a nil value)
stack traceback:
	(string):1: in main chunk
[Interface/AddOns/Blizzard_ScriptErrors/Blizzard_ScriptErrors.lua]:59: in function 'GetErrorData'
[Interface/AddOns/Blizzard_ScriptErrors/Blizzard_ScriptErrors.lua]:72: in function <[Interface/AddOns/Blizzard_ScriptErrors/Blizzard_ScriptErrors.lua]:71>

Lua error: @/home/osso/.worktrees/wow-ui-sim-p510-page/data/patch-api/evidence/5.1.0-session-2026-10-08/addon-snapshot/BossHelper/Core/EditModeLogic.lua: Lua error: ...6-10-08/addon-snapshot/BossHelper/Core/EditModeLogic.lua:3: attempt to index global 'BossHelper' (a nil value)
stack traceback:
	(string):1: in main chunk
Lua error: Lua Error: @/home/osso/.worktrees/wow-ui-sim-p510-page/data/patch-api/evidence/5.1.0-session-2026-10-08/addon-snapshot/BossHelper/Core/EditModeLogic.lua: Lua error: ...6-10-08/addon-snapshot/BossHelper/Core/EditModeLogic.lua:3: attempt to index global 'BossHelper' (a nil value)
stack traceback:
	(string):1: in main chunk
[Interface/AddOns/Blizzard_ScriptErrors/Blizzard_ScriptErrors.lua]:59: in function 'GetErrorData'
[Interface/AddOns/Blizzard_ScriptErrors/Blizzard_ScriptErrors.lua]:72: in function <[Interface/AddOns/Blizzard_ScriptErrors/Blizzard_ScriptErrors.lua]:71>

Lua error: @/home/osso/.worktrees/wow-ui-sim-p510-page/data/patch-api/evidence/5.1.0-session-2026-10-08/addon-snapshot/BossHelper/UI/StartPage.lua: Lua error: ...on-2026-10-08/addon-snapshot/BossHelper/UI/StartPage.lua:12: attempt to index field 'UI' (a nil value)
stack traceback:
	(string):1: in main chunk
Lua error: Lua Error: @/home/osso/.worktrees/wow-ui-sim-p510-page/data/patch-api/evidence/5.1.0-session-2026-10-08/addon-snapshot/BossHelper/UI/StartPage.lua: Lua error: ...on-2026-10-08/addon-snapshot/BossHelper/UI/StartPage.lua:12: attempt to index field 'UI' (a nil value)
stack traceback:
	(string):1: in main chunk
[Interface/AddOns/Blizzard_ScriptErrors/Blizzard_ScriptErrors.lua]:59: in function 'GetErrorData'
[Interface/AddOns/Blizzard_ScriptErrors/Blizzard_ScriptErrors.lua]:72: in function <[Interface/AddOns/Blizzard_ScriptErrors/Blizzard_ScriptErrors.lua]:71>

Lua error: @/home/osso/.worktrees/wow-ui-sim-p510-page/data/patch-api/evidence/5.1.0-session-2026-10-08/addon-snapshot/BossHelper/UI/Settings.lua: Lua error: ...ion-2026-10-08/addon-snapshot/BossHelper/UI/Settings.lua:40: attempt to index field 'UI' (a nil value)
stack traceback:
	(string):1: in main chunk
Lua error: Lua Error: @/home/osso/.worktrees/wow-ui-sim-p510-page/data/patch-api/evidence/5.1.0-session-2026-10-08/addon-snapshot/BossHelper/UI/Settings.lua: Lua error: ...ion-2026-10-08/addon-snapshot/BossHelper/UI/Settings.lua:40: attempt to index field 'UI' (a nil value)
stack traceback:
	(string):1: in main chunk
[Interface/AddOns/Blizzard_ScriptErrors/Blizzard_ScriptErrors.lua]:59: in function 'GetErrorData'
[Interface/AddOns/Blizzard_ScriptErrors/Blizzard_ScriptErrors.lua]:72: in function <[Interface/AddOns/Blizzard_ScriptErrors/Blizzard_ScriptErrors.lua]:71>

Lua error: @/home/osso/.worktrees/wow-ui-sim-p510-page/data/patch-api/evidence/5.1.0-session-2026-10-08/addon-snapshot/BossHelper/UI/EditTactics.lua: Lua error: ...-2026-10-08/addon-snapshot/BossHelper/UI/EditTactics.lua:28: attempt to index field 'UI' (a nil value)
stack traceback:
	(string):1: in main chunk
Lua error: Lua Error: @/home/osso/.worktrees/wow-ui-sim-p510-page/data/patch-api/evidence/5.1.0-session-2026-10-08/addon-snapshot/BossHelper/UI/EditTactics.lua: Lua error: ...-2026-10-08/addon-snapshot/BossHelper/UI/EditTactics.lua:28: attempt to index field 'UI' (a nil value)
stack traceback:
	(string):1: in main chunk
[Interface/AddOns/Blizzard_ScriptErrors/Blizzard_ScriptErrors.lua]:59: in function 'GetErrorData'
[Interface/AddOns/Blizzard_ScriptErrors/Blizzard_ScriptErrors.lua]:72: in function <[Interface/AddOns/Blizzard_ScriptErrors/Blizzard_ScriptErrors.lua]:71>

Lua error: @/home/osso/.worktrees/wow-ui-sim-p510-page/data/patch-api/evidence/5.1.0-session-2026-10-08/addon-snapshot/BossHelper/UI/Affixes.lua: Lua error: ...sion-2026-10-08/addon-snapshot/BossHelper/UI/Affixes.lua:10: attempt to index field 'AffixData' (a nil value)
stack traceback:
	(string):1: in main chunk
Lua error: Lua Error: @/home/osso/.worktrees/wow-ui-sim-p510-page/data/patch-api/evidence/5.1.0-session-2026-10-08/addon-snapshot/BossHelper/UI/Affixes.lua: Lua error: ...sion-2026-10-08/addon-snapshot/BossHelper/UI/Affixes.lua:10: attempt to index field 'AffixData' (a nil value)
stack traceback:
	(string):1: in main chunk
[Interface/AddOns/Blizzard_ScriptErrors/Blizzard_ScriptErrors.lua]:59: in function 'GetErrorData'
[Interface/AddOns/Blizzard_ScriptErrors/Blizzard_ScriptErrors.lua]:72: in function <[Interface/AddOns/Blizzard_ScriptErrors/Blizzard_ScriptErrors.lua]:71>

Lua error: @/home/osso/.worktrees/wow-ui-sim-p510-page/data/patch-api/evidence/5.1.0-session-2026-10-08/addon-snapshot/BossHelper/UI/QuickStart.lua: Lua error: ...n-2026-10-08/addon-snapshot/BossHelper/UI/QuickStart.lua:11: attempt to index field 'UI' (a nil value)
stack traceback:
	(string):1: in main chunk
Lua error: Lua Error: @/home/osso/.worktrees/wow-ui-sim-p510-page/data/patch-api/evidence/5.1.0-session-2026-10-08/addon-snapshot/BossHelper/UI/QuickStart.lua: Lua error: ...n-2026-10-08/addon-snapshot/BossHelper/UI/QuickStart.lua:11: attempt to index field 'UI' (a nil value)
stack traceback:
	(string):1: in main chunk
[Interface/AddOns/Blizzard_ScriptErrors/Blizzard_ScriptErrors.lua]:59: in function 'GetErrorData'
[Interface/AddOns/Blizzard_ScriptErrors/Blizzard_ScriptErrors.lua]:72: in function <[Interface/AddOns/Blizzard_ScriptErrors/Blizzard_ScriptErrors.lua]:71>

Lua error: @/home/osso/.worktrees/wow-ui-sim-p510-page/data/patch-api/evidence/5.1.0-session-2026-10-08/addon-snapshot/BossHelper/Modules/MiniWindow.lua: Lua error: ...6-10-08/addon-snapshot/BossHelper/Modules/MiniWindow.lua:97: attempt to index field 'UI' (a nil value)
stack traceback:
	(string):1: in main chunk
Lua error: Lua Error: @/home/osso/.worktrees/wow-ui-sim-p510-page/data/patch-api/evidence/5.1.0-session-2026-10-08/addon-snapshot/BossHelper/Modules/MiniWindow.lua: Lua error: ...6-10-08/addon-snapshot/BossHelper/Modules/MiniWindow.lua:97: attempt to index field 'UI' (a nil value)
stack traceback:
	(string):1: in main chunk
[Interface/AddOns/Blizzard_ScriptErrors/Blizzard_ScriptErrors.lua]:59: in function 'GetErrorData'
[Interface/AddOns/Blizzard_ScriptErrors/Blizzard_ScriptErrors.lua]:72: in function <[Interface/AddOns/Blizzard_ScriptErrors/Blizzard_ScriptErrors.lua]:71>

Lua error: IO error reading /home/osso/.worktrees/wow-ui-sim-p510-page/data/patch-api/evidence/5.1.0-session-2026-10-08/addon-snapshot/BugSack/Libs/LibStub/LibStub.lua: No such file or directory (os error 2)
stack traceback:
	(string):1: in main chunk
Lua error: Lua Error: IO error reading /home/osso/.worktrees/wow-ui-sim-p510-page/data/patch-api/evidence/5.1.0-session-2026-10-08/addon-snapshot/BugSack/Libs/LibStub/LibStub.lua: No such file or directory (os error 2)
stack traceback:
	(string):1: in main chunk
[Interface/AddOns/Blizzard_ScriptErrors/Blizzard_ScriptErrors.lua]:59: in function 'GetErrorData'
[Interface/AddOns/Blizzard_ScriptErrors/Blizzard_ScriptErrors.lua]:72: in function <[Interface/AddOns/Blizzard_ScriptErrors/Blizzard_ScriptErrors.lua]:71>

Lua error: IO error reading /home/osso/.worktrees/wow-ui-sim-p510-page/data/patch-api/evidence/5.1.0-session-2026-10-08/addon-snapshot/Chattynator/Libs/LibSharedMedia-3.0/LibSharedMedia-3.0.lua: No such file or directory (os error 2)
stack traceback:
	(string):1: in main chunk
Lua error: Lua Error: IO error reading /home/osso/.worktrees/wow-ui-sim-p510-page/data/patch-api/evidence/5.1.0-session-2026-10-08/addon-snapshot/Chattynator/Libs/LibSharedMedia-3.0/LibSharedMedia-3.0.lua: No such file or directory (os error 2)
stack traceback:
	(string):1: in main chunk
[Interface/AddOns/Blizzard_ScriptErrors/Blizzard_ScriptErrors.lua]:59: in function 'GetErrorData'
[Interface/AddOns/Blizzard_ScriptErrors/Blizzard_ScriptErrors.lua]:72: in function <[Interface/AddOns/Blizzard_ScriptErrors/Blizzard_ScriptErrors.lua]:71>

Lua error: @/home/osso/.worktrees/wow-ui-sim-p510-page/data/patch-api/evidence/5.1.0-session-2026-10-08/addon-snapshot/Chattynator/Core/Config.lua: Lua error: ...on-2026-10-08/addon-snapshot/Chattynator/Core/Config.lua:77: attempt to index field 'Constants' (a nil value)
stack traceback:
	(string):1: in main chunk
Lua error: Lua Error: @/home/osso/.worktrees/wow-ui-sim-p510-page/data/patch-api/evidence/5.1.0-session-2026-10-08/addon-snapshot/Chattynator/Core/Config.lua: Lua error: ...on-2026-10-08/addon-snapshot/Chattynator/Core/Config.lua:77: attempt to index field 'Constants' (a nil value)
stack traceback:
	(string):1: in main chunk
[Interface/AddOns/Blizzard_ScriptErrors/Blizzard_ScriptErrors.lua]:59: in function 'GetErrorData'
[Interface/AddOns/Blizzard_ScriptErrors/Blizzard_ScriptErrors.lua]:72: in function <[Interface/AddOns/Blizzard_ScriptErrors/Blizzard_ScriptErrors.lua]:71>

Lua error: @/home/osso/.worktrees/wow-ui-sim-p510-page/data/patch-api/evidence/5.1.0-session-2026-10-08/addon-snapshot/Chattynator/Core/Utilities.lua: Lua error: ...2026-10-08/addon-snapshot/Chattynator/Core/Utilities.lua:4: attempt to index field 'Utilities' (a nil value)
stack traceback:
	(string):1: in main chunk
Lua error: Lua Error: @/home/osso/.worktrees/wow-ui-sim-p510-page/data/patch-api/evidence/5.1.0-session-2026-10-08/addon-snapshot/Chattynator/Core/Utilities.lua: Lua error: ...2026-10-08/addon-snapshot/Chattynator/Core/Utilities.lua:4: attempt to index field 'Utilities' (a nil value)
stack traceback:
	(string):1: in main chunk
[Interface/AddOns/Blizzard_ScriptErrors/Blizzard_ScriptErrors.lua]:59: in function 'GetErrorData'
[Interface/AddOns/Blizzard_ScriptErrors/Blizzard_ScriptErrors.lua]:72: in function <[Interface/AddOns/Blizzard_ScriptErrors/Blizzard_ScriptErrors.lua]:71>

Lua error: @/home/osso/.worktrees/wow-ui-sim-p510-page/data/patch-api/evidence/5.1.0-session-2026-10-08/addon-snapshot/Chattynator/Core/Fonts.lua: Lua error: ...ion-2026-10-08/addon-snapshot/Chattynator/Core/Fonts.lua:4: Cannot find a library instance of "LibSharedMedia-3.0".
stack traceback:
	(string):1: in main chunk
Lua error: Lua Error: @/home/osso/.worktrees/wow-ui-sim-p510-page/data/patch-api/evidence/5.1.0-session-2026-10-08/addon-snapshot/Chattynator/Core/Fonts.lua: Lua error: ...ion-2026-10-08/addon-snapshot/Chattynator/Core/Fonts.lua:4: Cannot find a library instance of "LibSharedMedia-3.0".
stack traceback:
	(string):1: in main chunk
[Interface/AddOns/Blizzard_ScriptErrors/Blizzard_ScriptErrors.lua]:59: in function 'GetErrorData'
[Interface/AddOns/Blizzard_ScriptErrors/Blizzard_ScriptErrors.lua]:72: in function <[Interface/AddOns/Blizzard_ScriptErrors/Blizzard_ScriptErrors.lua]:71>

Lua error: @/home/osso/.worktrees/wow-ui-sim-p510-page/data/patch-api/evidence/5.1.0-session-2026-10-08/addon-snapshot/Chattynator/Core/Overrides.lua: Lua error: ...2026-10-08/addon-snapshot/Chattynator/Core/Overrides.lua:4: attempt to index field 'Core' (a nil value)
stack traceback:
	(string):1: in main chunk
Lua error: Lua Error: @/home/osso/.worktrees/wow-ui-sim-p510-page/data/patch-api/evidence/5.1.0-session-2026-10-08/addon-snapshot/Chattynator/Core/Overrides.lua: Lua error: ...2026-10-08/addon-snapshot/Chattynator/Core/Overrides.lua:4: attempt to index field 'Core' (a nil value)
stack traceback:
	(string):1: in main chunk
[Interface/AddOns/Blizzard_ScriptErrors/Blizzard_ScriptErrors.lua]:59: in function 'GetErrorData'
[Interface/AddOns/Blizzard_ScriptErrors/Blizzard_ScriptErrors.lua]:72: in function <[Interface/AddOns/Blizzard_ScriptErrors/Blizzard_ScriptErrors.lua]:71>

Lua error: @/home/osso/.worktrees/wow-ui-sim-p510-page/data/patch-api/evidence/5.1.0-session-2026-10-08/addon-snapshot/Chattynator/Core/Initialize.lua: Lua error: ...026-10-08/addon-snapshot/Chattynator/Core/Initialize.lua:6: attempt to index field 'Constants' (a nil value)
stack traceback:
	(string):1: in main chunk
Lua error: Lua Error: @/home/osso/.worktrees/wow-ui-sim-p510-page/data/patch-api/evidence/5.1.0-session-2026-10-08/addon-snapshot/Chattynator/Core/Initialize.lua: Lua error: ...026-10-08/addon-snapshot/Chattynator/Core/Initialize.lua:6: attempt to index field 'Constants' (a nil value)
stack traceback:
	(string):1: in main chunk
[Interface/AddOns/Blizzard_ScriptErrors/Blizzard_ScriptErrors.lua]:59: in function 'GetErrorData'
[Interface/AddOns/Blizzard_ScriptErrors/Blizzard_ScriptErrors.lua]:72: in function <[Interface/AddOns/Blizzard_ScriptErrors/Blizzard_ScriptErrors.lua]:71>

Lua error: @/home/osso/.worktrees/wow-ui-sim-p510-page/data/patch-api/evidence/5.1.0-session-2026-10-08/addon-snapshot/Chattynator/Display/Tabs.lua: Lua error: ...n-2026-10-08/addon-snapshot/Chattynator/Display/Tabs.lua:23: attempt to index field 'Display' (a nil value)
stack traceback:
	(string):1: in main chunk
Lua error: Lua Error: @/home/osso/.worktrees/wow-ui-sim-p510-page/data/patch-api/evidence/5.1.0-session-2026-10-08/addon-snapshot/Chattynator/Display/Tabs.lua: Lua error: ...n-2026-10-08/addon-snapshot/Chattynator/Display/Tabs.lua:23: attempt to index field 'Display' (a nil value)
stack traceback:
	(string):1: in main chunk
[Interface/AddOns/Blizzard_ScriptErrors/Blizzard_ScriptErrors.lua]:59: in function 'GetErrorData'
[Interface/AddOns/Blizzard_ScriptErrors/Blizzard_ScriptErrors.lua]:72: in function <[Interface/AddOns/Blizzard_ScriptErrors/Blizzard_ScriptErrors.lua]:71>

Lua error: @/home/osso/.worktrees/wow-ui-sim-p510-page/data/patch-api/evidence/5.1.0-session-2026-10-08/addon-snapshot/Chattynator/Modifiers/URLs.lua: Lua error: ...2026-10-08/addon-snapshot/Chattynator/Modifiers/URLs.lua:23: attempt to index field 'Modifiers' (a nil value)
stack traceback:
	(string):1: in main chunk
Lua error: Lua Error: @/home/osso/.worktrees/wow-ui-sim-p510-page/data/patch-api/evidence/5.1.0-session-2026-10-08/addon-snapshot/Chattynator/Modifiers/URLs.lua: Lua error: ...2026-10-08/addon-snapshot/Chattynator/Modifiers/URLs.lua:23: attempt to index field 'Modifiers' (a nil value)
stack traceback:
	(string):1: in main chunk
[Interface/AddOns/Blizzard_ScriptErrors/Blizzard_ScriptErrors.lua]:59: in function 'GetErrorData'
[Interface/AddOns/Blizzard_ScriptErrors/Blizzard_ScriptErrors.lua]:72: in function <[Interface/AddOns/Blizzard_ScriptErrors/Blizzard_ScriptErrors.lua]:71>

Lua error: @/home/osso/.worktrees/wow-ui-sim-p510-page/data/patch-api/evidence/5.1.0-session-2026-10-08/addon-snapshot/Chattynator/Modifiers/RedundantText.lua: Lua error: ...8/addon-snapshot/Chattynator/Modifiers/RedundantText.lua:37: attempt to index field 'Modifiers' (a nil value)
stack traceback:
	(string):1: in main chunk
Lua error: Lua Error: @/home/osso/.worktrees/wow-ui-sim-p510-page/data/patch-api/evidence/5.1.0-session-2026-10-08/addon-snapshot/Chattynator/Modifiers/RedundantText.lua: Lua error: ...8/addon-snapshot/Chattynator/Modifiers/RedundantText.lua:37: attempt to index field 'Modifiers' (a nil value)
stack traceback:
	(string):1: in main chunk
[Interface/AddOns/Blizzard_ScriptErrors/Blizzard_ScriptErrors.lua]:59: in function 'GetErrorData'
[Interface/AddOns/Blizzard_ScriptErrors/Blizzard_ScriptErrors.lua]:72: in function <[Interface/AddOns/Blizzard_ScriptErrors/Blizzard_ScriptErrors.lua]:71>

Lua error: @/home/osso/.worktrees/wow-ui-sim-p510-page/data/patch-api/evidence/5.1.0-session-2026-10-08/addon-snapshot/Chattynator/Skins/Main.lua: Lua error: ...ion-2026-10-08/addon-snapshot/Chattynator/Skins/Main.lua:4: attempt to index field 'Skins' (a nil value)
stack traceback:
	(string):1: in main chunk
Lua error: Lua Error: @/home/osso/.worktrees/wow-ui-sim-p510-page/data/patch-api/evidence/5.1.0-session-2026-10-08/addon-snapshot/Chattynator/Skins/Main.lua: Lua error: ...ion-2026-10-08/addon-snapshot/Chattynator/Skins/Main.lua:4: attempt to index field 'Skins' (a nil value)
stack traceback:
	(string):1: in main chunk
[Interface/AddOns/Blizzard_ScriptErrors/Blizzard_ScriptErrors.lua]:59: in function 'GetErrorData'
[Interface/AddOns/Blizzard_ScriptErrors/Blizzard_ScriptErrors.lua]:72: in function <[Interface/AddOns/Blizzard_ScriptErrors/Blizzard_ScriptErrors.lua]:71>

Lua error: @/home/osso/.worktrees/wow-ui-sim-p510-page/data/patch-api/evidence/5.1.0-session-2026-10-08/addon-snapshot/Chattynator/Skins/Blizzard.lua: Lua error: ...2026-10-08/addon-snapshot/Chattynator/Skins/Blizzard.lua:294: attempt to index field 'Skins' (a nil value)
stack traceback:
	(string):1: in main chunk
Lua error: Lua Error: @/home/osso/.worktrees/wow-ui-sim-p510-page/data/patch-api/evidence/5.1.0-session-2026-10-08/addon-snapshot/Chattynator/Skins/Blizzard.lua: Lua error: ...2026-10-08/addon-snapshot/Chattynator/Skins/Blizzard.lua:294: attempt to index field 'Skins' (a nil value)
stack traceback:
	(string):1: in main chunk
[Interface/AddOns/Blizzard_ScriptErrors/Blizzard_ScriptErrors.lua]:59: in function 'GetErrorData'
[Interface/AddOns/Blizzard_ScriptErrors/Blizzard_ScriptErrors.lua]:72: in function <[Interface/AddOns/Blizzard_ScriptErrors/Blizzard_ScriptErrors.lua]:71>

Lua error: @/home/osso/.worktrees/wow-ui-sim-p510-page/data/patch-api/evidence/5.1.0-session-2026-10-08/addon-snapshot/Chattynator/Skins/Dark.lua: Lua error: ...ion-2026-10-08/addon-snapshot/Chattynator/Skins/Dark.lua:457: attempt to index field 'Skins' (a nil value)
stack traceback:
	(string):1: in main chunk
Lua error: Lua Error: @/home/osso/.worktrees/wow-ui-sim-p510-page/data/patch-api/evidence/5.1.0-session-2026-10-08/addon-snapshot/Chattynator/Skins/Dark.lua: Lua error: ...ion-2026-10-08/addon-snapshot/Chattynator/Skins/Dark.lua:457: attempt to index field 'Skins' (a nil value)
stack traceback:
	(string):1: in main chunk
[Interface/AddOns/Blizzard_ScriptErrors/Blizzard_ScriptErrors.lua]:59: in function 'GetErrorData'
[Interface/AddOns/Blizzard_ScriptErrors/Blizzard_ScriptErrors.lua]:72: in function <[Interface/AddOns/Blizzard_ScriptErrors/Blizzard_ScriptErrors.lua]:71>

Lua error: @/home/osso/.worktrees/wow-ui-sim-p510-page/data/patch-api/evidence/5.1.0-session-2026-10-08/addon-snapshot/Chattynator/CustomiseDialog/Initialize.lua: Lua error: ...ddon-snapshot/Chattynator/CustomiseDialog/Initialize.lua:5: attempt to index field 'CustomiseDialog' (a nil value)
stack traceback:
	(string):1: in main chunk
Lua error: Lua Error: @/home/osso/.worktrees/wow-ui-sim-p510-page/data/patch-api/evidence/5.1.0-session-2026-10-08/addon-snapshot/Chattynator/CustomiseDialog/Initialize.lua: Lua error: ...ddon-snapshot/Chattynator/CustomiseDialog/Initialize.lua:5: attempt to index field 'CustomiseDialog' (a nil value)
stack traceback:
	(string):1: in main chunk
[Interface/AddOns/Blizzard_ScriptErrors/Blizzard_ScriptErrors.lua]:59: in function 'GetErrorData'
[Interface/AddOns/Blizzard_ScriptErrors/Blizzard_ScriptErrors.lua]:72: in function <[Interface/AddOns/Blizzard_ScriptErrors/Blizzard_ScriptErrors.lua]:71>

Lua error: @/home/osso/.worktrees/wow-ui-sim-p510-page/data/patch-api/evidence/5.1.0-session-2026-10-08/addon-snapshot/Chattynator/CustomiseDialog/Filtering.lua: Lua error: ...addon-snapshot/Chattynator/CustomiseDialog/Filtering.lua:4: attempt to index field 'CustomiseDialog' (a nil value)
stack traceback:
	(string):1: in main chunk
Lua error: Lua Error: @/home/osso/.worktrees/wow-ui-sim-p510-page/data/patch-api/evidence/5.1.0-session-2026-10-08/addon-snapshot/Chattynator/CustomiseDialog/Filtering.lua: Lua error: ...addon-snapshot/Chattynator/CustomiseDialog/Filtering.lua:4: attempt to index field 'CustomiseDialog' (a nil value)
stack traceback:
	(string):1: in main chunk
[Interface/AddOns/Blizzard_ScriptErrors/Blizzard_ScriptErrors.lua]:59: in function 'GetErrorData'
[Interface/AddOns/Blizzard_ScriptErrors/Blizzard_ScriptErrors.lua]:72: in function <[Interface/AddOns/Blizzard_ScriptErrors/Blizzard_ScriptErrors.lua]:71>

Lua error: IO error reading /home/osso/.worktrees/wow-ui-sim-p510-page/data/patch-api/evidence/5.1.0-session-2026-10-08/addon-snapshot/Clicked/Libs/LibStub/LibStub.lua: No such file or directory (os error 2)
stack traceback:
	(string):1: in main chunk
Lua error: Lua Error: IO error reading /home/osso/.worktrees/wow-ui-sim-p510-page/data/patch-api/evidence/5.1.0-session-2026-10-08/addon-snapshot/Clicked/Libs/LibStub/LibStub.lua: No such file or directory (os error 2)
stack traceback:
	(string):1: in main chunk
[Interface/AddOns/Blizzard_ScriptErrors/Blizzard_ScriptErrors.lua]:59: in function 'GetErrorData'
[Interface/AddOns/Blizzard_ScriptErrors/Blizzard_ScriptErrors.lua]:72: in function <[Interface/AddOns/Blizzard_ScriptErrors/Blizzard_ScriptErrors.lua]:71>

Lua error: IO error reading /home/osso/.worktrees/wow-ui-sim-p510-page/data/patch-api/evidence/5.1.0-session-2026-10-08/addon-snapshot/Clicked/Widgets/AceGUIContainer-ClickedTreeGroup.lua: No such file or directory (os error 2)
stack traceback:
	(string):1: in main chunk
Lua error: Lua Error: IO error reading /home/osso/.worktrees/wow-ui-sim-p510-page/data/patch-api/evidence/5.1.0-session-2026-10-08/addon-snapshot/Clicked/Widgets/AceGUIContainer-ClickedTreeGroup.lua: No such file or directory (os error 2)
stack traceback:
	(string):1: in main chunk
[Interface/AddOns/Blizzard_ScriptErrors/Blizzard_ScriptErrors.lua]:59: in function 'GetErrorData'
[Interface/AddOns/Blizzard_ScriptErrors/Blizzard_ScriptErrors.lua]:72: in function <[Interface/AddOns/Blizzard_ScriptErrors/Blizzard_ScriptErrors.lua]:71>

Lua error: @/home/osso/.worktrees/wow-ui-sim-p510-page/data/patch-api/evidence/5.1.0-session-2026-10-08/addon-snapshot/Clicked/Core/BindingProcessor.lua: Lua error: ...6-10-08/addon-snapshot/Clicked/Core/BindingProcessor.lua:24: attempt to index global 'Clicked' (a nil value)
stack traceback:
	(string):1: in main chunk
Lua error: Lua Error: @/home/osso/.worktrees/wow-ui-sim-p510-page/data/patch-api/evidence/5.1.0-session-2026-10-08/addon-snapshot/Clicked/Core/BindingProcessor.lua: Lua error: ...6-10-08/addon-snapshot/Clicked/Core/BindingProcessor.lua:24: attempt to index global 'Clicked' (a nil value)
stack traceback:
	(string):1: in main chunk
[Interface/AddOns/Blizzard_ScriptErrors/Blizzard_ScriptErrors.lua]:59: in function 'GetErrorData'
[Interface/AddOns/Blizzard_ScriptErrors/Blizzard_ScriptErrors.lua]:72: in function <[Interface/AddOns/Blizzard_ScriptErrors/Blizzard_ScriptErrors.lua]:71>

Lua error: @/home/osso/.worktrees/wow-ui-sim-p510-page/data/patch-api/evidence/5.1.0-session-2026-10-08/addon-snapshot/Clicked/Core/LocaleUtils.lua: Lua error: ...n-2026-10-08/addon-snapshot/Clicked/Core/LocaleUtils.lua:23: Cannot find a library instance of "LibTalentInfo-1.0".
stack traceback:
	(string):1: in main chunk
Lua error: Lua Error: @/home/osso/.worktrees/wow-ui-sim-p510-page/data/patch-api/evidence/5.1.0-session-2026-10-08/addon-snapshot/Clicked/Core/LocaleUtils.lua: Lua error: ...n-2026-10-08/addon-snapshot/Clicked/Core/LocaleUtils.lua:23: Cannot find a library instance of "LibTalentInfo-1.0".
stack traceback:
	(string):1: in main chunk
[Interface/AddOns/Blizzard_ScriptErrors/Blizzard_ScriptErrors.lua]:59: in function 'GetErrorData'
[Interface/AddOns/Blizzard_ScriptErrors/Blizzard_ScriptErrors.lua]:72: in function <[Interface/AddOns/Blizzard_ScriptErrors/Blizzard_ScriptErrors.lua]:71>

Lua error: @/home/osso/.worktrees/wow-ui-sim-p510-page/data/patch-api/evidence/5.1.0-session-2026-10-08/addon-snapshot/Clicked/Conditions/ConditionUtils.lua: Lua error: ...-08/addon-snapshot/Clicked/Conditions/ConditionUtils.lua:37: Cannot find a library instance of "LibTalentInfo-1.0".
stack traceback:
	(string):1: in main chunk
Lua error: Lua Error: @/home/osso/.worktrees/wow-ui-sim-p510-page/data/patch-api/evidence/5.1.0-session-2026-10-08/addon-snapshot/Clicked/Conditions/ConditionUtils.lua: Lua error: ...-08/addon-snapshot/Clicked/Conditions/ConditionUtils.lua:37: Cannot find a library instance of "LibTalentInfo-1.0".
stack traceback:
	(string):1: in main chunk
[Interface/AddOns/Blizzard_ScriptErrors/Blizzard_ScriptErrors.lua]:59: in function 'GetErrorData'
[Interface/AddOns/Blizzard_ScriptErrors/Blizzard_ScriptErrors.lua]:72: in function <[Interface/AddOns/Blizzard_ScriptErrors/Blizzard_ScriptErrors.lua]:71>

Lua error: @/home/osso/.worktrees/wow-ui-sim-p510-page/data/patch-api/evidence/5.1.0-session-2026-10-08/addon-snapshot/Clicked/Conditions/LoadConditions.lua: Lua error: ...-08/addon-snapshot/Clicked/Conditions/LoadConditions.lua:47: attempt to call method 'IsForever' (a nil value)
stack traceback:
	(string):1: in main chunk
Lua error: Lua Error: @/home/osso/.worktrees/wow-ui-sim-p510-page/data/patch-api/evidence/5.1.0-session-2026-10-08/addon-snapshot/Clicked/Conditions/LoadConditions.lua: Lua error: ...-08/addon-snapshot/Clicked/Conditions/LoadConditions.lua:47: attempt to call method 'IsForever' (a nil value)
stack traceback:
	(string):1: in main chunk
[Interface/AddOns/Blizzard_ScriptErrors/Blizzard_ScriptErrors.lua]:59: in function 'GetErrorData'
[Interface/AddOns/Blizzard_ScriptErrors/Blizzard_ScriptErrors.lua]:72: in function <[Interface/AddOns/Blizzard_ScriptErrors/Blizzard_ScriptErrors.lua]:71>

Lua error: @/home/osso/.worktrees/wow-ui-sim-p510-page/data/patch-api/evidence/5.1.0-session-2026-10-08/addon-snapshot/Clicked/Config/Profile.lua: Lua error: ...ion-2026-10-08/addon-snapshot/Clicked/Config/Profile.lua:17: Cannot find a library instance of "AceConfig-3.0".
stack traceback:
	(string):1: in main chunk
Lua error: Lua Error: @/home/osso/.worktrees/wow-ui-sim-p510-page/data/patch-api/evidence/5.1.0-session-2026-10-08/addon-snapshot/Clicked/Config/Profile.lua: Lua error: ...ion-2026-10-08/addon-snapshot/Clicked/Config/Profile.lua:17: Cannot find a library instance of "AceConfig-3.0".
stack traceback:
	(string):1: in main chunk
[Interface/AddOns/Blizzard_ScriptErrors/Blizzard_ScriptErrors.lua]:59: in function 'GetErrorData'
[Interface/AddOns/Blizzard_ScriptErrors/Blizzard_ScriptErrors.lua]:72: in function <[Interface/AddOns/Blizzard_ScriptErrors/Blizzard_ScriptErrors.lua]:71>

Lua error: @/home/osso/.worktrees/wow-ui-sim-p510-page/data/patch-api/evidence/5.1.0-session-2026-10-08/addon-snapshot/Clicked/Config/KeyVisualizer.lua: Lua error: ...26-10-08/addon-snapshot/Clicked/Config/KeyVisualizer.lua:17: Cannot find a library instance of "AceGUI-3.0".
stack traceback:
	(string):1: in main chunk
Lua error: Lua Error: @/home/osso/.worktrees/wow-ui-sim-p510-page/data/patch-api/evidence/5.1.0-session-2026-10-08/addon-snapshot/Clicked/Config/KeyVisualizer.lua: Lua error: ...26-10-08/addon-snapshot/Clicked/Config/KeyVisualizer.lua:17: Cannot find a library instance of "AceGUI-3.0".
stack traceback:
	(string):1: in main chunk
[Interface/AddOns/Blizzard_ScriptErrors/Blizzard_ScriptErrors.lua]:59: in function 'GetErrorData'
[Interface/AddOns/Blizzard_ScriptErrors/Blizzard_ScriptErrors.lua]:72: in function <[Interface/AddOns/Blizzard_ScriptErrors/Blizzard_ScriptErrors.lua]:71>

Lua error: @/home/osso/.worktrees/wow-ui-sim-p510-page/data/patch-api/evidence/5.1.0-session-2026-10-08/addon-snapshot/Clicked/Debug/StatusOutput.lua: Lua error: ...2026-10-08/addon-snapshot/Clicked/Debug/StatusOutput.lua:17: Cannot find a library instance of "AceGUI-3.0".
stack traceback:
	(string):1: in main chunk
Lua error: Lua Error: @/home/osso/.worktrees/wow-ui-sim-p510-page/data/patch-api/evidence/5.1.0-session-2026-10-08/addon-snapshot/Clicked/Debug/StatusOutput.lua: Lua error: ...2026-10-08/addon-snapshot/Clicked/Debug/StatusOutput.lua:17: Cannot find a library instance of "AceGUI-3.0".
stack traceback:
	(string):1: in main chunk
[Interface/AddOns/Blizzard_ScriptErrors/Blizzard_ScriptErrors.lua]:59: in function 'GetErrorData'
[Interface/AddOns/Blizzard_ScriptErrors/Blizzard_ScriptErrors.lua]:72: in function <[Interface/AddOns/Blizzard_ScriptErrors/Blizzard_ScriptErrors.lua]:71>

Lua error: IO error reading /home/osso/.worktrees/wow-ui-sim-p510-page/data/patch-api/evidence/5.1.0-session-2026-10-08/addon-snapshot/Clicked/BindingConfig/Tabs/Action.lua: No such file or directory (os error 2)
stack traceback:
	(string):1: in main chunk
Lua error: Lua Error: IO error reading /home/osso/.worktrees/wow-ui-sim-p510-page/data/patch-api/evidence/5.1.0-session-2026-10-08/addon-snapshot/Clicked/BindingConfig/Tabs/Action.lua: No such file or directory (os error 2)
stack traceback:
	(string):1: in main chunk
[Interface/AddOns/Blizzard_ScriptErrors/Blizzard_ScriptErrors.lua]:59: in function 'GetErrorData'
[Interface/AddOns/Blizzard_ScriptErrors/Blizzard_ScriptErrors.lua]:72: in function <[Interface/AddOns/Blizzard_ScriptErrors/Blizzard_ScriptErrors.lua]:71>

Lua error: @/home/osso/.worktrees/wow-ui-sim-p510-page/data/patch-api/evidence/5.1.0-session-2026-10-08/addon-snapshot/Clicked/BindingConfig/BindingConfig.lua: Lua error: ...8/addon-snapshot/Clicked/BindingConfig/BindingConfig.lua:31: Cannot find a library instance of "AceGUI-3.0".
stack traceback:
	(string):1: in main chunk
Lua error: Lua Error: @/home/osso/.worktrees/wow-ui-sim-p510-page/data/patch-api/evidence/5.1.0-session-2026-10-08/addon-snapshot/Clicked/BindingConfig/BindingConfig.lua: Lua error: ...8/addon-snapshot/Clicked/BindingConfig/BindingConfig.lua:31: Cannot find a library instance of "AceGUI-3.0".
stack traceback:
	(string):1: in main chunk
[Interface/AddOns/Blizzard_ScriptErrors/Blizzard_ScriptErrors.lua]:59: in function 'GetErrorData'
[Interface/AddOns/Blizzard_ScriptErrors/Blizzard_ScriptErrors.lua]:72: in function <[Interface/AddOns/Blizzard_ScriptErrors/Blizzard_ScriptErrors.lua]:71>

Lua error: @/home/osso/.worktrees/wow-ui-sim-p510-page/data/patch-api/evidence/5.1.0-session-2026-10-08/addon-snapshot/CursorRing/Locales/enUS.lua: Lua error: ...on-2026-10-08/addon-snapshot/CursorRing/Locales/enUS.lua:2: attempt to call field 'NewLocale' (a nil value)
stack traceback:
	(string):1: in main chunk
Lua error: Lua Error: @/home/osso/.worktrees/wow-ui-sim-p510-page/data/patch-api/evidence/5.1.0-session-2026-10-08/addon-snapshot/CursorRing/Locales/enUS.lua: Lua error: ...on-2026-10-08/addon-snapshot/CursorRing/Locales/enUS.lua:2: attempt to call field 'NewLocale' (a nil value)
stack traceback:
	(string):1: in main chunk
[Interface/AddOns/Blizzard_ScriptErrors/Blizzard_ScriptErrors.lua]:59: in function 'GetErrorData'
[Interface/AddOns/Blizzard_ScriptErrors/Blizzard_ScriptErrors.lua]:72: in function <[Interface/AddOns/Blizzard_ScriptErrors/Blizzard_ScriptErrors.lua]:71>

Lua error: @/home/osso/.worktrees/wow-ui-sim-p510-page/data/patch-api/evidence/5.1.0-session-2026-10-08/addon-snapshot/CursorRing/Locales/deDE.lua: Lua error: ...on-2026-10-08/addon-snapshot/CursorRing/Locales/deDE.lua:2: attempt to call field 'NewLocale' (a nil value)
stack traceback:
	(string):1: in main chunk
Lua error: Lua Error: @/home/osso/.worktrees/wow-ui-sim-p510-page/data/patch-api/evidence/5.1.0-session-2026-10-08/addon-snapshot/CursorRing/Locales/deDE.lua: Lua error: ...on-2026-10-08/addon-snapshot/CursorRing/Locales/deDE.lua:2: attempt to call field 'NewLocale' (a nil value)
stack traceback:
	(string):1: in main chunk
[Interface/AddOns/Blizzard_ScriptErrors/Blizzard_ScriptErrors.lua]:59: in function 'GetErrorData'
[Interface/AddOns/Blizzard_ScriptErrors/Blizzard_ScriptErrors.lua]:72: in function <[Interface/AddOns/Blizzard_ScriptErrors/Blizzard_ScriptErrors.lua]:71>

Lua error: @/home/osso/.worktrees/wow-ui-sim-p510-page/data/patch-api/evidence/5.1.0-session-2026-10-08/addon-snapshot/CursorRing/Locales/zhCN.lua: Lua error: ...on-2026-10-08/addon-snapshot/CursorRing/Locales/zhCN.lua:2: attempt to call field 'NewLocale' (a nil value)
stack traceback:
	(string):1: in main chunk
Lua error: Lua Error: @/home/osso/.worktrees/wow-ui-sim-p510-page/data/patch-api/evidence/5.1.0-session-2026-10-08/addon-snapshot/CursorRing/Locales/zhCN.lua: Lua error: ...on-2026-10-08/addon-snapshot/CursorRing/Locales/zhCN.lua:2: attempt to call field 'NewLocale' (a nil value)
stack traceback:
	(string):1: in main chunk
[Interface/AddOns/Blizzard_ScriptErrors/Blizzard_ScriptErrors.lua]:59: in function 'GetErrorData'
[Interface/AddOns/Blizzard_ScriptErrors/Blizzard_ScriptErrors.lua]:72: in function <[Interface/AddOns/Blizzard_ScriptErrors/Blizzard_ScriptErrors.lua]:71>

Lua error: @/home/osso/.worktrees/wow-ui-sim-p510-page/data/patch-api/evidence/5.1.0-session-2026-10-08/addon-snapshot/CursorRing/Modules/Resources/Druid.lua: Lua error: ...08/addon-snapshot/CursorRing/Modules/Resources/Druid.lua:5: attempt to call field 'RegisterResourceModule' (a nil value)
stack traceback:
	(string):1: in main chunk
Lua error: Lua Error: @/home/osso/.worktrees/wow-ui-sim-p510-page/data/patch-api/evidence/5.1.0-session-2026-10-08/addon-snapshot/CursorRing/Modules/Resources/Druid.lua: Lua error: ...08/addon-snapshot/CursorRing/Modules/Resources/Druid.lua:5: attempt to call field 'RegisterResourceModule' (a nil value)
stack traceback:
	(string):1: in main chunk
[Interface/AddOns/Blizzard_ScriptErrors/Blizzard_ScriptErrors.lua]:59: in function 'GetErrorData'
[Interface/AddOns/Blizzard_ScriptErrors/Blizzard_ScriptErrors.lua]:72: in function <[Interface/AddOns/Blizzard_ScriptErrors/Blizzard_ScriptErrors.lua]:71>

Lua error: @/home/osso/.worktrees/wow-ui-sim-p510-page/data/patch-api/evidence/5.1.0-session-2026-10-08/addon-snapshot/CursorRing/Modules/Resources/Paladin.lua: Lua error: .../addon-snapshot/CursorRing/Modules/Resources/Paladin.lua:5: attempt to call field 'RegisterResourceModule' (a nil value)
stack traceback:
	(string):1: in main chunk
Lua error: Lua Error: @/home/osso/.worktrees/wow-ui-sim-p510-page/data/patch-api/evidence/5.1.0-session-2026-10-08/addon-snapshot/CursorRing/Modules/Resources/Paladin.lua: Lua error: .../addon-snapshot/CursorRing/Modules/Resources/Paladin.lua:5: attempt to call field 'RegisterResourceModule' (a nil value)
stack traceback:
	(string):1: in main chunk
[Interface/AddOns/Blizzard_ScriptErrors/Blizzard_ScriptErrors.lua]:59: in function 'GetErrorData'
[Interface/AddOns/Blizzard_ScriptErrors/Blizzard_ScriptErrors.lua]:72: in function <[Interface/AddOns/Blizzard_ScriptErrors/Blizzard_ScriptErrors.lua]:71>

Lua error: @/home/osso/.worktrees/wow-ui-sim-p510-page/data/patch-api/evidence/5.1.0-session-2026-10-08/addon-snapshot/CursorRing/Modules/Resources/Monk.lua: Lua error: ...-08/addon-snapshot/CursorRing/Modules/Resources/Monk.lua:5: attempt to call field 'RegisterResourceModule' (a nil value)
stack traceback:
	(string):1: in main chunk
Lua error: Lua Error: @/home/osso/.worktrees/wow-ui-sim-p510-page/data/patch-api/evidence/5.1.0-session-2026-10-08/addon-snapshot/CursorRing/Modules/Resources/Monk.lua: Lua error: ...-08/addon-snapshot/CursorRing/Modules/Resources/Monk.lua:5: attempt to call field 'RegisterResourceModule' (a nil value)
stack traceback:
	(string):1: in main chunk
[Interface/AddOns/Blizzard_ScriptErrors/Blizzard_ScriptErrors.lua]:59: in function 'GetErrorData'
[Interface/AddOns/Blizzard_ScriptErrors/Blizzard_ScriptErrors.lua]:72: in function <[Interface/AddOns/Blizzard_ScriptErrors/Blizzard_ScriptErrors.lua]:71>

Lua error: @/home/osso/.worktrees/wow-ui-sim-p510-page/data/patch-api/evidence/5.1.0-session-2026-10-08/addon-snapshot/CursorRing/Modules/Resources/Warlock.lua: Lua error: .../addon-snapshot/CursorRing/Modules/Resources/Warlock.lua:30: attempt to call field 'RegisterResourceModule' (a nil value)
stack traceback:
	(string):1: in main chunk
Lua error: Lua Error: @/home/osso/.worktrees/wow-ui-sim-p510-page/data/patch-api/evidence/5.1.0-session-2026-10-08/addon-snapshot/CursorRing/Modules/Resources/Warlock.lua: Lua error: .../addon-snapshot/CursorRing/Modules/Resources/Warlock.lua:30: attempt to call field 'RegisterResourceModule' (a nil value)
stack traceback:
	(string):1: in main chunk
[Interface/AddOns/Blizzard_ScriptErrors/Blizzard_ScriptErrors.lua]:59: in function 'GetErrorData'
[Interface/AddOns/Blizzard_ScriptErrors/Blizzard_ScriptErrors.lua]:72: in function <[Interface/AddOns/Blizzard_ScriptErrors/Blizzard_ScriptErrors.lua]:71>

Lua error: @/home/osso/.worktrees/wow-ui-sim-p510-page/data/patch-api/evidence/5.1.0-session-2026-10-08/addon-snapshot/CursorRing/Modules/Resources/Evoker.lua: Lua error: ...8/addon-snapshot/CursorRing/Modules/Resources/Evoker.lua:18: attempt to call field 'RegisterResourceModule' (a nil value)
stack traceback:
	(string):1: in main chunk
Lua error: Lua Error: @/home/osso/.worktrees/wow-ui-sim-p510-page/data/patch-api/evidence/5.1.0-session-2026-10-08/addon-snapshot/CursorRing/Modules/Resources/Evoker.lua: Lua error: ...8/addon-snapshot/CursorRing/Modules/Resources/Evoker.lua:18: attempt to call field 'RegisterResourceModule' (a nil value)
stack traceback:
	(string):1: in main chunk
[Interface/AddOns/Blizzard_ScriptErrors/Blizzard_ScriptErrors.lua]:59: in function 'GetErrorData'
[Interface/AddOns/Blizzard_ScriptErrors/Blizzard_ScriptErrors.lua]:72: in function <[Interface/AddOns/Blizzard_ScriptErrors/Blizzard_ScriptErrors.lua]:71>

Lua error: @/home/osso/.worktrees/wow-ui-sim-p510-page/data/patch-api/evidence/5.1.0-session-2026-10-08/addon-snapshot/DandersFrames/Core/AutoProfiles.lua: Lua error: ...10-08/addon-snapshot/DandersFrames/Core/AutoProfiles.lua:97: attempt to index upvalue 'L' (a nil value)
stack traceback:
	(string):1: in main chunk
Lua error: Lua Error: @/home/osso/.worktrees/wow-ui-sim-p510-page/data/patch-api/evidence/5.1.0-session-2026-10-08/addon-snapshot/DandersFrames/Core/AutoProfiles.lua: Lua error: ...10-08/addon-snapshot/DandersFrames/Core/AutoProfiles.lua:97: attempt to index upvalue 'L' (a nil value)
stack traceback:
	(string):1: in main chunk
[Interface/AddOns/Blizzard_ScriptErrors/Blizzard_ScriptErrors.lua]:59: in function 'GetErrorData'
[Interface/AddOns/Blizzard_ScriptErrors/Blizzard_ScriptErrors.lua]:72: in function <[Interface/AddOns/Blizzard_ScriptErrors/Blizzard_ScriptErrors.lua]:71>

Lua error: @/home/osso/.worktrees/wow-ui-sim-p510-page/data/patch-api/evidence/5.1.0-session-2026-10-08/addon-snapshot/DandersFrames/Frames/Headers.lua: Lua error: ...26-10-08/addon-snapshot/DandersFrames/Frames/Headers.lua:506: attempt to call method 'RegisterDebugSlash' (a nil value)
stack traceback:
	(string):1: in main chunk
Lua error: Lua Error: @/home/osso/.worktrees/wow-ui-sim-p510-page/data/patch-api/evidence/5.1.0-session-2026-10-08/addon-snapshot/DandersFrames/Frames/Headers.lua: Lua error: ...26-10-08/addon-snapshot/DandersFrames/Frames/Headers.lua:506: attempt to call method 'RegisterDebugSlash' (a nil value)
stack traceback:
	(string):1: in main chunk
[Interface/AddOns/Blizzard_ScriptErrors/Blizzard_ScriptErrors.lua]:59: in function 'GetErrorData'
[Interface/AddOns/Blizzard_ScriptErrors/Blizzard_ScriptErrors.lua]:72: in function <[Interface/AddOns/Blizzard_ScriptErrors/Blizzard_ScriptErrors.lua]:71>

Lua error: @/home/osso/.worktrees/wow-ui-sim-p510-page/data/patch-api/evidence/5.1.0-session-2026-10-08/addon-snapshot/DandersFrames/Frames/Position.lua: Lua error: ...6-10-08/addon-snapshot/DandersFrames/Frames/Position.lua:72: attempt to index local 'L' (a nil value)
stack traceback:
	(string):1: in main chunk
Lua error: Lua Error: @/home/osso/.worktrees/wow-ui-sim-p510-page/data/patch-api/evidence/5.1.0-session-2026-10-08/addon-snapshot/DandersFrames/Frames/Position.lua: Lua error: ...6-10-08/addon-snapshot/DandersFrames/Frames/Position.lua:72: attempt to index local 'L' (a nil value)
stack traceback:
	(string):1: in main chunk
[Interface/AddOns/Blizzard_ScriptErrors/Blizzard_ScriptErrors.lua]:59: in function 'GetErrorData'
[Interface/AddOns/Blizzard_ScriptErrors/Blizzard_ScriptErrors.lua]:72: in function <[Interface/AddOns/Blizzard_ScriptErrors/Blizzard_ScriptErrors.lua]:71>

Lua error: @/home/osso/.worktrees/wow-ui-sim-p510-page/data/patch-api/evidence/5.1.0-session-2026-10-08/addon-snapshot/DandersFrames/Features/Range.lua: Lua error: ...26-10-08/addon-snapshot/DandersFrames/Features/Range.lua:984: attempt to call method 'RegisterRosterUnitEvent' (a nil value)
stack traceback:
	(string):1: in main chunk
Lua error: Lua Error: @/home/osso/.worktrees/wow-ui-sim-p510-page/data/patch-api/evidence/5.1.0-session-2026-10-08/addon-snapshot/DandersFrames/Features/Range.lua: Lua error: ...26-10-08/addon-snapshot/DandersFrames/Features/Range.lua:984: attempt to call method 'RegisterRosterUnitEvent' (a nil value)
stack traceback:
	(string):1: in main chunk
[Interface/AddOns/Blizzard_ScriptErrors/Blizzard_ScriptErrors.lua]:59: in function 'GetErrorData'
[Interface/AddOns/Blizzard_ScriptErrors/Blizzard_ScriptErrors.lua]:72: in function <[Interface/AddOns/Blizzard_ScriptErrors/Blizzard_ScriptErrors.lua]:71>

Lua error: @/home/osso/.worktrees/wow-ui-sim-p510-page/data/patch-api/evidence/5.1.0-session-2026-10-08/addon-snapshot/DandersFrames/Features/Dispel.lua: Lua error: ...6-10-08/addon-snapshot/DandersFrames/Features/Dispel.lua:3133: attempt to call method 'RegisterDebugSlash' (a nil value)
stack traceback:
	(string):1: in main chunk
Lua error: Lua Error: @/home/osso/.worktrees/wow-ui-sim-p510-page/data/patch-api/evidence/5.1.0-session-2026-10-08/addon-snapshot/DandersFrames/Features/Dispel.lua: Lua error: ...6-10-08/addon-snapshot/DandersFrames/Features/Dispel.lua:3133: attempt to call method 'RegisterDebugSlash' (a nil value)
stack traceback:
	(string):1: in main chunk
[Interface/AddOns/Blizzard_ScriptErrors/Blizzard_ScriptErrors.lua]:59: in function 'GetErrorData'
[Interface/AddOns/Blizzard_ScriptErrors/Blizzard_ScriptErrors.lua]:72: in function <[Interface/AddOns/Blizzard_ScriptErrors/Blizzard_ScriptErrors.lua]:71>

Lua error: @/home/osso/.worktrees/wow-ui-sim-p510-page/data/patch-api/evidence/5.1.0-session-2026-10-08/addon-snapshot/DeModal/DeModal.lua: Lua error: ....0-session-2026-10-08/addon-snapshot/DeModal/DeModal.lua:9: attempt to call field 'LoadSlashCommands' (a nil value)
stack traceback:
	(string):1: in main chunk
Lua error: Lua Error: @/home/osso/.worktrees/wow-ui-sim-p510-page/data/patch-api/evidence/5.1.0-session-2026-10-08/addon-snapshot/DeModal/DeModal.lua: Lua error: ....0-session-2026-10-08/addon-snapshot/DeModal/DeModal.lua:9: attempt to call field 'LoadSlashCommands' (a nil value)
stack traceback:
	(string):1: in main chunk
[Interface/AddOns/Blizzard_ScriptErrors/Blizzard_ScriptErrors.lua]:59: in function 'GetErrorData'
[Interface/AddOns/Blizzard_ScriptErrors/Blizzard_ScriptErrors.lua]:72: in function <[Interface/AddOns/Blizzard_ScriptErrors/Blizzard_ScriptErrors.lua]:71>

Lua error: IO error reading /home/osso/.worktrees/wow-ui-sim-p510-page/data/patch-api/evidence/5.1.0-session-2026-10-08/addon-snapshot/Dejunk/src/addon.lua: No such file or directory (os error 2)
stack traceback:
	(string):1: in main chunk
Lua error: Lua Error: IO error reading /home/osso/.worktrees/wow-ui-sim-p510-page/data/patch-api/evidence/5.1.0-session-2026-10-08/addon-snapshot/Dejunk/src/addon.lua: No such file or directory (os error 2)
stack traceback:
	(string):1: in main chunk
[Interface/AddOns/Blizzard_ScriptErrors/Blizzard_ScriptErrors.lua]:59: in function 'GetErrorData'
[Interface/AddOns/Blizzard_ScriptErrors/Blizzard_ScriptErrors.lua]:72: in function <[Interface/AddOns/Blizzard_ScriptErrors/Blizzard_ScriptErrors.lua]:71>

Lua error: IO error reading /home/osso/.worktrees/wow-ui-sim-p510-page/data/patch-api/evidence/5.1.0-session-2026-10-08/addon-snapshot/DialogueUI/Code/Utility/FontUtil.lua: No such file or directory (os error 2)
stack traceback:
	(string):1: in main chunk
Lua error: Lua Error: IO error reading /home/osso/.worktrees/wow-ui-sim-p510-page/data/patch-api/evidence/5.1.0-session-2026-10-08/addon-snapshot/DialogueUI/Code/Utility/FontUtil.lua: No such file or directory (os error 2)
stack traceback:
	(string):1: in main chunk
[Interface/AddOns/Blizzard_ScriptErrors/Blizzard_ScriptErrors.lua]:59: in function 'GetErrorData'
[Interface/AddOns/Blizzard_ScriptErrors/Blizzard_ScriptErrors.lua]:72: in function <[Interface/AddOns/Blizzard_ScriptErrors/Blizzard_ScriptErrors.lua]:71>

Lua error: @/home/osso/.worktrees/wow-ui-sim-p510-page/data/patch-api/evidence/5.1.0-session-2026-10-08/addon-snapshot/DialogueUI/Code/Sound.lua: Lua error: ...sion-2026-10-08/addon-snapshot/DialogueUI/Code/Sound.lua:78: attempt to index field 'CallbackRegistry' (a nil value)
stack traceback:
	(string):1: in main chunk
Lua error: Lua Error: @/home/osso/.worktrees/wow-ui-sim-p510-page/data/patch-api/evidence/5.1.0-session-2026-10-08/addon-snapshot/DialogueUI/Code/Sound.lua: Lua error: ...sion-2026-10-08/addon-snapshot/DialogueUI/Code/Sound.lua:78: attempt to index field 'CallbackRegistry' (a nil value)
stack traceback:
	(string):1: in main chunk
[Interface/AddOns/Blizzard_ScriptErrors/Blizzard_ScriptErrors.lua]:59: in function 'GetErrorData'
[Interface/AddOns/Blizzard_ScriptErrors/Blizzard_ScriptErrors.lua]:72: in function <[Interface/AddOns/Blizzard_ScriptErrors/Blizzard_ScriptErrors.lua]:71>

Lua error: IO error reading /home/osso/.worktrees/wow-ui-sim-p510-page/data/patch-api/evidence/5.1.0-session-2026-10-08/addon-snapshot/DialogueUI/Code/Scroll/Scroll_Swipe.lua: No such file or directory (os error 2)
stack traceback:
	(string):1: in main chunk
Lua error: Lua Error: IO error reading /home/osso/.worktrees/wow-ui-sim-p510-page/data/patch-api/evidence/5.1.0-session-2026-10-08/addon-snapshot/DialogueUI/Code/Scroll/Scroll_Swipe.lua: No such file or directory (os error 2)
stack traceback:
	(string):1: in main chunk
[Interface/AddOns/Blizzard_ScriptErrors/Blizzard_ScriptErrors.lua]:59: in function 'GetErrorData'
[Interface/AddOns/Blizzard_ScriptErrors/Blizzard_ScriptErrors.lua]:72: in function <[Interface/AddOns/Blizzard_ScriptErrors/Blizzard_ScriptErrors.lua]:71>

Lua error: IO error reading /home/osso/.worktrees/wow-ui-sim-p510-page/data/patch-api/evidence/5.1.0-session-2026-10-08/addon-snapshot/DialogueUI/Code/Settings/Settings_Definitions.lua: No such file or directory (os error 2)
stack traceback:
	(string):1: in main chunk
Lua error: Lua Error: IO error reading /home/osso/.worktrees/wow-ui-sim-p510-page/data/patch-api/evidence/5.1.0-session-2026-10-08/addon-snapshot/DialogueUI/Code/Settings/Settings_Definitions.lua: No such file or directory (os error 2)
stack traceback:
	(string):1: in main chunk
[Interface/AddOns/Blizzard_ScriptErrors/Blizzard_ScriptErrors.lua]:59: in function 'GetErrorData'
[Interface/AddOns/Blizzard_ScriptErrors/Blizzard_ScriptErrors.lua]:72: in function <[Interface/AddOns/Blizzard_ScriptErrors/Blizzard_ScriptErrors.lua]:71>

Lua error: @/home/osso/.worktrees/wow-ui-sim-p510-page/data/patch-api/evidence/5.1.0-session-2026-10-08/addon-snapshot/DialogueUI/Code/NameplateGossip.lua: Lua error: ...10-08/addon-snapshot/DialogueUI/Code/NameplateGossip.lua:260: attempt to index field 'CallbackRegistry' (a nil value)
stack traceback:
	(string):1: in main chunk
Lua error: Lua Error: @/home/osso/.worktrees/wow-ui-sim-p510-page/data/patch-api/evidence/5.1.0-session-2026-10-08/addon-snapshot/DialogueUI/Code/NameplateGossip.lua: Lua error: ...10-08/addon-snapshot/DialogueUI/Code/NameplateGossip.lua:260: attempt to index field 'CallbackRegistry' (a nil value)
stack traceback:
	(string):1: in main chunk
[Interface/AddOns/Blizzard_ScriptErrors/Blizzard_ScriptErrors.lua]:59: in function 'GetErrorData'
[Interface/AddOns/Blizzard_ScriptErrors/Blizzard_ScriptErrors.lua]:72: in function <[Interface/AddOns/Blizzard_ScriptErrors/Blizzard_ScriptErrors.lua]:71>

Lua error: IO error reading /home/osso/.worktrees/wow-ui-sim-p510-page/data/patch-api/evidence/5.1.0-session-2026-10-08/addon-snapshot/DialogueUI/Code/Dialogue/Clipboard.lua: No such file or directory (os error 2)
stack traceback:
	(string):1: in main chunk
Lua error: Lua Error: IO error reading /home/osso/.worktrees/wow-ui-sim-p510-page/data/patch-api/evidence/5.1.0-session-2026-10-08/addon-snapshot/DialogueUI/Code/Dialogue/Clipboard.lua: No such file or directory (os error 2)
stack traceback:
	(string):1: in main chunk
[Interface/AddOns/Blizzard_ScriptErrors/Blizzard_ScriptErrors.lua]:59: in function 'GetErrorData'
[Interface/AddOns/Blizzard_ScriptErrors/Blizzard_ScriptErrors.lua]:72: in function <[Interface/AddOns/Blizzard_ScriptErrors/Blizzard_ScriptErrors.lua]:71>

Lua error: @/home/osso/.worktrees/wow-ui-sim-p510-page/data/patch-api/evidence/5.1.0-session-2026-10-08/addon-snapshot/DialogueUI/Code/Book/BookUI_Component.lua: Lua error: ...addon-snapshot/DialogueUI/Code/Book/BookUI_Component.lua:440: attempt to index field 'TooltipAPI' (a nil value)
stack traceback:
	(string):1: in main chunk
Lua error: Lua Error: @/home/osso/.worktrees/wow-ui-sim-p510-page/data/patch-api/evidence/5.1.0-session-2026-10-08/addon-snapshot/DialogueUI/Code/Book/BookUI_Component.lua: Lua error: ...addon-snapshot/DialogueUI/Code/Book/BookUI_Component.lua:440: attempt to index field 'TooltipAPI' (a nil value)
stack traceback:
	(string):1: in main chunk
[Interface/AddOns/Blizzard_ScriptErrors/Blizzard_ScriptErrors.lua]:59: in function 'GetErrorData'
[Interface/AddOns/Blizzard_ScriptErrors/Blizzard_ScriptErrors.lua]:72: in function <[Interface/AddOns/Blizzard_ScriptErrors/Blizzard_ScriptErrors.lua]:71>

Lua error: IO error reading /home/osso/.worktrees/wow-ui-sim-p510-page/data/patch-api/evidence/5.1.0-session-2026-10-08/addon-snapshot/DialogueUI/Code/Widget/WidgetManager.lua: No such file or directory (os error 2)
stack traceback:
	(string):1: in main chunk
Lua error: Lua Error: IO error reading /home/osso/.worktrees/wow-ui-sim-p510-page/data/patch-api/evidence/5.1.0-session-2026-10-08/addon-snapshot/DialogueUI/Code/Widget/WidgetManager.lua: No such file or directory (os error 2)
stack traceback:
	(string):1: in main chunk
[Interface/AddOns/Blizzard_ScriptErrors/Blizzard_ScriptErrors.lua]:59: in function 'GetErrorData'
[Interface/AddOns/Blizzard_ScriptErrors/Blizzard_ScriptErrors.lua]:72: in function <[Interface/AddOns/Blizzard_ScriptErrors/Blizzard_ScriptErrors.lua]:71>

Lua error: @/home/osso/.worktrees/wow-ui-sim-p510-page/data/patch-api/evidence/5.1.0-session-2026-10-08/addon-snapshot/DialogueUI/Code/Core.lua: Lua error: ...ssion-2026-10-08/addon-snapshot/DialogueUI/Code/Core.lua:74: attempt to call field 'AddCustomLinkType' (a nil value)
stack traceback:
	(string):1: in main chunk
Lua error: Lua Error: @/home/osso/.worktrees/wow-ui-sim-p510-page/data/patch-api/evidence/5.1.0-session-2026-10-08/addon-snapshot/DialogueUI/Code/Core.lua: Lua error: ...ssion-2026-10-08/addon-snapshot/DialogueUI/Code/Core.lua:74: attempt to call field 'AddCustomLinkType' (a nil value)
stack traceback:
	(string):1: in main chunk
[Interface/AddOns/Blizzard_ScriptErrors/Blizzard_ScriptErrors.lua]:59: in function 'GetErrorData'
[Interface/AddOns/Blizzard_ScriptErrors/Blizzard_ScriptErrors.lua]:72: in function <[Interface/AddOns/Blizzard_ScriptErrors/Blizzard_ScriptErrors.lua]:71>

Lua error: [OnEvent] frame=#48564 addon=DialogueUI source=@/home/osso/.worktrees/wow-ui-sim-p510-page/data/patch-api/evidence/5.1.0-session-2026-10-08/addon-snapshot/DialogueUI/Initialization.lua:204: ...-2026-10-08/addon-snapshot/DialogueUI/Initialization.lua:137: attempt to index field 'CallbackRegistry' (a nil value)
stack traceback:
	(string):12: in function <(string):12>
	[C]: in function 'native_xpcall'
	(string):11: in function <(string):10>
	...-2026-10-08/addon-snapshot/DialogueUI/Initialization.lua:137: in function 'SetDBValue'
	...-2026-10-08/addon-snapshot/DialogueUI/Initialization.lua:177: in function 'LoadDatabase'
	...-2026-10-08/addon-snapshot/DialogueUI/Initialization.lua:209: in function <...-2026-10-08/addon-snapshot/DialogueUI/Initialization.lua:204>
	(tail call): ?
	(tail call): ?
	[C]: in function 'native_xpcall'
	(string):8: in function <(string):5>
	(tail call): ?
Lua error: Lua Error: [OnEvent] frame=#48564 addon=DialogueUI source=@/home/osso/.worktrees/wow-ui-sim-p510-page/data/patch-api/evidence/5.1.0-session-2026-10-08/addon-snapshot/DialogueUI/Initialization.lua:204: ...-2026-10-08/addon-snapshot/DialogueUI/Initialization.lua:137: attempt to index field 'CallbackRegistry' (a nil value)
stack traceback:
	(string):12: in function <(string):12>
	[C]: in function 'native_xpcall'
	(string):11: in function <(string):10>
	...-2026-10-08/addon-snapshot/DialogueUI/Initialization.lua:137: in function 'SetDBValue'
	...-2026-10-08/addon-snapshot/DialogueUI/Initialization.lua:177: in function 'LoadDatabase'
	...-2026-10-08/addon-snapshot/DialogueUI/Initialization.lua:209: in function <...-2026-10-08/addon-snapshot/DialogueUI/Initialization.lua:204>
	(tail call): ?
	(tail call): ?
	[C]: in function 'native_xpcall'
	(string):8: in function <(string):5>
	(tail call): ?
[Interface/AddOns/Blizzard_ScriptErrors/Blizzard_ScriptErrors.lua]:59: in function 'GetErrorData'
[Interface/AddOns/Blizzard_ScriptErrors/Blizzard_ScriptErrors.lua]:72: in function <[Interface/AddOns/Blizzard_ScriptErrors/Blizzard_ScriptErrors.lua]:71>

Lua error: @Interface/AddOns/EllesmereUI/EllesmereUI_PartyMode.lua: Lua error: Interface/AddOns/EllesmereUI/EllesmereUI_PartyMode.lua:399: attempt to call method 'RegisterOnShow' (a nil value)
stack traceback:
	(string):1: in main chunk
Lua error: Lua Error: @Interface/AddOns/EllesmereUI/EllesmereUI_PartyMode.lua: Lua error: Interface/AddOns/EllesmereUI/EllesmereUI_PartyMode.lua:399: attempt to call method 'RegisterOnShow' (a nil value)
stack traceback:
	(string):1: in main chunk
[Interface/AddOns/Blizzard_ScriptErrors/Blizzard_ScriptErrors.lua]:59: in function 'GetErrorData'
[Interface/AddOns/Blizzard_ScriptErrors/Blizzard_ScriptErrors.lua]:72: in function <[Interface/AddOns/Blizzard_ScriptErrors/Blizzard_ScriptErrors.lua]:71>

Lua error: IO error reading /home/osso/.worktrees/wow-ui-sim-p510-page/data/patch-api/evidence/5.1.0-session-2026-10-08/addon-snapshot/EnhanceQoL/libs/AceLocale-3.0/AceLocale-3.0.lua: No such file or directory (os error 2)
stack traceback:
	(string):1: in main chunk
Lua error: Lua Error: IO error reading /home/osso/.worktrees/wow-ui-sim-p510-page/data/patch-api/evidence/5.1.0-session-2026-10-08/addon-snapshot/EnhanceQoL/libs/AceLocale-3.0/AceLocale-3.0.lua: No such file or directory (os error 2)
stack traceback:
	(string):1: in main chunk
[Interface/AddOns/Blizzard_ScriptErrors/Blizzard_ScriptErrors.lua]:59: in function 'GetErrorData'
[Interface/AddOns/Blizzard_ScriptErrors/Blizzard_ScriptErrors.lua]:72: in function <[Interface/AddOns/Blizzard_ScriptErrors/Blizzard_ScriptErrors.lua]:71>

Lua error: @/home/osso/.worktrees/wow-ui-sim-p510-page/data/patch-api/evidence/5.1.0-session-2026-10-08/addon-snapshot/EnhanceQoL/Init.lua: Lua error: ....0-session-2026-10-08/addon-snapshot/EnhanceQoL/Init.lua:70: Cannot find a library instance of "AceLocale-3.0".
stack traceback:
	(string):1: in main chunk
Lua error: Lua Error: @/home/osso/.worktrees/wow-ui-sim-p510-page/data/patch-api/evidence/5.1.0-session-2026-10-08/addon-snapshot/EnhanceQoL/Init.lua: Lua error: ....0-session-2026-10-08/addon-snapshot/EnhanceQoL/Init.lua:70: Cannot find a library instance of "AceLocale-3.0".
stack traceback:
	(string):1: in main chunk
[Interface/AddOns/Blizzard_ScriptErrors/Blizzard_ScriptErrors.lua]:59: in function 'GetErrorData'
[Interface/AddOns/Blizzard_ScriptErrors/Blizzard_ScriptErrors.lua]:72: in function <[Interface/AddOns/Blizzard_ScriptErrors/Blizzard_ScriptErrors.lua]:71>

Lua error: IO error reading /home/osso/.worktrees/wow-ui-sim-p510-page/data/patch-api/evidence/5.1.0-session-2026-10-08/addon-snapshot/EnhanceQoL/libs/LibDeflate/LibDeflate.lua: No such file or directory (os error 2)
stack traceback:
	(string):1: in main chunk
Lua error: Lua Error: IO error reading /home/osso/.worktrees/wow-ui-sim-p510-page/data/patch-api/evidence/5.1.0-session-2026-10-08/addon-snapshot/EnhanceQoL/libs/LibDeflate/LibDeflate.lua: No such file or directory (os error 2)
stack traceback:
	(string):1: in main chunk
[Interface/AddOns/Blizzard_ScriptErrors/Blizzard_ScriptErrors.lua]:59: in function 'GetErrorData'
[Interface/AddOns/Blizzard_ScriptErrors/Blizzard_ScriptErrors.lua]:72: in function <[Interface/AddOns/Blizzard_ScriptErrors/Blizzard_ScriptErrors.lua]:71>

Lua error: IO error reading /home/osso/.worktrees/wow-ui-sim-p510-page/data/patch-api/evidence/5.1.0-session-2026-10-08/addon-snapshot/EnhanceQoL/libs/LibSettingsDesigner/LibSettingsDesignerUI.lua: No such file or directory (os error 2)
stack traceback:
	(string):1: in main chunk
Lua error: Lua Error: IO error reading /home/osso/.worktrees/wow-ui-sim-p510-page/data/patch-api/evidence/5.1.0-session-2026-10-08/addon-snapshot/EnhanceQoL/libs/LibSettingsDesigner/LibSettingsDesignerUI.lua: No such file or directory (os error 2)
stack traceback:
	(string):1: in main chunk
[Interface/AddOns/Blizzard_ScriptErrors/Blizzard_ScriptErrors.lua]:59: in function 'GetErrorData'
[Interface/AddOns/Blizzard_ScriptErrors/Blizzard_ScriptErrors.lua]:72: in function <[Interface/AddOns/Blizzard_ScriptErrors/Blizzard_ScriptErrors.lua]:71>

Lua error: @/home/osso/.worktrees/wow-ui-sim-p510-page/data/patch-api/evidence/5.1.0-session-2026-10-08/addon-snapshot/EnhanceQoL/Core/EditMode.lua: Lua error: EnhanceQoL Edit Mode integration is not loaded
stack traceback:
	(string):1: in main chunk
Lua error: Lua Error: @/home/osso/.worktrees/wow-ui-sim-p510-page/data/patch-api/evidence/5.1.0-session-2026-10-08/addon-snapshot/EnhanceQoL/Core/EditMode.lua: Lua error: EnhanceQoL Edit Mode integration is not loaded
stack traceback:
	(string):1: in main chunk
[Interface/AddOns/Blizzard_ScriptErrors/Blizzard_ScriptErrors.lua]:59: in function 'GetErrorData'
[Interface/AddOns/Blizzard_ScriptErrors/Blizzard_ScriptErrors.lua]:72: in function <[Interface/AddOns/Blizzard_ScriptErrors/Blizzard_ScriptErrors.lua]:71>

Lua error: @/home/osso/.worktrees/wow-ui-sim-p510-page/data/patch-api/evidence/5.1.0-session-2026-10-08/addon-snapshot/EnhanceQoL/Core/SharedAnchors.lua: Lua error: ...6-10-08/addon-snapshot/EnhanceQoL/Core/SharedAnchors.lua:14: Cannot find a library instance of "AceLocale-3.0".
stack traceback:
	(string):1: in main chunk
Lua error: Lua Error: @/home/osso/.worktrees/wow-ui-sim-p510-page/data/patch-api/evidence/5.1.0-session-2026-10-08/addon-snapshot/EnhanceQoL/Core/SharedAnchors.lua: Lua error: ...6-10-08/addon-snapshot/EnhanceQoL/Core/SharedAnchors.lua:14: Cannot find a library instance of "AceLocale-3.0".
stack traceback:
	(string):1: in main chunk
[Interface/AddOns/Blizzard_ScriptErrors/Blizzard_ScriptErrors.lua]:59: in function 'GetErrorData'
[Interface/AddOns/Blizzard_ScriptErrors/Blizzard_ScriptErrors.lua]:72: in function <[Interface/AddOns/Blizzard_ScriptErrors/Blizzard_ScriptErrors.lua]:71>

Lua error: @/home/osso/.worktrees/wow-ui-sim-p510-page/data/patch-api/evidence/5.1.0-session-2026-10-08/addon-snapshot/EnhanceQoL/Core/EditModeAnchors.lua: Lua error: ...10-08/addon-snapshot/EnhanceQoL/Core/EditModeAnchors.lua:8: Cannot find a library instance of "AceLocale-3.0".
stack traceback:
	(string):1: in main chunk
Lua error: Lua Error: @/home/osso/.worktrees/wow-ui-sim-p510-page/data/patch-api/evidence/5.1.0-session-2026-10-08/addon-snapshot/EnhanceQoL/Core/EditModeAnchors.lua: Lua error: ...10-08/addon-snapshot/EnhanceQoL/Core/EditModeAnchors.lua:8: Cannot find a library instance of "AceLocale-3.0".
stack traceback:
	(string):1: in main chunk
[Interface/AddOns/Blizzard_ScriptErrors/Blizzard_ScriptErrors.lua]:59: in function 'GetErrorData'
[Interface/AddOns/Blizzard_ScriptErrors/Blizzard_ScriptErrors.lua]:72: in function <[Interface/AddOns/Blizzard_ScriptErrors/Blizzard_ScriptErrors.lua]:71>

Lua error: @/home/osso/.worktrees/wow-ui-sim-p510-page/data/patch-api/evidence/5.1.0-session-2026-10-08/addon-snapshot/EnhanceQoL/Core/EditModeAnchorUI.lua: Lua error: ...0-08/addon-snapshot/EnhanceQoL/Core/EditModeAnchorUI.lua:6: Cannot find a library instance of "AceLocale-3.0".
stack traceback:
	(string):1: in main chunk
Lua error: Lua Error: @/home/osso/.worktrees/wow-ui-sim-p510-page/data/patch-api/evidence/5.1.0-session-2026-10-08/addon-snapshot/EnhanceQoL/Core/EditModeAnchorUI.lua: Lua error: ...0-08/addon-snapshot/EnhanceQoL/Core/EditModeAnchorUI.lua:6: Cannot find a library instance of "AceLocale-3.0".
stack traceback:
	(string):1: in main chunk
[Interface/AddOns/Blizzard_ScriptErrors/Blizzard_ScriptErrors.lua]:59: in function 'GetErrorData'
[Interface/AddOns/Blizzard_ScriptErrors/Blizzard_ScriptErrors.lua]:72: in function <[Interface/AddOns/Blizzard_ScriptErrors/Blizzard_ScriptErrors.lua]:71>

Lua error: @/home/osso/.worktrees/wow-ui-sim-p510-page/data/patch-api/evidence/5.1.0-session-2026-10-08/addon-snapshot/EnhanceQoL/Core/Streams/Stream_Currency.lua: Lua error: ...don-snapshot/EnhanceQoL/Core/Streams/Stream_Currency.lua:18: attempt to index local 'L' (a nil value)
stack traceback:
	(string):1: in main chunk
Lua error: Lua Error: @/home/osso/.worktrees/wow-ui-sim-p510-page/data/patch-api/evidence/5.1.0-session-2026-10-08/addon-snapshot/EnhanceQoL/Core/Streams/Stream_Currency.lua: Lua error: ...don-snapshot/EnhanceQoL/Core/Streams/Stream_Currency.lua:18: attempt to index local 'L' (a nil value)
stack traceback:
	(string):1: in main chunk
[Interface/AddOns/Blizzard_ScriptErrors/Blizzard_ScriptErrors.lua]:59: in function 'GetErrorData'
[Interface/AddOns/Blizzard_ScriptErrors/Blizzard_ScriptErrors.lua]:72: in function <[Interface/AddOns/Blizzard_ScriptErrors/Blizzard_ScriptErrors.lua]:71>

Lua error: @/home/osso/.worktrees/wow-ui-sim-p510-page/data/patch-api/evidence/5.1.0-session-2026-10-08/addon-snapshot/EnhanceQoL/Submodules/GemHelper.lua: Lua error: ...10-08/addon-snapshot/EnhanceQoL/Submodules/GemHelper.lua:3: Cannot find a library instance of "AceLocale-3.0".
stack traceback:
	(string):1: in main chunk
Lua error: Lua Error: @/home/osso/.worktrees/wow-ui-sim-p510-page/data/patch-api/evidence/5.1.0-session-2026-10-08/addon-snapshot/EnhanceQoL/Submodules/GemHelper.lua: Lua error: ...10-08/addon-snapshot/EnhanceQoL/Submodules/GemHelper.lua:3: Cannot find a library instance of "AceLocale-3.0".
stack traceback:
	(string):1: in main chunk
[Interface/AddOns/Blizzard_ScriptErrors/Blizzard_ScriptErrors.lua]:59: in function 'GetErrorData'
[Interface/AddOns/Blizzard_ScriptErrors/Blizzard_ScriptErrors.lua]:72: in function <[Interface/AddOns/Blizzard_ScriptErrors/Blizzard_ScriptErrors.lua]:71>

Lua error: @/home/osso/.worktrees/wow-ui-sim-p510-page/data/patch-api/evidence/5.1.0-session-2026-10-08/addon-snapshot/EnhanceQoL/Submodules/MountActions.lua: Lua error: ...08/addon-snapshot/EnhanceQoL/Submodules/MountActions.lua:9: Cannot find a library instance of "AceLocale-3.0".
stack traceback:
	(string):1: in main chunk
Lua error: Lua Error: @/home/osso/.worktrees/wow-ui-sim-p510-page/data/patch-api/evidence/5.1.0-session-2026-10-08/addon-snapshot/EnhanceQoL/Submodules/MountActions.lua: Lua error: ...08/addon-snapshot/EnhanceQoL/Submodules/MountActions.lua:9: Cannot find a library instance of "AceLocale-3.0".
stack traceback:
	(string):1: in main chunk
[Interface/AddOns/Blizzard_ScriptErrors/Blizzard_ScriptErrors.lua]:59: in function 'GetErrorData'
[Interface/AddOns/Blizzard_ScriptErrors/Blizzard_ScriptErrors.lua]:72: in function <[Interface/AddOns/Blizzard_ScriptErrors/Blizzard_ScriptErrors.lua]:71>

Lua error: @/home/osso/.worktrees/wow-ui-sim-p510-page/data/patch-api/evidence/5.1.0-session-2026-10-08/addon-snapshot/EnhanceQoL/Submodules/ActionTracker.lua: Lua error: ...8/addon-snapshot/EnhanceQoL/Submodules/ActionTracker.lua:13: Cannot find a library instance of "AceLocale-3.0".
stack traceback:
	(string):1: in main chunk
Lua error: Lua Error: @/home/osso/.worktrees/wow-ui-sim-p510-page/data/patch-api/evidence/5.1.0-session-2026-10-08/addon-snapshot/EnhanceQoL/Submodules/ActionTracker.lua: Lua error: ...8/addon-snapshot/EnhanceQoL/Submodules/ActionTracker.lua:13: Cannot find a library instance of "AceLocale-3.0".
stack traceback:
	(string):1: in main chunk
[Interface/AddOns/Blizzard_ScriptErrors/Blizzard_ScriptErrors.lua]:59: in function 'GetErrorData'
[Interface/AddOns/Blizzard_ScriptErrors/Blizzard_ScriptErrors.lua]:72: in function <[Interface/AddOns/Blizzard_ScriptErrors/Blizzard_ScriptErrors.lua]:71>

Lua error: @/home/osso/.worktrees/wow-ui-sim-p510-page/data/patch-api/evidence/5.1.0-session-2026-10-08/addon-snapshot/EnhanceQoL/Submodules/GroupTools.lua: Lua error: ...0-08/addon-snapshot/EnhanceQoL/Submodules/GroupTools.lua:14: Cannot find a library instance of "AceLocale-3.0".
stack traceback:
	(string):1: in main chunk
Lua error: Lua Error: @/home/osso/.worktrees/wow-ui-sim-p510-page/data/patch-api/evidence/5.1.0-session-2026-10-08/addon-snapshot/EnhanceQoL/Submodules/GroupTools.lua: Lua error: ...0-08/addon-snapshot/EnhanceQoL/Submodules/GroupTools.lua:14: Cannot find a library instance of "AceLocale-3.0".
stack traceback:
	(string):1: in main chunk
[Interface/AddOns/Blizzard_ScriptErrors/Blizzard_ScriptErrors.lua]:59: in function 'GetErrorData'
[Interface/AddOns/Blizzard_ScriptErrors/Blizzard_ScriptErrors.lua]:72: in function <[Interface/AddOns/Blizzard_ScriptErrors/Blizzard_ScriptErrors.lua]:71>

Lua error: IO error reading /home/osso/.worktrees/wow-ui-sim-p510-page/data/patch-api/evidence/5.1.0-session-2026-10-08/addon-snapshot/EnhanceQoL/Settings/SettingsUI.lua: No such file or directory (os error 2)
stack traceback:
	(string):1: in main chunk
Lua error: Lua Error: IO error reading /home/osso/.worktrees/wow-ui-sim-p510-page/data/patch-api/evidence/5.1.0-session-2026-10-08/addon-snapshot/EnhanceQoL/Settings/SettingsUI.lua: No such file or directory (os error 2)
stack traceback:
	(string):1: in main chunk
[Interface/AddOns/Blizzard_ScriptErrors/Blizzard_ScriptErrors.lua]:59: in function 'GetErrorData'
[Interface/AddOns/Blizzard_ScriptErrors/Blizzard_ScriptErrors.lua]:72: in function <[Interface/AddOns/Blizzard_ScriptErrors/Blizzard_ScriptErrors.lua]:71>

Lua error: @/home/osso/.worktrees/wow-ui-sim-p510-page/data/patch-api/evidence/5.1.0-session-2026-10-08/addon-snapshot/EnhanceQoL/Modules/Mouse/Mouse.lua: Lua error: ...-10-08/addon-snapshot/EnhanceQoL/Modules/Mouse/Mouse.lua:10: Cannot find a library instance of "AceLocale-3.0".
stack traceback:
	(string):1: in main chunk
Lua error: Lua Error: @/home/osso/.worktrees/wow-ui-sim-p510-page/data/patch-api/evidence/5.1.0-session-2026-10-08/addon-snapshot/EnhanceQoL/Modules/Mouse/Mouse.lua: Lua error: ...-10-08/addon-snapshot/EnhanceQoL/Modules/Mouse/Mouse.lua:10: Cannot find a library instance of "AceLocale-3.0".
stack traceback:
	(string):1: in main chunk
[Interface/AddOns/Blizzard_ScriptErrors/Blizzard_ScriptErrors.lua]:59: in function 'GetErrorData'
[Interface/AddOns/Blizzard_ScriptErrors/Blizzard_ScriptErrors.lua]:72: in function <[Interface/AddOns/Blizzard_ScriptErrors/Blizzard_ScriptErrors.lua]:71>

Lua error: IO error reading /home/osso/.worktrees/wow-ui-sim-p510-page/data/patch-api/evidence/5.1.0-session-2026-10-08/addon-snapshot/EnhanceQoL/Modules/Food/Drinks.lua: No such file or directory (os error 2)
stack traceback:
	(string):1: in main chunk
Lua error: Lua Error: IO error reading /home/osso/.worktrees/wow-ui-sim-p510-page/data/patch-api/evidence/5.1.0-session-2026-10-08/addon-snapshot/EnhanceQoL/Modules/Food/Drinks.lua: No such file or directory (os error 2)
stack traceback:
	(string):1: in main chunk
[Interface/AddOns/Blizzard_ScriptErrors/Blizzard_ScriptErrors.lua]:59: in function 'GetErrorData'
[Interface/AddOns/Blizzard_ScriptErrors/Blizzard_ScriptErrors.lua]:72: in function <[Interface/AddOns/Blizzard_ScriptErrors/Blizzard_ScriptErrors.lua]:71>

Lua error: @/home/osso/.worktrees/wow-ui-sim-p510-page/data/patch-api/evidence/5.1.0-session-2026-10-08/addon-snapshot/InTime/InTime_UI.lua: Lua error: ...0-session-2026-10-08/addon-snapshot/InTime/InTime_UI.lua:131: attempt to index local 'L' (a nil value)
stack traceback:
	(string):1: in main chunk
Lua error: Lua Error: @/home/osso/.worktrees/wow-ui-sim-p510-page/data/patch-api/evidence/5.1.0-session-2026-10-08/addon-snapshot/InTime/InTime_UI.lua: Lua error: ...0-session-2026-10-08/addon-snapshot/InTime/InTime_UI.lua:131: attempt to index local 'L' (a nil value)
stack traceback:
	(string):1: in main chunk
[Interface/AddOns/Blizzard_ScriptErrors/Blizzard_ScriptErrors.lua]:59: in function 'GetErrorData'
[Interface/AddOns/Blizzard_ScriptErrors/Blizzard_ScriptErrors.lua]:72: in function <[Interface/AddOns/Blizzard_ScriptErrors/Blizzard_ScriptErrors.lua]:71>

Lua error: @/home/osso/.worktrees/wow-ui-sim-p510-page/data/patch-api/evidence/5.1.0-session-2026-10-08/addon-snapshot/InTime/InTime_Core.lua: Lua error: ...session-2026-10-08/addon-snapshot/InTime/InTime_Core.lua:20: attempt to index local 'L' (a nil value)
stack traceback:
	(string):1: in main chunk
Lua error: Lua Error: @/home/osso/.worktrees/wow-ui-sim-p510-page/data/patch-api/evidence/5.1.0-session-2026-10-08/addon-snapshot/InTime/InTime_Core.lua: Lua error: ...session-2026-10-08/addon-snapshot/InTime/InTime_Core.lua:20: attempt to index local 'L' (a nil value)
stack traceback:
	(string):1: in main chunk
[Interface/AddOns/Blizzard_ScriptErrors/Blizzard_ScriptErrors.lua]:59: in function 'GetErrorData'
[Interface/AddOns/Blizzard_ScriptErrors/Blizzard_ScriptErrors.lua]:72: in function <[Interface/AddOns/Blizzard_ScriptErrors/Blizzard_ScriptErrors.lua]:71>

Lua error: @/home/osso/.worktrees/wow-ui-sim-p510-page/data/patch-api/evidence/5.1.0-session-2026-10-08/addon-snapshot/ItemVersion/Locales/enUS.lua: Lua error: ...n-2026-10-08/addon-snapshot/ItemVersion/Locales/enUS.lua:6: Cannot find a library instance of "AceLocale-3.0".
stack traceback:
	(string):1: in main chunk
Lua error: Lua Error: @/home/osso/.worktrees/wow-ui-sim-p510-page/data/patch-api/evidence/5.1.0-session-2026-10-08/addon-snapshot/ItemVersion/Locales/enUS.lua: Lua error: ...n-2026-10-08/addon-snapshot/ItemVersion/Locales/enUS.lua:6: Cannot find a library instance of "AceLocale-3.0".
stack traceback:
	(string):1: in main chunk
[Interface/AddOns/Blizzard_ScriptErrors/Blizzard_ScriptErrors.lua]:59: in function 'GetErrorData'
[Interface/AddOns/Blizzard_ScriptErrors/Blizzard_ScriptErrors.lua]:72: in function <[Interface/AddOns/Blizzard_ScriptErrors/Blizzard_ScriptErrors.lua]:71>

Lua error: @/home/osso/.worktrees/wow-ui-sim-p510-page/data/patch-api/evidence/5.1.0-session-2026-10-08/addon-snapshot/ItemVersion/Locales/zhCN.lua: Lua error: ...n-2026-10-08/addon-snapshot/ItemVersion/Locales/zhCN.lua:6: Cannot find a library instance of "AceLocale-3.0".
stack traceback:
	(string):1: in main chunk
Lua error: Lua Error: @/home/osso/.worktrees/wow-ui-sim-p510-page/data/patch-api/evidence/5.1.0-session-2026-10-08/addon-snapshot/ItemVersion/Locales/zhCN.lua: Lua error: ...n-2026-10-08/addon-snapshot/ItemVersion/Locales/zhCN.lua:6: Cannot find a library instance of "AceLocale-3.0".
stack traceback:
	(string):1: in main chunk
[Interface/AddOns/Blizzard_ScriptErrors/Blizzard_ScriptErrors.lua]:59: in function 'GetErrorData'
[Interface/AddOns/Blizzard_ScriptErrors/Blizzard_ScriptErrors.lua]:72: in function <[Interface/AddOns/Blizzard_ScriptErrors/Blizzard_ScriptErrors.lua]:71>

Lua error: @/home/osso/.worktrees/wow-ui-sim-p510-page/data/patch-api/evidence/5.1.0-session-2026-10-08/addon-snapshot/ItemVersion/Profile.lua: Lua error: ...ession-2026-10-08/addon-snapshot/ItemVersion/Profile.lua:3: Cannot find a library instance of "AceLocale-3.0".
stack traceback:
	(string):1: in main chunk
Lua error: Lua Error: @/home/osso/.worktrees/wow-ui-sim-p510-page/data/patch-api/evidence/5.1.0-session-2026-10-08/addon-snapshot/ItemVersion/Profile.lua: Lua error: ...ession-2026-10-08/addon-snapshot/ItemVersion/Profile.lua:3: Cannot find a library instance of "AceLocale-3.0".
stack traceback:
	(string):1: in main chunk
[Interface/AddOns/Blizzard_ScriptErrors/Blizzard_ScriptErrors.lua]:59: in function 'GetErrorData'
[Interface/AddOns/Blizzard_ScriptErrors/Blizzard_ScriptErrors.lua]:72: in function <[Interface/AddOns/Blizzard_ScriptErrors/Blizzard_ScriptErrors.lua]:71>

Lua error: @/home/osso/.worktrees/wow-ui-sim-p510-page/data/patch-api/evidence/5.1.0-session-2026-10-08/addon-snapshot/ItemVersion/Expansion.lua: Lua error: ...sion-2026-10-08/addon-snapshot/ItemVersion/Expansion.lua:3: Cannot find a library instance of "AceLocale-3.0".
stack traceback:
	(string):1: in main chunk
Lua error: Lua Error: @/home/osso/.worktrees/wow-ui-sim-p510-page/data/patch-api/evidence/5.1.0-session-2026-10-08/addon-snapshot/ItemVersion/Expansion.lua: Lua error: ...sion-2026-10-08/addon-snapshot/ItemVersion/Expansion.lua:3: Cannot find a library instance of "AceLocale-3.0".
stack traceback:
	(string):1: in main chunk
[Interface/AddOns/Blizzard_ScriptErrors/Blizzard_ScriptErrors.lua]:59: in function 'GetErrorData'
[Interface/AddOns/Blizzard_ScriptErrors/Blizzard_ScriptErrors.lua]:72: in function <[Interface/AddOns/Blizzard_ScriptErrors/Blizzard_ScriptErrors.lua]:71>

Lua error: @/home/osso/.worktrees/wow-ui-sim-p510-page/data/patch-api/evidence/5.1.0-session-2026-10-08/addon-snapshot/ItemVersion/Options.lua: Lua error: ...ession-2026-10-08/addon-snapshot/ItemVersion/Options.lua:3: Cannot find a library instance of "AceLocale-3.0".
stack traceback:
	(string):1: in main chunk
Lua error: Lua Error: @/home/osso/.worktrees/wow-ui-sim-p510-page/data/patch-api/evidence/5.1.0-session-2026-10-08/addon-snapshot/ItemVersion/Options.lua: Lua error: ...ession-2026-10-08/addon-snapshot/ItemVersion/Options.lua:3: Cannot find a library instance of "AceLocale-3.0".
stack traceback:
	(string):1: in main chunk
[Interface/AddOns/Blizzard_ScriptErrors/Blizzard_ScriptErrors.lua]:59: in function 'GetErrorData'
[Interface/AddOns/Blizzard_ScriptErrors/Blizzard_ScriptErrors.lua]:72: in function <[Interface/AddOns/Blizzard_ScriptErrors/Blizzard_ScriptErrors.lua]:71>

Lua error: @/home/osso/.worktrees/wow-ui-sim-p510-page/data/patch-api/evidence/5.1.0-session-2026-10-08/addon-snapshot/ItemVersion/SlashCommands.lua: Lua error: ...-2026-10-08/addon-snapshot/ItemVersion/SlashCommands.lua:3: Cannot find a library instance of "AceLocale-3.0".
stack traceback:
	(string):1: in main chunk
Lua error: Lua Error: @/home/osso/.worktrees/wow-ui-sim-p510-page/data/patch-api/evidence/5.1.0-session-2026-10-08/addon-snapshot/ItemVersion/SlashCommands.lua: Lua error: ...-2026-10-08/addon-snapshot/ItemVersion/SlashCommands.lua:3: Cannot find a library instance of "AceLocale-3.0".
stack traceback:
	(string):1: in main chunk
[Interface/AddOns/Blizzard_ScriptErrors/Blizzard_ScriptErrors.lua]:59: in function 'GetErrorData'
[Interface/AddOns/Blizzard_ScriptErrors/Blizzard_ScriptErrors.lua]:72: in function <[Interface/AddOns/Blizzard_ScriptErrors/Blizzard_ScriptErrors.lua]:71>

Lua error: @/home/osso/.worktrees/wow-ui-sim-p510-page/data/patch-api/evidence/5.1.0-session-2026-10-08/addon-snapshot/Leatrix_Plus/Leatrix_Plus_Media.lua: Lua error: ...10-08/addon-snapshot/Leatrix_Plus/Leatrix_Plus_Media.lua:10: attempt to index local 'L' (a nil value)
stack traceback:
	(string):1: in main chunk
Lua error: Lua Error: @/home/osso/.worktrees/wow-ui-sim-p510-page/data/patch-api/evidence/5.1.0-session-2026-10-08/addon-snapshot/Leatrix_Plus/Leatrix_Plus_Media.lua: Lua error: ...10-08/addon-snapshot/Leatrix_Plus/Leatrix_Plus_Media.lua:10: attempt to index local 'L' (a nil value)
stack traceback:
	(string):1: in main chunk
[Interface/AddOns/Blizzard_ScriptErrors/Blizzard_ScriptErrors.lua]:59: in function 'GetErrorData'
[Interface/AddOns/Blizzard_ScriptErrors/Blizzard_ScriptErrors.lua]:72: in function <[Interface/AddOns/Blizzard_ScriptErrors/Blizzard_ScriptErrors.lua]:71>

Lua error: @/home/osso/.worktrees/wow-ui-sim-p510-page/data/patch-api/evidence/5.1.0-session-2026-10-08/addon-snapshot/Leatrix_Plus/Leatrix_Plus.lua: Lua error: ...-2026-10-08/addon-snapshot/Leatrix_Plus/Leatrix_Plus.lua:61: attempt to index local 'L' (a nil value)
stack traceback:
	(string):1: in main chunk
Lua error: Lua Error: @/home/osso/.worktrees/wow-ui-sim-p510-page/data/patch-api/evidence/5.1.0-session-2026-10-08/addon-snapshot/Leatrix_Plus/Leatrix_Plus.lua: Lua error: ...-2026-10-08/addon-snapshot/Leatrix_Plus/Leatrix_Plus.lua:61: attempt to index local 'L' (a nil value)
stack traceback:
	(string):1: in main chunk
[Interface/AddOns/Blizzard_ScriptErrors/Blizzard_ScriptErrors.lua]:59: in function 'GetErrorData'
[Interface/AddOns/Blizzard_ScriptErrors/Blizzard_ScriptErrors.lua]:72: in function <[Interface/AddOns/Blizzard_ScriptErrors/Blizzard_ScriptErrors.lua]:71>

Lua error: @/home/osso/.worktrees/wow-ui-sim-p510-page/data/patch-api/evidence/5.1.0-session-2026-10-08/addon-snapshot/Plumber/Locales/enUS.lua: Lua error: ...ssion-2026-10-08/addon-snapshot/Plumber/Locales/enUS.lua:17: attempt to index local 'L' (a nil value)
stack traceback:
	(string):1: in main chunk
Lua error: Lua Error: @/home/osso/.worktrees/wow-ui-sim-p510-page/data/patch-api/evidence/5.1.0-session-2026-10-08/addon-snapshot/Plumber/Locales/enUS.lua: Lua error: ...ssion-2026-10-08/addon-snapshot/Plumber/Locales/enUS.lua:17: attempt to index local 'L' (a nil value)
stack traceback:
	(string):1: in main chunk
[Interface/AddOns/Blizzard_ScriptErrors/Blizzard_ScriptErrors.lua]:59: in function 'GetErrorData'
[Interface/AddOns/Blizzard_ScriptErrors/Blizzard_ScriptErrors.lua]:72: in function <[Interface/AddOns/Blizzard_ScriptErrors/Blizzard_ScriptErrors.lua]:71>

Lua error: @/home/osso/.worktrees/wow-ui-sim-p510-page/data/patch-api/evidence/5.1.0-session-2026-10-08/addon-snapshot/Plumber/Modules/Shared/SharedData.lua: Lua error: ...-08/addon-snapshot/Plumber/Modules/Shared/SharedData.lua:51: attempt to index local 'L' (a nil value)
stack traceback:
	(string):1: in main chunk
Lua error: Lua Error: @/home/osso/.worktrees/wow-ui-sim-p510-page/data/patch-api/evidence/5.1.0-session-2026-10-08/addon-snapshot/Plumber/Modules/Shared/SharedData.lua: Lua error: ...-08/addon-snapshot/Plumber/Modules/Shared/SharedData.lua:51: attempt to index local 'L' (a nil value)
stack traceback:
	(string):1: in main chunk
[Interface/AddOns/Blizzard_ScriptErrors/Blizzard_ScriptErrors.lua]:59: in function 'GetErrorData'
[Interface/AddOns/Blizzard_ScriptErrors/Blizzard_ScriptErrors.lua]:72: in function <[Interface/AddOns/Blizzard_ScriptErrors/Blizzard_ScriptErrors.lua]:71>

Lua error: IO error loading /home/osso/.worktrees/wow-ui-sim-p510-page/data/patch-api/evidence/5.1.0-session-2026-10-08/addon-snapshot/Plumber/Modules/Shared/SharedWidgets.xml: No such file or directory (os error 2)
stack traceback:
	(string):1: in main chunk
Lua error: Lua Error: IO error loading /home/osso/.worktrees/wow-ui-sim-p510-page/data/patch-api/evidence/5.1.0-session-2026-10-08/addon-snapshot/Plumber/Modules/Shared/SharedWidgets.xml: No such file or directory (os error 2)
stack traceback:
	(string):1: in main chunk
[Interface/AddOns/Blizzard_ScriptErrors/Blizzard_ScriptErrors.lua]:59: in function 'GetErrorData'
[Interface/AddOns/Blizzard_ScriptErrors/Blizzard_ScriptErrors.lua]:72: in function <[Interface/AddOns/Blizzard_ScriptErrors/Blizzard_ScriptErrors.lua]:71>

Lua error: XML error: IO error loading /home/osso/.worktrees/wow-ui-sim-p510-page/data/patch-api/evidence/5.1.0-session-2026-10-08/addon-snapshot/Plumber/Modules/Shared/SharedWidgets.xml: No such file or directory (os error 2)
stack traceback:
	(string):1: in main chunk
Lua error: Lua Error: XML error: IO error loading /home/osso/.worktrees/wow-ui-sim-p510-page/data/patch-api/evidence/5.1.0-session-2026-10-08/addon-snapshot/Plumber/Modules/Shared/SharedWidgets.xml: No such file or directory (os error 2)
stack traceback:
	(string):1: in main chunk
[Interface/AddOns/Blizzard_ScriptErrors/Blizzard_ScriptErrors.lua]:59: in function 'GetErrorData'
[Interface/AddOns/Blizzard_ScriptErrors/Blizzard_ScriptErrors.lua]:72: in function <[Interface/AddOns/Blizzard_ScriptErrors/Blizzard_ScriptErrors.lua]:71>

Lua error: @/home/osso/.worktrees/wow-ui-sim-p510-page/data/patch-api/evidence/5.1.0-session-2026-10-08/addon-snapshot/Plumber/Modules/ScenarioTracker.lua: Lua error: ...10-08/addon-snapshot/Plumber/Modules/ScenarioTracker.lua:150: attempt to index local 'API' (a nil value)
stack traceback:
	(string):1: in main chunk
Lua error: Lua Error: @/home/osso/.worktrees/wow-ui-sim-p510-page/data/patch-api/evidence/5.1.0-session-2026-10-08/addon-snapshot/Plumber/Modules/ScenarioTracker.lua: Lua error: ...10-08/addon-snapshot/Plumber/Modules/ScenarioTracker.lua:150: attempt to index local 'API' (a nil value)
stack traceback:
	(string):1: in main chunk
[Interface/AddOns/Blizzard_ScriptErrors/Blizzard_ScriptErrors.lua]:59: in function 'GetErrorData'
[Interface/AddOns/Blizzard_ScriptErrors/Blizzard_ScriptErrors.lua]:72: in function <[Interface/AddOns/Blizzard_ScriptErrors/Blizzard_ScriptErrors.lua]:71>

Lua error: IO error reading /home/osso/.worktrees/wow-ui-sim-p510-page/data/patch-api/evidence/5.1.0-session-2026-10-08/addon-snapshot/Plumber/Modules/ControlCenter/Preload.lua: No such file or directory (os error 2)
stack traceback:
	(string):1: in main chunk
Lua error: Lua Error: IO error reading /home/osso/.worktrees/wow-ui-sim-p510-page/data/patch-api/evidence/5.1.0-session-2026-10-08/addon-snapshot/Plumber/Modules/ControlCenter/Preload.lua: No such file or directory (os error 2)
stack traceback:
	(string):1: in main chunk
[Interface/AddOns/Blizzard_ScriptErrors/Blizzard_ScriptErrors.lua]:59: in function 'GetErrorData'
[Interface/AddOns/Blizzard_ScriptErrors/Blizzard_ScriptErrors.lua]:72: in function <[Interface/AddOns/Blizzard_ScriptErrors/Blizzard_ScriptErrors.lua]:71>

Lua error: @/home/osso/.worktrees/wow-ui-sim-p510-page/data/patch-api/evidence/5.1.0-session-2026-10-08/addon-snapshot/Plumber/Modules/Macros.lua: Lua error: ...ion-2026-10-08/addon-snapshot/Plumber/Modules/Macros.lua:47: attempt to index local 'API' (a nil value)
stack traceback:
	(string):1: in main chunk
Lua error: Lua Error: @/home/osso/.worktrees/wow-ui-sim-p510-page/data/patch-api/evidence/5.1.0-session-2026-10-08/addon-snapshot/Plumber/Modules/Macros.lua: Lua error: ...ion-2026-10-08/addon-snapshot/Plumber/Modules/Macros.lua:47: attempt to index local 'API' (a nil value)
stack traceback:
	(string):1: in main chunk
[Interface/AddOns/Blizzard_ScriptErrors/Blizzard_ScriptErrors.lua]:59: in function 'GetErrorData'
[Interface/AddOns/Blizzard_ScriptErrors/Blizzard_ScriptErrors.lua]:72: in function <[Interface/AddOns/Blizzard_ScriptErrors/Blizzard_ScriptErrors.lua]:71>

Lua error: @/home/osso/.worktrees/wow-ui-sim-p510-page/data/patch-api/evidence/5.1.0-session-2026-10-08/addon-snapshot/Plumber/Modules/BackpackItemTracker.lua: Lua error: ...8/addon-snapshot/Plumber/Modules/BackpackItemTracker.lua:20: attempt to index local 'API' (a nil value)
stack traceback:
	(string):1: in main chunk
Lua error: Lua Error: @/home/osso/.worktrees/wow-ui-sim-p510-page/data/patch-api/evidence/5.1.0-session-2026-10-08/addon-snapshot/Plumber/Modules/BackpackItemTracker.lua: Lua error: ...8/addon-snapshot/Plumber/Modules/BackpackItemTracker.lua:20: attempt to index local 'API' (a nil value)
stack traceback:
	(string):1: in main chunk
[Interface/AddOns/Blizzard_ScriptErrors/Blizzard_ScriptErrors.lua]:59: in function 'GetErrorData'
[Interface/AddOns/Blizzard_ScriptErrors/Blizzard_ScriptErrors.lua]:72: in function <[Interface/AddOns/Blizzard_ScriptErrors/Blizzard_ScriptErrors.lua]:71>

Lua error: @/home/osso/.worktrees/wow-ui-sim-p510-page/data/patch-api/evidence/5.1.0-session-2026-10-08/addon-snapshot/Plumber/Modules/AutoJoinEvents.lua: Lua error: ...-10-08/addon-snapshot/Plumber/Modules/AutoJoinEvents.lua:7: attempt to index field 'API' (a nil value)
stack traceback:
	(string):1: in main chunk
Lua error: Lua Error: @/home/osso/.worktrees/wow-ui-sim-p510-page/data/patch-api/evidence/5.1.0-session-2026-10-08/addon-snapshot/Plumber/Modules/AutoJoinEvents.lua: Lua error: ...-10-08/addon-snapshot/Plumber/Modules/AutoJoinEvents.lua:7: attempt to index field 'API' (a nil value)
stack traceback:
	(string):1: in main chunk
[Interface/AddOns/Blizzard_ScriptErrors/Blizzard_ScriptErrors.lua]:59: in function 'GetErrorData'
[Interface/AddOns/Blizzard_ScriptErrors/Blizzard_ScriptErrors.lua]:72: in function <[Interface/AddOns/Blizzard_ScriptErrors/Blizzard_ScriptErrors.lua]:71>

Lua error: @/home/osso/.worktrees/wow-ui-sim-p510-page/data/patch-api/evidence/5.1.0-session-2026-10-08/addon-snapshot/Plumber/Modules/PlayerChoiceFrameToken.lua: Lua error: ...ddon-snapshot/Plumber/Modules/PlayerChoiceFrameToken.lua:5: attempt to index field 'API' (a nil value)
stack traceback:
	(string):1: in main chunk
Lua error: Lua Error: @/home/osso/.worktrees/wow-ui-sim-p510-page/data/patch-api/evidence/5.1.0-session-2026-10-08/addon-snapshot/Plumber/Modules/PlayerChoiceFrameToken.lua: Lua error: ...ddon-snapshot/Plumber/Modules/PlayerChoiceFrameToken.lua:5: attempt to index field 'API' (a nil value)
stack traceback:
	(string):1: in main chunk
[Interface/AddOns/Blizzard_ScriptErrors/Blizzard_ScriptErrors.lua]:59: in function 'GetErrorData'
[Interface/AddOns/Blizzard_ScriptErrors/Blizzard_ScriptErrors.lua]:72: in function <[Interface/AddOns/Blizzard_ScriptErrors/Blizzard_ScriptErrors.lua]:71>

Lua error: @/home/osso/.worktrees/wow-ui-sim-p510-page/data/patch-api/evidence/5.1.0-session-2026-10-08/addon-snapshot/Plumber/Modules/QuickSlot.lua: Lua error: ...-2026-10-08/addon-snapshot/Plumber/Modules/QuickSlot.lua:4: attempt to index local 'API' (a nil value)
stack traceback:
	(string):1: in main chunk
Lua error: Lua Error: @/home/osso/.worktrees/wow-ui-sim-p510-page/data/patch-api/evidence/5.1.0-session-2026-10-08/addon-snapshot/Plumber/Modules/QuickSlot.lua: Lua error: ...-2026-10-08/addon-snapshot/Plumber/Modules/QuickSlot.lua:4: attempt to index local 'API' (a nil value)
stack traceback:
	(string):1: in main chunk
[Interface/AddOns/Blizzard_ScriptErrors/Blizzard_ScriptErrors.lua]:59: in function 'GetErrorData'
[Interface/AddOns/Blizzard_ScriptErrors/Blizzard_ScriptErrors.lua]:72: in function <[Interface/AddOns/Blizzard_ScriptErrors/Blizzard_ScriptErrors.lua]:71>

Lua error: @/home/osso/.worktrees/wow-ui-sim-p510-page/data/patch-api/evidence/5.1.0-session-2026-10-08/addon-snapshot/Plumber/Modules/RareAnnouncement.lua: Lua error: ...0-08/addon-snapshot/Plumber/Modules/RareAnnouncement.lua:6: attempt to index local 'API' (a nil value)
stack traceback:
	(string):1: in main chunk
Lua error: Lua Error: @/home/osso/.worktrees/wow-ui-sim-p510-page/data/patch-api/evidence/5.1.0-session-2026-10-08/addon-snapshot/Plumber/Modules/RareAnnouncement.lua: Lua error: ...0-08/addon-snapshot/Plumber/Modules/RareAnnouncement.lua:6: attempt to index local 'API' (a nil value)
stack traceback:
	(string):1: in main chunk
[Interface/AddOns/Blizzard_ScriptErrors/Blizzard_ScriptErrors.lua]:59: in function 'GetErrorData'
[Interface/AddOns/Blizzard_ScriptErrors/Blizzard_ScriptErrors.lua]:72: in function <[Interface/AddOns/Blizzard_ScriptErrors/Blizzard_ScriptErrors.lua]:71>

Lua error: @/home/osso/.worktrees/wow-ui-sim-p510-page/data/patch-api/evidence/5.1.0-session-2026-10-08/addon-snapshot/Plumber/Modules/MerchantPrice.lua: Lua error: ...6-10-08/addon-snapshot/Plumber/Modules/MerchantPrice.lua:27: attempt to index local 'API' (a nil value)
stack traceback:
	(string):1: in main chunk
Lua error: Lua Error: @/home/osso/.worktrees/wow-ui-sim-p510-page/data/patch-api/evidence/5.1.0-session-2026-10-08/addon-snapshot/Plumber/Modules/MerchantPrice.lua: Lua error: ...6-10-08/addon-snapshot/Plumber/Modules/MerchantPrice.lua:27: attempt to index local 'API' (a nil value)
stack traceback:
	(string):1: in main chunk
[Interface/AddOns/Blizzard_ScriptErrors/Blizzard_ScriptErrors.lua]:59: in function 'GetErrorData'
[Interface/AddOns/Blizzard_ScriptErrors/Blizzard_ScriptErrors.lua]:72: in function <[Interface/AddOns/Blizzard_ScriptErrors/Blizzard_ScriptErrors.lua]:71>

Lua error: @/home/osso/.worktrees/wow-ui-sim-p510-page/data/patch-api/evidence/5.1.0-session-2026-10-08/addon-snapshot/Plumber/Modules/DelvesAutomation.lua: Lua error: ...0-08/addon-snapshot/Plumber/Modules/DelvesAutomation.lua:75: attempt to index field 'L' (a nil value)
stack traceback:
	(string):1: in main chunk
Lua error: Lua Error: @/home/osso/.worktrees/wow-ui-sim-p510-page/data/patch-api/evidence/5.1.0-session-2026-10-08/addon-snapshot/Plumber/Modules/DelvesAutomation.lua: Lua error: ...0-08/addon-snapshot/Plumber/Modules/DelvesAutomation.lua:75: attempt to index field 'L' (a nil value)
stack traceback:
	(string):1: in main chunk
[Interface/AddOns/Blizzard_ScriptErrors/Blizzard_ScriptErrors.lua]:59: in function 'GetErrorData'
[Interface/AddOns/Blizzard_ScriptErrors/Blizzard_ScriptErrors.lua]:72: in function <[Interface/AddOns/Blizzard_ScriptErrors/Blizzard_ScriptErrors.lua]:71>

Lua error: IO error reading /home/osso/.worktrees/wow-ui-sim-p510-page/data/patch-api/evidence/5.1.0-session-2026-10-08/addon-snapshot/Plumber/Modules/GameTooltip_Core.lua: No such file or directory (os error 2)
stack traceback:
	(string):1: in main chunk
Lua error: Lua Error: IO error reading /home/osso/.worktrees/wow-ui-sim-p510-page/data/patch-api/evidence/5.1.0-session-2026-10-08/addon-snapshot/Plumber/Modules/GameTooltip_Core.lua: No such file or directory (os error 2)
stack traceback:
	(string):1: in main chunk
[Interface/AddOns/Blizzard_ScriptErrors/Blizzard_ScriptErrors.lua]:59: in function 'GetErrorData'
[Interface/AddOns/Blizzard_ScriptErrors/Blizzard_ScriptErrors.lua]:72: in function <[Interface/AddOns/Blizzard_ScriptErrors/Blizzard_ScriptErrors.lua]:71>

Lua error: @/home/osso/.worktrees/wow-ui-sim-p510-page/data/patch-api/evidence/5.1.0-session-2026-10-08/addon-snapshot/Plumber/Modules/UnderlightAngler.lua: Lua error: ...0-08/addon-snapshot/Plumber/Modules/UnderlightAngler.lua:69: attempt to index field 'L' (a nil value)
stack traceback:
	(string):1: in main chunk
Lua error: Lua Error: @/home/osso/.worktrees/wow-ui-sim-p510-page/data/patch-api/evidence/5.1.0-session-2026-10-08/addon-snapshot/Plumber/Modules/UnderlightAngler.lua: Lua error: ...0-08/addon-snapshot/Plumber/Modules/UnderlightAngler.lua:69: attempt to index field 'L' (a nil value)
stack traceback:
	(string):1: in main chunk
[Interface/AddOns/Blizzard_ScriptErrors/Blizzard_ScriptErrors.lua]:59: in function 'GetErrorData'
[Interface/AddOns/Blizzard_ScriptErrors/Blizzard_ScriptErrors.lua]:72: in function <[Interface/AddOns/Blizzard_ScriptErrors/Blizzard_ScriptErrors.lua]:71>

Lua error: @/home/osso/.worktrees/wow-ui-sim-p510-page/data/patch-api/evidence/5.1.0-session-2026-10-08/addon-snapshot/Plumber/Modules/ChatOptions.lua: Lua error: ...026-10-08/addon-snapshot/Plumber/Modules/ChatOptions.lua:205: attempt to index local 'API' (a nil value)
stack traceback:
	(string):1: in main chunk
Lua error: Lua Error: @/home/osso/.worktrees/wow-ui-sim-p510-page/data/patch-api/evidence/5.1.0-session-2026-10-08/addon-snapshot/Plumber/Modules/ChatOptions.lua: Lua error: ...026-10-08/addon-snapshot/Plumber/Modules/ChatOptions.lua:205: attempt to index local 'API' (a nil value)
stack traceback:
	(string):1: in main chunk
[Interface/AddOns/Blizzard_ScriptErrors/Blizzard_ScriptErrors.lua]:59: in function 'GetErrorData'
[Interface/AddOns/Blizzard_ScriptErrors/Blizzard_ScriptErrors.lua]:72: in function <[Interface/AddOns/Blizzard_ScriptErrors/Blizzard_ScriptErrors.lua]:71>

Lua error: IO error reading /home/osso/.worktrees/wow-ui-sim-p510-page/data/patch-api/evidence/5.1.0-session-2026-10-08/addon-snapshot/Plumber/Modules/StaticPopup_QuestItemDestroyAlert.lua: No such file or directory (os error 2)
stack traceback:
	(string):1: in main chunk
Lua error: Lua Error: IO error reading /home/osso/.worktrees/wow-ui-sim-p510-page/data/patch-api/evidence/5.1.0-session-2026-10-08/addon-snapshot/Plumber/Modules/StaticPopup_QuestItemDestroyAlert.lua: No such file or directory (os error 2)
stack traceback:
	(string):1: in main chunk
[Interface/AddOns/Blizzard_ScriptErrors/Blizzard_ScriptErrors.lua]:59: in function 'GetErrorData'
[Interface/AddOns/Blizzard_ScriptErrors/Blizzard_ScriptErrors.lua]:72: in function <[Interface/AddOns/Blizzard_ScriptErrors/Blizzard_ScriptErrors.lua]:71>

Lua error: @/home/osso/.worktrees/wow-ui-sim-p510-page/data/patch-api/evidence/5.1.0-session-2026-10-08/addon-snapshot/Plumber/Modules/ProfessionsBook.lua: Lua error: ...10-08/addon-snapshot/Plumber/Modules/ProfessionsBook.lua:7: attempt to index field 'GameTooltipManager' (a nil value)
stack traceback:
	(string):1: in main chunk
Lua error: Lua Error: @/home/osso/.worktrees/wow-ui-sim-p510-page/data/patch-api/evidence/5.1.0-session-2026-10-08/addon-snapshot/Plumber/Modules/ProfessionsBook.lua: Lua error: ...10-08/addon-snapshot/Plumber/Modules/ProfessionsBook.lua:7: attempt to index field 'GameTooltipManager' (a nil value)
stack traceback:
	(string):1: in main chunk
[Interface/AddOns/Blizzard_ScriptErrors/Blizzard_ScriptErrors.lua]:59: in function 'GetErrorData'
[Interface/AddOns/Blizzard_ScriptErrors/Blizzard_ScriptErrors.lua]:72: in function <[Interface/AddOns/Blizzard_ScriptErrors/Blizzard_ScriptErrors.lua]:71>

Lua error: @/home/osso/.worktrees/wow-ui-sim-p510-page/data/patch-api/evidence/5.1.0-session-2026-10-08/addon-snapshot/Plumber/Modules/HolidayDungeon.lua: Lua error: ...-10-08/addon-snapshot/Plumber/Modules/HolidayDungeon.lua:90: attempt to index field 'L' (a nil value)
stack traceback:
	(string):1: in main chunk
Lua error: Lua Error: @/home/osso/.worktrees/wow-ui-sim-p510-page/data/patch-api/evidence/5.1.0-session-2026-10-08/addon-snapshot/Plumber/Modules/HolidayDungeon.lua: Lua error: ...-10-08/addon-snapshot/Plumber/Modules/HolidayDungeon.lua:90: attempt to index field 'L' (a nil value)
stack traceback:
	(string):1: in main chunk
[Interface/AddOns/Blizzard_ScriptErrors/Blizzard_ScriptErrors.lua]:59: in function 'GetErrorData'
[Interface/AddOns/Blizzard_ScriptErrors/Blizzard_ScriptErrors.lua]:72: in function <[Interface/AddOns/Blizzard_ScriptErrors/Blizzard_ScriptErrors.lua]:71>

Lua error: @/home/osso/.worktrees/wow-ui-sim-p510-page/data/patch-api/evidence/5.1.0-session-2026-10-08/addon-snapshot/Plumber/Modules/SourceAchievementLink.lua: Lua error: ...addon-snapshot/Plumber/Modules/SourceAchievementLink.lua:6: attempt to index local 'API' (a nil value)
stack traceback:
	(string):1: in main chunk
Lua error: Lua Error: @/home/osso/.worktrees/wow-ui-sim-p510-page/data/patch-api/evidence/5.1.0-session-2026-10-08/addon-snapshot/Plumber/Modules/SourceAchievementLink.lua: Lua error: ...addon-snapshot/Plumber/Modules/SourceAchievementLink.lua:6: attempt to index local 'API' (a nil value)
stack traceback:
	(string):1: in main chunk
[Interface/AddOns/Blizzard_ScriptErrors/Blizzard_ScriptErrors.lua]:59: in function 'GetErrorData'
[Interface/AddOns/Blizzard_ScriptErrors/Blizzard_ScriptErrors.lua]:72: in function <[Interface/AddOns/Blizzard_ScriptErrors/Blizzard_ScriptErrors.lua]:71>

Lua error: @/home/osso/.worktrees/wow-ui-sim-p510-page/data/patch-api/evidence/5.1.0-session-2026-10-08/addon-snapshot/Plumber/Modules/OutfitSelect.lua: Lua error: ...26-10-08/addon-snapshot/Plumber/Modules/OutfitSelect.lua:4: attempt to index field 'CooldownUtil' (a nil value)
stack traceback:
	(string):1: in main chunk
Lua error: Lua Error: @/home/osso/.worktrees/wow-ui-sim-p510-page/data/patch-api/evidence/5.1.0-session-2026-10-08/addon-snapshot/Plumber/Modules/OutfitSelect.lua: Lua error: ...26-10-08/addon-snapshot/Plumber/Modules/OutfitSelect.lua:4: attempt to index field 'CooldownUtil' (a nil value)
stack traceback:
	(string):1: in main chunk
[Interface/AddOns/Blizzard_ScriptErrors/Blizzard_ScriptErrors.lua]:59: in function 'GetErrorData'
[Interface/AddOns/Blizzard_ScriptErrors/Blizzard_ScriptErrors.lua]:72: in function <[Interface/AddOns/Blizzard_ScriptErrors/Blizzard_ScriptErrors.lua]:71>

Lua error: @/home/osso/.worktrees/wow-ui-sim-p510-page/data/patch-api/evidence/5.1.0-session-2026-10-08/addon-snapshot/Plumber/Modules/CatalystUI.lua: Lua error: ...2026-10-08/addon-snapshot/Plumber/Modules/CatalystUI.lua:178: attempt to index field 'L' (a nil value)
stack traceback:
	(string):1: in main chunk
Lua error: Lua Error: @/home/osso/.worktrees/wow-ui-sim-p510-page/data/patch-api/evidence/5.1.0-session-2026-10-08/addon-snapshot/Plumber/Modules/CatalystUI.lua: Lua error: ...2026-10-08/addon-snapshot/Plumber/Modules/CatalystUI.lua:178: attempt to index field 'L' (a nil value)
stack traceback:
	(string):1: in main chunk
[Interface/AddOns/Blizzard_ScriptErrors/Blizzard_ScriptErrors.lua]:59: in function 'GetErrorData'
[Interface/AddOns/Blizzard_ScriptErrors/Blizzard_ScriptErrors.lua]:72: in function <[Interface/AddOns/Blizzard_ScriptErrors/Blizzard_ScriptErrors.lua]:71>

Lua error: @/home/osso/.worktrees/wow-ui-sim-p510-page/data/patch-api/evidence/5.1.0-session-2026-10-08/addon-snapshot/Plumber/Modules/HuntTable.lua: Lua error: ...-2026-10-08/addon-snapshot/Plumber/Modules/HuntTable.lua:3: attempt to index field 'API' (a nil value)
stack traceback:
	(string):1: in main chunk
Lua error: Lua Error: @/home/osso/.worktrees/wow-ui-sim-p510-page/data/patch-api/evidence/5.1.0-session-2026-10-08/addon-snapshot/Plumber/Modules/HuntTable.lua: Lua error: ...-2026-10-08/addon-snapshot/Plumber/Modules/HuntTable.lua:3: attempt to index field 'API' (a nil value)
stack traceback:
	(string):1: in main chunk
[Interface/AddOns/Blizzard_ScriptErrors/Blizzard_ScriptErrors.lua]:59: in function 'GetErrorData'
[Interface/AddOns/Blizzard_ScriptErrors/Blizzard_ScriptErrors.lua]:72: in function <[Interface/AddOns/Blizzard_ScriptErrors/Blizzard_ScriptErrors.lua]:71>

Lua error: @/home/osso/.worktrees/wow-ui-sim-p510-page/data/patch-api/evidence/5.1.0-session-2026-10-08/addon-snapshot/Plumber/Modules/TransmogRestorePending.lua: Lua error: ...ddon-snapshot/Plumber/Modules/TransmogRestorePending.lua:840: attempt to index local 'L' (a nil value)
stack traceback:
	(string):1: in main chunk
Lua error: Lua Error: @/home/osso/.worktrees/wow-ui-sim-p510-page/data/patch-api/evidence/5.1.0-session-2026-10-08/addon-snapshot/Plumber/Modules/TransmogRestorePending.lua: Lua error: ...ddon-snapshot/Plumber/Modules/TransmogRestorePending.lua:840: attempt to index local 'L' (a nil value)
stack traceback:
	(string):1: in main chunk
[Interface/AddOns/Blizzard_ScriptErrors/Blizzard_ScriptErrors.lua]:59: in function 'GetErrorData'
[Interface/AddOns/Blizzard_ScriptErrors/Blizzard_ScriptErrors.lua]:72: in function <[Interface/AddOns/Blizzard_ScriptErrors/Blizzard_ScriptErrors.lua]:71>

Lua error: @/home/osso/.worktrees/wow-ui-sim-p510-page/data/patch-api/evidence/5.1.0-session-2026-10-08/addon-snapshot/SavedInstances/Init.lua: Lua error: ...ession-2026-10-08/addon-snapshot/SavedInstances/Init.lua:2: Cannot find a library instance of "AceAddon-3.0".
stack traceback:
	(string):1: in main chunk
Lua error: Lua Error: @/home/osso/.worktrees/wow-ui-sim-p510-page/data/patch-api/evidence/5.1.0-session-2026-10-08/addon-snapshot/SavedInstances/Init.lua: Lua error: ...ession-2026-10-08/addon-snapshot/SavedInstances/Init.lua:2: Cannot find a library instance of "AceAddon-3.0".
stack traceback:
	(string):1: in main chunk
[Interface/AddOns/Blizzard_ScriptErrors/Blizzard_ScriptErrors.lua]:59: in function 'GetErrorData'
[Interface/AddOns/Blizzard_ScriptErrors/Blizzard_ScriptErrors.lua]:72: in function <[Interface/AddOns/Blizzard_ScriptErrors/Blizzard_ScriptErrors.lua]:71>

Lua error: @/home/osso/.worktrees/wow-ui-sim-p510-page/data/patch-api/evidence/5.1.0-session-2026-10-08/addon-snapshot/SavedInstances/Locales/Locale.lua: Lua error: bad argument #1 to 'setmetatable' (table expected)
stack traceback:
	(string):1: in main chunk
Lua error: Lua Error: @/home/osso/.worktrees/wow-ui-sim-p510-page/data/patch-api/evidence/5.1.0-session-2026-10-08/addon-snapshot/SavedInstances/Locales/Locale.lua: Lua error: bad argument #1 to 'setmetatable' (table expected)
stack traceback:
	(string):1: in main chunk
[Interface/AddOns/Blizzard_ScriptErrors/Blizzard_ScriptErrors.lua]:59: in function 'GetErrorData'
[Interface/AddOns/Blizzard_ScriptErrors/Blizzard_ScriptErrors.lua]:72: in function <[Interface/AddOns/Blizzard_ScriptErrors/Blizzard_ScriptErrors.lua]:71>

Lua error: @/home/osso/.worktrees/wow-ui-sim-p510-page/data/patch-api/evidence/5.1.0-session-2026-10-08/addon-snapshot/SavedInstances/Core/Tooltip.lua: Lua error: ...026-10-08/addon-snapshot/SavedInstances/Core/Tooltip.lua:2: attempt to index local 'SI' (a nil value)
stack traceback:
	(string):1: in main chunk
Lua error: Lua Error: @/home/osso/.worktrees/wow-ui-sim-p510-page/data/patch-api/evidence/5.1.0-session-2026-10-08/addon-snapshot/SavedInstances/Core/Tooltip.lua: Lua error: ...026-10-08/addon-snapshot/SavedInstances/Core/Tooltip.lua:2: attempt to index local 'SI' (a nil value)
stack traceback:
	(string):1: in main chunk
[Interface/AddOns/Blizzard_ScriptErrors/Blizzard_ScriptErrors.lua]:59: in function 'GetErrorData'
[Interface/AddOns/Blizzard_ScriptErrors/Blizzard_ScriptErrors.lua]:72: in function <[Interface/AddOns/Blizzard_ScriptErrors/Blizzard_ScriptErrors.lua]:71>

Lua error: @/home/osso/.worktrees/wow-ui-sim-p510-page/data/patch-api/evidence/5.1.0-session-2026-10-08/addon-snapshot/SavedInstances/Core/Debug.lua: Lua error: ...-2026-10-08/addon-snapshot/SavedInstances/Core/Debug.lua:18: attempt to index local 'SI' (a nil value)
stack traceback:
	(string):1: in main chunk
Lua error: Lua Error: @/home/osso/.worktrees/wow-ui-sim-p510-page/data/patch-api/evidence/5.1.0-session-2026-10-08/addon-snapshot/SavedInstances/Core/Debug.lua: Lua error: ...-2026-10-08/addon-snapshot/SavedInstances/Core/Debug.lua:18: attempt to index local 'SI' (a nil value)
stack traceback:
	(string):1: in main chunk
[Interface/AddOns/Blizzard_ScriptErrors/Blizzard_ScriptErrors.lua]:59: in function 'GetErrorData'
[Interface/AddOns/Blizzard_ScriptErrors/Blizzard_ScriptErrors.lua]:72: in function <[Interface/AddOns/Blizzard_ScriptErrors/Blizzard_ScriptErrors.lua]:71>

Lua error: @/home/osso/.worktrees/wow-ui-sim-p510-page/data/patch-api/evidence/5.1.0-session-2026-10-08/addon-snapshot/SavedInstances/Modules/BonusRoll.lua: Lua error: ...0-08/addon-snapshot/SavedInstances/Modules/BonusRoll.lua:2: attempt to index local 'SI' (a nil value)
stack traceback:
	(string):1: in main chunk
Lua error: Lua Error: @/home/osso/.worktrees/wow-ui-sim-p510-page/data/patch-api/evidence/5.1.0-session-2026-10-08/addon-snapshot/SavedInstances/Modules/BonusRoll.lua: Lua error: ...0-08/addon-snapshot/SavedInstances/Modules/BonusRoll.lua:2: attempt to index local 'SI' (a nil value)
stack traceback:
	(string):1: in main chunk
[Interface/AddOns/Blizzard_ScriptErrors/Blizzard_ScriptErrors.lua]:59: in function 'GetErrorData'
[Interface/AddOns/Blizzard_ScriptErrors/Blizzard_ScriptErrors.lua]:72: in function <[Interface/AddOns/Blizzard_ScriptErrors/Blizzard_ScriptErrors.lua]:71>

Lua error: @/home/osso/.worktrees/wow-ui-sim-p510-page/data/patch-api/evidence/5.1.0-session-2026-10-08/addon-snapshot/SavedInstances/Modules/Calling.lua: Lua error: ...-10-08/addon-snapshot/SavedInstances/Modules/Calling.lua:2: attempt to index local 'SI' (a nil value)
stack traceback:
	(string):1: in main chunk
Lua error: Lua Error: @/home/osso/.worktrees/wow-ui-sim-p510-page/data/patch-api/evidence/5.1.0-session-2026-10-08/addon-snapshot/SavedInstances/Modules/Calling.lua: Lua error: ...-10-08/addon-snapshot/SavedInstances/Modules/Calling.lua:2: attempt to index local 'SI' (a nil value)
stack traceback:
	(string):1: in main chunk
[Interface/AddOns/Blizzard_ScriptErrors/Blizzard_ScriptErrors.lua]:59: in function 'GetErrorData'
[Interface/AddOns/Blizzard_ScriptErrors/Blizzard_ScriptErrors.lua]:72: in function <[Interface/AddOns/Blizzard_ScriptErrors/Blizzard_ScriptErrors.lua]:71>

Lua error: @/home/osso/.worktrees/wow-ui-sim-p510-page/data/patch-api/evidence/5.1.0-session-2026-10-08/addon-snapshot/SavedInstances/Modules/Emissary.lua: Lua error: ...10-08/addon-snapshot/SavedInstances/Modules/Emissary.lua:2: attempt to index local 'SI' (a nil value)
stack traceback:
	(string):1: in main chunk
Lua error: Lua Error: @/home/osso/.worktrees/wow-ui-sim-p510-page/data/patch-api/evidence/5.1.0-session-2026-10-08/addon-snapshot/SavedInstances/Modules/Emissary.lua: Lua error: ...10-08/addon-snapshot/SavedInstances/Modules/Emissary.lua:2: attempt to index local 'SI' (a nil value)
stack traceback:
	(string):1: in main chunk
[Interface/AddOns/Blizzard_ScriptErrors/Blizzard_ScriptErrors.lua]:59: in function 'GetErrorData'
[Interface/AddOns/Blizzard_ScriptErrors/Blizzard_ScriptErrors.lua]:72: in function <[Interface/AddOns/Blizzard_ScriptErrors/Blizzard_ScriptErrors.lua]:71>

Lua error: @/home/osso/.worktrees/wow-ui-sim-p510-page/data/patch-api/evidence/5.1.0-session-2026-10-08/addon-snapshot/SavedInstances/Modules/MythicPlus.lua: Lua error: ...-08/addon-snapshot/SavedInstances/Modules/MythicPlus.lua:2: attempt to index local 'SI' (a nil value)
stack traceback:
	(string):1: in main chunk
Lua error: Lua Error: @/home/osso/.worktrees/wow-ui-sim-p510-page/data/patch-api/evidence/5.1.0-session-2026-10-08/addon-snapshot/SavedInstances/Modules/MythicPlus.lua: Lua error: ...-08/addon-snapshot/SavedInstances/Modules/MythicPlus.lua:2: attempt to index local 'SI' (a nil value)
stack traceback:
	(string):1: in main chunk
[Interface/AddOns/Blizzard_ScriptErrors/Blizzard_ScriptErrors.lua]:59: in function 'GetErrorData'
[Interface/AddOns/Blizzard_ScriptErrors/Blizzard_ScriptErrors.lua]:72: in function <[Interface/AddOns/Blizzard_ScriptErrors/Blizzard_ScriptErrors.lua]:71>

Lua error: @/home/osso/.worktrees/wow-ui-sim-p510-page/data/patch-api/evidence/5.1.0-session-2026-10-08/addon-snapshot/SavedInstances/Modules/Paragon.lua: Lua error: ...-10-08/addon-snapshot/SavedInstances/Modules/Paragon.lua:2: attempt to index local 'SI' (a nil value)
stack traceback:
	(string):1: in main chunk
Lua error: Lua Error: @/home/osso/.worktrees/wow-ui-sim-p510-page/data/patch-api/evidence/5.1.0-session-2026-10-08/addon-snapshot/SavedInstances/Modules/Paragon.lua: Lua error: ...-10-08/addon-snapshot/SavedInstances/Modules/Paragon.lua:2: attempt to index local 'SI' (a nil value)
stack traceback:
	(string):1: in main chunk
[Interface/AddOns/Blizzard_ScriptErrors/Blizzard_ScriptErrors.lua]:59: in function 'GetErrorData'
[Interface/AddOns/Blizzard_ScriptErrors/Blizzard_ScriptErrors.lua]:72: in function <[Interface/AddOns/Blizzard_ScriptErrors/Blizzard_ScriptErrors.lua]:71>

Lua error: @/home/osso/.worktrees/wow-ui-sim-p510-page/data/patch-api/evidence/5.1.0-session-2026-10-08/addon-snapshot/SavedInstances/Modules/Progress.lua: Lua error: ...10-08/addon-snapshot/SavedInstances/Modules/Progress.lua:2: attempt to index local 'SI' (a nil value)
stack traceback:
	(string):1: in main chunk
Lua error: Lua Error: @/home/osso/.worktrees/wow-ui-sim-p510-page/data/patch-api/evidence/5.1.0-session-2026-10-08/addon-snapshot/SavedInstances/Modules/Progress.lua: Lua error: ...10-08/addon-snapshot/SavedInstances/Modules/Progress.lua:2: attempt to index local 'SI' (a nil value)
stack traceback:
	(string):1: in main chunk
[Interface/AddOns/Blizzard_ScriptErrors/Blizzard_ScriptErrors.lua]:59: in function 'GetErrorData'
[Interface/AddOns/Blizzard_ScriptErrors/Blizzard_ScriptErrors.lua]:72: in function <[Interface/AddOns/Blizzard_ScriptErrors/Blizzard_ScriptErrors.lua]:71>

Lua error: @/home/osso/.worktrees/wow-ui-sim-p510-page/data/patch-api/evidence/5.1.0-session-2026-10-08/addon-snapshot/SavedInstances/Modules/TradeSkill.lua: Lua error: ...-08/addon-snapshot/SavedInstances/Modules/TradeSkill.lua:2: attempt to index local 'SI' (a nil value)
stack traceback:
	(string):1: in main chunk
Lua error: Lua Error: @/home/osso/.worktrees/wow-ui-sim-p510-page/data/patch-api/evidence/5.1.0-session-2026-10-08/addon-snapshot/SavedInstances/Modules/TradeSkill.lua: Lua error: ...-08/addon-snapshot/SavedInstances/Modules/TradeSkill.lua:2: attempt to index local 'SI' (a nil value)
stack traceback:
	(string):1: in main chunk
[Interface/AddOns/Blizzard_ScriptErrors/Blizzard_ScriptErrors.lua]:59: in function 'GetErrorData'
[Interface/AddOns/Blizzard_ScriptErrors/Blizzard_ScriptErrors.lua]:72: in function <[Interface/AddOns/Blizzard_ScriptErrors/Blizzard_ScriptErrors.lua]:71>

Lua error: @/home/osso/.worktrees/wow-ui-sim-p510-page/data/patch-api/evidence/5.1.0-session-2026-10-08/addon-snapshot/SavedInstances/Modules/WorldBoss.lua: Lua error: ...0-08/addon-snapshot/SavedInstances/Modules/WorldBoss.lua:2: attempt to index local 'SI' (a nil value)
stack traceback:
	(string):1: in main chunk
Lua error: Lua Error: @/home/osso/.worktrees/wow-ui-sim-p510-page/data/patch-api/evidence/5.1.0-session-2026-10-08/addon-snapshot/SavedInstances/Modules/WorldBoss.lua: Lua error: ...0-08/addon-snapshot/SavedInstances/Modules/WorldBoss.lua:2: attempt to index local 'SI' (a nil value)
stack traceback:
	(string):1: in main chunk
[Interface/AddOns/Blizzard_ScriptErrors/Blizzard_ScriptErrors.lua]:59: in function 'GetErrorData'
[Interface/AddOns/Blizzard_ScriptErrors/Blizzard_ScriptErrors.lua]:72: in function <[Interface/AddOns/Blizzard_ScriptErrors/Blizzard_ScriptErrors.lua]:71>

Lua error: IO error reading /home/osso/.worktrees/wow-ui-sim-p510-page/data/patch-api/evidence/5.1.0-session-2026-10-08/addon-snapshot/Simulationcraft/libs/AceDB-3.0/AceDB-3.0.lua: No such file or directory (os error 2)
stack traceback:
	(string):1: in main chunk
Lua error: Lua Error: IO error reading /home/osso/.worktrees/wow-ui-sim-p510-page/data/patch-api/evidence/5.1.0-session-2026-10-08/addon-snapshot/Simulationcraft/libs/AceDB-3.0/AceDB-3.0.lua: No such file or directory (os error 2)
stack traceback:
	(string):1: in main chunk
[Interface/AddOns/Blizzard_ScriptErrors/Blizzard_ScriptErrors.lua]:59: in function 'GetErrorData'
[Interface/AddOns/Blizzard_ScriptErrors/Blizzard_ScriptErrors.lua]:72: in function <[Interface/AddOns/Blizzard_ScriptErrors/Blizzard_ScriptErrors.lua]:71>

Lua error: IO error reading /home/osso/.worktrees/wow-ui-sim-p510-page/data/patch-api/evidence/5.1.0-session-2026-10-08/addon-snapshot/Simulationcraft/libs/LibDBIcon-1.0/LibDBIcon-1.0.lua: No such file or directory (os error 2)
stack traceback:
	(string):1: in main chunk
Lua error: Lua Error: IO error reading /home/osso/.worktrees/wow-ui-sim-p510-page/data/patch-api/evidence/5.1.0-session-2026-10-08/addon-snapshot/Simulationcraft/libs/LibDBIcon-1.0/LibDBIcon-1.0.lua: No such file or directory (os error 2)
stack traceback:
	(string):1: in main chunk
[Interface/AddOns/Blizzard_ScriptErrors/Blizzard_ScriptErrors.lua]:59: in function 'GetErrorData'
[Interface/AddOns/Blizzard_ScriptErrors/Blizzard_ScriptErrors.lua]:72: in function <[Interface/AddOns/Blizzard_ScriptErrors/Blizzard_ScriptErrors.lua]:71>

Lua error: @/home/osso/.worktrees/wow-ui-sim-p510-page/data/patch-api/evidence/5.1.0-session-2026-10-08/addon-snapshot/Simulationcraft/core.lua: Lua error: ...ssion-2026-10-08/addon-snapshot/Simulationcraft/core.lua:6: Cannot find a library instance of "AceAddon-3.0".
stack traceback:
	(string):1: in main chunk
Lua error: Lua Error: @/home/osso/.worktrees/wow-ui-sim-p510-page/data/patch-api/evidence/5.1.0-session-2026-10-08/addon-snapshot/Simulationcraft/core.lua: Lua error: ...ssion-2026-10-08/addon-snapshot/Simulationcraft/core.lua:6: Cannot find a library instance of "AceAddon-3.0".
stack traceback:
	(string):1: in main chunk
[Interface/AddOns/Blizzard_ScriptErrors/Blizzard_ScriptErrors.lua]:59: in function 'GetErrorData'
[Interface/AddOns/Blizzard_ScriptErrors/Blizzard_ScriptErrors.lua]:72: in function <[Interface/AddOns/Blizzard_ScriptErrors/Blizzard_ScriptErrors.lua]:71>

Lua error: IO error reading /home/osso/.worktrees/wow-ui-sim-p510-page/data/patch-api/evidence/5.1.0-session-2026-10-08/addon-snapshot/Syndicator/Libs/LibBattlePetTooltipLine/LibBattlePetTooltipLine.lua: No such file or directory (os error 2)
stack traceback:
	(string):1: in main chunk
Lua error: Lua Error: IO error reading /home/osso/.worktrees/wow-ui-sim-p510-page/data/patch-api/evidence/5.1.0-session-2026-10-08/addon-snapshot/Syndicator/Libs/LibBattlePetTooltipLine/LibBattlePetTooltipLine.lua: No such file or directory (os error 2)
stack traceback:
	(string):1: in main chunk
[Interface/AddOns/Blizzard_ScriptErrors/Blizzard_ScriptErrors.lua]:59: in function 'GetErrorData'
[Interface/AddOns/Blizzard_ScriptErrors/Blizzard_ScriptErrors.lua]:72: in function <[Interface/AddOns/Blizzard_ScriptErrors/Blizzard_ScriptErrors.lua]:71>

Lua error: @/home/osso/.worktrees/wow-ui-sim-p510-page/data/patch-api/evidence/5.1.0-session-2026-10-08/addon-snapshot/Syndicator/Core/Utilities.lua: Lua error: ...-2026-10-08/addon-snapshot/Syndicator/Core/Utilities.lua:66: attempt to index field 'Constants' (a nil value)
stack traceback:
	(string):1: in main chunk
Lua error: Lua Error: @/home/osso/.worktrees/wow-ui-sim-p510-page/data/patch-api/evidence/5.1.0-session-2026-10-08/addon-snapshot/Syndicator/Core/Utilities.lua: Lua error: ...-2026-10-08/addon-snapshot/Syndicator/Core/Utilities.lua:66: attempt to index field 'Constants' (a nil value)
stack traceback:
	(string):1: in main chunk
[Interface/AddOns/Blizzard_ScriptErrors/Blizzard_ScriptErrors.lua]:59: in function 'GetErrorData'
[Interface/AddOns/Blizzard_ScriptErrors/Blizzard_ScriptErrors.lua]:72: in function <[Interface/AddOns/Blizzard_ScriptErrors/Blizzard_ScriptErrors.lua]:71>

Lua error: @/home/osso/.worktrees/wow-ui-sim-p510-page/data/patch-api/evidence/5.1.0-session-2026-10-08/addon-snapshot/Syndicator/Core/Initialize.lua: Lua error: ...2026-10-08/addon-snapshot/Syndicator/Core/Initialize.lua:6: attempt to index field 'Constants' (a nil value)
stack traceback:
	(string):1: in main chunk
Lua error: Lua Error: @/home/osso/.worktrees/wow-ui-sim-p510-page/data/patch-api/evidence/5.1.0-session-2026-10-08/addon-snapshot/Syndicator/Core/Initialize.lua: Lua error: ...2026-10-08/addon-snapshot/Syndicator/Core/Initialize.lua:6: attempt to index field 'Constants' (a nil value)
stack traceback:
	(string):1: in main chunk
[Interface/AddOns/Blizzard_ScriptErrors/Blizzard_ScriptErrors.lua]:59: in function 'GetErrorData'
[Interface/AddOns/Blizzard_ScriptErrors/Blizzard_ScriptErrors.lua]:72: in function <[Interface/AddOns/Blizzard_ScriptErrors/Blizzard_ScriptErrors.lua]:71>

Lua error: @/home/osso/.worktrees/wow-ui-sim-p510-page/data/patch-api/evidence/5.1.0-session-2026-10-08/addon-snapshot/Syndicator/Tracking/BagCache.lua: Lua error: ...26-10-08/addon-snapshot/Syndicator/Tracking/BagCache.lua:10: attempt to index local '(for state)' (a nil value)
stack traceback:
	(string):1: in main chunk
Lua error: Lua Error: @/home/osso/.worktrees/wow-ui-sim-p510-page/data/patch-api/evidence/5.1.0-session-2026-10-08/addon-snapshot/Syndicator/Tracking/BagCache.lua: Lua error: ...26-10-08/addon-snapshot/Syndicator/Tracking/BagCache.lua:10: attempt to index local '(for state)' (a nil value)
stack traceback:
	(string):1: in main chunk
[Interface/AddOns/Blizzard_ScriptErrors/Blizzard_ScriptErrors.lua]:59: in function 'GetErrorData'
[Interface/AddOns/Blizzard_ScriptErrors/Blizzard_ScriptErrors.lua]:72: in function <[Interface/AddOns/Blizzard_ScriptErrors/Blizzard_ScriptErrors.lua]:71>

Lua error: @/home/osso/.worktrees/wow-ui-sim-p510-page/data/patch-api/evidence/5.1.0-session-2026-10-08/addon-snapshot/Syndicator/Tracking/Tooltips.lua: Lua error: ...26-10-08/addon-snapshot/Syndicator/Tracking/Tooltips.lua:6: Cannot find a library instance of "LibBattlePetTooltipLine-1-0".
stack traceback:
	(string):1: in main chunk
Lua error: Lua Error: @/home/osso/.worktrees/wow-ui-sim-p510-page/data/patch-api/evidence/5.1.0-session-2026-10-08/addon-snapshot/Syndicator/Tracking/Tooltips.lua: Lua error: ...26-10-08/addon-snapshot/Syndicator/Tracking/Tooltips.lua:6: Cannot find a library instance of "LibBattlePetTooltipLine-1-0".
stack traceback:
	(string):1: in main chunk
[Interface/AddOns/Blizzard_ScriptErrors/Blizzard_ScriptErrors.lua]:59: in function 'GetErrorData'
[Interface/AddOns/Blizzard_ScriptErrors/Blizzard_ScriptErrors.lua]:72: in function <[Interface/AddOns/Blizzard_ScriptErrors/Blizzard_ScriptErrors.lua]:71>

Lua error: @/home/osso/.worktrees/wow-ui-sim-p510-page/data/patch-api/evidence/5.1.0-session-2026-10-08/addon-snapshot/Syndicator/Search/CheckItem.lua: Lua error: ...026-10-08/addon-snapshot/Syndicator/Search/CheckItem.lua:25: attempt to index field 'Constants' (a nil value)
stack traceback:
	(string):1: in main chunk
Lua error: Lua Error: @/home/osso/.worktrees/wow-ui-sim-p510-page/data/patch-api/evidence/5.1.0-session-2026-10-08/addon-snapshot/Syndicator/Search/CheckItem.lua: Lua error: ...026-10-08/addon-snapshot/Syndicator/Search/CheckItem.lua:25: attempt to index field 'Constants' (a nil value)
stack traceback:
	(string):1: in main chunk
[Interface/AddOns/Blizzard_ScriptErrors/Blizzard_ScriptErrors.lua]:59: in function 'GetErrorData'
[Interface/AddOns/Blizzard_ScriptErrors/Blizzard_ScriptErrors.lua]:72: in function <[Interface/AddOns/Blizzard_ScriptErrors/Blizzard_ScriptErrors.lua]:71>

Lua error: @/home/osso/.worktrees/wow-ui-sim-p510-page/data/patch-api/evidence/5.1.0-session-2026-10-08/addon-snapshot/Syndicator/Search/UI/Builder.lua: Lua error: ...26-10-08/addon-snapshot/Syndicator/Search/UI/Builder.lua:283: attempt to index field 'Locales' (a nil value)
stack traceback:
	(string):1: in main chunk
Lua error: Lua Error: @/home/osso/.worktrees/wow-ui-sim-p510-page/data/patch-api/evidence/5.1.0-session-2026-10-08/addon-snapshot/Syndicator/Search/UI/Builder.lua: Lua error: ...26-10-08/addon-snapshot/Syndicator/Search/UI/Builder.lua:283: attempt to index field 'Locales' (a nil value)
stack traceback:
	(string):1: in main chunk
[Interface/AddOns/Blizzard_ScriptErrors/Blizzard_ScriptErrors.lua]:59: in function 'GetErrorData'
[Interface/AddOns/Blizzard_ScriptErrors/Blizzard_ScriptErrors.lua]:72: in function <[Interface/AddOns/Blizzard_ScriptErrors/Blizzard_ScriptErrors.lua]:71>

Lua error: @/home/osso/.worktrees/wow-ui-sim-p510-page/data/patch-api/evidence/5.1.0-session-2026-10-08/addon-snapshot/Syndicator/Search/Utilities.lua: Lua error: ...026-10-08/addon-snapshot/Syndicator/Search/Utilities.lua:47: attempt to index field 'Constants' (a nil value)
stack traceback:
	(string):1: in main chunk
Lua error: Lua Error: @/home/osso/.worktrees/wow-ui-sim-p510-page/data/patch-api/evidence/5.1.0-session-2026-10-08/addon-snapshot/Syndicator/Search/Utilities.lua: Lua error: ...026-10-08/addon-snapshot/Syndicator/Search/Utilities.lua:47: attempt to index field 'Constants' (a nil value)
stack traceback:
	(string):1: in main chunk
[Interface/AddOns/Blizzard_ScriptErrors/Blizzard_ScriptErrors.lua]:59: in function 'GetErrorData'
[Interface/AddOns/Blizzard_ScriptErrors/Blizzard_ScriptErrors.lua]:72: in function <[Interface/AddOns/Blizzard_ScriptErrors/Blizzard_ScriptErrors.lua]:71>

Lua error: @/home/osso/.worktrees/wow-ui-sim-p510-page/data/patch-api/evidence/5.1.0-session-2026-10-08/addon-snapshot/CraftSim/Init/GLibs.lua: Lua error: ...ession-2026-10-08/addon-snapshot/CraftSim/Init/GLibs.lua:6: Cannot find a library instance of "GGUI-2.1".
stack traceback:
	(string):1: in main chunk
Lua error: Lua Error: @/home/osso/.worktrees/wow-ui-sim-p510-page/data/patch-api/evidence/5.1.0-session-2026-10-08/addon-snapshot/CraftSim/Init/GLibs.lua: Lua error: ...ession-2026-10-08/addon-snapshot/CraftSim/Init/GLibs.lua:6: Cannot find a library instance of "GGUI-2.1".
stack traceback:
	(string):1: in main chunk
[Interface/AddOns/Blizzard_ScriptErrors/Blizzard_ScriptErrors.lua]:59: in function 'GetErrorData'
[Interface/AddOns/Blizzard_ScriptErrors/Blizzard_ScriptErrors.lua]:72: in function <[Interface/AddOns/Blizzard_ScriptErrors/Blizzard_ScriptErrors.lua]:71>

Lua error: @/home/osso/.worktrees/wow-ui-sim-p510-page/data/patch-api/evidence/5.1.0-session-2026-10-08/addon-snapshot/CraftSim/Locals/enUS.lua: Lua error: ...ssion-2026-10-08/addon-snapshot/CraftSim/Locals/enUS.lua:5: attempt to index local 'GUTIL' (a nil value)
stack traceback:
	(string):1: in main chunk
Lua error: Lua Error: @/home/osso/.worktrees/wow-ui-sim-p510-page/data/patch-api/evidence/5.1.0-session-2026-10-08/addon-snapshot/CraftSim/Locals/enUS.lua: Lua error: ...ssion-2026-10-08/addon-snapshot/CraftSim/Locals/enUS.lua:5: attempt to index local 'GUTIL' (a nil value)
stack traceback:
	(string):1: in main chunk
[Interface/AddOns/Blizzard_ScriptErrors/Blizzard_ScriptErrors.lua]:59: in function 'GetErrorData'
[Interface/AddOns/Blizzard_ScriptErrors/Blizzard_ScriptErrors.lua]:72: in function <[Interface/AddOns/Blizzard_ScriptErrors/Blizzard_ScriptErrors.lua]:71>

Lua error: @/home/osso/.worktrees/wow-ui-sim-p510-page/data/patch-api/evidence/5.1.0-session-2026-10-08/addon-snapshot/CraftSim/Locals/Localization.lua: Lua error: ...26-10-08/addon-snapshot/CraftSim/Locals/Localization.lua:24: attempt to index field 'LOCAL_EN' (a nil value)
stack traceback:
	(string):1: in main chunk
Lua error: Lua Error: @/home/osso/.worktrees/wow-ui-sim-p510-page/data/patch-api/evidence/5.1.0-session-2026-10-08/addon-snapshot/CraftSim/Locals/Localization.lua: Lua error: ...26-10-08/addon-snapshot/CraftSim/Locals/Localization.lua:24: attempt to index field 'LOCAL_EN' (a nil value)
stack traceback:
	(string):1: in main chunk
[Interface/AddOns/Blizzard_ScriptErrors/Blizzard_ScriptErrors.lua]:59: in function 'GetErrorData'
[Interface/AddOns/Blizzard_ScriptErrors/Blizzard_ScriptErrors.lua]:72: in function <[Interface/AddOns/Blizzard_ScriptErrors/Blizzard_ScriptErrors.lua]:71>

Lua error: @/home/osso/.worktrees/wow-ui-sim-p510-page/data/patch-api/evidence/5.1.0-session-2026-10-08/addon-snapshot/CraftSim/Debug/Debug.lua: Lua error: ...ssion-2026-10-08/addon-snapshot/CraftSim/Debug/Debug.lua:60: attempt to index upvalue 'LibLog' (a nil value)
stack traceback:
	(string):1: in main chunk
Lua error: Lua Error: @/home/osso/.worktrees/wow-ui-sim-p510-page/data/patch-api/evidence/5.1.0-session-2026-10-08/addon-snapshot/CraftSim/Debug/Debug.lua: Lua error: ...ssion-2026-10-08/addon-snapshot/CraftSim/Debug/Debug.lua:60: attempt to index upvalue 'LibLog' (a nil value)
stack traceback:
	(string):1: in main chunk
[Interface/AddOns/Blizzard_ScriptErrors/Blizzard_ScriptErrors.lua]:59: in function 'GetErrorData'
[Interface/AddOns/Blizzard_ScriptErrors/Blizzard_ScriptErrors.lua]:72: in function <[Interface/AddOns/Blizzard_ScriptErrors/Blizzard_ScriptErrors.lua]:71>

Lua error: @/home/osso/.worktrees/wow-ui-sim-p510-page/data/patch-api/evidence/5.1.0-session-2026-10-08/addon-snapshot/CraftSim/Util/Util.lua: Lua error: ...session-2026-10-08/addon-snapshot/CraftSim/Util/Util.lua:7: attempt to index local 'GUTIL' (a nil value)
stack traceback:
	(string):1: in main chunk
Lua error: Lua Error: @/home/osso/.worktrees/wow-ui-sim-p510-page/data/patch-api/evidence/5.1.0-session-2026-10-08/addon-snapshot/CraftSim/Util/Util.lua: Lua error: ...session-2026-10-08/addon-snapshot/CraftSim/Util/Util.lua:7: attempt to index local 'GUTIL' (a nil value)
stack traceback:
	(string):1: in main chunk
[Interface/AddOns/Blizzard_ScriptErrors/Blizzard_ScriptErrors.lua]:59: in function 'GetErrorData'
[Interface/AddOns/Blizzard_ScriptErrors/Blizzard_ScriptErrors.lua]:72: in function <[Interface/AddOns/Blizzard_ScriptErrors/Blizzard_ScriptErrors.lua]:71>

Lua error: @/home/osso/.worktrees/wow-ui-sim-p510-page/data/patch-api/evidence/5.1.0-session-2026-10-08/addon-snapshot/CraftSim/Util/RecipeAcquisition.lua: Lua error: ...10-08/addon-snapshot/CraftSim/Util/RecipeAcquisition.lua:10: attempt to index local 'GUTIL' (a nil value)
stack traceback:
	(string):1: in main chunk
Lua error: Lua Error: @/home/osso/.worktrees/wow-ui-sim-p510-page/data/patch-api/evidence/5.1.0-session-2026-10-08/addon-snapshot/CraftSim/Util/RecipeAcquisition.lua: Lua error: ...10-08/addon-snapshot/CraftSim/Util/RecipeAcquisition.lua:10: attempt to index local 'GUTIL' (a nil value)
stack traceback:
	(string):1: in main chunk
[Interface/AddOns/Blizzard_ScriptErrors/Blizzard_ScriptErrors.lua]:59: in function 'GetErrorData'
[Interface/AddOns/Blizzard_ScriptErrors/Blizzard_ScriptErrors.lua]:72: in function <[Interface/AddOns/Blizzard_ScriptErrors/Blizzard_ScriptErrors.lua]:71>

Lua error: @/home/osso/.worktrees/wow-ui-sim-p510-page/data/patch-api/evidence/5.1.0-session-2026-10-08/addon-snapshot/CraftSim/DB/DB.lua: Lua error: ...1.0-session-2026-10-08/addon-snapshot/CraftSim/DB/DB.lua:6: attempt to index local 'GUTIL' (a nil value)
stack traceback:
	(string):1: in main chunk
Lua error: Lua Error: @/home/osso/.worktrees/wow-ui-sim-p510-page/data/patch-api/evidence/5.1.0-session-2026-10-08/addon-snapshot/CraftSim/DB/DB.lua: Lua error: ...1.0-session-2026-10-08/addon-snapshot/CraftSim/DB/DB.lua:6: attempt to index local 'GUTIL' (a nil value)
stack traceback:
	(string):1: in main chunk
[Interface/AddOns/Blizzard_ScriptErrors/Blizzard_ScriptErrors.lua]:59: in function 'GetErrorData'
[Interface/AddOns/Blizzard_ScriptErrors/Blizzard_ScriptErrors.lua]:72: in function <[Interface/AddOns/Blizzard_ScriptErrors/Blizzard_ScriptErrors.lua]:71>

Lua error: @/home/osso/.worktrees/wow-ui-sim-p510-page/data/patch-api/evidence/5.1.0-session-2026-10-08/addon-snapshot/CraftSim/DB/patronMoxieValuesDB.lua: Lua error: ...10-08/addon-snapshot/CraftSim/DB/patronMoxieValuesDB.lua:9: attempt to index field 'DB' (a nil value)
stack traceback:
	(string):1: in main chunk
Lua error: Lua Error: @/home/osso/.worktrees/wow-ui-sim-p510-page/data/patch-api/evidence/5.1.0-session-2026-10-08/addon-snapshot/CraftSim/DB/patronMoxieValuesDB.lua: Lua error: ...10-08/addon-snapshot/CraftSim/DB/patronMoxieValuesDB.lua:9: attempt to index field 'DB' (a nil value)
stack traceback:
	(string):1: in main chunk
[Interface/AddOns/Blizzard_ScriptErrors/Blizzard_ScriptErrors.lua]:59: in function 'GetErrorData'
[Interface/AddOns/Blizzard_ScriptErrors/Blizzard_ScriptErrors.lua]:72: in function <[Interface/AddOns/Blizzard_ScriptErrors/Blizzard_ScriptErrors.lua]:71>

Lua error: @/home/osso/.worktrees/wow-ui-sim-p510-page/data/patch-api/evidence/5.1.0-session-2026-10-08/addon-snapshot/CraftSim/DB/ItemCountDB.lua: Lua error: ...ssion-2026-10-08/addon-snapshot/CraftSim/Debug/Debug.lua:60: attempt to index upvalue 'LibLog' (a nil value)
stack traceback:
	(string):1: in main chunk
Lua error: Lua Error: @/home/osso/.worktrees/wow-ui-sim-p510-page/data/patch-api/evidence/5.1.0-session-2026-10-08/addon-snapshot/CraftSim/DB/ItemCountDB.lua: Lua error: ...ssion-2026-10-08/addon-snapshot/CraftSim/Debug/Debug.lua:60: attempt to index upvalue 'LibLog' (a nil value)
stack traceback:
	(string):1: in main chunk
[Interface/AddOns/Blizzard_ScriptErrors/Blizzard_ScriptErrors.lua]:59: in function 'GetErrorData'
[Interface/AddOns/Blizzard_ScriptErrors/Blizzard_ScriptErrors.lua]:72: in function <[Interface/AddOns/Blizzard_ScriptErrors/Blizzard_ScriptErrors.lua]:71>

Lua error: @/home/osso/.worktrees/wow-ui-sim-p510-page/data/patch-api/evidence/5.1.0-session-2026-10-08/addon-snapshot/CraftSim/DB/craftQueueDB.lua: Lua error: ...n-2026-10-08/addon-snapshot/CraftSim/DB/craftQueueDB.lua:10: attempt to index field 'DB' (a nil value)
stack traceback:
	(string):1: in main chunk
Lua error: Lua Error: @/home/osso/.worktrees/wow-ui-sim-p510-page/data/patch-api/evidence/5.1.0-session-2026-10-08/addon-snapshot/CraftSim/DB/craftQueueDB.lua: Lua error: ...n-2026-10-08/addon-snapshot/CraftSim/DB/craftQueueDB.lua:10: attempt to index field 'DB' (a nil value)
stack traceback:
	(string):1: in main chunk
[Interface/AddOns/Blizzard_ScriptErrors/Blizzard_ScriptErrors.lua]:59: in function 'GetErrorData'
[Interface/AddOns/Blizzard_ScriptErrors/Blizzard_ScriptErrors.lua]:72: in function <[Interface/AddOns/Blizzard_ScriptErrors/Blizzard_ScriptErrors.lua]:71>

Lua error: @/home/osso/.worktrees/wow-ui-sim-p510-page/data/patch-api/evidence/5.1.0-session-2026-10-08/addon-snapshot/CraftSim/DB/multicraftPreloadDB.lua: Lua error: ...10-08/addon-snapshot/CraftSim/DB/multicraftPreloadDB.lua:10: attempt to index field 'DB' (a nil value)
stack traceback:
	(string):1: in main chunk
Lua error: Lua Error: @/home/osso/.worktrees/wow-ui-sim-p510-page/data/patch-api/evidence/5.1.0-session-2026-10-08/addon-snapshot/CraftSim/DB/multicraftPreloadDB.lua: Lua error: ...10-08/addon-snapshot/CraftSim/DB/multicraftPreloadDB.lua:10: attempt to index field 'DB' (a nil value)
stack traceback:
	(string):1: in main chunk
[Interface/AddOns/Blizzard_ScriptErrors/Blizzard_ScriptErrors.lua]:59: in function 'GetErrorData'
[Interface/AddOns/Blizzard_ScriptErrors/Blizzard_ScriptErrors.lua]:72: in function <[Interface/AddOns/Blizzard_ScriptErrors/Blizzard_ScriptErrors.lua]:71>

Lua error: @/home/osso/.worktrees/wow-ui-sim-p510-page/data/patch-api/evidence/5.1.0-session-2026-10-08/addon-snapshot/CraftSim/Util/Widgets/QualityMeter.lua: Lua error: ...08/addon-snapshot/CraftSim/Util/Widgets/QualityMeter.lua:8: attempt to index local 'GUTIL' (a nil value)
stack traceback:
	(string):1: in main chunk
Lua error: Lua Error: @/home/osso/.worktrees/wow-ui-sim-p510-page/data/patch-api/evidence/5.1.0-session-2026-10-08/addon-snapshot/CraftSim/Util/Widgets/QualityMeter.lua: Lua error: ...08/addon-snapshot/CraftSim/Util/Widgets/QualityMeter.lua:8: attempt to index local 'GUTIL' (a nil value)
stack traceback:
	(string):1: in main chunk
[Interface/AddOns/Blizzard_ScriptErrors/Blizzard_ScriptErrors.lua]:59: in function 'GetErrorData'
[Interface/AddOns/Blizzard_ScriptErrors/Blizzard_ScriptErrors.lua]:72: in function <[Interface/AddOns/Blizzard_ScriptErrors/Blizzard_ScriptErrors.lua]:71>

Lua error: @/home/osso/.worktrees/wow-ui-sim-p510-page/data/patch-api/evidence/5.1.0-session-2026-10-08/addon-snapshot/CraftSim/Pricing/ProfitCalculation.lua: Lua error: ...ssion-2026-10-08/addon-snapshot/CraftSim/Debug/Debug.lua:60: attempt to index upvalue 'LibLog' (a nil value)
stack traceback:
	(string):1: in main chunk
Lua error: Lua Error: @/home/osso/.worktrees/wow-ui-sim-p510-page/data/patch-api/evidence/5.1.0-session-2026-10-08/addon-snapshot/CraftSim/Pricing/ProfitCalculation.lua: Lua error: ...ssion-2026-10-08/addon-snapshot/CraftSim/Debug/Debug.lua:60: attempt to index upvalue 'LibLog' (a nil value)
stack traceback:
	(string):1: in main chunk
[Interface/AddOns/Blizzard_ScriptErrors/Blizzard_ScriptErrors.lua]:59: in function 'GetErrorData'
[Interface/AddOns/Blizzard_ScriptErrors/Blizzard_ScriptErrors.lua]:72: in function <[Interface/AddOns/Blizzard_ScriptErrors/Blizzard_ScriptErrors.lua]:71>

Lua error: @/home/osso/.worktrees/wow-ui-sim-p510-page/data/patch-api/evidence/5.1.0-session-2026-10-08/addon-snapshot/CraftSim/DataSource/PriceSource.lua: Lua error: ...ssion-2026-10-08/addon-snapshot/CraftSim/Debug/Debug.lua:60: attempt to index upvalue 'LibLog' (a nil value)
stack traceback:
	(string):1: in main chunk
Lua error: Lua Error: @/home/osso/.worktrees/wow-ui-sim-p510-page/data/patch-api/evidence/5.1.0-session-2026-10-08/addon-snapshot/CraftSim/DataSource/PriceSource.lua: Lua error: ...ssion-2026-10-08/addon-snapshot/CraftSim/Debug/Debug.lua:60: attempt to index upvalue 'LibLog' (a nil value)
stack traceback:
	(string):1: in main chunk
[Interface/AddOns/Blizzard_ScriptErrors/Blizzard_ScriptErrors.lua]:59: in function 'GetErrorData'
[Interface/AddOns/Blizzard_ScriptErrors/Blizzard_ScriptErrors.lua]:72: in function <[Interface/AddOns/Blizzard_ScriptErrors/Blizzard_ScriptErrors.lua]:71>

Lua error: @/home/osso/.worktrees/wow-ui-sim-p510-page/data/patch-api/evidence/5.1.0-session-2026-10-08/addon-snapshot/CraftSim/DataSource/InventorySource.lua: Lua error: ...ssion-2026-10-08/addon-snapshot/CraftSim/Debug/Debug.lua:60: attempt to index upvalue 'LibLog' (a nil value)
stack traceback:
	(string):1: in main chunk
Lua error: Lua Error: @/home/osso/.worktrees/wow-ui-sim-p510-page/data/patch-api/evidence/5.1.0-session-2026-10-08/addon-snapshot/CraftSim/DataSource/InventorySource.lua: Lua error: ...ssion-2026-10-08/addon-snapshot/CraftSim/Debug/Debug.lua:60: attempt to index upvalue 'LibLog' (a nil value)
stack traceback:
	(string):1: in main chunk
[Interface/AddOns/Blizzard_ScriptErrors/Blizzard_ScriptErrors.lua]:59: in function 'GetErrorData'
[Interface/AddOns/Blizzard_ScriptErrors/Blizzard_ScriptErrors.lua]:72: in function <[Interface/AddOns/Blizzard_ScriptErrors/Blizzard_ScriptErrors.lua]:71>

Lua error: @/home/osso/.worktrees/wow-ui-sim-p510-page/data/patch-api/evidence/5.1.0-session-2026-10-08/addon-snapshot/CraftSim/Modules/Modules.lua: Lua error: ...n-2026-10-08/addon-snapshot/CraftSim/Modules/Modules.lua:63: attempt to index local 'GUTIL' (a nil value)
stack traceback:
	(string):1: in main chunk
Lua error: Lua Error: @/home/osso/.worktrees/wow-ui-sim-p510-page/data/patch-api/evidence/5.1.0-session-2026-10-08/addon-snapshot/CraftSim/Modules/Modules.lua: Lua error: ...n-2026-10-08/addon-snapshot/CraftSim/Modules/Modules.lua:63: attempt to index local 'GUTIL' (a nil value)
stack traceback:
	(string):1: in main chunk
[Interface/AddOns/Blizzard_ScriptErrors/Blizzard_ScriptErrors.lua]:59: in function 'GetErrorData'
[Interface/AddOns/Blizzard_ScriptErrors/Blizzard_ScriptErrors.lua]:72: in function <[Interface/AddOns/Blizzard_ScriptErrors/Blizzard_ScriptErrors.lua]:71>

Lua error: @/home/osso/.worktrees/wow-ui-sim-p510-page/data/patch-api/evidence/5.1.0-session-2026-10-08/addon-snapshot/CraftSim/Modules/ControlPanel/ControlPanel.lua: Lua error: ...-snapshot/CraftSim/Modules/ControlPanel/ControlPanel.lua:9: attempt to call method 'RegisterModule' (a nil value)
stack traceback:
	(string):1: in main chunk
Lua error: Lua Error: @/home/osso/.worktrees/wow-ui-sim-p510-page/data/patch-api/evidence/5.1.0-session-2026-10-08/addon-snapshot/CraftSim/Modules/ControlPanel/ControlPanel.lua: Lua error: ...-snapshot/CraftSim/Modules/ControlPanel/ControlPanel.lua:9: attempt to call method 'RegisterModule' (a nil value)
stack traceback:
	(string):1: in main chunk
[Interface/AddOns/Blizzard_ScriptErrors/Blizzard_ScriptErrors.lua]:59: in function 'GetErrorData'
[Interface/AddOns/Blizzard_ScriptErrors/Blizzard_ScriptErrors.lua]:72: in function <[Interface/AddOns/Blizzard_ScriptErrors/Blizzard_ScriptErrors.lua]:71>

Lua error: @/home/osso/.worktrees/wow-ui-sim-p510-page/data/patch-api/evidence/5.1.0-session-2026-10-08/addon-snapshot/CraftSim/Modules/ItemCount/ItemCount.lua: Lua error: ...ssion-2026-10-08/addon-snapshot/CraftSim/Debug/Debug.lua:60: attempt to index upvalue 'LibLog' (a nil value)
stack traceback:
	(string):1: in main chunk
Lua error: Lua Error: @/home/osso/.worktrees/wow-ui-sim-p510-page/data/patch-api/evidence/5.1.0-session-2026-10-08/addon-snapshot/CraftSim/Modules/ItemCount/ItemCount.lua: Lua error: ...ssion-2026-10-08/addon-snapshot/CraftSim/Debug/Debug.lua:60: attempt to index upvalue 'LibLog' (a nil value)
stack traceback:
	(string):1: in main chunk
[Interface/AddOns/Blizzard_ScriptErrors/Blizzard_ScriptErrors.lua]:59: in function 'GetErrorData'
[Interface/AddOns/Blizzard_ScriptErrors/Blizzard_ScriptErrors.lua]:72: in function <[Interface/AddOns/Blizzard_ScriptErrors/Blizzard_ScriptErrors.lua]:71>

Lua error: @/home/osso/.worktrees/wow-ui-sim-p510-page/data/patch-api/evidence/5.1.0-session-2026-10-08/addon-snapshot/CraftSim/Modules/Disenchant/UI.lua: Lua error: ...-10-08/addon-snapshot/CraftSim/Modules/Disenchant/UI.lua:8: attempt to index field 'DISENCHANT' (a nil value)
stack traceback:
	(string):1: in main chunk
Lua error: Lua Error: @/home/osso/.worktrees/wow-ui-sim-p510-page/data/patch-api/evidence/5.1.0-session-2026-10-08/addon-snapshot/CraftSim/Modules/Disenchant/UI.lua: Lua error: ...-10-08/addon-snapshot/CraftSim/Modules/Disenchant/UI.lua:8: attempt to index field 'DISENCHANT' (a nil value)
stack traceback:
	(string):1: in main chunk
[Interface/AddOns/Blizzard_ScriptErrors/Blizzard_ScriptErrors.lua]:59: in function 'GetErrorData'
[Interface/AddOns/Blizzard_ScriptErrors/Blizzard_ScriptErrors.lua]:72: in function <[Interface/AddOns/Blizzard_ScriptErrors/Blizzard_ScriptErrors.lua]:71>

Lua error: @/home/osso/.worktrees/wow-ui-sim-p510-page/data/patch-api/evidence/5.1.0-session-2026-10-08/addon-snapshot/CraftSim/Modules/Explanations/Explanations.lua: Lua error: ...-snapshot/CraftSim/Modules/Explanations/Explanations.lua:9: attempt to call method 'RegisterModule' (a nil value)
stack traceback:
	(string):1: in main chunk
Lua error: Lua Error: @/home/osso/.worktrees/wow-ui-sim-p510-page/data/patch-api/evidence/5.1.0-session-2026-10-08/addon-snapshot/CraftSim/Modules/Explanations/Explanations.lua: Lua error: ...-snapshot/CraftSim/Modules/Explanations/Explanations.lua:9: attempt to call method 'RegisterModule' (a nil value)
stack traceback:
	(string):1: in main chunk
[Interface/AddOns/Blizzard_ScriptErrors/Blizzard_ScriptErrors.lua]:59: in function 'GetErrorData'
[Interface/AddOns/Blizzard_ScriptErrors/Blizzard_ScriptErrors.lua]:72: in function <[Interface/AddOns/Blizzard_ScriptErrors/Blizzard_ScriptErrors.lua]:71>

Lua error: @/home/osso/.worktrees/wow-ui-sim-p510-page/data/patch-api/evidence/5.1.0-session-2026-10-08/addon-snapshot/CraftSim/Modules/CraftQueue/CraftQueue.lua: Lua error: ...ddon-snapshot/CraftSim/Modules/CraftQueue/CraftQueue.lua:8: attempt to index local 'GUTIL' (a nil value)
stack traceback:
	(string):1: in main chunk
Lua error: Lua Error: @/home/osso/.worktrees/wow-ui-sim-p510-page/data/patch-api/evidence/5.1.0-session-2026-10-08/addon-snapshot/CraftSim/Modules/CraftQueue/CraftQueue.lua: Lua error: ...ddon-snapshot/CraftSim/Modules/CraftQueue/CraftQueue.lua:8: attempt to index local 'GUTIL' (a nil value)
stack traceback:
	(string):1: in main chunk
[Interface/AddOns/Blizzard_ScriptErrors/Blizzard_ScriptErrors.lua]:59: in function 'GetErrorData'
[Interface/AddOns/Blizzard_ScriptErrors/Blizzard_ScriptErrors.lua]:72: in function <[Interface/AddOns/Blizzard_ScriptErrors/Blizzard_ScriptErrors.lua]:71>

Lua error: @/home/osso/.worktrees/wow-ui-sim-p510-page/data/patch-api/evidence/5.1.0-session-2026-10-08/addon-snapshot/CraftSim/Modules/CraftQueue/CraftLists.lua: Lua error: ...ddon-snapshot/CraftSim/Modules/CraftQueue/CraftLists.lua:8: attempt to index local 'GUTIL' (a nil value)
stack traceback:
	(string):1: in main chunk
Lua error: Lua Error: @/home/osso/.worktrees/wow-ui-sim-p510-page/data/patch-api/evidence/5.1.0-session-2026-10-08/addon-snapshot/CraftSim/Modules/CraftQueue/CraftLists.lua: Lua error: ...ddon-snapshot/CraftSim/Modules/CraftQueue/CraftLists.lua:8: attempt to index local 'GUTIL' (a nil value)
stack traceback:
	(string):1: in main chunk
[Interface/AddOns/Blizzard_ScriptErrors/Blizzard_ScriptErrors.lua]:59: in function 'GetErrorData'
[Interface/AddOns/Blizzard_ScriptErrors/Blizzard_ScriptErrors.lua]:72: in function <[Interface/AddOns/Blizzard_ScriptErrors/Blizzard_ScriptErrors.lua]:71>

Lua error: @/home/osso/.worktrees/wow-ui-sim-p510-page/data/patch-api/evidence/5.1.0-session-2026-10-08/addon-snapshot/CraftSim/Modules/CraftQueue/EditRecipe.lua: Lua error: ...ddon-snapshot/CraftSim/Modules/CraftQueue/EditRecipe.lua:8: attempt to index local 'GUTIL' (a nil value)
stack traceback:
	(string):1: in main chunk
Lua error: Lua Error: @/home/osso/.worktrees/wow-ui-sim-p510-page/data/patch-api/evidence/5.1.0-session-2026-10-08/addon-snapshot/CraftSim/Modules/CraftQueue/EditRecipe.lua: Lua error: ...ddon-snapshot/CraftSim/Modules/CraftQueue/EditRecipe.lua:8: attempt to index local 'GUTIL' (a nil value)
stack traceback:
	(string):1: in main chunk
[Interface/AddOns/Blizzard_ScriptErrors/Blizzard_ScriptErrors.lua]:59: in function 'GetErrorData'
[Interface/AddOns/Blizzard_ScriptErrors/Blizzard_ScriptErrors.lua]:72: in function <[Interface/AddOns/Blizzard_ScriptErrors/Blizzard_ScriptErrors.lua]:71>

Lua error: @/home/osso/.worktrees/wow-ui-sim-p510-page/data/patch-api/evidence/5.1.0-session-2026-10-08/addon-snapshot/CraftSim/Modules/Cooldowns/Cooldowns.lua: Lua error: .../addon-snapshot/CraftSim/Modules/Cooldowns/Cooldowns.lua:8: attempt to index local 'GUTIL' (a nil value)
stack traceback:
	(string):1: in main chunk
Lua error: Lua Error: @/home/osso/.worktrees/wow-ui-sim-p510-page/data/patch-api/evidence/5.1.0-session-2026-10-08/addon-snapshot/CraftSim/Modules/Cooldowns/Cooldowns.lua: Lua error: .../addon-snapshot/CraftSim/Modules/Cooldowns/Cooldowns.lua:8: attempt to index local 'GUTIL' (a nil value)
stack traceback:
	(string):1: in main chunk
[Interface/AddOns/Blizzard_ScriptErrors/Blizzard_ScriptErrors.lua]:59: in function 'GetErrorData'
[Interface/AddOns/Blizzard_ScriptErrors/Blizzard_ScriptErrors.lua]:72: in function <[Interface/AddOns/Blizzard_ScriptErrors/Blizzard_ScriptErrors.lua]:71>

Lua error: @/home/osso/.worktrees/wow-ui-sim-p510-page/data/patch-api/evidence/5.1.0-session-2026-10-08/addon-snapshot/CraftSim/Modules/Cooldowns/UI.lua: Lua error: ...6-10-08/addon-snapshot/CraftSim/Modules/Cooldowns/UI.lua:8: attempt to index field 'COOLDOWNS' (a nil value)
stack traceback:
	(string):1: in main chunk
Lua error: Lua Error: @/home/osso/.worktrees/wow-ui-sim-p510-page/data/patch-api/evidence/5.1.0-session-2026-10-08/addon-snapshot/CraftSim/Modules/Cooldowns/UI.lua: Lua error: ...6-10-08/addon-snapshot/CraftSim/Modules/Cooldowns/UI.lua:8: attempt to index field 'COOLDOWNS' (a nil value)
stack traceback:
	(string):1: in main chunk
[Interface/AddOns/Blizzard_ScriptErrors/Blizzard_ScriptErrors.lua]:59: in function 'GetErrorData'
[Interface/AddOns/Blizzard_ScriptErrors/Blizzard_ScriptErrors.lua]:72: in function <[Interface/AddOns/Blizzard_ScriptErrors/Blizzard_ScriptErrors.lua]:71>

Lua error: @/home/osso/.worktrees/wow-ui-sim-p510-page/data/patch-api/evidence/5.1.0-session-2026-10-08/addon-snapshot/CraftSim/Modules/CustomerHistory/CustomerHistory.lua: Lua error: ...hot/CraftSim/Modules/CustomerHistory/CustomerHistory.lua:10: attempt to index local 'GUTIL' (a nil value)
stack traceback:
	(string):1: in main chunk
Lua error: Lua Error: @/home/osso/.worktrees/wow-ui-sim-p510-page/data/patch-api/evidence/5.1.0-session-2026-10-08/addon-snapshot/CraftSim/Modules/CustomerHistory/CustomerHistory.lua: Lua error: ...hot/CraftSim/Modules/CustomerHistory/CustomerHistory.lua:10: attempt to index local 'GUTIL' (a nil value)
stack traceback:
	(string):1: in main chunk
[Interface/AddOns/Blizzard_ScriptErrors/Blizzard_ScriptErrors.lua]:59: in function 'GetErrorData'
[Interface/AddOns/Blizzard_ScriptErrors/Blizzard_ScriptErrors.lua]:72: in function <[Interface/AddOns/Blizzard_ScriptErrors/Blizzard_ScriptErrors.lua]:71>

Lua error: @/home/osso/.worktrees/wow-ui-sim-p510-page/data/patch-api/evidence/5.1.0-session-2026-10-08/addon-snapshot/CraftSim/Modules/Statistics/Statistics.lua: Lua error: ...ddon-snapshot/CraftSim/Modules/Statistics/Statistics.lua:10: attempt to call method 'RegisterModule' (a nil value)
stack traceback:
	(string):1: in main chunk
Lua error: Lua Error: @/home/osso/.worktrees/wow-ui-sim-p510-page/data/patch-api/evidence/5.1.0-session-2026-10-08/addon-snapshot/CraftSim/Modules/Statistics/Statistics.lua: Lua error: ...ddon-snapshot/CraftSim/Modules/Statistics/Statistics.lua:10: attempt to call method 'RegisterModule' (a nil value)
stack traceback:
	(string):1: in main chunk
[Interface/AddOns/Blizzard_ScriptErrors/Blizzard_ScriptErrors.lua]:59: in function 'GetErrorData'
[Interface/AddOns/Blizzard_ScriptErrors/Blizzard_ScriptErrors.lua]:72: in function <[Interface/AddOns/Blizzard_ScriptErrors/Blizzard_ScriptErrors.lua]:71>

Lua error: @/home/osso/.worktrees/wow-ui-sim-p510-page/data/patch-api/evidence/5.1.0-session-2026-10-08/addon-snapshot/CraftSim/Modules/Statistics/UI.lua: Lua error: ...-10-08/addon-snapshot/CraftSim/Modules/Statistics/UI.lua:8: attempt to index local 'GUTIL' (a nil value)
stack traceback:
	(string):1: in main chunk
Lua error: Lua Error: @/home/osso/.worktrees/wow-ui-sim-p510-page/data/patch-api/evidence/5.1.0-session-2026-10-08/addon-snapshot/CraftSim/Modules/Statistics/UI.lua: Lua error: ...-10-08/addon-snapshot/CraftSim/Modules/Statistics/UI.lua:8: attempt to index local 'GUTIL' (a nil value)
stack traceback:
	(string):1: in main chunk
[Interface/AddOns/Blizzard_ScriptErrors/Blizzard_ScriptErrors.lua]:59: in function 'GetErrorData'
[Interface/AddOns/Blizzard_ScriptErrors/Blizzard_ScriptErrors.lua]:72: in function <[Interface/AddOns/Blizzard_ScriptErrors/Blizzard_ScriptErrors.lua]:71>

Lua error: @/home/osso/.worktrees/wow-ui-sim-p510-page/data/patch-api/evidence/5.1.0-session-2026-10-08/addon-snapshot/CraftSim/Modules/CraftLog/UI.lua: Lua error: ...26-10-08/addon-snapshot/CraftSim/Modules/CraftLog/UI.lua:8: attempt to index local 'GUTIL' (a nil value)
stack traceback:
	(string):1: in main chunk
Lua error: Lua Error: @/home/osso/.worktrees/wow-ui-sim-p510-page/data/patch-api/evidence/5.1.0-session-2026-10-08/addon-snapshot/CraftSim/Modules/CraftLog/UI.lua: Lua error: ...26-10-08/addon-snapshot/CraftSim/Modules/CraftLog/UI.lua:8: attempt to index local 'GUTIL' (a nil value)
stack traceback:
	(string):1: in main chunk
[Interface/AddOns/Blizzard_ScriptErrors/Blizzard_ScriptErrors.lua]:59: in function 'GetErrorData'
[Interface/AddOns/Blizzard_ScriptErrors/Blizzard_ScriptErrors.lua]:72: in function <[Interface/AddOns/Blizzard_ScriptErrors/Blizzard_ScriptErrors.lua]:71>

Lua error: @/home/osso/.worktrees/wow-ui-sim-p510-page/data/patch-api/evidence/5.1.0-session-2026-10-08/addon-snapshot/CraftSim/Modules/Pricing/Pricing.lua: Lua error: ...0-08/addon-snapshot/CraftSim/Modules/Pricing/Pricing.lua:10: attempt to call method 'RegisterModule' (a nil value)
stack traceback:
	(string):1: in main chunk
Lua error: Lua Error: @/home/osso/.worktrees/wow-ui-sim-p510-page/data/patch-api/evidence/5.1.0-session-2026-10-08/addon-snapshot/CraftSim/Modules/Pricing/Pricing.lua: Lua error: ...0-08/addon-snapshot/CraftSim/Modules/Pricing/Pricing.lua:10: attempt to call method 'RegisterModule' (a nil value)
stack traceback:
	(string):1: in main chunk
[Interface/AddOns/Blizzard_ScriptErrors/Blizzard_ScriptErrors.lua]:59: in function 'GetErrorData'
[Interface/AddOns/Blizzard_ScriptErrors/Blizzard_ScriptErrors.lua]:72: in function <[Interface/AddOns/Blizzard_ScriptErrors/Blizzard_ScriptErrors.lua]:71>

Lua error: @/home/osso/.worktrees/wow-ui-sim-p510-page/data/patch-api/evidence/5.1.0-session-2026-10-08/addon-snapshot/CraftSim/Modules/Pricing/UI.lua: Lua error: ...ssion-2026-10-08/addon-snapshot/CraftSim/Debug/Debug.lua:60: attempt to index upvalue 'LibLog' (a nil value)
stack traceback:
	(string):1: in main chunk
Lua error: Lua Error: @/home/osso/.worktrees/wow-ui-sim-p510-page/data/patch-api/evidence/5.1.0-session-2026-10-08/addon-snapshot/CraftSim/Modules/Pricing/UI.lua: Lua error: ...ssion-2026-10-08/addon-snapshot/CraftSim/Debug/Debug.lua:60: attempt to index upvalue 'LibLog' (a nil value)
stack traceback:
	(string):1: in main chunk
[Interface/AddOns/Blizzard_ScriptErrors/Blizzard_ScriptErrors.lua]:59: in function 'GetErrorData'
[Interface/AddOns/Blizzard_ScriptErrors/Blizzard_ScriptErrors.lua]:72: in function <[Interface/AddOns/Blizzard_ScriptErrors/Blizzard_ScriptErrors.lua]:71>

Lua error: @/home/osso/.worktrees/wow-ui-sim-p510-page/data/patch-api/evidence/5.1.0-session-2026-10-08/addon-snapshot/CraftSim/Modules/SpecializationInfo/UI.lua: Lua error: ...ddon-snapshot/CraftSim/Modules/SpecializationInfo/UI.lua:7: attempt to index local 'GUTIL' (a nil value)
stack traceback:
	(string):1: in main chunk
Lua error: Lua Error: @/home/osso/.worktrees/wow-ui-sim-p510-page/data/patch-api/evidence/5.1.0-session-2026-10-08/addon-snapshot/CraftSim/Modules/SpecializationInfo/UI.lua: Lua error: ...ddon-snapshot/CraftSim/Modules/SpecializationInfo/UI.lua:7: attempt to index local 'GUTIL' (a nil value)
stack traceback:
	(string):1: in main chunk
[Interface/AddOns/Blizzard_ScriptErrors/Blizzard_ScriptErrors.lua]:59: in function 'GetErrorData'
[Interface/AddOns/Blizzard_ScriptErrors/Blizzard_ScriptErrors.lua]:72: in function <[Interface/AddOns/Blizzard_ScriptErrors/Blizzard_ScriptErrors.lua]:71>

Lua error: @/home/osso/.worktrees/wow-ui-sim-p510-page/data/patch-api/evidence/5.1.0-session-2026-10-08/addon-snapshot/CraftSim/Modules/SimulationMode/Debug.lua: Lua error: ...addon-snapshot/CraftSim/Modules/SimulationMode/Debug.lua:6: attempt to index local 'GUTIL' (a nil value)
stack traceback:
	(string):1: in main chunk
Lua error: Lua Error: @/home/osso/.worktrees/wow-ui-sim-p510-page/data/patch-api/evidence/5.1.0-session-2026-10-08/addon-snapshot/CraftSim/Modules/SimulationMode/Debug.lua: Lua error: ...addon-snapshot/CraftSim/Modules/SimulationMode/Debug.lua:6: attempt to index local 'GUTIL' (a nil value)
stack traceback:
	(string):1: in main chunk
[Interface/AddOns/Blizzard_ScriptErrors/Blizzard_ScriptErrors.lua]:59: in function 'GetErrorData'
[Interface/AddOns/Blizzard_ScriptErrors/Blizzard_ScriptErrors.lua]:72: in function <[Interface/AddOns/Blizzard_ScriptErrors/Blizzard_ScriptErrors.lua]:71>

Lua error: @/home/osso/.worktrees/wow-ui-sim-p510-page/data/patch-api/evidence/5.1.0-session-2026-10-08/addon-snapshot/CraftSim/Modules/SimulationMode/UI.lua: Lua error: ...08/addon-snapshot/CraftSim/Modules/SimulationMode/UI.lua:7: attempt to index local 'GUTIL' (a nil value)
stack traceback:
	(string):1: in main chunk
Lua error: Lua Error: @/home/osso/.worktrees/wow-ui-sim-p510-page/data/patch-api/evidence/5.1.0-session-2026-10-08/addon-snapshot/CraftSim/Modules/SimulationMode/UI.lua: Lua error: ...08/addon-snapshot/CraftSim/Modules/SimulationMode/UI.lua:7: attempt to index local 'GUTIL' (a nil value)
stack traceback:
	(string):1: in main chunk
[Interface/AddOns/Blizzard_ScriptErrors/Blizzard_ScriptErrors.lua]:59: in function 'GetErrorData'
[Interface/AddOns/Blizzard_ScriptErrors/Blizzard_ScriptErrors.lua]:72: in function <[Interface/AddOns/Blizzard_ScriptErrors/Blizzard_ScriptErrors.lua]:71>

Lua error: @/home/osso/.worktrees/wow-ui-sim-p510-page/data/patch-api/evidence/5.1.0-session-2026-10-08/addon-snapshot/CraftSim/Modules/ReagentOptimization/ReagentOptimization.lua: Lua error: ...tSim/Modules/ReagentOptimization/ReagentOptimization.lua:87: attempt to call method 'RegisterModule' (a nil value)
stack traceback:
	(string):1: in main chunk
Lua error: Lua Error: @/home/osso/.worktrees/wow-ui-sim-p510-page/data/patch-api/evidence/5.1.0-session-2026-10-08/addon-snapshot/CraftSim/Modules/ReagentOptimization/ReagentOptimization.lua: Lua error: ...tSim/Modules/ReagentOptimization/ReagentOptimization.lua:87: attempt to call method 'RegisterModule' (a nil value)
stack traceback:
	(string):1: in main chunk
[Interface/AddOns/Blizzard_ScriptErrors/Blizzard_ScriptErrors.lua]:59: in function 'GetErrorData'
[Interface/AddOns/Blizzard_ScriptErrors/Blizzard_ScriptErrors.lua]:72: in function <[Interface/AddOns/Blizzard_ScriptErrors/Blizzard_ScriptErrors.lua]:71>

Lua error: @/home/osso/.worktrees/wow-ui-sim-p510-page/data/patch-api/evidence/5.1.0-session-2026-10-08/addon-snapshot/CraftSim/Modules/ReagentOptimization/UI.lua: Lua error: ...don-snapshot/CraftSim/Modules/ReagentOptimization/UI.lua:6: attempt to index local 'GUTIL' (a nil value)
stack traceback:
	(string):1: in main chunk
Lua error: Lua Error: @/home/osso/.worktrees/wow-ui-sim-p510-page/data/patch-api/evidence/5.1.0-session-2026-10-08/addon-snapshot/CraftSim/Modules/ReagentOptimization/UI.lua: Lua error: ...don-snapshot/CraftSim/Modules/ReagentOptimization/UI.lua:6: attempt to index local 'GUTIL' (a nil value)
stack traceback:
	(string):1: in main chunk
[Interface/AddOns/Blizzard_ScriptErrors/Blizzard_ScriptErrors.lua]:59: in function 'GetErrorData'
[Interface/AddOns/Blizzard_ScriptErrors/Blizzard_ScriptErrors.lua]:72: in function <[Interface/AddOns/Blizzard_ScriptErrors/Blizzard_ScriptErrors.lua]:71>

Lua error: @/home/osso/.worktrees/wow-ui-sim-p510-page/data/patch-api/evidence/5.1.0-session-2026-10-08/addon-snapshot/CraftSim/Modules/TopGear/TopGear.lua: Lua error: ...ssion-2026-10-08/addon-snapshot/CraftSim/Debug/Debug.lua:60: attempt to index upvalue 'LibLog' (a nil value)
stack traceback:
	(string):1: in main chunk
Lua error: Lua Error: @/home/osso/.worktrees/wow-ui-sim-p510-page/data/patch-api/evidence/5.1.0-session-2026-10-08/addon-snapshot/CraftSim/Modules/TopGear/TopGear.lua: Lua error: ...ssion-2026-10-08/addon-snapshot/CraftSim/Debug/Debug.lua:60: attempt to index upvalue 'LibLog' (a nil value)
stack traceback:
	(string):1: in main chunk
[Interface/AddOns/Blizzard_ScriptErrors/Blizzard_ScriptErrors.lua]:59: in function 'GetErrorData'
[Interface/AddOns/Blizzard_ScriptErrors/Blizzard_ScriptErrors.lua]:72: in function <[Interface/AddOns/Blizzard_ScriptErrors/Blizzard_ScriptErrors.lua]:71>

Lua error: @/home/osso/.worktrees/wow-ui-sim-p510-page/data/patch-api/evidence/5.1.0-session-2026-10-08/addon-snapshot/CraftSim/Modules/TopGear/UI.lua: Lua error: ...ssion-2026-10-08/addon-snapshot/CraftSim/Debug/Debug.lua:60: attempt to index upvalue 'LibLog' (a nil value)
stack traceback:
	(string):1: in main chunk
Lua error: Lua Error: @/home/osso/.worktrees/wow-ui-sim-p510-page/data/patch-api/evidence/5.1.0-session-2026-10-08/addon-snapshot/CraftSim/Modules/TopGear/UI.lua: Lua error: ...ssion-2026-10-08/addon-snapshot/CraftSim/Debug/Debug.lua:60: attempt to index upvalue 'LibLog' (a nil value)
stack traceback:
	(string):1: in main chunk
[Interface/AddOns/Blizzard_ScriptErrors/Blizzard_ScriptErrors.lua]:59: in function 'GetErrorData'
[Interface/AddOns/Blizzard_ScriptErrors/Blizzard_ScriptErrors.lua]:72: in function <[Interface/AddOns/Blizzard_ScriptErrors/Blizzard_ScriptErrors.lua]:71>

Lua error: @/home/osso/.worktrees/wow-ui-sim-p510-page/data/patch-api/evidence/5.1.0-session-2026-10-08/addon-snapshot/CraftSim/Modules/RecipeScan/RecipeScan.lua: Lua error: ...ddon-snapshot/CraftSim/Modules/RecipeScan/RecipeScan.lua:11: attempt to call method 'RegisterModule' (a nil value)
stack traceback:
	(string):1: in main chunk
Lua error: Lua Error: @/home/osso/.worktrees/wow-ui-sim-p510-page/data/patch-api/evidence/5.1.0-session-2026-10-08/addon-snapshot/CraftSim/Modules/RecipeScan/RecipeScan.lua: Lua error: ...ddon-snapshot/CraftSim/Modules/RecipeScan/RecipeScan.lua:11: attempt to call method 'RegisterModule' (a nil value)
stack traceback:
	(string):1: in main chunk
[Interface/AddOns/Blizzard_ScriptErrors/Blizzard_ScriptErrors.lua]:59: in function 'GetErrorData'
[Interface/AddOns/Blizzard_ScriptErrors/Blizzard_ScriptErrors.lua]:72: in function <[Interface/AddOns/Blizzard_ScriptErrors/Blizzard_ScriptErrors.lua]:71>

Lua error: @/home/osso/.worktrees/wow-ui-sim-p510-page/data/patch-api/evidence/5.1.0-session-2026-10-08/addon-snapshot/CraftSim/Modules/RecipeScan/UI.lua: Lua error: ...-10-08/addon-snapshot/CraftSim/Modules/RecipeScan/UI.lua:7: attempt to index field 'GUTIL' (a nil value)
stack traceback:
	(string):1: in main chunk
Lua error: Lua Error: @/home/osso/.worktrees/wow-ui-sim-p510-page/data/patch-api/evidence/5.1.0-session-2026-10-08/addon-snapshot/CraftSim/Modules/RecipeScan/UI.lua: Lua error: ...-10-08/addon-snapshot/CraftSim/Modules/RecipeScan/UI.lua:7: attempt to index field 'GUTIL' (a nil value)
stack traceback:
	(string):1: in main chunk
[Interface/AddOns/Blizzard_ScriptErrors/Blizzard_ScriptErrors.lua]:59: in function 'GetErrorData'
[Interface/AddOns/Blizzard_ScriptErrors/Blizzard_ScriptErrors.lua]:72: in function <[Interface/AddOns/Blizzard_ScriptErrors/Blizzard_ScriptErrors.lua]:71>

Lua error: @/home/osso/.worktrees/wow-ui-sim-p510-page/data/patch-api/evidence/5.1.0-session-2026-10-08/addon-snapshot/CraftSim/Modules/Supporters/Supporters.lua: Lua error: ...ddon-snapshot/CraftSim/Modules/Supporters/Supporters.lua:6: attempt to index local 'GUTIL' (a nil value)
stack traceback:
	(string):1: in main chunk
Lua error: Lua Error: @/home/osso/.worktrees/wow-ui-sim-p510-page/data/patch-api/evidence/5.1.0-session-2026-10-08/addon-snapshot/CraftSim/Modules/Supporters/Supporters.lua: Lua error: ...ddon-snapshot/CraftSim/Modules/Supporters/Supporters.lua:6: attempt to index local 'GUTIL' (a nil value)
stack traceback:
	(string):1: in main chunk
[Interface/AddOns/Blizzard_ScriptErrors/Blizzard_ScriptErrors.lua]:59: in function 'GetErrorData'
[Interface/AddOns/Blizzard_ScriptErrors/Blizzard_ScriptErrors.lua]:72: in function <[Interface/AddOns/Blizzard_ScriptErrors/Blizzard_ScriptErrors.lua]:71>

Lua error: @/home/osso/.worktrees/wow-ui-sim-p510-page/data/patch-api/evidence/5.1.0-session-2026-10-08/addon-snapshot/CraftSim/Modules/Supporters/UI.lua: Lua error: ...-10-08/addon-snapshot/CraftSim/Modules/Supporters/UI.lua:6: attempt to index local 'GUTIL' (a nil value)
stack traceback:
	(string):1: in main chunk
Lua error: Lua Error: @/home/osso/.worktrees/wow-ui-sim-p510-page/data/patch-api/evidence/5.1.0-session-2026-10-08/addon-snapshot/CraftSim/Modules/Supporters/UI.lua: Lua error: ...-10-08/addon-snapshot/CraftSim/Modules/Supporters/UI.lua:6: attempt to index local 'GUTIL' (a nil value)
stack traceback:
	(string):1: in main chunk
[Interface/AddOns/Blizzard_ScriptErrors/Blizzard_ScriptErrors.lua]:59: in function 'GetErrorData'
[Interface/AddOns/Blizzard_ScriptErrors/Blizzard_ScriptErrors.lua]:72: in function <[Interface/AddOns/Blizzard_ScriptErrors/Blizzard_ScriptErrors.lua]:71>

Lua error: @/home/osso/.worktrees/wow-ui-sim-p510-page/data/patch-api/evidence/5.1.0-session-2026-10-08/addon-snapshot/CraftSim/Modules/CraftBuffs/CraftBuffs.lua: Lua error: ...ssion-2026-10-08/addon-snapshot/CraftSim/Debug/Debug.lua:60: attempt to index upvalue 'LibLog' (a nil value)
stack traceback:
	(string):1: in main chunk
Lua error: Lua Error: @/home/osso/.worktrees/wow-ui-sim-p510-page/data/patch-api/evidence/5.1.0-session-2026-10-08/addon-snapshot/CraftSim/Modules/CraftBuffs/CraftBuffs.lua: Lua error: ...ssion-2026-10-08/addon-snapshot/CraftSim/Debug/Debug.lua:60: attempt to index upvalue 'LibLog' (a nil value)
stack traceback:
	(string):1: in main chunk
[Interface/AddOns/Blizzard_ScriptErrors/Blizzard_ScriptErrors.lua]:59: in function 'GetErrorData'
[Interface/AddOns/Blizzard_ScriptErrors/Blizzard_ScriptErrors.lua]:72: in function <[Interface/AddOns/Blizzard_ScriptErrors/Blizzard_ScriptErrors.lua]:71>

Lua error: @/home/osso/.worktrees/wow-ui-sim-p510-page/data/patch-api/evidence/5.1.0-session-2026-10-08/addon-snapshot/CraftSim/Modules/CraftBuffs/UI.lua: Lua error: ...-10-08/addon-snapshot/CraftSim/Modules/CraftBuffs/UI.lua:11: attempt to index field 'CRAFT_BUFFS' (a nil value)
stack traceback:
	(string):1: in main chunk
Lua error: Lua Error: @/home/osso/.worktrees/wow-ui-sim-p510-page/data/patch-api/evidence/5.1.0-session-2026-10-08/addon-snapshot/CraftSim/Modules/CraftBuffs/UI.lua: Lua error: ...-10-08/addon-snapshot/CraftSim/Modules/CraftBuffs/UI.lua:11: attempt to index field 'CRAFT_BUFFS' (a nil value)
stack traceback:
	(string):1: in main chunk
[Interface/AddOns/Blizzard_ScriptErrors/Blizzard_ScriptErrors.lua]:59: in function 'GetErrorData'
[Interface/AddOns/Blizzard_ScriptErrors/Blizzard_ScriptErrors.lua]:72: in function <[Interface/AddOns/Blizzard_ScriptErrors/Blizzard_ScriptErrors.lua]:71>

Lua error: @/home/osso/.worktrees/wow-ui-sim-p510-page/data/patch-api/evidence/5.1.0-session-2026-10-08/addon-snapshot/CraftSim/Modules/ConcentrationTracker/ConcentrationTracker.lua: Lua error: ...im/Modules/ConcentrationTracker/ConcentrationTracker.lua:5: attempt to index local 'GUTIL' (a nil value)
stack traceback:
	(string):1: in main chunk
Lua error: Lua Error: @/home/osso/.worktrees/wow-ui-sim-p510-page/data/patch-api/evidence/5.1.0-session-2026-10-08/addon-snapshot/CraftSim/Modules/ConcentrationTracker/ConcentrationTracker.lua: Lua error: ...im/Modules/ConcentrationTracker/ConcentrationTracker.lua:5: attempt to index local 'GUTIL' (a nil value)
stack traceback:
	(string):1: in main chunk
[Interface/AddOns/Blizzard_ScriptErrors/Blizzard_ScriptErrors.lua]:59: in function 'GetErrorData'
[Interface/AddOns/Blizzard_ScriptErrors/Blizzard_ScriptErrors.lua]:72: in function <[Interface/AddOns/Blizzard_ScriptErrors/Blizzard_ScriptErrors.lua]:71>

Lua error: @/home/osso/.worktrees/wow-ui-sim-p510-page/data/patch-api/evidence/5.1.0-session-2026-10-08/addon-snapshot/CraftSim/Modules/ConcentrationTracker/UI.lua: Lua error: ...on-snapshot/CraftSim/Modules/ConcentrationTracker/UI.lua:11: attempt to index field 'CONCENTRATION_TRACKER' (a nil value)
stack traceback:
	(string):1: in main chunk
Lua error: Lua Error: @/home/osso/.worktrees/wow-ui-sim-p510-page/data/patch-api/evidence/5.1.0-session-2026-10-08/addon-snapshot/CraftSim/Modules/ConcentrationTracker/UI.lua: Lua error: ...on-snapshot/CraftSim/Modules/ConcentrationTracker/UI.lua:11: attempt to index field 'CONCENTRATION_TRACKER' (a nil value)
stack traceback:
	(string):1: in main chunk
[Interface/AddOns/Blizzard_ScriptErrors/Blizzard_ScriptErrors.lua]:59: in function 'GetErrorData'
[Interface/AddOns/Blizzard_ScriptErrors/Blizzard_ScriptErrors.lua]:72: in function <[Interface/AddOns/Blizzard_ScriptErrors/Blizzard_ScriptErrors.lua]:71>

Lua error: @/home/osso/.worktrees/wow-ui-sim-p510-page/data/patch-api/evidence/5.1.0-session-2026-10-08/addon-snapshot/CraftSim/Modules/WorkOrderTracker/WorkOrderTracker.lua: Lua error: ...t/CraftSim/Modules/WorkOrderTracker/WorkOrderTracker.lua:8: attempt to index local 'GUTIL' (a nil value)
stack traceback:
	(string):1: in main chunk
Lua error: Lua Error: @/home/osso/.worktrees/wow-ui-sim-p510-page/data/patch-api/evidence/5.1.0-session-2026-10-08/addon-snapshot/CraftSim/Modules/WorkOrderTracker/WorkOrderTracker.lua: Lua error: ...t/CraftSim/Modules/WorkOrderTracker/WorkOrderTracker.lua:8: attempt to index local 'GUTIL' (a nil value)
stack traceback:
	(string):1: in main chunk
[Interface/AddOns/Blizzard_ScriptErrors/Blizzard_ScriptErrors.lua]:59: in function 'GetErrorData'
[Interface/AddOns/Blizzard_ScriptErrors/Blizzard_ScriptErrors.lua]:72: in function <[Interface/AddOns/Blizzard_ScriptErrors/Blizzard_ScriptErrors.lua]:71>

Lua error: @/home/osso/.worktrees/wow-ui-sim-p510-page/data/patch-api/evidence/5.1.0-session-2026-10-08/addon-snapshot/CraftSim/Modules/WorkOrderTracker/UI.lua: Lua error: .../addon-snapshot/CraftSim/Modules/WorkOrderTracker/UI.lua:8: attempt to index field 'WORK_ORDER_TRACKER' (a nil value)
stack traceback:
	(string):1: in main chunk
Lua error: Lua Error: @/home/osso/.worktrees/wow-ui-sim-p510-page/data/patch-api/evidence/5.1.0-session-2026-10-08/addon-snapshot/CraftSim/Modules/WorkOrderTracker/UI.lua: Lua error: .../addon-snapshot/CraftSim/Modules/WorkOrderTracker/UI.lua:8: attempt to index field 'WORK_ORDER_TRACKER' (a nil value)
stack traceback:
	(string):1: in main chunk
[Interface/AddOns/Blizzard_ScriptErrors/Blizzard_ScriptErrors.lua]:59: in function 'GetErrorData'
[Interface/AddOns/Blizzard_ScriptErrors/Blizzard_ScriptErrors.lua]:72: in function <[Interface/AddOns/Blizzard_ScriptErrors/Blizzard_ScriptErrors.lua]:71>

Lua error: @/home/osso/.worktrees/wow-ui-sim-p510-page/data/patch-api/evidence/5.1.0-session-2026-10-08/addon-snapshot/CraftSim/Data/SpecializationData/Dragonflight/Blacksmithing.lua: Lua error: ...m/Data/SpecializationData/Dragonflight/Blacksmithing.lua:3: attempt to index field 'SPECIALIZATION_DATA' (a nil value)
stack traceback:
	(string):1: in main chunk
Lua error: Lua Error: @/home/osso/.worktrees/wow-ui-sim-p510-page/data/patch-api/evidence/5.1.0-session-2026-10-08/addon-snapshot/CraftSim/Data/SpecializationData/Dragonflight/Blacksmithing.lua: Lua error: ...m/Data/SpecializationData/Dragonflight/Blacksmithing.lua:3: attempt to index field 'SPECIALIZATION_DATA' (a nil value)
stack traceback:
	(string):1: in main chunk
[Interface/AddOns/Blizzard_ScriptErrors/Blizzard_ScriptErrors.lua]:59: in function 'GetErrorData'
[Interface/AddOns/Blizzard_ScriptErrors/Blizzard_ScriptErrors.lua]:72: in function <[Interface/AddOns/Blizzard_ScriptErrors/Blizzard_ScriptErrors.lua]:71>

Lua error: @/home/osso/.worktrees/wow-ui-sim-p510-page/data/patch-api/evidence/5.1.0-session-2026-10-08/addon-snapshot/CraftSim/Data/SpecializationData/Dragonflight/Enchanting.lua: Lua error: ...tSim/Data/SpecializationData/Dragonflight/Enchanting.lua:3: attempt to index field 'SPECIALIZATION_DATA' (a nil value)
stack traceback:
	(string):1: in main chunk
Lua error: Lua Error: @/home/osso/.worktrees/wow-ui-sim-p510-page/data/patch-api/evidence/5.1.0-session-2026-10-08/addon-snapshot/CraftSim/Data/SpecializationData/Dragonflight/Enchanting.lua: Lua error: ...tSim/Data/SpecializationData/Dragonflight/Enchanting.lua:3: attempt to index field 'SPECIALIZATION_DATA' (a nil value)
stack traceback:
	(string):1: in main chunk
[Interface/AddOns/Blizzard_ScriptErrors/Blizzard_ScriptErrors.lua]:59: in function 'GetErrorData'
[Interface/AddOns/Blizzard_ScriptErrors/Blizzard_ScriptErrors.lua]:72: in function <[Interface/AddOns/Blizzard_ScriptErrors/Blizzard_ScriptErrors.lua]:71>

Lua error: @/home/osso/.worktrees/wow-ui-sim-p510-page/data/patch-api/evidence/5.1.0-session-2026-10-08/addon-snapshot/CraftSim/Data/SpecializationData/Dragonflight/Leatherworking.lua: Lua error: .../Data/SpecializationData/Dragonflight/Leatherworking.lua:3: attempt to index field 'SPECIALIZATION_DATA' (a nil value)
stack traceback:
	(string):1: in main chunk
Lua error: Lua Error: @/home/osso/.worktrees/wow-ui-sim-p510-page/data/patch-api/evidence/5.1.0-session-2026-10-08/addon-snapshot/CraftSim/Data/SpecializationData/Dragonflight/Leatherworking.lua: Lua error: .../Data/SpecializationData/Dragonflight/Leatherworking.lua:3: attempt to index field 'SPECIALIZATION_DATA' (a nil value)
stack traceback:
	(string):1: in main chunk
[Interface/AddOns/Blizzard_ScriptErrors/Blizzard_ScriptErrors.lua]:59: in function 'GetErrorData'
[Interface/AddOns/Blizzard_ScriptErrors/Blizzard_ScriptErrors.lua]:72: in function <[Interface/AddOns/Blizzard_ScriptErrors/Blizzard_ScriptErrors.lua]:71>

Lua error: @/home/osso/.worktrees/wow-ui-sim-p510-page/data/patch-api/evidence/5.1.0-session-2026-10-08/addon-snapshot/CraftSim/Data/SpecializationData/Dragonflight/Engineering.lua: Lua error: ...Sim/Data/SpecializationData/Dragonflight/Engineering.lua:3: attempt to index field 'SPECIALIZATION_DATA' (a nil value)
stack traceback:
	(string):1: in main chunk
Lua error: Lua Error: @/home/osso/.worktrees/wow-ui-sim-p510-page/data/patch-api/evidence/5.1.0-session-2026-10-08/addon-snapshot/CraftSim/Data/SpecializationData/Dragonflight/Engineering.lua: Lua error: ...Sim/Data/SpecializationData/Dragonflight/Engineering.lua:3: attempt to index field 'SPECIALIZATION_DATA' (a nil value)
stack traceback:
	(string):1: in main chunk
[Interface/AddOns/Blizzard_ScriptErrors/Blizzard_ScriptErrors.lua]:59: in function 'GetErrorData'
[Interface/AddOns/Blizzard_ScriptErrors/Blizzard_ScriptErrors.lua]:72: in function <[Interface/AddOns/Blizzard_ScriptErrors/Blizzard_ScriptErrors.lua]:71>

Lua error: @/home/osso/.worktrees/wow-ui-sim-p510-page/data/patch-api/evidence/5.1.0-session-2026-10-08/addon-snapshot/CraftSim/Data/SpecializationData/The_War_Within/Blacksmithing.lua: Lua error: ...Data/SpecializationData/The_War_Within/Blacksmithing.lua:3: attempt to index field 'SPECIALIZATION_DATA' (a nil value)
stack traceback:
	(string):1: in main chunk
Lua error: Lua Error: @/home/osso/.worktrees/wow-ui-sim-p510-page/data/patch-api/evidence/5.1.0-session-2026-10-08/addon-snapshot/CraftSim/Data/SpecializationData/The_War_Within/Blacksmithing.lua: Lua error: ...Data/SpecializationData/The_War_Within/Blacksmithing.lua:3: attempt to index field 'SPECIALIZATION_DATA' (a nil value)
stack traceback:
	(string):1: in main chunk
[Interface/AddOns/Blizzard_ScriptErrors/Blizzard_ScriptErrors.lua]:59: in function 'GetErrorData'
[Interface/AddOns/Blizzard_ScriptErrors/Blizzard_ScriptErrors.lua]:72: in function <[Interface/AddOns/Blizzard_ScriptErrors/Blizzard_ScriptErrors.lua]:71>

Lua error: @/home/osso/.worktrees/wow-ui-sim-p510-page/data/patch-api/evidence/5.1.0-session-2026-10-08/addon-snapshot/CraftSim/Data/SpecializationData/The_War_Within/Inscription.lua: Lua error: ...m/Data/SpecializationData/The_War_Within/Inscription.lua:3: attempt to index field 'SPECIALIZATION_DATA' (a nil value)
stack traceback:
	(string):1: in main chunk
Lua error: Lua Error: @/home/osso/.worktrees/wow-ui-sim-p510-page/data/patch-api/evidence/5.1.0-session-2026-10-08/addon-snapshot/CraftSim/Data/SpecializationData/The_War_Within/Inscription.lua: Lua error: ...m/Data/SpecializationData/The_War_Within/Inscription.lua:3: attempt to index field 'SPECIALIZATION_DATA' (a nil value)
stack traceback:
	(string):1: in main chunk
[Interface/AddOns/Blizzard_ScriptErrors/Blizzard_ScriptErrors.lua]:59: in function 'GetErrorData'
[Interface/AddOns/Blizzard_ScriptErrors/Blizzard_ScriptErrors.lua]:72: in function <[Interface/AddOns/Blizzard_ScriptErrors/Blizzard_ScriptErrors.lua]:71>

Lua error: @/home/osso/.worktrees/wow-ui-sim-p510-page/data/patch-api/evidence/5.1.0-session-2026-10-08/addon-snapshot/CraftSim/Data/SpecializationData/The_War_Within/Jewelcrafting.lua: Lua error: ...Data/SpecializationData/The_War_Within/Jewelcrafting.lua:3: attempt to index field 'SPECIALIZATION_DATA' (a nil value)
stack traceback:
	(string):1: in main chunk
Lua error: Lua Error: @/home/osso/.worktrees/wow-ui-sim-p510-page/data/patch-api/evidence/5.1.0-session-2026-10-08/addon-snapshot/CraftSim/Data/SpecializationData/The_War_Within/Jewelcrafting.lua: Lua error: ...Data/SpecializationData/The_War_Within/Jewelcrafting.lua:3: attempt to index field 'SPECIALIZATION_DATA' (a nil value)
stack traceback:
	(string):1: in main chunk
[Interface/AddOns/Blizzard_ScriptErrors/Blizzard_ScriptErrors.lua]:59: in function 'GetErrorData'
[Interface/AddOns/Blizzard_ScriptErrors/Blizzard_ScriptErrors.lua]:72: in function <[Interface/AddOns/Blizzard_ScriptErrors/Blizzard_ScriptErrors.lua]:71>

Lua error: @/home/osso/.worktrees/wow-ui-sim-p510-page/data/patch-api/evidence/5.1.0-session-2026-10-08/addon-snapshot/CraftSim/Data/SpecializationData/The_War_Within/Engineering.lua: Lua error: ...m/Data/SpecializationData/The_War_Within/Engineering.lua:3: attempt to index field 'SPECIALIZATION_DATA' (a nil value)
stack traceback:
	(string):1: in main chunk
Lua error: Lua Error: @/home/osso/.worktrees/wow-ui-sim-p510-page/data/patch-api/evidence/5.1.0-session-2026-10-08/addon-snapshot/CraftSim/Data/SpecializationData/The_War_Within/Engineering.lua: Lua error: ...m/Data/SpecializationData/The_War_Within/Engineering.lua:3: attempt to index field 'SPECIALIZATION_DATA' (a nil value)
stack traceback:
	(string):1: in main chunk
[Interface/AddOns/Blizzard_ScriptErrors/Blizzard_ScriptErrors.lua]:59: in function 'GetErrorData'
[Interface/AddOns/Blizzard_ScriptErrors/Blizzard_ScriptErrors.lua]:72: in function <[Interface/AddOns/Blizzard_ScriptErrors/Blizzard_ScriptErrors.lua]:71>

Lua error: @/home/osso/.worktrees/wow-ui-sim-p510-page/data/patch-api/evidence/5.1.0-session-2026-10-08/addon-snapshot/CraftSim/Data/SpecializationData/Midnight/Alchemy.lua: Lua error: ...ot/CraftSim/Data/SpecializationData/Midnight/Alchemy.lua:3: attempt to index field 'SPECIALIZATION_DATA' (a nil value)
stack traceback:
	(string):1: in main chunk
Lua error: Lua Error: @/home/osso/.worktrees/wow-ui-sim-p510-page/data/patch-api/evidence/5.1.0-session-2026-10-08/addon-snapshot/CraftSim/Data/SpecializationData/Midnight/Alchemy.lua: Lua error: ...ot/CraftSim/Data/SpecializationData/Midnight/Alchemy.lua:3: attempt to index field 'SPECIALIZATION_DATA' (a nil value)
stack traceback:
	(string):1: in main chunk
[Interface/AddOns/Blizzard_ScriptErrors/Blizzard_ScriptErrors.lua]:59: in function 'GetErrorData'
[Interface/AddOns/Blizzard_ScriptErrors/Blizzard_ScriptErrors.lua]:72: in function <[Interface/AddOns/Blizzard_ScriptErrors/Blizzard_ScriptErrors.lua]:71>

Lua error: @/home/osso/.worktrees/wow-ui-sim-p510-page/data/patch-api/evidence/5.1.0-session-2026-10-08/addon-snapshot/CraftSim/Data/SpecializationData/Midnight/Enchanting.lua: Lua error: ...CraftSim/Data/SpecializationData/Midnight/Enchanting.lua:3: attempt to index field 'SPECIALIZATION_DATA' (a nil value)
stack traceback:
	(string):1: in main chunk
Lua error: Lua Error: @/home/osso/.worktrees/wow-ui-sim-p510-page/data/patch-api/evidence/5.1.0-session-2026-10-08/addon-snapshot/CraftSim/Data/SpecializationData/Midnight/Enchanting.lua: Lua error: ...CraftSim/Data/SpecializationData/Midnight/Enchanting.lua:3: attempt to index field 'SPECIALIZATION_DATA' (a nil value)
stack traceback:
	(string):1: in main chunk
[Interface/AddOns/Blizzard_ScriptErrors/Blizzard_ScriptErrors.lua]:59: in function 'GetErrorData'
[Interface/AddOns/Blizzard_ScriptErrors/Blizzard_ScriptErrors.lua]:72: in function <[Interface/AddOns/Blizzard_ScriptErrors/Blizzard_ScriptErrors.lua]:71>

Lua error: @/home/osso/.worktrees/wow-ui-sim-p510-page/data/patch-api/evidence/5.1.0-session-2026-10-08/addon-snapshot/CraftSim/Data/SpecializationData/Midnight/Jewelcrafting.lua: Lua error: ...ftSim/Data/SpecializationData/Midnight/Jewelcrafting.lua:3: attempt to index field 'SPECIALIZATION_DATA' (a nil value)
stack traceback:
	(string):1: in main chunk
Lua error: Lua Error: @/home/osso/.worktrees/wow-ui-sim-p510-page/data/patch-api/evidence/5.1.0-session-2026-10-08/addon-snapshot/CraftSim/Data/SpecializationData/Midnight/Jewelcrafting.lua: Lua error: ...ftSim/Data/SpecializationData/Midnight/Jewelcrafting.lua:3: attempt to index field 'SPECIALIZATION_DATA' (a nil value)
stack traceback:
	(string):1: in main chunk
[Interface/AddOns/Blizzard_ScriptErrors/Blizzard_ScriptErrors.lua]:59: in function 'GetErrorData'
[Interface/AddOns/Blizzard_ScriptErrors/Blizzard_ScriptErrors.lua]:72: in function <[Interface/AddOns/Blizzard_ScriptErrors/Blizzard_ScriptErrors.lua]:71>

Lua error: @/home/osso/.worktrees/wow-ui-sim-p510-page/data/patch-api/evidence/5.1.0-session-2026-10-08/addon-snapshot/CraftSim/Data/SpecializationData/Midnight/Tailoring.lua: Lua error: .../CraftSim/Data/SpecializationData/Midnight/Tailoring.lua:3: attempt to index field 'SPECIALIZATION_DATA' (a nil value)
stack traceback:
	(string):1: in main chunk
Lua error: Lua Error: @/home/osso/.worktrees/wow-ui-sim-p510-page/data/patch-api/evidence/5.1.0-session-2026-10-08/addon-snapshot/CraftSim/Data/SpecializationData/Midnight/Tailoring.lua: Lua error: .../CraftSim/Data/SpecializationData/Midnight/Tailoring.lua:3: attempt to index field 'SPECIALIZATION_DATA' (a nil value)
stack traceback:
	(string):1: in main chunk
[Interface/AddOns/Blizzard_ScriptErrors/Blizzard_ScriptErrors.lua]:59: in function 'GetErrorData'
[Interface/AddOns/Blizzard_ScriptErrors/Blizzard_ScriptErrors.lua]:72: in function <[Interface/AddOns/Blizzard_ScriptErrors/Blizzard_ScriptErrors.lua]:71>

Lua error: @/home/osso/.worktrees/wow-ui-sim-p510-page/data/patch-api/evidence/5.1.0-session-2026-10-08/addon-snapshot/CraftSim/Data/SpecializationData/Midnight/Engineering.lua: Lua error: ...raftSim/Data/SpecializationData/Midnight/Engineering.lua:3: attempt to index field 'SPECIALIZATION_DATA' (a nil value)
stack traceback:
	(string):1: in main chunk
Lua error: Lua Error: @/home/osso/.worktrees/wow-ui-sim-p510-page/data/patch-api/evidence/5.1.0-session-2026-10-08/addon-snapshot/CraftSim/Data/SpecializationData/Midnight/Engineering.lua: Lua error: ...raftSim/Data/SpecializationData/Midnight/Engineering.lua:3: attempt to index field 'SPECIALIZATION_DATA' (a nil value)
stack traceback:
	(string):1: in main chunk
[Interface/AddOns/Blizzard_ScriptErrors/Blizzard_ScriptErrors.lua]:59: in function 'GetErrorData'
[Interface/AddOns/Blizzard_ScriptErrors/Blizzard_ScriptErrors.lua]:72: in function <[Interface/AddOns/Blizzard_ScriptErrors/Blizzard_ScriptErrors.lua]:71>

Lua error: @/home/osso/.worktrees/wow-ui-sim-p510-page/data/patch-api/evidence/5.1.0-session-2026-10-08/addon-snapshot/CraftSim/Classes/OnCraftData.lua: Lua error: ...26-10-08/addon-snapshot/CraftSim/Classes/OnCraftData.lua:8: attempt to index field 'CraftSimObject' (a nil value)
stack traceback:
	(string):1: in main chunk
Lua error: Lua Error: @/home/osso/.worktrees/wow-ui-sim-p510-page/data/patch-api/evidence/5.1.0-session-2026-10-08/addon-snapshot/CraftSim/Classes/OnCraftData.lua: Lua error: ...26-10-08/addon-snapshot/CraftSim/Classes/OnCraftData.lua:8: attempt to index field 'CraftSimObject' (a nil value)
stack traceback:
	(string):1: in main chunk
[Interface/AddOns/Blizzard_ScriptErrors/Blizzard_ScriptErrors.lua]:59: in function 'GetErrorData'
[Interface/AddOns/Blizzard_ScriptErrors/Blizzard_ScriptErrors.lua]:72: in function <[Interface/AddOns/Blizzard_ScriptErrors/Blizzard_ScriptErrors.lua]:71>

Lua error: @/home/osso/.worktrees/wow-ui-sim-p510-page/data/patch-api/evidence/5.1.0-session-2026-10-08/addon-snapshot/CraftSim/Classes/ProfessionData.lua: Lua error: ...ssion-2026-10-08/addon-snapshot/CraftSim/Debug/Debug.lua:60: attempt to index upvalue 'LibLog' (a nil value)
stack traceback:
	(string):1: in main chunk
Lua error: Lua Error: @/home/osso/.worktrees/wow-ui-sim-p510-page/data/patch-api/evidence/5.1.0-session-2026-10-08/addon-snapshot/CraftSim/Classes/ProfessionData.lua: Lua error: ...ssion-2026-10-08/addon-snapshot/CraftSim/Debug/Debug.lua:60: attempt to index upvalue 'LibLog' (a nil value)
stack traceback:
	(string):1: in main chunk
[Interface/AddOns/Blizzard_ScriptErrors/Blizzard_ScriptErrors.lua]:59: in function 'GetErrorData'
[Interface/AddOns/Blizzard_ScriptErrors/Blizzard_ScriptErrors.lua]:72: in function <[Interface/AddOns/Blizzard_ScriptErrors/Blizzard_ScriptErrors.lua]:71>

Lua error: @/home/osso/.worktrees/wow-ui-sim-p510-page/data/patch-api/evidence/5.1.0-session-2026-10-08/addon-snapshot/CraftSim/Classes/RecipeData.lua: Lua error: ...ssion-2026-10-08/addon-snapshot/CraftSim/Debug/Debug.lua:60: attempt to index upvalue 'LibLog' (a nil value)
stack traceback:
	(string):1: in main chunk
Lua error: Lua Error: @/home/osso/.worktrees/wow-ui-sim-p510-page/data/patch-api/evidence/5.1.0-session-2026-10-08/addon-snapshot/CraftSim/Classes/RecipeData.lua: Lua error: ...ssion-2026-10-08/addon-snapshot/CraftSim/Debug/Debug.lua:60: attempt to index upvalue 'LibLog' (a nil value)
stack traceback:
	(string):1: in main chunk
[Interface/AddOns/Blizzard_ScriptErrors/Blizzard_ScriptErrors.lua]:59: in function 'GetErrorData'
[Interface/AddOns/Blizzard_ScriptErrors/Blizzard_ScriptErrors.lua]:72: in function <[Interface/AddOns/Blizzard_ScriptErrors/Blizzard_ScriptErrors.lua]:71>

Lua error: @/home/osso/.worktrees/wow-ui-sim-p510-page/data/patch-api/evidence/5.1.0-session-2026-10-08/addon-snapshot/CraftSim/Classes/ReagentItem.lua: Lua error: ...26-10-08/addon-snapshot/CraftSim/Classes/ReagentItem.lua:7: attempt to index field 'CraftSimObject' (a nil value)
stack traceback:
	(string):1: in main chunk
Lua error: Lua Error: @/home/osso/.worktrees/wow-ui-sim-p510-page/data/patch-api/evidence/5.1.0-session-2026-10-08/addon-snapshot/CraftSim/Classes/ReagentItem.lua: Lua error: ...26-10-08/addon-snapshot/CraftSim/Classes/ReagentItem.lua:7: attempt to index field 'CraftSimObject' (a nil value)
stack traceback:
	(string):1: in main chunk
[Interface/AddOns/Blizzard_ScriptErrors/Blizzard_ScriptErrors.lua]:59: in function 'GetErrorData'
[Interface/AddOns/Blizzard_ScriptErrors/Blizzard_ScriptErrors.lua]:72: in function <[Interface/AddOns/Blizzard_ScriptErrors/Blizzard_ScriptErrors.lua]:71>

Lua error: @/home/osso/.worktrees/wow-ui-sim-p510-page/data/patch-api/evidence/5.1.0-session-2026-10-08/addon-snapshot/CraftSim/Classes/ProfessionStats.lua: Lua error: ...0-08/addon-snapshot/CraftSim/Classes/ProfessionStats.lua:6: attempt to index field 'CraftSimObject' (a nil value)
stack traceback:
	(string):1: in main chunk
Lua error: Lua Error: @/home/osso/.worktrees/wow-ui-sim-p510-page/data/patch-api/evidence/5.1.0-session-2026-10-08/addon-snapshot/CraftSim/Classes/ProfessionStats.lua: Lua error: ...0-08/addon-snapshot/CraftSim/Classes/ProfessionStats.lua:6: attempt to index field 'CraftSimObject' (a nil value)
stack traceback:
	(string):1: in main chunk
[Interface/AddOns/Blizzard_ScriptErrors/Blizzard_ScriptErrors.lua]:59: in function 'GetErrorData'
[Interface/AddOns/Blizzard_ScriptErrors/Blizzard_ScriptErrors.lua]:72: in function <[Interface/AddOns/Blizzard_ScriptErrors/Blizzard_ScriptErrors.lua]:71>

Lua error: @/home/osso/.worktrees/wow-ui-sim-p510-page/data/patch-api/evidence/5.1.0-session-2026-10-08/addon-snapshot/CraftSim/Classes/ProfessionStat.lua: Lua error: ...10-08/addon-snapshot/CraftSim/Classes/ProfessionStat.lua:7: attempt to index field 'CraftSimObject' (a nil value)
stack traceback:
	(string):1: in main chunk
Lua error: Lua Error: @/home/osso/.worktrees/wow-ui-sim-p510-page/data/patch-api/evidence/5.1.0-session-2026-10-08/addon-snapshot/CraftSim/Classes/ProfessionStat.lua: Lua error: ...10-08/addon-snapshot/CraftSim/Classes/ProfessionStat.lua:7: attempt to index field 'CraftSimObject' (a nil value)
stack traceback:
	(string):1: in main chunk
[Interface/AddOns/Blizzard_ScriptErrors/Blizzard_ScriptErrors.lua]:59: in function 'GetErrorData'
[Interface/AddOns/Blizzard_ScriptErrors/Blizzard_ScriptErrors.lua]:72: in function <[Interface/AddOns/Blizzard_ScriptErrors/Blizzard_ScriptErrors.lua]:71>

Lua error: @/home/osso/.worktrees/wow-ui-sim-p510-page/data/patch-api/evidence/5.1.0-session-2026-10-08/addon-snapshot/CraftSim/Classes/ProfessionGearSet.lua: Lua error: ...08/addon-snapshot/CraftSim/Classes/ProfessionGearSet.lua:6: attempt to index field 'CraftSimObject' (a nil value)
stack traceback:
	(string):1: in main chunk
Lua error: Lua Error: @/home/osso/.worktrees/wow-ui-sim-p510-page/data/patch-api/evidence/5.1.0-session-2026-10-08/addon-snapshot/CraftSim/Classes/ProfessionGearSet.lua: Lua error: ...08/addon-snapshot/CraftSim/Classes/ProfessionGearSet.lua:6: attempt to index field 'CraftSimObject' (a nil value)
stack traceback:
	(string):1: in main chunk
[Interface/AddOns/Blizzard_ScriptErrors/Blizzard_ScriptErrors.lua]:59: in function 'GetErrorData'
[Interface/AddOns/Blizzard_ScriptErrors/Blizzard_ScriptErrors.lua]:72: in function <[Interface/AddOns/Blizzard_ScriptErrors/Blizzard_ScriptErrors.lua]:71>

Lua error: @/home/osso/.worktrees/wow-ui-sim-p510-page/data/patch-api/evidence/5.1.0-session-2026-10-08/addon-snapshot/CraftSim/Classes/ProfessionGear.lua: Lua error: ...10-08/addon-snapshot/CraftSim/Classes/ProfessionGear.lua:8: attempt to index field 'CraftSimObject' (a nil value)
stack traceback:
	(string):1: in main chunk
Lua error: Lua Error: @/home/osso/.worktrees/wow-ui-sim-p510-page/data/patch-api/evidence/5.1.0-session-2026-10-08/addon-snapshot/CraftSim/Classes/ProfessionGear.lua: Lua error: ...10-08/addon-snapshot/CraftSim/Classes/ProfessionGear.lua:8: attempt to index field 'CraftSimObject' (a nil value)
stack traceback:
	(string):1: in main chunk
[Interface/AddOns/Blizzard_ScriptErrors/Blizzard_ScriptErrors.lua]:59: in function 'GetErrorData'
[Interface/AddOns/Blizzard_ScriptErrors/Blizzard_ScriptErrors.lua]:72: in function <[Interface/AddOns/Blizzard_ScriptErrors/Blizzard_ScriptErrors.lua]:71>

Lua error: @/home/osso/.worktrees/wow-ui-sim-p510-page/data/patch-api/evidence/5.1.0-session-2026-10-08/addon-snapshot/CraftSim/Classes/ResultData.lua: Lua error: ...ssion-2026-10-08/addon-snapshot/CraftSim/Debug/Debug.lua:60: attempt to index upvalue 'LibLog' (a nil value)
stack traceback:
	(string):1: in main chunk
Lua error: Lua Error: @/home/osso/.worktrees/wow-ui-sim-p510-page/data/patch-api/evidence/5.1.0-session-2026-10-08/addon-snapshot/CraftSim/Classes/ResultData.lua: Lua error: ...ssion-2026-10-08/addon-snapshot/CraftSim/Debug/Debug.lua:60: attempt to index upvalue 'LibLog' (a nil value)
stack traceback:
	(string):1: in main chunk
[Interface/AddOns/Blizzard_ScriptErrors/Blizzard_ScriptErrors.lua]:59: in function 'GetErrorData'
[Interface/AddOns/Blizzard_ScriptErrors/Blizzard_ScriptErrors.lua]:72: in function <[Interface/AddOns/Blizzard_ScriptErrors/Blizzard_ScriptErrors.lua]:71>

Lua error: @/home/osso/.worktrees/wow-ui-sim-p510-page/data/patch-api/evidence/5.1.0-session-2026-10-08/addon-snapshot/CraftSim/Classes/SalvageReagentSlot.lua: Lua error: ...8/addon-snapshot/CraftSim/Classes/SalvageReagentSlot.lua:8: attempt to index field 'CraftSimObject' (a nil value)
stack traceback:
	(string):1: in main chunk
Lua error: Lua Error: @/home/osso/.worktrees/wow-ui-sim-p510-page/data/patch-api/evidence/5.1.0-session-2026-10-08/addon-snapshot/CraftSim/Classes/SalvageReagentSlot.lua: Lua error: ...8/addon-snapshot/CraftSim/Classes/SalvageReagentSlot.lua:8: attempt to index field 'CraftSimObject' (a nil value)
stack traceback:
	(string):1: in main chunk
[Interface/AddOns/Blizzard_ScriptErrors/Blizzard_ScriptErrors.lua]:59: in function 'GetErrorData'
[Interface/AddOns/Blizzard_ScriptErrors/Blizzard_ScriptErrors.lua]:72: in function <[Interface/AddOns/Blizzard_ScriptErrors/Blizzard_ScriptErrors.lua]:71>

Lua error: @/home/osso/.worktrees/wow-ui-sim-p510-page/data/patch-api/evidence/5.1.0-session-2026-10-08/addon-snapshot/CraftSim/Classes/SpecializationData.lua: Lua error: ...ssion-2026-10-08/addon-snapshot/CraftSim/Debug/Debug.lua:60: attempt to index upvalue 'LibLog' (a nil value)
stack traceback:
	(string):1: in main chunk
Lua error: Lua Error: @/home/osso/.worktrees/wow-ui-sim-p510-page/data/patch-api/evidence/5.1.0-session-2026-10-08/addon-snapshot/CraftSim/Classes/SpecializationData.lua: Lua error: ...ssion-2026-10-08/addon-snapshot/CraftSim/Debug/Debug.lua:60: attempt to index upvalue 'LibLog' (a nil value)
stack traceback:
	(string):1: in main chunk
[Interface/AddOns/Blizzard_ScriptErrors/Blizzard_ScriptErrors.lua]:59: in function 'GetErrorData'
[Interface/AddOns/Blizzard_ScriptErrors/Blizzard_ScriptErrors.lua]:72: in function <[Interface/AddOns/Blizzard_ScriptErrors/Blizzard_ScriptErrors.lua]:71>

Lua error: @/home/osso/.worktrees/wow-ui-sim-p510-page/data/patch-api/evidence/5.1.0-session-2026-10-08/addon-snapshot/CraftSim/Classes/NodeData.lua: Lua error: ...-2026-10-08/addon-snapshot/CraftSim/Classes/NodeData.lua:6: attempt to index local 'GUTIL' (a nil value)
stack traceback:
	(string):1: in main chunk
Lua error: Lua Error: @/home/osso/.worktrees/wow-ui-sim-p510-page/data/patch-api/evidence/5.1.0-session-2026-10-08/addon-snapshot/CraftSim/Classes/NodeData.lua: Lua error: ...-2026-10-08/addon-snapshot/CraftSim/Classes/NodeData.lua:6: attempt to index local 'GUTIL' (a nil value)
stack traceback:
	(string):1: in main chunk
[Interface/AddOns/Blizzard_ScriptErrors/Blizzard_ScriptErrors.lua]:59: in function 'GetErrorData'
[Interface/AddOns/Blizzard_ScriptErrors/Blizzard_ScriptErrors.lua]:72: in function <[Interface/AddOns/Blizzard_ScriptErrors/Blizzard_ScriptErrors.lua]:71>

Lua error: @/home/osso/.worktrees/wow-ui-sim-p510-page/data/patch-api/evidence/5.1.0-session-2026-10-08/addon-snapshot/CraftSim/Classes/PerkData.lua: Lua error: ...ssion-2026-10-08/addon-snapshot/CraftSim/Debug/Debug.lua:60: attempt to index upvalue 'LibLog' (a nil value)
stack traceback:
	(string):1: in main chunk
Lua error: Lua Error: @/home/osso/.worktrees/wow-ui-sim-p510-page/data/patch-api/evidence/5.1.0-session-2026-10-08/addon-snapshot/CraftSim/Classes/PerkData.lua: Lua error: ...ssion-2026-10-08/addon-snapshot/CraftSim/Debug/Debug.lua:60: attempt to index upvalue 'LibLog' (a nil value)
stack traceback:
	(string):1: in main chunk
[Interface/AddOns/Blizzard_ScriptErrors/Blizzard_ScriptErrors.lua]:59: in function 'GetErrorData'
[Interface/AddOns/Blizzard_ScriptErrors/Blizzard_ScriptErrors.lua]:72: in function <[Interface/AddOns/Blizzard_ScriptErrors/Blizzard_ScriptErrors.lua]:71>

Lua error: @/home/osso/.worktrees/wow-ui-sim-p510-page/data/patch-api/evidence/5.1.0-session-2026-10-08/addon-snapshot/CraftSim/Classes/CraftRecipeData.lua: Lua error: ...0-08/addon-snapshot/CraftSim/Classes/CraftRecipeData.lua:65: attempt to index field 'CraftSimObject' (a nil value)
stack traceback:
	(string):1: in main chunk
Lua error: Lua Error: @/home/osso/.worktrees/wow-ui-sim-p510-page/data/patch-api/evidence/5.1.0-session-2026-10-08/addon-snapshot/CraftSim/Classes/CraftRecipeData.lua: Lua error: ...0-08/addon-snapshot/CraftSim/Classes/CraftRecipeData.lua:65: attempt to index field 'CraftSimObject' (a nil value)
stack traceback:
	(string):1: in main chunk
[Interface/AddOns/Blizzard_ScriptErrors/Blizzard_ScriptErrors.lua]:59: in function 'GetErrorData'
[Interface/AddOns/Blizzard_ScriptErrors/Blizzard_ScriptErrors.lua]:72: in function <[Interface/AddOns/Blizzard_ScriptErrors/Blizzard_ScriptErrors.lua]:71>

Lua error: @/home/osso/.worktrees/wow-ui-sim-p510-page/data/patch-api/evidence/5.1.0-session-2026-10-08/addon-snapshot/CraftSim/Classes/JSONBuilder.lua: Lua error: ...26-10-08/addon-snapshot/CraftSim/Classes/JSONBuilder.lua:7: attempt to index field 'CraftSimObject' (a nil value)
stack traceback:
	(string):1: in main chunk
Lua error: Lua Error: @/home/osso/.worktrees/wow-ui-sim-p510-page/data/patch-api/evidence/5.1.0-session-2026-10-08/addon-snapshot/CraftSim/Classes/JSONBuilder.lua: Lua error: ...26-10-08/addon-snapshot/CraftSim/Classes/JSONBuilder.lua:7: attempt to index field 'CraftSimObject' (a nil value)
stack traceback:
	(string):1: in main chunk
[Interface/AddOns/Blizzard_ScriptErrors/Blizzard_ScriptErrors.lua]:59: in function 'GetErrorData'
[Interface/AddOns/Blizzard_ScriptErrors/Blizzard_ScriptErrors.lua]:72: in function <[Interface/AddOns/Blizzard_ScriptErrors/Blizzard_ScriptErrors.lua]:71>

Lua error: @/home/osso/.worktrees/wow-ui-sim-p510-page/data/patch-api/evidence/5.1.0-session-2026-10-08/addon-snapshot/CraftSim/Classes/Buff.lua: Lua error: ...ssion-2026-10-08/addon-snapshot/CraftSim/Debug/Debug.lua:60: attempt to index upvalue 'LibLog' (a nil value)
stack traceback:
	(string):1: in main chunk
Lua error: Lua Error: @/home/osso/.worktrees/wow-ui-sim-p510-page/data/patch-api/evidence/5.1.0-session-2026-10-08/addon-snapshot/CraftSim/Classes/Buff.lua: Lua error: ...ssion-2026-10-08/addon-snapshot/CraftSim/Debug/Debug.lua:60: attempt to index upvalue 'LibLog' (a nil value)
stack traceback:
	(string):1: in main chunk
[Interface/AddOns/Blizzard_ScriptErrors/Blizzard_ScriptErrors.lua]:59: in function 'GetErrorData'
[Interface/AddOns/Blizzard_ScriptErrors/Blizzard_ScriptErrors.lua]:72: in function <[Interface/AddOns/Blizzard_ScriptErrors/Blizzard_ScriptErrors.lua]:71>

Lua error: @/home/osso/.worktrees/wow-ui-sim-p510-page/data/patch-api/evidence/5.1.0-session-2026-10-08/addon-snapshot/CraftSim/Classes/CraftQueue.lua: Lua error: ...026-10-08/addon-snapshot/CraftSim/Classes/CraftQueue.lua:7: attempt to index field 'CraftSimObject' (a nil value)
stack traceback:
	(string):1: in main chunk
Lua error: Lua Error: @/home/osso/.worktrees/wow-ui-sim-p510-page/data/patch-api/evidence/5.1.0-session-2026-10-08/addon-snapshot/CraftSim/Classes/CraftQueue.lua: Lua error: ...026-10-08/addon-snapshot/CraftSim/Classes/CraftQueue.lua:7: attempt to index field 'CraftSimObject' (a nil value)
stack traceback:
	(string):1: in main chunk
[Interface/AddOns/Blizzard_ScriptErrors/Blizzard_ScriptErrors.lua]:59: in function 'GetErrorData'
[Interface/AddOns/Blizzard_ScriptErrors/Blizzard_ScriptErrors.lua]:72: in function <[Interface/AddOns/Blizzard_ScriptErrors/Blizzard_ScriptErrors.lua]:71>

Lua error: @/home/osso/.worktrees/wow-ui-sim-p510-page/data/patch-api/evidence/5.1.0-session-2026-10-08/addon-snapshot/CraftSim/Classes/CraftQueueItem.lua: Lua error: ...10-08/addon-snapshot/CraftSim/Classes/CraftQueueItem.lua:8: attempt to index field 'CraftSimObject' (a nil value)
stack traceback:
	(string):1: in main chunk
Lua error: Lua Error: @/home/osso/.worktrees/wow-ui-sim-p510-page/data/patch-api/evidence/5.1.0-session-2026-10-08/addon-snapshot/CraftSim/Classes/CraftQueueItem.lua: Lua error: ...10-08/addon-snapshot/CraftSim/Classes/CraftQueueItem.lua:8: attempt to index field 'CraftSimObject' (a nil value)
stack traceback:
	(string):1: in main chunk
[Interface/AddOns/Blizzard_ScriptErrors/Blizzard_ScriptErrors.lua]:59: in function 'GetErrorData'
[Interface/AddOns/Blizzard_ScriptErrors/Blizzard_ScriptErrors.lua]:72: in function <[Interface/AddOns/Blizzard_ScriptErrors/Blizzard_ScriptErrors.lua]:71>

Lua error: IO error reading /home/osso/.worktrees/wow-ui-sim-p510-page/data/patch-api/evidence/5.1.0-session-2026-10-08/addon-snapshot/XIV_Databar_Continued/Libs/CallbackHandler-1.0/CallbackHandler-1.0.lua: No such file or directory (os error 2)
stack traceback:
	(string):1: in main chunk
Lua error: Lua Error: IO error reading /home/osso/.worktrees/wow-ui-sim-p510-page/data/patch-api/evidence/5.1.0-session-2026-10-08/addon-snapshot/XIV_Databar_Continued/Libs/CallbackHandler-1.0/CallbackHandler-1.0.lua: No such file or directory (os error 2)
stack traceback:
	(string):1: in main chunk
[Interface/AddOns/Blizzard_ScriptErrors/Blizzard_ScriptErrors.lua]:59: in function 'GetErrorData'
[Interface/AddOns/Blizzard_ScriptErrors/Blizzard_ScriptErrors.lua]:72: in function <[Interface/AddOns/Blizzard_ScriptErrors/Blizzard_ScriptErrors.lua]:71>

Lua error: Lua Error: IO error reading /home/osso/.worktrees/wow-ui-sim-p510-page/data/patch-api/evidence/5.1.0-session-2026-10-08/addon-snapshot/XIV_Databar_Continued/Libs/CallbackHandler-1.0/CallbackHandler-1.0.lua: No such file or directory (os error 2)
stack traceback:
	(string):1: in main chunk
[Interface/AddOns/Blizzard_ScriptErrors/Blizzard_ScriptErrors.lua]:59: in function 'GetErrorData'
[Interface/AddOns/Blizzard_ScriptErrors/Blizzard_ScriptErrors.lua]:72: in function <[Interface/AddOns/Blizzard_ScriptErrors/Blizzard_ScriptErrors.lua]:71>

Lua error: @/home/osso/.worktrees/wow-ui-sim-p510-page/data/patch-api/evidence/5.1.0-session-2026-10-08/addon-snapshot/XIV_Databar_Continued/locales/enUS.lua: Lua error: ...08/addon-snapshot/XIV_Databar_Continued/locales/enUS.lua:4: Cannot find a library instance of "AceLocale-3.0".
stack traceback:
	(string):1: in main chunk
Lua error: Lua Error: @/home/osso/.worktrees/wow-ui-sim-p510-page/data/patch-api/evidence/5.1.0-session-2026-10-08/addon-snapshot/XIV_Databar_Continued/locales/enUS.lua: Lua error: ...08/addon-snapshot/XIV_Databar_Continued/locales/enUS.lua:4: Cannot find a library instance of "AceLocale-3.0".
stack traceback:
	(string):1: in main chunk
[Interface/AddOns/Blizzard_ScriptErrors/Blizzard_ScriptErrors.lua]:59: in function 'GetErrorData'
[Interface/AddOns/Blizzard_ScriptErrors/Blizzard_ScriptErrors.lua]:72: in function <[Interface/AddOns/Blizzard_ScriptErrors/Blizzard_ScriptErrors.lua]:71>

Lua error: @/home/osso/.worktrees/wow-ui-sim-p510-page/data/patch-api/evidence/5.1.0-session-2026-10-08/addon-snapshot/XIV_Databar_Continued/core.lua: Lua error: ...2026-10-08/addon-snapshot/XIV_Databar_Continued/core.lua:6: Cannot find a library instance of "AceAddon-3.0".
stack traceback:
	(string):1: in main chunk
Lua error: Lua Error: @/home/osso/.worktrees/wow-ui-sim-p510-page/data/patch-api/evidence/5.1.0-session-2026-10-08/addon-snapshot/XIV_Databar_Continued/core.lua: Lua error: ...2026-10-08/addon-snapshot/XIV_Databar_Continued/core.lua:6: Cannot find a library instance of "AceAddon-3.0".
stack traceback:
	(string):1: in main chunk
[Interface/AddOns/Blizzard_ScriptErrors/Blizzard_ScriptErrors.lua]:59: in function 'GetErrorData'
[Interface/AddOns/Blizzard_ScriptErrors/Blizzard_ScriptErrors.lua]:72: in function <[Interface/AddOns/Blizzard_ScriptErrors/Blizzard_ScriptErrors.lua]:71>

Lua error: @/home/osso/.worktrees/wow-ui-sim-p510-page/data/patch-api/evidence/5.1.0-session-2026-10-08/addon-snapshot/XIV_Databar_Continued/options.lua: Lua error: ...6-10-08/addon-snapshot/XIV_Databar_Continued/options.lua:5: Cannot find a library instance of "AceConfig-3.0".
stack traceback:
	(string):1: in main chunk
Lua error: Lua Error: @/home/osso/.worktrees/wow-ui-sim-p510-page/data/patch-api/evidence/5.1.0-session-2026-10-08/addon-snapshot/XIV_Databar_Continued/options.lua: Lua error: ...6-10-08/addon-snapshot/XIV_Databar_Continued/options.lua:5: Cannot find a library instance of "AceConfig-3.0".
stack traceback:
	(string):1: in main chunk
[Interface/AddOns/Blizzard_ScriptErrors/Blizzard_ScriptErrors.lua]:59: in function 'GetErrorData'
[Interface/AddOns/Blizzard_ScriptErrors/Blizzard_ScriptErrors.lua]:72: in function <[Interface/AddOns/Blizzard_ScriptErrors/Blizzard_ScriptErrors.lua]:71>

Lua error: @/home/osso/.worktrees/wow-ui-sim-p510-page/data/patch-api/evidence/5.1.0-session-2026-10-08/addon-snapshot/XIV_Databar_Continued/Core/utils/changelog/Old/v1/1.0.lua: Lua error: ...IV_Databar_Continued/Core/utils/changelog/Old/v1/1.0.lua:3: attempt to index field 'Changelog' (a nil value)
stack traceback:
	(string):1: in main chunk
Lua error: Lua Error: @/home/osso/.worktrees/wow-ui-sim-p510-page/data/patch-api/evidence/5.1.0-session-2026-10-08/addon-snapshot/XIV_Databar_Continued/Core/utils/changelog/Old/v1/1.0.lua: Lua error: ...IV_Databar_Continued/Core/utils/changelog/Old/v1/1.0.lua:3: attempt to index field 'Changelog' (a nil value)
stack traceback:
	(string):1: in main chunk
[Interface/AddOns/Blizzard_ScriptErrors/Blizzard_ScriptErrors.lua]:59: in function 'GetErrorData'
[Interface/AddOns/Blizzard_ScriptErrors/Blizzard_ScriptErrors.lua]:72: in function <[Interface/AddOns/Blizzard_ScriptErrors/Blizzard_ScriptErrors.lua]:71>

Lua error: @/home/osso/.worktrees/wow-ui-sim-p510-page/data/patch-api/evidence/5.1.0-session-2026-10-08/addon-snapshot/XIV_Databar_Continued/Core/utils/mythicteleports/expansions/classic.lua: Lua error: ...tinued/Core/utils/mythicteleports/expansions/classic.lua:6: attempt to index local 'L' (a nil value)
stack traceback:
	(string):1: in main chunk
Lua error: Lua Error: @/home/osso/.worktrees/wow-ui-sim-p510-page/data/patch-api/evidence/5.1.0-session-2026-10-08/addon-snapshot/XIV_Databar_Continued/Core/utils/mythicteleports/expansions/classic.lua: Lua error: ...tinued/Core/utils/mythicteleports/expansions/classic.lua:6: attempt to index local 'L' (a nil value)
stack traceback:
	(string):1: in main chunk
[Interface/AddOns/Blizzard_ScriptErrors/Blizzard_ScriptErrors.lua]:59: in function 'GetErrorData'
[Interface/AddOns/Blizzard_ScriptErrors/Blizzard_ScriptErrors.lua]:72: in function <[Interface/AddOns/Blizzard_ScriptErrors/Blizzard_ScriptErrors.lua]:71>


=== Addon loading summary (before startup events) ===
Loaded: 30/48 addons
Failed during loading: 26
Load failures: 2
Loaded with Lua errors during loading: 24
Total: 241 Lua files, 11 XML files, 650 warnings
Total time: 1.04s
  IO:         68.49ms (6.6%)
  XML parse:  16.97ms (1.6%)
  XML proc:   8.58ms (0.8%)
  XML frames: 2.21ms (0.2%, subset of XML proc)
    setup:  1.76ms  (code_build=15.24µs exec_lua=1.75ms props=6.35µs)
    finalize: 184.20µs  (layers=330.00ns anim=191.00ns button=3.10µs lifecycle=174.76µs)
    1 frames, 0 textures, 0 fontstrings, 1 lifecycle fires
  Lua exec:   945.63ms (91.0%)
    compile:  802.54ms (77.2%, subset of Lua exec)
    call:     143.09ms (13.8%, subset of Lua exec)
  SavedVars:  9.09µs (0.0%)
Bytecode cache: 0/467 hits (0%, lookup_miss=0 replay_fail=0 stored=0 store_fail=0)

Slowest addons:
  215.1ms  DandersFrames (lua=203.3ms compile=174.1ms call=29.2ms sv=321.0ns xml=0.0ns)
  138.8ms  CraftSim (lua=129.0ms compile=103.3ms call=25.7ms sv=311.0ns xml=0.0ns)
  117.8ms  EllesmereUI (lua=111.3ms compile=101.3ms call=10.0ms sv=241.0ns xml=0.0ns)
   72.3ms  EllesmereUICooldownManager (lua=68.0ms compile=63.3ms call=4.6ms sv=311.0ns xml=0.0ns)
   62.1ms  EnhanceQoL (lua=55.8ms compile=46.8ms call=9.0ms sv=270.0ns xml=2.1ms)
   59.1ms  BetterBlizzFrames (lua=54.1ms compile=50.0ms call=4.1ms sv=251.0ns xml=280.3µs)
   51.4ms  Leatrix_Plus (lua=49.8ms compile=48.0ms call=1.7ms sv=250.0ns xml=531.2µs)
   43.6ms  Plumber (lua=37.6ms compile=29.4ms call=8.2ms sv=270.0ns xml=3.8ms)
   35.6ms  ItemVersion (lua=34.6ms compile=31.6ms call=3.1ms sv=531.0ns xml=0.0ns)
   27.9ms  SavedInstances (lua=26.2ms compile=21.8ms call=4.4ms sv=591.0ns xml=0.0ns)
[  6.646s] [Startup] end load third-party addons in 1.25s
[  6.646s] [Startup] begin sync addon names to Lua
[  6.646s] [Startup] end sync addon names to Lua in 579.20µs
[  6.646s] [Startup] applying post-load workarounds
[  6.646s] [Startup] apply_post_load_workarounds: begin
[  6.646s] [Workarounds] starting patch_edit_mode_manager
[  6.646s] [Workarounds] finished patch_edit_mode_manager in 560.51µs
[  6.646s] [Workarounds] starting init_edit_mode_layout
[  6.646s] [EditMode] starting setup_layout_info
[  6.654s] [EditMode] finished setup_layout_info in 7.94ms
[  6.654s] [EditMode] starting apply_system_anchors
[  6.899s] [EditMode] finished apply_system_anchors in 244.47ms
[  6.899s] [EditMode] starting finalize_action_bar_positions
[  6.904s] [EditMode] finished finalize_action_bar_positions in 4.76ms
[  6.904s] [EditMode] starting invoke_anchor_changed_hooks
[  6.911s] [EditMode] finished invoke_anchor_changed_hooks in 7.78ms
[  6.911s] [EditMode] starting fix_action_bar_nan_size
[  6.911s] [EditMode] finished fix_action_bar_nan_size in 113.75µs
[  6.911s] [EditMode] starting fix_action_bar_scale
[  6.912s] [EditMode] finished fix_action_bar_scale in 13.66µs
[  6.912s] [Workarounds] finished init_edit_mode_layout in 265.27ms
[  6.912s] [Workarounds] starting patch_ui_parent_panel_toggles
[  6.912s] [Workarounds] finished patch_ui_parent_panel_toggles in 342.24µs
[  6.912s] [Workarounds] starting patch_uiparent_onupdate_worklists
[  6.912s] [Workarounds] finished patch_uiparent_onupdate_worklists in 174.85µs
[  6.912s] [Workarounds] starting init_chat_type_colors
[  6.912s] [Workarounds] finished init_chat_type_colors in 227.39µs
[  6.912s] [Workarounds] starting patch_chat_voice_button_surface
[  6.913s] [Workarounds] finished patch_chat_voice_button_surface in 488.91µs
[  6.913s] [Workarounds] starting patch_item_socketing_tooltips
[  6.913s] [Workarounds] finished patch_item_socketing_tooltips in 110.73µs
[  6.913s] [Workarounds] starting patch_character_select_selected_name
[  6.913s] [Workarounds] finished patch_character_select_selected_name in 51.00µs
[  6.913s] [Workarounds] starting patch_character_create_defaults
[  6.913s] [Workarounds] finished patch_character_create_defaults in 345.18µs
[  6.913s] [Workarounds] starting patch_character_frame_title_refresh
[  6.928s] [Workarounds] finished patch_character_frame_title_refresh in 14.51ms
[  6.928s] [Workarounds] starting patch_vignette_pin_template
[  6.928s] [Workarounds] finished patch_vignette_pin_template in 205.14µs
[  6.928s] [Workarounds] starting patch_fog_of_war_pin_mixin
[  6.929s] [Workarounds] finished patch_fog_of_war_pin_mixin in 426.27µs
[  6.929s] [Workarounds] starting patch_map_exploration_pin_mixin
[  6.929s] [Workarounds] finished patch_map_exploration_pin_mixin in 534.39µs
[  6.929s] [Workarounds] starting patch_map_canvas_data_provider_attachment
[  6.929s] [Workarounds] finished patch_map_canvas_data_provider_attachment in 102.28µs
[  6.929s] [Workarounds] starting ensure_adventure_map_frame_surface
[  6.929s] [Workarounds] finished ensure_adventure_map_frame_surface in 239.80µs
[  6.929s] [Workarounds] starting patch_action_bar_button_event_fanout
[  6.930s] [Workarounds] finished patch_action_bar_button_event_fanout in 169.13µs
[  6.930s] [Workarounds] starting patch_paging_controls_page_text
[  6.930s] [Workarounds] finished patch_paging_controls_page_text in 59.19µs
[  6.930s] [Workarounds] starting patch_talent_edge_frame_level_sync
[  6.930s] [Workarounds] finished patch_talent_edge_frame_level_sync in 38.95µs
[  6.930s] [Workarounds] starting patch_catalog_shop_product_card_defaults
[  6.930s] [Workarounds] finished patch_catalog_shop_product_card_defaults in 81.24µs
[  6.930s] [Workarounds] starting patch_game_time_defaults
[  6.930s] [Workarounds] finished patch_game_time_defaults in 9.99µs
[  6.930s] [Workarounds] starting patch_tooltip_nineslice_surface
[  6.930s] [Workarounds] finished patch_tooltip_nineslice_surface in 68.63µs
[  6.930s] [Workarounds] starting patch_container_frame_token_tracker
[  6.930s] [Workarounds] finished patch_container_frame_token_tracker in 58.36µs
[  6.930s] [Workarounds] starting patch_achievement_display_set_achievements
[  6.930s] [Workarounds] finished patch_achievement_display_set_achievements in 12.22µs
[  6.930s] [Workarounds] starting patch_housing_dashboard_preload
[  6.930s] [Workarounds] finished patch_housing_dashboard_preload in 258.38µs
[  6.930s] [Workarounds] starting patch_lfg_lock_list
[  6.930s] [Workarounds] finished patch_lfg_lock_list in 13.14µs
[  6.930s] [Workarounds] starting patch_auction_house_browse_results_event
[  6.930s] [Workarounds] finished patch_auction_house_browse_results_event in 109.69µs
[  6.930s] [Workarounds] starting patch_auction_house_search_context_aliases
[  6.930s] [Workarounds] finished patch_auction_house_search_context_aliases in 47.63µs
[  6.930s] [Workarounds] starting patch_auth_challenge_frame_parent
[  6.930s] [Workarounds] finished patch_auth_challenge_frame_parent in 67.00µs
[  6.931s] [Workarounds] starting patch_settings_surface_defaults
[  6.931s] [Workarounds] finished patch_settings_surface_defaults in 523.87µs
[  6.931s] [Workarounds] starting patch_settings_canvas_layout_visibility
[  6.931s] [Workarounds] finished patch_settings_canvas_layout_visibility in 163.57µs
[  6.931s] [Startup] apply_post_load_workarounds: workarounds complete
[  7.057s] [Startup] apply_post_load_workarounds: globals restored
[  7.058s] [Startup] apply_post_load_workarounds: patch 12.1 compatibility restored
[  7.058s] [Startup] apply_post_load_workarounds: seterrorhandler restored
[  7.059s] [Startup] post-load workarounds complete in 412.32ms
[  7.059s] [Startup] restarting GC after bootstrap
[  7.444s] [Startup] GC restart complete in 385.85ms
=== Final observed Lua error summary ===
Status: FAILED
Lua errors: 505 unique, 519 occurrence(s)
Attributed owners: 28
  AdvancedInterfaceOptions: 6 occurrence(s)
  AstralKeys: 18 occurrence(s)
  BetterBlizzFrames: 12 occurrence(s)
  BlizzMove: 10 occurrence(s)
  BossHelper: 20 occurrence(s)
  BugSack: 2 occurrence(s)
  Chattynator: 28 occurrence(s)
  Clicked: 22 occurrence(s)
  Collectionator: 1 occurrence(s)
  CraftSim: 158 occurrence(s)
  CursorRing: 16 occurrence(s)
  DandersFrames: 14 occurrence(s)
  DeModal: 2 occurrence(s)
  Dejunk: 2 occurrence(s)
  DialogueUI: 22 occurrence(s)
  EXBOSS-LocaleBase: 1 occurrence(s)
  EllesmereUI: 7 occurrence(s)
  EllesmereUICooldownManager: 2 occurrence(s)
  EnhanceQoL: 32 occurrence(s)
  Falcon: 10 occurrence(s)
  InTime: 4 occurrence(s)
  ItemVersion: 12 occurrence(s)
  Leatrix_Plus: 4 occurrence(s)
  Plumber: 50 occurrence(s)
  SavedInstances: 24 occurrence(s)
  Simulationcraft: 6 occurrence(s)
  Syndicator: 16 occurrence(s)
  XIV_Databar_Continued: 14 occurrence(s)
Unattributed Lua errors: 4 occurrence(s)
[
  {
    "message": "@/home/osso/.worktrees/wow-ui-sim-p510-page/data/patch-api/evidence/5.1.0-session-2026-10-08/addon-snapshot/AdvancedInterfaceOptions/cvars.lua: Lua error: ...-10-08/addon-snapshot/AdvancedInterfaceOptions/cvars.lua:1165: attempt to call local '(for state)' (a nil value)\nstack traceback:\n\t(string):1: in main chunk",
    "count": 1
  },
  {
    "message": "Lua Error: @/home/osso/.worktrees/wow-ui-sim-p510-page/data/patch-api/evidence/5.1.0-session-2026-10-08/addon-snapshot/AdvancedInterfaceOptions/cvars.lua: Lua error: ...-10-08/addon-snapshot/AdvancedInterfaceOptions/cvars.lua:1165: attempt to call local '(for state)' (a nil value)\nstack traceback:\n\t(string):1: in main chunk\n[Interface/AddOns/Blizzard_ScriptErrors/Blizzard_ScriptErrors.lua]:59: in function 'GetErrorData'\n[Interface/AddOns/Blizzard_ScriptErrors/Blizzard_ScriptErrors.lua]:72: in function <[Interface/AddOns/Blizzard_ScriptErrors/Blizzard_ScriptErrors.lua]:71>",
    "count": 1
  },
  {
    "message": "@/home/osso/.worktrees/wow-ui-sim-p510-page/data/patch-api/evidence/5.1.0-session-2026-10-08/addon-snapshot/AdvancedInterfaceOptions/browser.lua: Lua error: ...0-08/addon-snapshot/AdvancedInterfaceOptions/browser.lua:2: attempt to call method 'Eve' (a nil value)\nstack traceback:\n\t(string):1: in main chunk",
    "count": 1
  },
  {
    "message": "Lua Error: @/home/osso/.worktrees/wow-ui-sim-p510-page/data/patch-api/evidence/5.1.0-session-2026-10-08/addon-snapshot/AdvancedInterfaceOptions/browser.lua: Lua error: ...0-08/addon-snapshot/AdvancedInterfaceOptions/browser.lua:2: attempt to call method 'Eve' (a nil value)\nstack traceback:\n\t(string):1: in main chunk\n[Interface/AddOns/Blizzard_ScriptErrors/Blizzard_ScriptErrors.lua]:59: in function 'GetErrorData'\n[Interface/AddOns/Blizzard_ScriptErrors/Blizzard_ScriptErrors.lua]:72: in function <[Interface/AddOns/Blizzard_ScriptErrors/Blizzard_ScriptErrors.lua]:71>",
    "count": 1
  },
  {
    "message": "@/home/osso/.worktrees/wow-ui-sim-p510-page/data/patch-api/evidence/5.1.0-session-2026-10-08/addon-snapshot/AdvancedInterfaceOptions/basicOptions.lua: Lua error: ...addon-snapshot/AdvancedInterfaceOptions/basicOptions.lua:2: attempt to call method 'Eve' (a nil value)\nstack traceback:\n\t(string):1: in main chunk",
    "count": 1
  },
  {
    "message": "Lua Error: @/home/osso/.worktrees/wow-ui-sim-p510-page/data/patch-api/evidence/5.1.0-session-2026-10-08/addon-snapshot/AdvancedInterfaceOptions/basicOptions.lua: Lua error: ...addon-snapshot/AdvancedInterfaceOptions/basicOptions.lua:2: attempt to call method 'Eve' (a nil value)\nstack traceback:\n\t(string):1: in main chunk\n[Interface/AddOns/Blizzard_ScriptErrors/Blizzard_ScriptErrors.lua]:59: in function 'GetErrorData'\n[Interface/AddOns/Blizzard_ScriptErrors/Blizzard_ScriptErrors.lua]:72: in function <[Interface/AddOns/Blizzard_ScriptErrors/Blizzard_ScriptErrors.lua]:71>",
    "count": 1
  },
  {
    "message": "IO error reading /home/osso/.worktrees/wow-ui-sim-p510-page/data/patch-api/evidence/5.1.0-session-2026-10-08/addon-snapshot/AstralKeys/Libs/LibStub/LibStub.lua: No such file or directory (os error 2)\nstack traceback:\n\t(string):1: in main chunk",
    "count": 1
  },
  {
    "message": "Lua Error: IO error reading /home/osso/.worktrees/wow-ui-sim-p510-page/data/patch-api/evidence/5.1.0-session-2026-10-08/addon-snapshot/AstralKeys/Libs/LibStub/LibStub.lua: No such file or directory (os error 2)\nstack traceback:\n\t(string):1: in main chunk\n[Interface/AddOns/Blizzard_ScriptErrors/Blizzard_ScriptErrors.lua]:59: in function 'GetErrorData'\n[Interface/AddOns/Blizzard_ScriptErrors/Blizzard_ScriptErrors.lua]:72: in function <[Interface/AddOns/Blizzard_ScriptErrors/Blizzard_ScriptErrors.lua]:71>",
    "count": 1
  },
  {
    "message": "@/home/osso/.worktrees/wow-ui-sim-p510-page/data/patch-api/evidence/5.1.0-session-2026-10-08/addon-snapshot/AstralKeys/Dialog.lua: Lua error: .../addon-snapshot/AstralKeys/Localization/Localization.lua:17: stack overflow\nstack traceback:\n\t(string):1: in main chunk",
    "count": 1
  },
  {
    "message": "Lua Error: @/home/osso/.worktrees/wow-ui-sim-p510-page/data/patch-api/evidence/5.1.0-session-2026-10-08/addon-snapshot/AstralKeys/Dialog.lua: Lua error: .../addon-snapshot/AstralKeys/Localization/Localization.lua:17: stack overflow\nstack traceback:\n\t(string):1: in main chunk\n[Interface/AddOns/Blizzard_ScriptErrors/Blizzard_ScriptErrors.lua]:59: in function 'GetErrorData'\n[Interface/AddOns/Blizzard_ScriptErrors/Blizzard_ScriptErrors.lua]:72: in function <[Interface/AddOns/Blizzard_ScriptErrors/Blizzard_ScriptErrors.lua]:71>",
    "count": 1
  },
  {
    "message": "@/home/osso/.worktrees/wow-ui-sim-p510-page/data/patch-api/evidence/5.1.0-session-2026-10-08/addon-snapshot/AstralKeys/Communications.lua: Lua error: ...-2026-10-08/addon-snapshot/AstralKeys/Communications.lua:252: attempt to index global 'AstralEvents' (a nil value)\nstack traceback:\n\t(string):1: in main chunk",
    "count": 1
  },
  {
    "message": "Lua Error: @/home/osso/.worktrees/wow-ui-sim-p510-page/data/patch-api/evidence/5.1.0-session-2026-10-08/addon-snapshot/AstralKeys/Communications.lua: Lua error: ...-2026-10-08/addon-snapshot/AstralKeys/Communications.lua:252: attempt to index global 'AstralEvents' (a nil value)\nstack traceback:\n\t(string):1: in main chunk\n[Interface/AddOns/Blizzard_ScriptErrors/Blizzard_ScriptErrors.lua]:59: in function 'GetErrorData'\n[Interface/AddOns/Blizzard_ScriptErrors/Blizzard_ScriptErrors.lua]:72: in function <[Interface/AddOns/Blizzard_ScriptErrors/Blizzard_ScriptErrors.lua]:71>",
    "count": 1
  },
  {
    "message": "@/home/osso/.worktrees/wow-ui-sim-p510-page/data/patch-api/evidence/5.1.0-session-2026-10-08/addon-snapshot/AstralKeys/Lists/Friends.lua: Lua error: ...n-2026-10-08/addon-snapshot/AstralKeys/Lists/Friends.lua:75: attempt to index global 'AstralEvents' (a nil value)\nstack traceback:\n\t(string):1: in main chunk",
    "count": 1
  },
  {
    "message": "Lua Error: @/home/osso/.worktrees/wow-ui-sim-p510-page/data/patch-api/evidence/5.1.0-session-2026-10-08/addon-snapshot/AstralKeys/Lists/Friends.lua: Lua error: ...n-2026-10-08/addon-snapshot/AstralKeys/Lists/Friends.lua:75: attempt to index global 'AstralEvents' (a nil value)\nstack traceback:\n\t(string):1: in main chunk\n[Interface/AddOns/Blizzard_ScriptErrors/Blizzard_ScriptErrors.lua]:59: in function 'GetErrorData'\n[Interface/AddOns/Blizzard_ScriptErrors/Blizzard_ScriptErrors.lua]:72: in function <[Interface/AddOns/Blizzard_ScriptErrors/Blizzard_ScriptErrors.lua]:71>",
    "count": 1
  },
  {
    "message": "@/home/osso/.worktrees/wow-ui-sim-p510-page/data/patch-api/evidence/5.1.0-session-2026-10-08/addon-snapshot/AstralKeys/Lists/Guild.lua: Lua error: ...ion-2026-10-08/addon-snapshot/AstralKeys/Lists/Guild.lua:19: attempt to index global 'AstralEvents' (a nil value)\nstack traceback:\n\t(string):1: in main chunk",
    "count": 1
  },
  {
    "message": "Lua Error: @/home/osso/.worktrees/wow-ui-sim-p510-page/data/patch-api/evidence/5.1.0-session-2026-10-08/addon-snapshot/AstralKeys/Lists/Guild.lua: Lua error: ...ion-2026-10-08/addon-snapshot/AstralKeys/Lists/Guild.lua:19: attempt to index global 'AstralEvents' (a nil value)\nstack traceback:\n\t(string):1: in main chunk\n[Interface/AddOns/Blizzard_ScriptErrors/Blizzard_ScriptErrors.lua]:59: in function 'GetErrorData'\n[Interface/AddOns/Blizzard_ScriptErrors/Blizzard_ScriptErrors.lua]:72: in function <[Interface/AddOns/Blizzard_ScriptErrors/Blizzard_ScriptErrors.lua]:71>",
    "count": 1
  },
  {
    "message": "@/home/osso/.worktrees/wow-ui-sim-p510-page/data/patch-api/evidence/5.1.0-session-2026-10-08/addon-snapshot/AstralKeys/Dungeons.lua: Lua error: .../addon-snapshot/AstralKeys/Localization/Localization.lua:17: stack overflow\nstack traceback:\n\t(string):1: in main chunk",
    "count": 1
  },
  {
    "message": "Lua Error: @/home/osso/.worktrees/wow-ui-sim-p510-page/data/patch-api/evidence/5.1.0-session-2026-10-08/addon-snapshot/AstralKeys/Dungeons.lua: Lua error: .../addon-snapshot/AstralKeys/Localization/Localization.lua:17: stack overflow\nstack traceback:\n\t(string):1: in main chunk\n[Interface/AddOns/Blizzard_ScriptErrors/Blizzard_ScriptErrors.lua]:59: in function 'GetErrorData'\n[Interface/AddOns/Blizzard_ScriptErrors/Blizzard_ScriptErrors.lua]:72: in function <[Interface/AddOns/Blizzard_ScriptErrors/Blizzard_ScriptErrors.lua]:71>",
    "count": 1
  },
  {
    "message": "@/home/osso/.worktrees/wow-ui-sim-p510-page/data/patch-api/evidence/5.1.0-session-2026-10-08/addon-snapshot/AstralKeys/AstralKeys.lua: Lua error: ...sion-2026-10-08/addon-snapshot/AstralKeys/AstralKeys.lua:93: attempt to index global 'AstralEvents' (a nil value)\nstack traceback:\n\t(string):1: in main chunk",
    "count": 1
  },
  {
    "message": "Lua Error: @/home/osso/.worktrees/wow-ui-sim-p510-page/data/patch-api/evidence/5.1.0-session-2026-10-08/addon-snapshot/AstralKeys/AstralKeys.lua: Lua error: ...sion-2026-10-08/addon-snapshot/AstralKeys/AstralKeys.lua:93: attempt to index global 'AstralEvents' (a nil value)\nstack traceback:\n\t(string):1: in main chunk\n[Interface/AddOns/Blizzard_ScriptErrors/Blizzard_ScriptErrors.lua]:59: in function 'GetErrorData'\n[Interface/AddOns/Blizzard_ScriptErrors/Blizzard_ScriptErrors.lua]:72: in function <[Interface/AddOns/Blizzard_ScriptErrors/Blizzard_ScriptErrors.lua]:71>",
    "count": 1
  },
  {
    "message": "IO error reading /home/osso/.worktrees/wow-ui-sim-p510-page/data/patch-api/evidence/5.1.0-session-2026-10-08/addon-snapshot/AstralKeys/Frame.lua: No such file or directory (os error 2)\nstack traceback:\n\t(string):1: in main chunk",
    "count": 1
  },
  {
    "message": "Lua Error: IO error reading /home/osso/.worktrees/wow-ui-sim-p510-page/data/patch-api/evidence/5.1.0-session-2026-10-08/addon-snapshot/AstralKeys/Frame.lua: No such file or directory (os error 2)\nstack traceback:\n\t(string):1: in main chunk\n[Interface/AddOns/Blizzard_ScriptErrors/Blizzard_ScriptErrors.lua]:59: in function 'GetErrorData'\n[Interface/AddOns/Blizzard_ScriptErrors/Blizzard_ScriptErrors.lua]:72: in function <[Interface/AddOns/Blizzard_ScriptErrors/Blizzard_ScriptErrors.lua]:71>",
    "count": 1
  },
  {
    "message": "@/home/osso/.worktrees/wow-ui-sim-p510-page/data/patch-api/evidence/5.1.0-session-2026-10-08/addon-snapshot/AstralKeys/MinimapButton.lua: Lua error: ...n-2026-10-08/addon-snapshot/AstralKeys/MinimapButton.lua:4: attempt to call a nil value\nstack traceback:\n\t(string):1: in main chunk",
    "count": 1
  },
  {
    "message": "Lua Error: @/home/osso/.worktrees/wow-ui-sim-p510-page/data/patch-api/evidence/5.1.0-session-2026-10-08/addon-snapshot/AstralKeys/MinimapButton.lua: Lua error: ...n-2026-10-08/addon-snapshot/AstralKeys/MinimapButton.lua:4: attempt to call a nil value\nstack traceback:\n\t(string):1: in main chunk\n[Interface/AddOns/Blizzard_ScriptErrors/Blizzard_ScriptErrors.lua]:59: in function 'GetErrorData'\n[Interface/AddOns/Blizzard_ScriptErrors/Blizzard_ScriptErrors.lua]:72: in function <[Interface/AddOns/Blizzard_ScriptErrors/Blizzard_ScriptErrors.lua]:71>",
    "count": 1
  },
  {
    "message": "IO error reading /home/osso/.worktrees/wow-ui-sim-p510-page/data/patch-api/evidence/5.1.0-session-2026-10-08/addon-snapshot/BetterBlizzFrames/libs/LibStub/LibStub.lua: No such file or directory (os error 2)\nstack traceback:\n\t(string):1: in main chunk",
    "count": 1
  },
  {
    "message": "Lua Error: IO error reading /home/osso/.worktrees/wow-ui-sim-p510-page/data/patch-api/evidence/5.1.0-session-2026-10-08/addon-snapshot/BetterBlizzFrames/libs/LibStub/LibStub.lua: No such file or directory (os error 2)\nstack traceback:\n\t(string):1: in main chunk\n[Interface/AddOns/Blizzard_ScriptErrors/Blizzard_ScriptErrors.lua]:59: in function 'GetErrorData'\n[Interface/AddOns/Blizzard_ScriptErrors/Blizzard_ScriptErrors.lua]:72: in function <[Interface/AddOns/Blizzard_ScriptErrors/Blizzard_ScriptErrors.lua]:71>",
    "count": 1
  },
  {
    "message": "@/home/osso/.worktrees/wow-ui-sim-p510-page/data/patch-api/evidence/5.1.0-session-2026-10-08/addon-snapshot/BetterBlizzFrames/shared/functions.lua: Lua error: ...08/addon-snapshot/BetterBlizzFrames/shared/functions.lua:329: attempt to call a nil value\nstack traceback:\n\t(string):1: in main chunk",
    "count": 1
  },
  {
    "message": "Lua Error: @/home/osso/.worktrees/wow-ui-sim-p510-page/data/patch-api/evidence/5.1.0-session-2026-10-08/addon-snapshot/BetterBlizzFrames/shared/functions.lua: Lua error: ...08/addon-snapshot/BetterBlizzFrames/shared/functions.lua:329: attempt to call a nil value\nstack traceback:\n\t(string):1: in main chunk\n[Interface/AddOns/Blizzard_ScriptErrors/Blizzard_ScriptErrors.lua]:59: in function 'GetErrorData'\n[Interface/AddOns/Blizzard_ScriptErrors/Blizzard_ScriptErrors.lua]:72: in function <[Interface/AddOns/Blizzard_ScriptErrors/Blizzard_ScriptErrors.lua]:71>",
    "count": 1
  },
  {
    "message": "@/home/osso/.worktrees/wow-ui-sim-p510-page/data/patch-api/evidence/5.1.0-session-2026-10-08/addon-snapshot/BetterBlizzFrames/shared/ImportExport.lua: Lua error: ...addon-snapshot/BetterBlizzFrames/shared/ImportExport.lua:2: attempt to call a nil value\nstack traceback:\n\t(string):1: in main chunk",
    "count": 1
  },
  {
    "message": "Lua Error: @/home/osso/.worktrees/wow-ui-sim-p510-page/data/patch-api/evidence/5.1.0-session-2026-10-08/addon-snapshot/BetterBlizzFrames/shared/ImportExport.lua: Lua error: ...addon-snapshot/BetterBlizzFrames/shared/ImportExport.lua:2: attempt to call a nil value\nstack traceback:\n\t(string):1: in main chunk\n[Interface/AddOns/Blizzard_ScriptErrors/Blizzard_ScriptErrors.lua]:59: in function 'GetErrorData'\n[Interface/AddOns/Blizzard_ScriptErrors/Blizzard_ScriptErrors.lua]:72: in function <[Interface/AddOns/Blizzard_ScriptErrors/Blizzard_ScriptErrors.lua]:71>",
    "count": 1
  },
  {
    "message": "@/home/osso/.worktrees/wow-ui-sim-p510-page/data/patch-api/evidence/5.1.0-session-2026-10-08/addon-snapshot/BetterBlizzFrames/retail/modules/interruptIcon.lua: Lua error: ...pshot/BetterBlizzFrames/retail/modules/interruptIcon.lua:333: attempt to call a nil value\nstack traceback:\n\t(string):1: in main chunk",
    "count": 1
  },
  {
    "message": "Lua Error: @/home/osso/.worktrees/wow-ui-sim-p510-page/data/patch-api/evidence/5.1.0-session-2026-10-08/addon-snapshot/BetterBlizzFrames/retail/modules/interruptIcon.lua: Lua error: ...pshot/BetterBlizzFrames/retail/modules/interruptIcon.lua:333: attempt to call a nil value\nstack traceback:\n\t(string):1: in main chunk\n[Interface/AddOns/Blizzard_ScriptErrors/Blizzard_ScriptErrors.lua]:59: in function 'GetErrorData'\n[Interface/AddOns/Blizzard_ScriptErrors/Blizzard_ScriptErrors.lua]:72: in function <[Interface/AddOns/Blizzard_ScriptErrors/Blizzard_ScriptErrors.lua]:71>",
    "count": 1
  },
  {
    "message": "@/home/osso/.worktrees/wow-ui-sim-p510-page/data/patch-api/evidence/5.1.0-session-2026-10-08/addon-snapshot/BetterBlizzFrames/retail/modules/prd.lua: Lua error: .../addon-snapshot/BetterBlizzFrames/retail/modules/prd.lua:1: attempt to call a nil value\nstack traceback:\n\t(string):1: in main chunk",
    "count": 1
  },
  {
    "message": "Lua Error: @/home/osso/.worktrees/wow-ui-sim-p510-page/data/patch-api/evidence/5.1.0-session-2026-10-08/addon-snapshot/BetterBlizzFrames/retail/modules/prd.lua: Lua error: .../addon-snapshot/BetterBlizzFrames/retail/modules/prd.lua:1: attempt to call a nil value\nstack traceback:\n\t(string):1: in main chunk\n[Interface/AddOns/Blizzard_ScriptErrors/Blizzard_ScriptErrors.lua]:59: in function 'GetErrorData'\n[Interface/AddOns/Blizzard_ScriptErrors/Blizzard_ScriptErrors.lua]:72: in function <[Interface/AddOns/Blizzard_ScriptErrors/Blizzard_ScriptErrors.lua]:71>",
    "count": 1
  },
  {
    "message": "@/home/osso/.worktrees/wow-ui-sim-p510-page/data/patch-api/evidence/5.1.0-session-2026-10-08/addon-snapshot/BetterBlizzFrames/retail/gui.lua: Lua error: ...26-10-08/addon-snapshot/BetterBlizzFrames/retail/gui.lua:2: attempt to index global 'LibStub' (a nil value)\nstack traceback:\n\t(string):1: in main chunk",
    "count": 1
  },
  {
    "message": "Lua Error: @/home/osso/.worktrees/wow-ui-sim-p510-page/data/patch-api/evidence/5.1.0-session-2026-10-08/addon-snapshot/BetterBlizzFrames/retail/gui.lua: Lua error: ...26-10-08/addon-snapshot/BetterBlizzFrames/retail/gui.lua:2: attempt to index global 'LibStub' (a nil value)\nstack traceback:\n\t(string):1: in main chunk\n[Interface/AddOns/Blizzard_ScriptErrors/Blizzard_ScriptErrors.lua]:59: in function 'GetErrorData'\n[Interface/AddOns/Blizzard_ScriptErrors/Blizzard_ScriptErrors.lua]:72: in function <[Interface/AddOns/Blizzard_ScriptErrors/Blizzard_ScriptErrors.lua]:71>",
    "count": 1
  },
  {
    "message": "IO error loading /home/osso/.worktrees/wow-ui-sim-p510-page/data/patch-api/evidence/5.1.0-session-2026-10-08/addon-snapshot/BlizzMove/Libs/CallbackHandler-1.0/CallbackHandler-1.0.xml: No such file or directory (os error 2)\nstack traceback:\n\t(string):1: in main chunk",
    "count": 1
  },
  {
    "message": "Lua Error: IO error loading /home/osso/.worktrees/wow-ui-sim-p510-page/data/patch-api/evidence/5.1.0-session-2026-10-08/addon-snapshot/BlizzMove/Libs/CallbackHandler-1.0/CallbackHandler-1.0.xml: No such file or directory (os error 2)\nstack traceback:\n\t(string):1: in main chunk\n[Interface/AddOns/Blizzard_ScriptErrors/Blizzard_ScriptErrors.lua]:59: in function 'GetErrorData'\n[Interface/AddOns/Blizzard_ScriptErrors/Blizzard_ScriptErrors.lua]:72: in function <[Interface/AddOns/Blizzard_ScriptErrors/Blizzard_ScriptErrors.lua]:71>",
    "count": 1
  },
  {
    "message": "XML error: IO error loading /home/osso/.worktrees/wow-ui-sim-p510-page/data/patch-api/evidence/5.1.0-session-2026-10-08/addon-snapshot/BlizzMove/Libs/CallbackHandler-1.0/CallbackHandler-1.0.xml: No such file or directory (os error 2)\nstack traceback:\n\t(string):1: in main chunk",
    "count": 1
  },
  {
    "message": "Lua Error: XML error: IO error loading /home/osso/.worktrees/wow-ui-sim-p510-page/data/patch-api/evidence/5.1.0-session-2026-10-08/addon-snapshot/BlizzMove/Libs/CallbackHandler-1.0/CallbackHandler-1.0.xml: No such file or directory (os error 2)\nstack traceback:\n\t(string):1: in main chunk\n[Interface/AddOns/Blizzard_ScriptErrors/Blizzard_ScriptErrors.lua]:59: in function 'GetErrorData'\n[Interface/AddOns/Blizzard_ScriptErrors/Blizzard_ScriptErrors.lua]:72: in function <[Interface/AddOns/Blizzard_ScriptErrors/Blizzard_ScriptErrors.lua]:71>",
    "count": 1
  },
  {
    "message": "IO error reading /home/osso/.worktrees/wow-ui-sim-p510-page/data/patch-api/evidence/5.1.0-session-2026-10-08/addon-snapshot/BlizzMove/Locale/enUS.lua: No such file or directory (os error 2)\nstack traceback:\n\t(string):1: in main chunk",
    "count": 1
  },
  {
    "message": "Lua Error: IO error reading /home/osso/.worktrees/wow-ui-sim-p510-page/data/patch-api/evidence/5.1.0-session-2026-10-08/addon-snapshot/BlizzMove/Locale/enUS.lua: No such file or directory (os error 2)\nstack traceback:\n\t(string):1: in main chunk\n[Interface/AddOns/Blizzard_ScriptErrors/Blizzard_ScriptErrors.lua]:59: in function 'GetErrorData'\n[Interface/AddOns/Blizzard_ScriptErrors/Blizzard_ScriptErrors.lua]:72: in function <[Interface/AddOns/Blizzard_ScriptErrors/Blizzard_ScriptErrors.lua]:71>",
    "count": 1
  },
  {
    "message": "@/home/osso/.worktrees/wow-ui-sim-p510-page/data/patch-api/evidence/5.1.0-session-2026-10-08/addon-snapshot/BlizzMove/BlizzMove.lua: Lua error: ...ession-2026-10-08/addon-snapshot/BlizzMove/BlizzMove.lua:34: Cannot find a library instance of \"AceAddon-3.0\".\nstack traceback:\n\t(string):1: in main chunk",
    "count": 1
  },
  {
    "message": "Lua Error: @/home/osso/.worktrees/wow-ui-sim-p510-page/data/patch-api/evidence/5.1.0-session-2026-10-08/addon-snapshot/BlizzMove/BlizzMove.lua: Lua error: ...ession-2026-10-08/addon-snapshot/BlizzMove/BlizzMove.lua:34: Cannot find a library instance of \"AceAddon-3.0\".\nstack traceback:\n\t(string):1: in main chunk\n[Interface/AddOns/Blizzard_ScriptErrors/Blizzard_ScriptErrors.lua]:59: in function 'GetErrorData'\n[Interface/AddOns/Blizzard_ScriptErrors/Blizzard_ScriptErrors.lua]:72: in function <[Interface/AddOns/Blizzard_ScriptErrors/Blizzard_ScriptErrors.lua]:71>",
    "count": 1
  },
  {
    "message": "@/home/osso/.worktrees/wow-ui-sim-p510-page/data/patch-api/evidence/5.1.0-session-2026-10-08/addon-snapshot/BlizzMove/BlizzMoveConfig.lua: Lua error: ...-2026-10-08/addon-snapshot/BlizzMove/BlizzMoveConfig.lua:13: Cannot find a library instance of \"AceAddon-3.0\".\nstack traceback:\n\t(string):1: in main chunk",
    "count": 1
  },
  {
    "message": "Lua Error: @/home/osso/.worktrees/wow-ui-sim-p510-page/data/patch-api/evidence/5.1.0-session-2026-10-08/addon-snapshot/BlizzMove/BlizzMoveConfig.lua: Lua error: ...-2026-10-08/addon-snapshot/BlizzMove/BlizzMoveConfig.lua:13: Cannot find a library instance of \"AceAddon-3.0\".\nstack traceback:\n\t(string):1: in main chunk\n[Interface/AddOns/Blizzard_ScriptErrors/Blizzard_ScriptErrors.lua]:59: in function 'GetErrorData'\n[Interface/AddOns/Blizzard_ScriptErrors/Blizzard_ScriptErrors.lua]:72: in function <[Interface/AddOns/Blizzard_ScriptErrors/Blizzard_ScriptErrors.lua]:71>",
    "count": 1
  },
  {
    "message": "@/home/osso/.worktrees/wow-ui-sim-p510-page/data/patch-api/evidence/5.1.0-session-2026-10-08/addon-snapshot/BossHelper/Core/BossData.lua: Lua error: ...n-2026-10-08/addon-snapshot/BossHelper/Core/BossData.lua:37: attempt to index global 'BossHelper' (a nil value)\nstack traceback:\n\t(string):1: in main chunk",
    "count": 1
  },
  {
    "message": "Lua Error: @/home/osso/.worktrees/wow-ui-sim-p510-page/data/patch-api/evidence/5.1.0-session-2026-10-08/addon-snapshot/BossHelper/Core/BossData.lua: Lua error: ...n-2026-10-08/addon-snapshot/BossHelper/Core/BossData.lua:37: attempt to index global 'BossHelper' (a nil value)\nstack traceback:\n\t(string):1: in main chunk\n[Interface/AddOns/Blizzard_ScriptErrors/Blizzard_ScriptErrors.lua]:59: in function 'GetErrorData'\n[Interface/AddOns/Blizzard_ScriptErrors/Blizzard_ScriptErrors.lua]:72: in function <[Interface/AddOns/Blizzard_ScriptErrors/Blizzard_ScriptErrors.lua]:71>",
    "count": 1
  },
  {
    "message": "@/home/osso/.worktrees/wow-ui-sim-p510-page/data/patch-api/evidence/5.1.0-session-2026-10-08/addon-snapshot/BossHelper/Core/AffixData.lua: Lua error: ...-2026-10-08/addon-snapshot/BossHelper/Core/AffixData.lua:8: attempt to index global 'BossHelper' (a nil value)\nstack traceback:\n\t(string):1: in main chunk",
    "count": 1
  },
  {
    "message": "Lua Error: @/home/osso/.worktrees/wow-ui-sim-p510-page/data/patch-api/evidence/5.1.0-session-2026-10-08/addon-snapshot/BossHelper/Core/AffixData.lua: Lua error: ...-2026-10-08/addon-snapshot/BossHelper/Core/AffixData.lua:8: attempt to index global 'BossHelper' (a nil value)\nstack traceback:\n\t(string):1: in main chunk\n[Interface/AddOns/Blizzard_ScriptErrors/Blizzard_ScriptErrors.lua]:59: in function 'GetErrorData'\n[Interface/AddOns/Blizzard_ScriptErrors/Blizzard_ScriptErrors.lua]:72: in function <[Interface/AddOns/Blizzard_ScriptErrors/Blizzard_ScriptErrors.lua]:71>",
    "count": 1
  },
  {
    "message": "@/home/osso/.worktrees/wow-ui-sim-p510-page/data/patch-api/evidence/5.1.0-session-2026-10-08/addon-snapshot/BossHelper/Core/Functions.lua: Lua error: ...-2026-10-08/addon-snapshot/BossHelper/Core/Functions.lua:10: attempt to index global 'BossHelper' (a nil value)\nstack traceback:\n\t(string):1: in main chunk",
    "count": 1
  },
  {
    "message": "Lua Error: @/home/osso/.worktrees/wow-ui-sim-p510-page/data/patch-api/evidence/5.1.0-session-2026-10-08/addon-snapshot/BossHelper/Core/Functions.lua: Lua error: ...-2026-10-08/addon-snapshot/BossHelper/Core/Functions.lua:10: attempt to index global 'BossHelper' (a nil value)\nstack traceback:\n\t(string):1: in main chunk\n[Interface/AddOns/Blizzard_ScriptErrors/Blizzard_ScriptErrors.lua]:59: in function 'GetErrorData'\n[Interface/AddOns/Blizzard_ScriptErrors/Blizzard_ScriptErrors.lua]:72: in function <[Interface/AddOns/Blizzard_ScriptErrors/Blizzard_ScriptErrors.lua]:71>",
    "count": 1
  },
  {
    "message": "@/home/osso/.worktrees/wow-ui-sim-p510-page/data/patch-api/evidence/5.1.0-session-2026-10-08/addon-snapshot/BossHelper/Core/EditModeLogic.lua: Lua error: ...6-10-08/addon-snapshot/BossHelper/Core/EditModeLogic.lua:3: attempt to index global 'BossHelper' (a nil value)\nstack traceback:\n\t(string):1: in main chunk",
    "count": 1
  },
  {
    "message": "Lua Error: @/home/osso/.worktrees/wow-ui-sim-p510-page/data/patch-api/evidence/5.1.0-session-2026-10-08/addon-snapshot/BossHelper/Core/EditModeLogic.lua: Lua error: ...6-10-08/addon-snapshot/BossHelper/Core/EditModeLogic.lua:3: attempt to index global 'BossHelper' (a nil value)\nstack traceback:\n\t(string):1: in main chunk\n[Interface/AddOns/Blizzard_ScriptErrors/Blizzard_ScriptErrors.lua]:59: in function 'GetErrorData'\n[Interface/AddOns/Blizzard_ScriptErrors/Blizzard_ScriptErrors.lua]:72: in function <[Interface/AddOns/Blizzard_ScriptErrors/Blizzard_ScriptErrors.lua]:71>",
    "count": 1
  },
  {
    "message": "@/home/osso/.worktrees/wow-ui-sim-p510-page/data/patch-api/evidence/5.1.0-session-2026-10-08/addon-snapshot/BossHelper/UI/StartPage.lua: Lua error: ...on-2026-10-08/addon-snapshot/BossHelper/UI/StartPage.lua:12: attempt to index field 'UI' (a nil value)\nstack traceback:\n\t(string):1: in main chunk",
    "count": 1
  },
  {
    "message": "Lua Error: @/home/osso/.worktrees/wow-ui-sim-p510-page/data/patch-api/evidence/5.1.0-session-2026-10-08/addon-snapshot/BossHelper/UI/StartPage.lua: Lua error: ...on-2026-10-08/addon-snapshot/BossHelper/UI/StartPage.lua:12: attempt to index field 'UI' (a nil value)\nstack traceback:\n\t(string):1: in main chunk\n[Interface/AddOns/Blizzard_ScriptErrors/Blizzard_ScriptErrors.lua]:59: in function 'GetErrorData'\n[Interface/AddOns/Blizzard_ScriptErrors/Blizzard_ScriptErrors.lua]:72: in function <[Interface/AddOns/Blizzard_ScriptErrors/Blizzard_ScriptErrors.lua]:71>",
    "count": 1
  },
  {
    "message": "@/home/osso/.worktrees/wow-ui-sim-p510-page/data/patch-api/evidence/5.1.0-session-2026-10-08/addon-snapshot/BossHelper/UI/Settings.lua: Lua error: ...ion-2026-10-08/addon-snapshot/BossHelper/UI/Settings.lua:40: attempt to index field 'UI' (a nil value)\nstack traceback:\n\t(string):1: in main chunk",
    "count": 1
  },
  {
    "message": "Lua Error: @/home/osso/.worktrees/wow-ui-sim-p510-page/data/patch-api/evidence/5.1.0-session-2026-10-08/addon-snapshot/BossHelper/UI/Settings.lua: Lua error: ...ion-2026-10-08/addon-snapshot/BossHelper/UI/Settings.lua:40: attempt to index field 'UI' (a nil value)\nstack traceback:\n\t(string):1: in main chunk\n[Interface/AddOns/Blizzard_ScriptErrors/Blizzard_ScriptErrors.lua]:59: in function 'GetErrorData'\n[Interface/AddOns/Blizzard_ScriptErrors/Blizzard_ScriptErrors.lua]:72: in function <[Interface/AddOns/Blizzard_ScriptErrors/Blizzard_ScriptErrors.lua]:71>",
    "count": 1
  },
  {
    "message": "@/home/osso/.worktrees/wow-ui-sim-p510-page/data/patch-api/evidence/5.1.0-session-2026-10-08/addon-snapshot/BossHelper/UI/EditTactics.lua: Lua error: ...-2026-10-08/addon-snapshot/BossHelper/UI/EditTactics.lua:28: attempt to index field 'UI' (a nil value)\nstack traceback:\n\t(string):1: in main chunk",
    "count": 1
  },
  {
    "message": "Lua Error: @/home/osso/.worktrees/wow-ui-sim-p510-page/data/patch-api/evidence/5.1.0-session-2026-10-08/addon-snapshot/BossHelper/UI/EditTactics.lua: Lua error: ...-2026-10-08/addon-snapshot/BossHelper/UI/EditTactics.lua:28: attempt to index field 'UI' (a nil value)\nstack traceback:\n\t(string):1: in main chunk\n[Interface/AddOns/Blizzard_ScriptErrors/Blizzard_ScriptErrors.lua]:59: in function 'GetErrorData'\n[Interface/AddOns/Blizzard_ScriptErrors/Blizzard_ScriptErrors.lua]:72: in function <[Interface/AddOns/Blizzard_ScriptErrors/Blizzard_ScriptErrors.lua]:71>",
    "count": 1
  },
  {
    "message": "@/home/osso/.worktrees/wow-ui-sim-p510-page/data/patch-api/evidence/5.1.0-session-2026-10-08/addon-snapshot/BossHelper/UI/Affixes.lua: Lua error: ...sion-2026-10-08/addon-snapshot/BossHelper/UI/Affixes.lua:10: attempt to index field 'AffixData' (a nil value)\nstack traceback:\n\t(string):1: in main chunk",
    "count": 1
  },
  {
    "message": "Lua Error: @/home/osso/.worktrees/wow-ui-sim-p510-page/data/patch-api/evidence/5.1.0-session-2026-10-08/addon-snapshot/BossHelper/UI/Affixes.lua: Lua error: ...sion-2026-10-08/addon-snapshot/BossHelper/UI/Affixes.lua:10: attempt to index field 'AffixData' (a nil value)\nstack traceback:\n\t(string):1: in main chunk\n[Interface/AddOns/Blizzard_ScriptErrors/Blizzard_ScriptErrors.lua]:59: in function 'GetErrorData'\n[Interface/AddOns/Blizzard_ScriptErrors/Blizzard_ScriptErrors.lua]:72: in function <[Interface/AddOns/Blizzard_ScriptErrors/Blizzard_ScriptErrors.lua]:71>",
    "count": 1
  },
  {
    "message": "@/home/osso/.worktrees/wow-ui-sim-p510-page/data/patch-api/evidence/5.1.0-session-2026-10-08/addon-snapshot/BossHelper/UI/QuickStart.lua: Lua error: ...n-2026-10-08/addon-snapshot/BossHelper/UI/QuickStart.lua:11: attempt to index field 'UI' (a nil value)\nstack traceback:\n\t(string):1: in main chunk",
    "count": 1
  },
  {
    "message": "Lua Error: @/home/osso/.worktrees/wow-ui-sim-p510-page/data/patch-api/evidence/5.1.0-session-2026-10-08/addon-snapshot/BossHelper/UI/QuickStart.lua: Lua error: ...n-2026-10-08/addon-snapshot/BossHelper/UI/QuickStart.lua:11: attempt to index field 'UI' (a nil value)\nstack traceback:\n\t(string):1: in main chunk\n[Interface/AddOns/Blizzard_ScriptErrors/Blizzard_ScriptErrors.lua]:59: in function 'GetErrorData'\n[Interface/AddOns/Blizzard_ScriptErrors/Blizzard_ScriptErrors.lua]:72: in function <[Interface/AddOns/Blizzard_ScriptErrors/Blizzard_ScriptErrors.lua]:71>",
    "count": 1
  },
  {
    "message": "@/home/osso/.worktrees/wow-ui-sim-p510-page/data/patch-api/evidence/5.1.0-session-2026-10-08/addon-snapshot/BossHelper/Modules/MiniWindow.lua: Lua error: ...6-10-08/addon-snapshot/BossHelper/Modules/MiniWindow.lua:97: attempt to index field 'UI' (a nil value)\nstack traceback:\n\t(string):1: in main chunk",
    "count": 1
  },
  {
    "message": "Lua Error: @/home/osso/.worktrees/wow-ui-sim-p510-page/data/patch-api/evidence/5.1.0-session-2026-10-08/addon-snapshot/BossHelper/Modules/MiniWindow.lua: Lua error: ...6-10-08/addon-snapshot/BossHelper/Modules/MiniWindow.lua:97: attempt to index field 'UI' (a nil value)\nstack traceback:\n\t(string):1: in main chunk\n[Interface/AddOns/Blizzard_ScriptErrors/Blizzard_ScriptErrors.lua]:59: in function 'GetErrorData'\n[Interface/AddOns/Blizzard_ScriptErrors/Blizzard_ScriptErrors.lua]:72: in function <[Interface/AddOns/Blizzard_ScriptErrors/Blizzard_ScriptErrors.lua]:71>",
    "count": 1
  },
  {
    "message": "IO error reading /home/osso/.worktrees/wow-ui-sim-p510-page/data/patch-api/evidence/5.1.0-session-2026-10-08/addon-snapshot/BugSack/Libs/LibStub/LibStub.lua: No such file or directory (os error 2)\nstack traceback:\n\t(string):1: in main chunk",
    "count": 1
  },
  {
    "message": "Lua Error: IO error reading /home/osso/.worktrees/wow-ui-sim-p510-page/data/patch-api/evidence/5.1.0-session-2026-10-08/addon-snapshot/BugSack/Libs/LibStub/LibStub.lua: No such file or directory (os error 2)\nstack traceback:\n\t(string):1: in main chunk\n[Interface/AddOns/Blizzard_ScriptErrors/Blizzard_ScriptErrors.lua]:59: in function 'GetErrorData'\n[Interface/AddOns/Blizzard_ScriptErrors/Blizzard_ScriptErrors.lua]:72: in function <[Interface/AddOns/Blizzard_ScriptErrors/Blizzard_ScriptErrors.lua]:71>",
    "count": 1
  },
  {
    "message": "IO error reading /home/osso/.worktrees/wow-ui-sim-p510-page/data/patch-api/evidence/5.1.0-session-2026-10-08/addon-snapshot/Chattynator/Libs/LibSharedMedia-3.0/LibSharedMedia-3.0.lua: No such file or directory (os error 2)\nstack traceback:\n\t(string):1: in main chunk",
    "count": 1
  },
  {
    "message": "Lua Error: IO error reading /home/osso/.worktrees/wow-ui-sim-p510-page/data/patch-api/evidence/5.1.0-session-2026-10-08/addon-snapshot/Chattynator/Libs/LibSharedMedia-3.0/LibSharedMedia-3.0.lua: No such file or directory (os error 2)\nstack traceback:\n\t(string):1: in main chunk\n[Interface/AddOns/Blizzard_ScriptErrors/Blizzard_ScriptErrors.lua]:59: in function 'GetErrorData'\n[Interface/AddOns/Blizzard_ScriptErrors/Blizzard_ScriptErrors.lua]:72: in function <[Interface/AddOns/Blizzard_ScriptErrors/Blizzard_ScriptErrors.lua]:71>",
    "count": 1
  },
  {
    "message": "@/home/osso/.worktrees/wow-ui-sim-p510-page/data/patch-api/evidence/5.1.0-session-2026-10-08/addon-snapshot/Chattynator/Core/Config.lua: Lua error: ...on-2026-10-08/addon-snapshot/Chattynator/Core/Config.lua:77: attempt to index field 'Constants' (a nil value)\nstack traceback:\n\t(string):1: in main chunk",
    "count": 1
  },
  {
    "message": "Lua Error: @/home/osso/.worktrees/wow-ui-sim-p510-page/data/patch-api/evidence/5.1.0-session-2026-10-08/addon-snapshot/Chattynator/Core/Config.lua: Lua error: ...on-2026-10-08/addon-snapshot/Chattynator/Core/Config.lua:77: attempt to index field 'Constants' (a nil value)\nstack traceback:\n\t(string):1: in main chunk\n[Interface/AddOns/Blizzard_ScriptErrors/Blizzard_ScriptErrors.lua]:59: in function 'GetErrorData'\n[Interface/AddOns/Blizzard_ScriptErrors/Blizzard_ScriptErrors.lua]:72: in function <[Interface/AddOns/Blizzard_ScriptErrors/Blizzard_ScriptErrors.lua]:71>",
    "count": 1
  },
  {
    "message": "@/home/osso/.worktrees/wow-ui-sim-p510-page/data/patch-api/evidence/5.1.0-session-2026-10-08/addon-snapshot/Chattynator/Core/Utilities.lua: Lua error: ...2026-10-08/addon-snapshot/Chattynator/Core/Utilities.lua:4: attempt to index field 'Utilities' (a nil value)\nstack traceback:\n\t(string):1: in main chunk",
    "count": 1
  },
  {
    "message": "Lua Error: @/home/osso/.worktrees/wow-ui-sim-p510-page/data/patch-api/evidence/5.1.0-session-2026-10-08/addon-snapshot/Chattynator/Core/Utilities.lua: Lua error: ...2026-10-08/addon-snapshot/Chattynator/Core/Utilities.lua:4: attempt to index field 'Utilities' (a nil value)\nstack traceback:\n\t(string):1: in main chunk\n[Interface/AddOns/Blizzard_ScriptErrors/Blizzard_ScriptErrors.lua]:59: in function 'GetErrorData'\n[Interface/AddOns/Blizzard_ScriptErrors/Blizzard_ScriptErrors.lua]:72: in function <[Interface/AddOns/Blizzard_ScriptErrors/Blizzard_ScriptErrors.lua]:71>",
    "count": 1
  },
  {
    "message": "@/home/osso/.worktrees/wow-ui-sim-p510-page/data/patch-api/evidence/5.1.0-session-2026-10-08/addon-snapshot/Chattynator/Core/Fonts.lua: Lua error: ...ion-2026-10-08/addon-snapshot/Chattynator/Core/Fonts.lua:4: Cannot find a library instance of \"LibSharedMedia-3.0\".\nstack traceback:\n\t(string):1: in main chunk",
    "count": 1
  },
  {
    "message": "Lua Error: @/home/osso/.worktrees/wow-ui-sim-p510-page/data/patch-api/evidence/5.1.0-session-2026-10-08/addon-snapshot/Chattynator/Core/Fonts.lua: Lua error: ...ion-2026-10-08/addon-snapshot/Chattynator/Core/Fonts.lua:4: Cannot find a library instance of \"LibSharedMedia-3.0\".\nstack traceback:\n\t(string):1: in main chunk\n[Interface/AddOns/Blizzard_ScriptErrors/Blizzard_ScriptErrors.lua]:59: in function 'GetErrorData'\n[Interface/AddOns/Blizzard_ScriptErrors/Blizzard_ScriptErrors.lua]:72: in function <[Interface/AddOns/Blizzard_ScriptErrors/Blizzard_ScriptErrors.lua]:71>",
    "count": 1
  },
  {
    "message": "@/home/osso/.worktrees/wow-ui-sim-p510-page/data/patch-api/evidence/5.1.0-session-2026-10-08/addon-snapshot/Chattynator/Core/Overrides.lua: Lua error: ...2026-10-08/addon-snapshot/Chattynator/Core/Overrides.lua:4: attempt to index field 'Core' (a nil value)\nstack traceback:\n\t(string):1: in main chunk",
    "count": 1
  },
  {
    "message": "Lua Error: @/home/osso/.worktrees/wow-ui-sim-p510-page/data/patch-api/evidence/5.1.0-session-2026-10-08/addon-snapshot/Chattynator/Core/Overrides.lua: Lua error: ...2026-10-08/addon-snapshot/Chattynator/Core/Overrides.lua:4: attempt to index field 'Core' (a nil value)\nstack traceback:\n\t(string):1: in main chunk\n[Interface/AddOns/Blizzard_ScriptErrors/Blizzard_ScriptErrors.lua]:59: in function 'GetErrorData'\n[Interface/AddOns/Blizzard_ScriptErrors/Blizzard_ScriptErrors.lua]:72: in function <[Interface/AddOns/Blizzard_ScriptErrors/Blizzard_ScriptErrors.lua]:71>",
    "count": 1
  },
  {
    "message": "@/home/osso/.worktrees/wow-ui-sim-p510-page/data/patch-api/evidence/5.1.0-session-2026-10-08/addon-snapshot/Chattynator/Core/Initialize.lua: Lua error: ...026-10-08/addon-snapshot/Chattynator/Core/Initialize.lua:6: attempt to index field 'Constants' (a nil value)\nstack traceback:\n\t(string):1: in main chunk",
    "count": 1
  },
  {
    "message": "Lua Error: @/home/osso/.worktrees/wow-ui-sim-p510-page/data/patch-api/evidence/5.1.0-session-2026-10-08/addon-snapshot/Chattynator/Core/Initialize.lua: Lua error: ...026-10-08/addon-snapshot/Chattynator/Core/Initialize.lua:6: attempt to index field 'Constants' (a nil value)\nstack traceback:\n\t(string):1: in main chunk\n[Interface/AddOns/Blizzard_ScriptErrors/Blizzard_ScriptErrors.lua]:59: in function 'GetErrorData'\n[Interface/AddOns/Blizzard_ScriptErrors/Blizzard_ScriptErrors.lua]:72: in function <[Interface/AddOns/Blizzard_ScriptErrors/Blizzard_ScriptErrors.lua]:71>",
    "count": 1
  },
  {
    "message": "@/home/osso/.worktrees/wow-ui-sim-p510-page/data/patch-api/evidence/5.1.0-session-2026-10-08/addon-snapshot/Chattynator/Display/Tabs.lua: Lua error: ...n-2026-10-08/addon-snapshot/Chattynator/Display/Tabs.lua:23: attempt to index field 'Display' (a nil value)\nstack traceback:\n\t(string):1: in main chunk",
    "count": 1
  },
  {
    "message": "Lua Error: @/home/osso/.worktrees/wow-ui-sim-p510-page/data/patch-api/evidence/5.1.0-session-2026-10-08/addon-snapshot/Chattynator/Display/Tabs.lua: Lua error: ...n-2026-10-08/addon-snapshot/Chattynator/Display/Tabs.lua:23: attempt to index field 'Display' (a nil value)\nstack traceback:\n\t(string):1: in main chunk\n[Interface/AddOns/Blizzard_ScriptErrors/Blizzard_ScriptErrors.lua]:59: in function 'GetErrorData'\n[Interface/AddOns/Blizzard_ScriptErrors/Blizzard_ScriptErrors.lua]:72: in function <[Interface/AddOns/Blizzard_ScriptErrors/Blizzard_ScriptErrors.lua]:71>",
    "count": 1
  },
  {
    "message": "@/home/osso/.worktrees/wow-ui-sim-p510-page/data/patch-api/evidence/5.1.0-session-2026-10-08/addon-snapshot/Chattynator/Modifiers/URLs.lua: Lua error: ...2026-10-08/addon-snapshot/Chattynator/Modifiers/URLs.lua:23: attempt to index field 'Modifiers' (a nil value)\nstack traceback:\n\t(string):1: in main chunk",
    "count": 1
  },
  {
    "message": "Lua Error: @/home/osso/.worktrees/wow-ui-sim-p510-page/data/patch-api/evidence/5.1.0-session-2026-10-08/addon-snapshot/Chattynator/Modifiers/URLs.lua: Lua error: ...2026-10-08/addon-snapshot/Chattynator/Modifiers/URLs.lua:23: attempt to index field 'Modifiers' (a nil value)\nstack traceback:\n\t(string):1: in main chunk\n[Interface/AddOns/Blizzard_ScriptErrors/Blizzard_ScriptErrors.lua]:59: in function 'GetErrorData'\n[Interface/AddOns/Blizzard_ScriptErrors/Blizzard_ScriptErrors.lua]:72: in function <[Interface/AddOns/Blizzard_ScriptErrors/Blizzard_ScriptErrors.lua]:71>",
    "count": 1
  },
  {
    "message": "@/home/osso/.worktrees/wow-ui-sim-p510-page/data/patch-api/evidence/5.1.0-session-2026-10-08/addon-snapshot/Chattynator/Modifiers/RedundantText.lua: Lua error: ...8/addon-snapshot/Chattynator/Modifiers/RedundantText.lua:37: attempt to index field 'Modifiers' (a nil value)\nstack traceback:\n\t(string):1: in main chunk",
    "count": 1
  },
  {
    "message": "Lua Error: @/home/osso/.worktrees/wow-ui-sim-p510-page/data/patch-api/evidence/5.1.0-session-2026-10-08/addon-snapshot/Chattynator/Modifiers/RedundantText.lua: Lua error: ...8/addon-snapshot/Chattynator/Modifiers/RedundantText.lua:37: attempt to index field 'Modifiers' (a nil value)\nstack traceback:\n\t(string):1: in main chunk\n[Interface/AddOns/Blizzard_ScriptErrors/Blizzard_ScriptErrors.lua]:59: in function 'GetErrorData'\n[Interface/AddOns/Blizzard_ScriptErrors/Blizzard_ScriptErrors.lua]:72: in function <[Interface/AddOns/Blizzard_ScriptErrors/Blizzard_ScriptErrors.lua]:71>",
    "count": 1
  },
  {
    "message": "@/home/osso/.worktrees/wow-ui-sim-p510-page/data/patch-api/evidence/5.1.0-session-2026-10-08/addon-snapshot/Chattynator/Skins/Main.lua: Lua error: ...ion-2026-10-08/addon-snapshot/Chattynator/Skins/Main.lua:4: attempt to index field 'Skins' (a nil value)\nstack traceback:\n\t(string):1: in main chunk",
    "count": 1
  },
  {
    "message": "Lua Error: @/home/osso/.worktrees/wow-ui-sim-p510-page/data/patch-api/evidence/5.1.0-session-2026-10-08/addon-snapshot/Chattynator/Skins/Main.lua: Lua error: ...ion-2026-10-08/addon-snapshot/Chattynator/Skins/Main.lua:4: attempt to index field 'Skins' (a nil value)\nstack traceback:\n\t(string):1: in main chunk\n[Interface/AddOns/Blizzard_ScriptErrors/Blizzard_ScriptErrors.lua]:59: in function 'GetErrorData'\n[Interface/AddOns/Blizzard_ScriptErrors/Blizzard_ScriptErrors.lua]:72: in function <[Interface/AddOns/Blizzard_ScriptErrors/Blizzard_ScriptErrors.lua]:71>",
    "count": 1
  },
  {
    "message": "@/home/osso/.worktrees/wow-ui-sim-p510-page/data/patch-api/evidence/5.1.0-session-2026-10-08/addon-snapshot/Chattynator/Skins/Blizzard.lua: Lua error: ...2026-10-08/addon-snapshot/Chattynator/Skins/Blizzard.lua:294: attempt to index field 'Skins' (a nil value)\nstack traceback:\n\t(string):1: in main chunk",
    "count": 1
  },
  {
    "message": "Lua Error: @/home/osso/.worktrees/wow-ui-sim-p510-page/data/patch-api/evidence/5.1.0-session-2026-10-08/addon-snapshot/Chattynator/Skins/Blizzard.lua: Lua error: ...2026-10-08/addon-snapshot/Chattynator/Skins/Blizzard.lua:294: attempt to index field 'Skins' (a nil value)\nstack traceback:\n\t(string):1: in main chunk\n[Interface/AddOns/Blizzard_ScriptErrors/Blizzard_ScriptErrors.lua]:59: in function 'GetErrorData'\n[Interface/AddOns/Blizzard_ScriptErrors/Blizzard_ScriptErrors.lua]:72: in function <[Interface/AddOns/Blizzard_ScriptErrors/Blizzard_ScriptErrors.lua]:71>",
    "count": 1
  },
  {
    "message": "@/home/osso/.worktrees/wow-ui-sim-p510-page/data/patch-api/evidence/5.1.0-session-2026-10-08/addon-snapshot/Chattynator/Skins/Dark.lua: Lua error: ...ion-2026-10-08/addon-snapshot/Chattynator/Skins/Dark.lua:457: attempt to index field 'Skins' (a nil value)\nstack traceback:\n\t(string):1: in main chunk",
    "count": 1
  },
  {
    "message": "Lua Error: @/home/osso/.worktrees/wow-ui-sim-p510-page/data/patch-api/evidence/5.1.0-session-2026-10-08/addon-snapshot/Chattynator/Skins/Dark.lua: Lua error: ...ion-2026-10-08/addon-snapshot/Chattynator/Skins/Dark.lua:457: attempt to index field 'Skins' (a nil value)\nstack traceback:\n\t(string):1: in main chunk\n[Interface/AddOns/Blizzard_ScriptErrors/Blizzard_ScriptErrors.lua]:59: in function 'GetErrorData'\n[Interface/AddOns/Blizzard_ScriptErrors/Blizzard_ScriptErrors.lua]:72: in function <[Interface/AddOns/Blizzard_ScriptErrors/Blizzard_ScriptErrors.lua]:71>",
    "count": 1
  },
  {
    "message": "@/home/osso/.worktrees/wow-ui-sim-p510-page/data/patch-api/evidence/5.1.0-session-2026-10-08/addon-snapshot/Chattynator/CustomiseDialog/Initialize.lua: Lua error: ...ddon-snapshot/Chattynator/CustomiseDialog/Initialize.lua:5: attempt to index field 'CustomiseDialog' (a nil value)\nstack traceback:\n\t(string):1: in main chunk",
    "count": 1
  },
  {
    "message": "Lua Error: @/home/osso/.worktrees/wow-ui-sim-p510-page/data/patch-api/evidence/5.1.0-session-2026-10-08/addon-snapshot/Chattynator/CustomiseDialog/Initialize.lua: Lua error: ...ddon-snapshot/Chattynator/CustomiseDialog/Initialize.lua:5: attempt to index field 'CustomiseDialog' (a nil value)\nstack traceback:\n\t(string):1: in main chunk\n[Interface/AddOns/Blizzard_ScriptErrors/Blizzard_ScriptErrors.lua]:59: in function 'GetErrorData'\n[Interface/AddOns/Blizzard_ScriptErrors/Blizzard_ScriptErrors.lua]:72: in function <[Interface/AddOns/Blizzard_ScriptErrors/Blizzard_ScriptErrors.lua]:71>",
    "count": 1
  },
  {
    "message": "@/home/osso/.worktrees/wow-ui-sim-p510-page/data/patch-api/evidence/5.1.0-session-2026-10-08/addon-snapshot/Chattynator/CustomiseDialog/Filtering.lua: Lua error: ...addon-snapshot/Chattynator/CustomiseDialog/Filtering.lua:4: attempt to index field 'CustomiseDialog' (a nil value)\nstack traceback:\n\t(string):1: in main chunk",
    "count": 1
  },
  {
    "message": "Lua Error: @/home/osso/.worktrees/wow-ui-sim-p510-page/data/patch-api/evidence/5.1.0-session-2026-10-08/addon-snapshot/Chattynator/CustomiseDialog/Filtering.lua: Lua error: ...addon-snapshot/Chattynator/CustomiseDialog/Filtering.lua:4: attempt to index field 'CustomiseDialog' (a nil value)\nstack traceback:\n\t(string):1: in main chunk\n[Interface/AddOns/Blizzard_ScriptErrors/Blizzard_ScriptErrors.lua]:59: in function 'GetErrorData'\n[Interface/AddOns/Blizzard_ScriptErrors/Blizzard_ScriptErrors.lua]:72: in function <[Interface/AddOns/Blizzard_ScriptErrors/Blizzard_ScriptErrors.lua]:71>",
    "count": 1
  },
  {
    "message": "IO error reading /home/osso/.worktrees/wow-ui-sim-p510-page/data/patch-api/evidence/5.1.0-session-2026-10-08/addon-snapshot/Clicked/Libs/LibStub/LibStub.lua: No such file or directory (os error 2)\nstack traceback:\n\t(string):1: in main chunk",
    "count": 1
  },
  {
    "message": "Lua Error: IO error reading /home/osso/.worktrees/wow-ui-sim-p510-page/data/patch-api/evidence/5.1.0-session-2026-10-08/addon-snapshot/Clicked/Libs/LibStub/LibStub.lua: No such file or directory (os error 2)\nstack traceback:\n\t(string):1: in main chunk\n[Interface/AddOns/Blizzard_ScriptErrors/Blizzard_ScriptErrors.lua]:59: in function 'GetErrorData'\n[Interface/AddOns/Blizzard_ScriptErrors/Blizzard_ScriptErrors.lua]:72: in function <[Interface/AddOns/Blizzard_ScriptErrors/Blizzard_ScriptErrors.lua]:71>",
    "count": 1
  },
  {
    "message": "IO error reading /home/osso/.worktrees/wow-ui-sim-p510-page/data/patch-api/evidence/5.1.0-session-2026-10-08/addon-snapshot/Clicked/Widgets/AceGUIContainer-ClickedTreeGroup.lua: No such file or directory (os error 2)\nstack traceback:\n\t(string):1: in main chunk",
    "count": 1
  },
  {
    "message": "Lua Error: IO error reading /home/osso/.worktrees/wow-ui-sim-p510-page/data/patch-api/evidence/5.1.0-session-2026-10-08/addon-snapshot/Clicked/Widgets/AceGUIContainer-ClickedTreeGroup.lua: No such file or directory (os error 2)\nstack traceback:\n\t(string):1: in main chunk\n[Interface/AddOns/Blizzard_ScriptErrors/Blizzard_ScriptErrors.lua]:59: in function 'GetErrorData'\n[Interface/AddOns/Blizzard_ScriptErrors/Blizzard_ScriptErrors.lua]:72: in function <[Interface/AddOns/Blizzard_ScriptErrors/Blizzard_ScriptErrors.lua]:71>",
    "count": 1
  },
  {
    "message": "@/home/osso/.worktrees/wow-ui-sim-p510-page/data/patch-api/evidence/5.1.0-session-2026-10-08/addon-snapshot/Clicked/Core/BindingProcessor.lua: Lua error: ...6-10-08/addon-snapshot/Clicked/Core/BindingProcessor.lua:24: attempt to index global 'Clicked' (a nil value)\nstack traceback:\n\t(string):1: in main chunk",
    "count": 1
  },
  {
    "message": "Lua Error: @/home/osso/.worktrees/wow-ui-sim-p510-page/data/patch-api/evidence/5.1.0-session-2026-10-08/addon-snapshot/Clicked/Core/BindingProcessor.lua: Lua error: ...6-10-08/addon-snapshot/Clicked/Core/BindingProcessor.lua:24: attempt to index global 'Clicked' (a nil value)\nstack traceback:\n\t(string):1: in main chunk\n[Interface/AddOns/Blizzard_ScriptErrors/Blizzard_ScriptErrors.lua]:59: in function 'GetErrorData'\n[Interface/AddOns/Blizzard_ScriptErrors/Blizzard_ScriptErrors.lua]:72: in function <[Interface/AddOns/Blizzard_ScriptErrors/Blizzard_ScriptErrors.lua]:71>",
    "count": 1
  },
  {
    "message": "@/home/osso/.worktrees/wow-ui-sim-p510-page/data/patch-api/evidence/5.1.0-session-2026-10-08/addon-snapshot/Clicked/Core/LocaleUtils.lua: Lua error: ...n-2026-10-08/addon-snapshot/Clicked/Core/LocaleUtils.lua:23: Cannot find a library instance of \"LibTalentInfo-1.0\".\nstack traceback:\n\t(string):1: in main chunk",
    "count": 1
  },
  {
    "message": "Lua Error: @/home/osso/.worktrees/wow-ui-sim-p510-page/data/patch-api/evidence/5.1.0-session-2026-10-08/addon-snapshot/Clicked/Core/LocaleUtils.lua: Lua error: ...n-2026-10-08/addon-snapshot/Clicked/Core/LocaleUtils.lua:23: Cannot find a library instance of \"LibTalentInfo-1.0\".\nstack traceback:\n\t(string):1: in main chunk\n[Interface/AddOns/Blizzard_ScriptErrors/Blizzard_ScriptErrors.lua]:59: in function 'GetErrorData'\n[Interface/AddOns/Blizzard_ScriptErrors/Blizzard_ScriptErrors.lua]:72: in function <[Interface/AddOns/Blizzard_ScriptErrors/Blizzard_ScriptErrors.lua]:71>",
    "count": 1
  },
  {
    "message": "@/home/osso/.worktrees/wow-ui-sim-p510-page/data/patch-api/evidence/5.1.0-session-2026-10-08/addon-snapshot/Clicked/Conditions/ConditionUtils.lua: Lua error: ...-08/addon-snapshot/Clicked/Conditions/ConditionUtils.lua:37: Cannot find a library instance of \"LibTalentInfo-1.0\".\nstack traceback:\n\t(string):1: in main chunk",
    "count": 1
  },
  {
    "message": "Lua Error: @/home/osso/.worktrees/wow-ui-sim-p510-page/data/patch-api/evidence/5.1.0-session-2026-10-08/addon-snapshot/Clicked/Conditions/ConditionUtils.lua: Lua error: ...-08/addon-snapshot/Clicked/Conditions/ConditionUtils.lua:37: Cannot find a library instance of \"LibTalentInfo-1.0\".\nstack traceback:\n\t(string):1: in main chunk\n[Interface/AddOns/Blizzard_ScriptErrors/Blizzard_ScriptErrors.lua]:59: in function 'GetErrorData'\n[Interface/AddOns/Blizzard_ScriptErrors/Blizzard_ScriptErrors.lua]:72: in function <[Interface/AddOns/Blizzard_ScriptErrors/Blizzard_ScriptErrors.lua]:71>",
    "count": 1
  },
  {
    "message": "@/home/osso/.worktrees/wow-ui-sim-p510-page/data/patch-api/evidence/5.1.0-session-2026-10-08/addon-snapshot/Clicked/Conditions/LoadConditions.lua: Lua error: ...-08/addon-snapshot/Clicked/Conditions/LoadConditions.lua:47: attempt to call method 'IsForever' (a nil value)\nstack traceback:\n\t(string):1: in main chunk",
    "count": 1
  },
  {
    "message": "Lua Error: @/home/osso/.worktrees/wow-ui-sim-p510-page/data/patch-api/evidence/5.1.0-session-2026-10-08/addon-snapshot/Clicked/Conditions/LoadConditions.lua: Lua error: ...-08/addon-snapshot/Clicked/Conditions/LoadConditions.lua:47: attempt to call method 'IsForever' (a nil value)\nstack traceback:\n\t(string):1: in main chunk\n[Interface/AddOns/Blizzard_ScriptErrors/Blizzard_ScriptErrors.lua]:59: in function 'GetErrorData'\n[Interface/AddOns/Blizzard_ScriptErrors/Blizzard_ScriptErrors.lua]:72: in function <[Interface/AddOns/Blizzard_ScriptErrors/Blizzard_ScriptErrors.lua]:71>",
    "count": 1
  },
  {
    "message": "@/home/osso/.worktrees/wow-ui-sim-p510-page/data/patch-api/evidence/5.1.0-session-2026-10-08/addon-snapshot/Clicked/Config/Profile.lua: Lua error: ...ion-2026-10-08/addon-snapshot/Clicked/Config/Profile.lua:17: Cannot find a library instance of \"AceConfig-3.0\".\nstack traceback:\n\t(string):1: in main chunk",
    "count": 1
  },
  {
    "message": "Lua Error: @/home/osso/.worktrees/wow-ui-sim-p510-page/data/patch-api/evidence/5.1.0-session-2026-10-08/addon-snapshot/Clicked/Config/Profile.lua: Lua error: ...ion-2026-10-08/addon-snapshot/Clicked/Config/Profile.lua:17: Cannot find a library instance of \"AceConfig-3.0\".\nstack traceback:\n\t(string):1: in main chunk\n[Interface/AddOns/Blizzard_ScriptErrors/Blizzard_ScriptErrors.lua]:59: in function 'GetErrorData'\n[Interface/AddOns/Blizzard_ScriptErrors/Blizzard_ScriptErrors.lua]:72: in function <[Interface/AddOns/Blizzard_ScriptErrors/Blizzard_ScriptErrors.lua]:71>",
    "count": 1
  },
  {
    "message": "@/home/osso/.worktrees/wow-ui-sim-p510-page/data/patch-api/evidence/5.1.0-session-2026-10-08/addon-snapshot/Clicked/Config/KeyVisualizer.lua: Lua error: ...26-10-08/addon-snapshot/Clicked/Config/KeyVisualizer.lua:17: Cannot find a library instance of \"AceGUI-3.0\".\nstack traceback:\n\t(string):1: in main chunk",
    "count": 1
  },
  {
    "message": "Lua Error: @/home/osso/.worktrees/wow-ui-sim-p510-page/data/patch-api/evidence/5.1.0-session-2026-10-08/addon-snapshot/Clicked/Config/KeyVisualizer.lua: Lua error: ...26-10-08/addon-snapshot/Clicked/Config/KeyVisualizer.lua:17: Cannot find a library instance of \"AceGUI-3.0\".\nstack traceback:\n\t(string):1: in main chunk\n[Interface/AddOns/Blizzard_ScriptErrors/Blizzard_ScriptErrors.lua]:59: in function 'GetErrorData'\n[Interface/AddOns/Blizzard_ScriptErrors/Blizzard_ScriptErrors.lua]:72: in function <[Interface/AddOns/Blizzard_ScriptErrors/Blizzard_ScriptErrors.lua]:71>",
    "count": 1
  },
  {
    "message": "@/home/osso/.worktrees/wow-ui-sim-p510-page/data/patch-api/evidence/5.1.0-session-2026-10-08/addon-snapshot/Clicked/Debug/StatusOutput.lua: Lua error: ...2026-10-08/addon-snapshot/Clicked/Debug/StatusOutput.lua:17: Cannot find a library instance of \"AceGUI-3.0\".\nstack traceback:\n\t(string):1: in main chunk",
    "count": 1
  },
  {
    "message": "Lua Error: @/home/osso/.worktrees/wow-ui-sim-p510-page/data/patch-api/evidence/5.1.0-session-2026-10-08/addon-snapshot/Clicked/Debug/StatusOutput.lua: Lua error: ...2026-10-08/addon-snapshot/Clicked/Debug/StatusOutput.lua:17: Cannot find a library instance of \"AceGUI-3.0\".\nstack traceback:\n\t(string):1: in main chunk\n[Interface/AddOns/Blizzard_ScriptErrors/Blizzard_ScriptErrors.lua]:59: in function 'GetErrorData'\n[Interface/AddOns/Blizzard_ScriptErrors/Blizzard_ScriptErrors.lua]:72: in function <[Interface/AddOns/Blizzard_ScriptErrors/Blizzard_ScriptErrors.lua]:71>",
    "count": 1
  },
  {
    "message": "IO error reading /home/osso/.worktrees/wow-ui-sim-p510-page/data/patch-api/evidence/5.1.0-session-2026-10-08/addon-snapshot/Clicked/BindingConfig/Tabs/Action.lua: No such file or directory (os error 2)\nstack traceback:\n\t(string):1: in main chunk",
    "count": 1
  },
  {
    "message": "Lua Error: IO error reading /home/osso/.worktrees/wow-ui-sim-p510-page/data/patch-api/evidence/5.1.0-session-2026-10-08/addon-snapshot/Clicked/BindingConfig/Tabs/Action.lua: No such file or directory (os error 2)\nstack traceback:\n\t(string):1: in main chunk\n[Interface/AddOns/Blizzard_ScriptErrors/Blizzard_ScriptErrors.lua]:59: in function 'GetErrorData'\n[Interface/AddOns/Blizzard_ScriptErrors/Blizzard_ScriptErrors.lua]:72: in function <[Interface/AddOns/Blizzard_ScriptErrors/Blizzard_ScriptErrors.lua]:71>",
    "count": 1
  },
  {
    "message": "@/home/osso/.worktrees/wow-ui-sim-p510-page/data/patch-api/evidence/5.1.0-session-2026-10-08/addon-snapshot/Clicked/BindingConfig/BindingConfig.lua: Lua error: ...8/addon-snapshot/Clicked/BindingConfig/BindingConfig.lua:31: Cannot find a library instance of \"AceGUI-3.0\".\nstack traceback:\n\t(string):1: in main chunk",
    "count": 1
  },
  {
    "message": "Lua Error: @/home/osso/.worktrees/wow-ui-sim-p510-page/data/patch-api/evidence/5.1.0-session-2026-10-08/addon-snapshot/Clicked/BindingConfig/BindingConfig.lua: Lua error: ...8/addon-snapshot/Clicked/BindingConfig/BindingConfig.lua:31: Cannot find a library instance of \"AceGUI-3.0\".\nstack traceback:\n\t(string):1: in main chunk\n[Interface/AddOns/Blizzard_ScriptErrors/Blizzard_ScriptErrors.lua]:59: in function 'GetErrorData'\n[Interface/AddOns/Blizzard_ScriptErrors/Blizzard_ScriptErrors.lua]:72: in function <[Interface/AddOns/Blizzard_ScriptErrors/Blizzard_ScriptErrors.lua]:71>",
    "count": 1
  },
  {
    "message": "Collectionator missing required TOC dependencies: Auctionator",
    "count": 1
  },
  {
    "message": "@/home/osso/.worktrees/wow-ui-sim-p510-page/data/patch-api/evidence/5.1.0-session-2026-10-08/addon-snapshot/CursorRing/Locales/enUS.lua: Lua error: ...on-2026-10-08/addon-snapshot/CursorRing/Locales/enUS.lua:2: attempt to call field 'NewLocale' (a nil value)\nstack traceback:\n\t(string):1: in main chunk",
    "count": 1
  },
  {
    "message": "Lua Error: @/home/osso/.worktrees/wow-ui-sim-p510-page/data/patch-api/evidence/5.1.0-session-2026-10-08/addon-snapshot/CursorRing/Locales/enUS.lua: Lua error: ...on-2026-10-08/addon-snapshot/CursorRing/Locales/enUS.lua:2: attempt to call field 'NewLocale' (a nil value)\nstack traceback:\n\t(string):1: in main chunk\n[Interface/AddOns/Blizzard_ScriptErrors/Blizzard_ScriptErrors.lua]:59: in function 'GetErrorData'\n[Interface/AddOns/Blizzard_ScriptErrors/Blizzard_ScriptErrors.lua]:72: in function <[Interface/AddOns/Blizzard_ScriptErrors/Blizzard_ScriptErrors.lua]:71>",
    "count": 1
  },
  {
    "message": "@/home/osso/.worktrees/wow-ui-sim-p510-page/data/patch-api/evidence/5.1.0-session-2026-10-08/addon-snapshot/CursorRing/Locales/deDE.lua: Lua error: ...on-2026-10-08/addon-snapshot/CursorRing/Locales/deDE.lua:2: attempt to call field 'NewLocale' (a nil value)\nstack traceback:\n\t(string):1: in main chunk",
    "count": 1
  },
  {
    "message": "Lua Error: @/home/osso/.worktrees/wow-ui-sim-p510-page/data/patch-api/evidence/5.1.0-session-2026-10-08/addon-snapshot/CursorRing/Locales/deDE.lua: Lua error: ...on-2026-10-08/addon-snapshot/CursorRing/Locales/deDE.lua:2: attempt to call field 'NewLocale' (a nil value)\nstack traceback:\n\t(string):1: in main chunk\n[Interface/AddOns/Blizzard_ScriptErrors/Blizzard_ScriptErrors.lua]:59: in function 'GetErrorData'\n[Interface/AddOns/Blizzard_ScriptErrors/Blizzard_ScriptErrors.lua]:72: in function <[Interface/AddOns/Blizzard_ScriptErrors/Blizzard_ScriptErrors.lua]:71>",
    "count": 1
  },
  {
    "message": "@/home/osso/.worktrees/wow-ui-sim-p510-page/data/patch-api/evidence/5.1.0-session-2026-10-08/addon-snapshot/CursorRing/Locales/zhCN.lua: Lua error: ...on-2026-10-08/addon-snapshot/CursorRing/Locales/zhCN.lua:2: attempt to call field 'NewLocale' (a nil value)\nstack traceback:\n\t(string):1: in main chunk",
    "count": 1
  },
  {
    "message": "Lua Error: @/home/osso/.worktrees/wow-ui-sim-p510-page/data/patch-api/evidence/5.1.0-session-2026-10-08/addon-snapshot/CursorRing/Locales/zhCN.lua: Lua error: ...on-2026-10-08/addon-snapshot/CursorRing/Locales/zhCN.lua:2: attempt to call field 'NewLocale' (a nil value)\nstack traceback:\n\t(string):1: in main chunk\n[Interface/AddOns/Blizzard_ScriptErrors/Blizzard_ScriptErrors.lua]:59: in function 'GetErrorData'\n[Interface/AddOns/Blizzard_ScriptErrors/Blizzard_ScriptErrors.lua]:72: in function <[Interface/AddOns/Blizzard_ScriptErrors/Blizzard_ScriptErrors.lua]:71>",
    "count": 1
  },
  {
    "message": "@/home/osso/.worktrees/wow-ui-sim-p510-page/data/patch-api/evidence/5.1.0-session-2026-10-08/addon-snapshot/CursorRing/Modules/Resources/Druid.lua: Lua error: ...08/addon-snapshot/CursorRing/Modules/Resources/Druid.lua:5: attempt to call field 'RegisterResourceModule' (a nil value)\nstack traceback:\n\t(string):1: in main chunk",
    "count": 1
  },
  {
    "message": "Lua Error: @/home/osso/.worktrees/wow-ui-sim-p510-page/data/patch-api/evidence/5.1.0-session-2026-10-08/addon-snapshot/CursorRing/Modules/Resources/Druid.lua: Lua error: ...08/addon-snapshot/CursorRing/Modules/Resources/Druid.lua:5: attempt to call field 'RegisterResourceModule' (a nil value)\nstack traceback:\n\t(string):1: in main chunk\n[Interface/AddOns/Blizzard_ScriptErrors/Blizzard_ScriptErrors.lua]:59: in function 'GetErrorData'\n[Interface/AddOns/Blizzard_ScriptErrors/Blizzard_ScriptErrors.lua]:72: in function <[Interface/AddOns/Blizzard_ScriptErrors/Blizzard_ScriptErrors.lua]:71>",
    "count": 1
  },
  {
    "message": "@/home/osso/.worktrees/wow-ui-sim-p510-page/data/patch-api/evidence/5.1.0-session-2026-10-08/addon-snapshot/CursorRing/Modules/Resources/Paladin.lua: Lua error: .../addon-snapshot/CursorRing/Modules/Resources/Paladin.lua:5: attempt to call field 'RegisterResourceModule' (a nil value)\nstack traceback:\n\t(string):1: in main chunk",
    "count": 1
  },
  {
    "message": "Lua Error: @/home/osso/.worktrees/wow-ui-sim-p510-page/data/patch-api/evidence/5.1.0-session-2026-10-08/addon-snapshot/CursorRing/Modules/Resources/Paladin.lua: Lua error: .../addon-snapshot/CursorRing/Modules/Resources/Paladin.lua:5: attempt to call field 'RegisterResourceModule' (a nil value)\nstack traceback:\n\t(string):1: in main chunk\n[Interface/AddOns/Blizzard_ScriptErrors/Blizzard_ScriptErrors.lua]:59: in function 'GetErrorData'\n[Interface/AddOns/Blizzard_ScriptErrors/Blizzard_ScriptErrors.lua]:72: in function <[Interface/AddOns/Blizzard_ScriptErrors/Blizzard_ScriptErrors.lua]:71>",
    "count": 1
  },
  {
    "message": "@/home/osso/.worktrees/wow-ui-sim-p510-page/data/patch-api/evidence/5.1.0-session-2026-10-08/addon-snapshot/CursorRing/Modules/Resources/Monk.lua: Lua error: ...-08/addon-snapshot/CursorRing/Modules/Resources/Monk.lua:5: attempt to call field 'RegisterResourceModule' (a nil value)\nstack traceback:\n\t(string):1: in main chunk",
    "count": 1
  },
  {
    "message": "Lua Error: @/home/osso/.worktrees/wow-ui-sim-p510-page/data/patch-api/evidence/5.1.0-session-2026-10-08/addon-snapshot/CursorRing/Modules/Resources/Monk.lua: Lua error: ...-08/addon-snapshot/CursorRing/Modules/Resources/Monk.lua:5: attempt to call field 'RegisterResourceModule' (a nil value)\nstack traceback:\n\t(string):1: in main chunk\n[Interface/AddOns/Blizzard_ScriptErrors/Blizzard_ScriptErrors.lua]:59: in function 'GetErrorData'\n[Interface/AddOns/Blizzard_ScriptErrors/Blizzard_ScriptErrors.lua]:72: in function <[Interface/AddOns/Blizzard_ScriptErrors/Blizzard_ScriptErrors.lua]:71>",
    "count": 1
  },
  {
    "message": "@/home/osso/.worktrees/wow-ui-sim-p510-page/data/patch-api/evidence/5.1.0-session-2026-10-08/addon-snapshot/CursorRing/Modules/Resources/Warlock.lua: Lua error: .../addon-snapshot/CursorRing/Modules/Resources/Warlock.lua:30: attempt to call field 'RegisterResourceModule' (a nil value)\nstack traceback:\n\t(string):1: in main chunk",
    "count": 1
  },
  {
    "message": "Lua Error: @/home/osso/.worktrees/wow-ui-sim-p510-page/data/patch-api/evidence/5.1.0-session-2026-10-08/addon-snapshot/CursorRing/Modules/Resources/Warlock.lua: Lua error: .../addon-snapshot/CursorRing/Modules/Resources/Warlock.lua:30: attempt to call field 'RegisterResourceModule' (a nil value)\nstack traceback:\n\t(string):1: in main chunk\n[Interface/AddOns/Blizzard_ScriptErrors/Blizzard_ScriptErrors.lua]:59: in function 'GetErrorData'\n[Interface/AddOns/Blizzard_ScriptErrors/Blizzard_ScriptErrors.lua]:72: in function <[Interface/AddOns/Blizzard_ScriptErrors/Blizzard_ScriptErrors.lua]:71>",
    "count": 1
  },
  {
    "message": "@/home/osso/.worktrees/wow-ui-sim-p510-page/data/patch-api/evidence/5.1.0-session-2026-10-08/addon-snapshot/CursorRing/Modules/Resources/Evoker.lua: Lua error: ...8/addon-snapshot/CursorRing/Modules/Resources/Evoker.lua:18: attempt to call field 'RegisterResourceModule' (a nil value)\nstack traceback:\n\t(string):1: in main chunk",
    "count": 1
  },
  {
    "message": "Lua Error: @/home/osso/.worktrees/wow-ui-sim-p510-page/data/patch-api/evidence/5.1.0-session-2026-10-08/addon-snapshot/CursorRing/Modules/Resources/Evoker.lua: Lua error: ...8/addon-snapshot/CursorRing/Modules/Resources/Evoker.lua:18: attempt to call field 'RegisterResourceModule' (a nil value)\nstack traceback:\n\t(string):1: in main chunk\n[Interface/AddOns/Blizzard_ScriptErrors/Blizzard_ScriptErrors.lua]:59: in function 'GetErrorData'\n[Interface/AddOns/Blizzard_ScriptErrors/Blizzard_ScriptErrors.lua]:72: in function <[Interface/AddOns/Blizzard_ScriptErrors/Blizzard_ScriptErrors.lua]:71>",
    "count": 1
  },
  {
    "message": "@/home/osso/.worktrees/wow-ui-sim-p510-page/data/patch-api/evidence/5.1.0-session-2026-10-08/addon-snapshot/DandersFrames/Core/AutoProfiles.lua: Lua error: ...10-08/addon-snapshot/DandersFrames/Core/AutoProfiles.lua:97: attempt to index upvalue 'L' (a nil value)\nstack traceback:\n\t(string):1: in main chunk",
    "count": 1
  },
  {
    "message": "Lua Error: @/home/osso/.worktrees/wow-ui-sim-p510-page/data/patch-api/evidence/5.1.0-session-2026-10-08/addon-snapshot/DandersFrames/Core/AutoProfiles.lua: Lua error: ...10-08/addon-snapshot/DandersFrames/Core/AutoProfiles.lua:97: attempt to index upvalue 'L' (a nil value)\nstack traceback:\n\t(string):1: in main chunk\n[Interface/AddOns/Blizzard_ScriptErrors/Blizzard_ScriptErrors.lua]:59: in function 'GetErrorData'\n[Interface/AddOns/Blizzard_ScriptErrors/Blizzard_ScriptErrors.lua]:72: in function <[Interface/AddOns/Blizzard_ScriptErrors/Blizzard_ScriptErrors.lua]:71>",
    "count": 1
  },
  {
    "message": "@/home/osso/.worktrees/wow-ui-sim-p510-page/data/patch-api/evidence/5.1.0-session-2026-10-08/addon-snapshot/DandersFrames/Frames/Headers.lua: Lua error: ...26-10-08/addon-snapshot/DandersFrames/Frames/Headers.lua:506: attempt to call method 'RegisterDebugSlash' (a nil value)\nstack traceback:\n\t(string):1: in main chunk",
    "count": 1
  },
  {
    "message": "Lua Error: @/home/osso/.worktrees/wow-ui-sim-p510-page/data/patch-api/evidence/5.1.0-session-2026-10-08/addon-snapshot/DandersFrames/Frames/Headers.lua: Lua error: ...26-10-08/addon-snapshot/DandersFrames/Frames/Headers.lua:506: attempt to call method 'RegisterDebugSlash' (a nil value)\nstack traceback:\n\t(string):1: in main chunk\n[Interface/AddOns/Blizzard_ScriptErrors/Blizzard_ScriptErrors.lua]:59: in function 'GetErrorData'\n[Interface/AddOns/Blizzard_ScriptErrors/Blizzard_ScriptErrors.lua]:72: in function <[Interface/AddOns/Blizzard_ScriptErrors/Blizzard_ScriptErrors.lua]:71>",
    "count": 1
  },
  {
    "message": "@/home/osso/.worktrees/wow-ui-sim-p510-page/data/patch-api/evidence/5.1.0-session-2026-10-08/addon-snapshot/DandersFrames/Frames/Position.lua: Lua error: ...6-10-08/addon-snapshot/DandersFrames/Frames/Position.lua:72: attempt to index local 'L' (a nil value)\nstack traceback:\n\t(string):1: in main chunk",
    "count": 1
  },
  {
    "message": "Lua Error: @/home/osso/.worktrees/wow-ui-sim-p510-page/data/patch-api/evidence/5.1.0-session-2026-10-08/addon-snapshot/DandersFrames/Frames/Position.lua: Lua error: ...6-10-08/addon-snapshot/DandersFrames/Frames/Position.lua:72: attempt to index local 'L' (a nil value)\nstack traceback:\n\t(string):1: in main chunk\n[Interface/AddOns/Blizzard_ScriptErrors/Blizzard_ScriptErrors.lua]:59: in function 'GetErrorData'\n[Interface/AddOns/Blizzard_ScriptErrors/Blizzard_ScriptErrors.lua]:72: in function <[Interface/AddOns/Blizzard_ScriptErrors/Blizzard_ScriptErrors.lua]:71>",
    "count": 1
  },
  {
    "message": "@/home/osso/.worktrees/wow-ui-sim-p510-page/data/patch-api/evidence/5.1.0-session-2026-10-08/addon-snapshot/DandersFrames/Features/Range.lua: Lua error: ...26-10-08/addon-snapshot/DandersFrames/Features/Range.lua:984: attempt to call method 'RegisterRosterUnitEvent' (a nil value)\nstack traceback:\n\t(string):1: in main chunk",
    "count": 1
  },
  {
    "message": "Lua Error: @/home/osso/.worktrees/wow-ui-sim-p510-page/data/patch-api/evidence/5.1.0-session-2026-10-08/addon-snapshot/DandersFrames/Features/Range.lua: Lua error: ...26-10-08/addon-snapshot/DandersFrames/Features/Range.lua:984: attempt to call method 'RegisterRosterUnitEvent' (a nil value)\nstack traceback:\n\t(string):1: in main chunk\n[Interface/AddOns/Blizzard_ScriptErrors/Blizzard_ScriptErrors.lua]:59: in function 'GetErrorData'\n[Interface/AddOns/Blizzard_ScriptErrors/Blizzard_ScriptErrors.lua]:72: in function <[Interface/AddOns/Blizzard_ScriptErrors/Blizzard_ScriptErrors.lua]:71>",
    "count": 1
  },
  {
    "message": "@/home/osso/.worktrees/wow-ui-sim-p510-page/data/patch-api/evidence/5.1.0-session-2026-10-08/addon-snapshot/DandersFrames/Features/Dispel.lua: Lua error: ...6-10-08/addon-snapshot/DandersFrames/Features/Dispel.lua:3133: attempt to call method 'RegisterDebugSlash' (a nil value)\nstack traceback:\n\t(string):1: in main chunk",
    "count": 1
  },
  {
    "message": "Lua Error: @/home/osso/.worktrees/wow-ui-sim-p510-page/data/patch-api/evidence/5.1.0-session-2026-10-08/addon-snapshot/DandersFrames/Features/Dispel.lua: Lua error: ...6-10-08/addon-snapshot/DandersFrames/Features/Dispel.lua:3133: attempt to call method 'RegisterDebugSlash' (a nil value)\nstack traceback:\n\t(string):1: in main chunk\n[Interface/AddOns/Blizzard_ScriptErrors/Blizzard_ScriptErrors.lua]:59: in function 'GetErrorData'\n[Interface/AddOns/Blizzard_ScriptErrors/Blizzard_ScriptErrors.lua]:72: in function <[Interface/AddOns/Blizzard_ScriptErrors/Blizzard_ScriptErrors.lua]:71>",
    "count": 1
  },
  {
    "message": "@/home/osso/.worktrees/wow-ui-sim-p510-page/data/patch-api/evidence/5.1.0-session-2026-10-08/addon-snapshot/DeModal/DeModal.lua: Lua error: ....0-session-2026-10-08/addon-snapshot/DeModal/DeModal.lua:9: attempt to call field 'LoadSlashCommands' (a nil value)\nstack traceback:\n\t(string):1: in main chunk",
    "count": 1
  },
  {
    "message": "Lua Error: @/home/osso/.worktrees/wow-ui-sim-p510-page/data/patch-api/evidence/5.1.0-session-2026-10-08/addon-snapshot/DeModal/DeModal.lua: Lua error: ....0-session-2026-10-08/addon-snapshot/DeModal/DeModal.lua:9: attempt to call field 'LoadSlashCommands' (a nil value)\nstack traceback:\n\t(string):1: in main chunk\n[Interface/AddOns/Blizzard_ScriptErrors/Blizzard_ScriptErrors.lua]:59: in function 'GetErrorData'\n[Interface/AddOns/Blizzard_ScriptErrors/Blizzard_ScriptErrors.lua]:72: in function <[Interface/AddOns/Blizzard_ScriptErrors/Blizzard_ScriptErrors.lua]:71>",
    "count": 1
  },
  {
    "message": "IO error reading /home/osso/.worktrees/wow-ui-sim-p510-page/data/patch-api/evidence/5.1.0-session-2026-10-08/addon-snapshot/Dejunk/src/addon.lua: No such file or directory (os error 2)\nstack traceback:\n\t(string):1: in main chunk",
    "count": 1
  },
  {
    "message": "Lua Error: IO error reading /home/osso/.worktrees/wow-ui-sim-p510-page/data/patch-api/evidence/5.1.0-session-2026-10-08/addon-snapshot/Dejunk/src/addon.lua: No such file or directory (os error 2)\nstack traceback:\n\t(string):1: in main chunk\n[Interface/AddOns/Blizzard_ScriptErrors/Blizzard_ScriptErrors.lua]:59: in function 'GetErrorData'\n[Interface/AddOns/Blizzard_ScriptErrors/Blizzard_ScriptErrors.lua]:72: in function <[Interface/AddOns/Blizzard_ScriptErrors/Blizzard_ScriptErrors.lua]:71>",
    "count": 1
  },
  {
    "message": "IO error reading /home/osso/.worktrees/wow-ui-sim-p510-page/data/patch-api/evidence/5.1.0-session-2026-10-08/addon-snapshot/DialogueUI/Code/Utility/FontUtil.lua: No such file or directory (os error 2)\nstack traceback:\n\t(string):1: in main chunk",
    "count": 1
  },
  {
    "message": "Lua Error: IO error reading /home/osso/.worktrees/wow-ui-sim-p510-page/data/patch-api/evidence/5.1.0-session-2026-10-08/addon-snapshot/DialogueUI/Code/Utility/FontUtil.lua: No such file or directory (os error 2)\nstack traceback:\n\t(string):1: in main chunk\n[Interface/AddOns/Blizzard_ScriptErrors/Blizzard_ScriptErrors.lua]:59: in function 'GetErrorData'\n[Interface/AddOns/Blizzard_ScriptErrors/Blizzard_ScriptErrors.lua]:72: in function <[Interface/AddOns/Blizzard_ScriptErrors/Blizzard_ScriptErrors.lua]:71>",
    "count": 1
  },
  {
    "message": "@/home/osso/.worktrees/wow-ui-sim-p510-page/data/patch-api/evidence/5.1.0-session-2026-10-08/addon-snapshot/DialogueUI/Code/Sound.lua: Lua error: ...sion-2026-10-08/addon-snapshot/DialogueUI/Code/Sound.lua:78: attempt to index field 'CallbackRegistry' (a nil value)\nstack traceback:\n\t(string):1: in main chunk",
    "count": 1
  },
  {
    "message": "Lua Error: @/home/osso/.worktrees/wow-ui-sim-p510-page/data/patch-api/evidence/5.1.0-session-2026-10-08/addon-snapshot/DialogueUI/Code/Sound.lua: Lua error: ...sion-2026-10-08/addon-snapshot/DialogueUI/Code/Sound.lua:78: attempt to index field 'CallbackRegistry' (a nil value)\nstack traceback:\n\t(string):1: in main chunk\n[Interface/AddOns/Blizzard_ScriptErrors/Blizzard_ScriptErrors.lua]:59: in function 'GetErrorData'\n[Interface/AddOns/Blizzard_ScriptErrors/Blizzard_ScriptErrors.lua]:72: in function <[Interface/AddOns/Blizzard_ScriptErrors/Blizzard_ScriptErrors.lua]:71>",
    "count": 1
  },
  {
    "message": "IO error reading /home/osso/.worktrees/wow-ui-sim-p510-page/data/patch-api/evidence/5.1.0-session-2026-10-08/addon-snapshot/DialogueUI/Code/Scroll/Scroll_Swipe.lua: No such file or directory (os error 2)\nstack traceback:\n\t(string):1: in main chunk",
    "count": 1
  },
  {
    "message": "Lua Error: IO error reading /home/osso/.worktrees/wow-ui-sim-p510-page/data/patch-api/evidence/5.1.0-session-2026-10-08/addon-snapshot/DialogueUI/Code/Scroll/Scroll_Swipe.lua: No such file or directory (os error 2)\nstack traceback:\n\t(string):1: in main chunk\n[Interface/AddOns/Blizzard_ScriptErrors/Blizzard_ScriptErrors.lua]:59: in function 'GetErrorData'\n[Interface/AddOns/Blizzard_ScriptErrors/Blizzard_ScriptErrors.lua]:72: in function <[Interface/AddOns/Blizzard_ScriptErrors/Blizzard_ScriptErrors.lua]:71>",
    "count": 1
  },
  {
    "message": "IO error reading /home/osso/.worktrees/wow-ui-sim-p510-page/data/patch-api/evidence/5.1.0-session-2026-10-08/addon-snapshot/DialogueUI/Code/Settings/Settings_Definitions.lua: No such file or directory (os error 2)\nstack traceback:\n\t(string):1: in main chunk",
    "count": 1
  },
  {
    "message": "Lua Error: IO error reading /home/osso/.worktrees/wow-ui-sim-p510-page/data/patch-api/evidence/5.1.0-session-2026-10-08/addon-snapshot/DialogueUI/Code/Settings/Settings_Definitions.lua: No such file or directory (os error 2)\nstack traceback:\n\t(string):1: in main chunk\n[Interface/AddOns/Blizzard_ScriptErrors/Blizzard_ScriptErrors.lua]:59: in function 'GetErrorData'\n[Interface/AddOns/Blizzard_ScriptErrors/Blizzard_ScriptErrors.lua]:72: in function <[Interface/AddOns/Blizzard_ScriptErrors/Blizzard_ScriptErrors.lua]:71>",
    "count": 1
  },
  {
    "message": "@/home/osso/.worktrees/wow-ui-sim-p510-page/data/patch-api/evidence/5.1.0-session-2026-10-08/addon-snapshot/DialogueUI/Code/NameplateGossip.lua: Lua error: ...10-08/addon-snapshot/DialogueUI/Code/NameplateGossip.lua:260: attempt to index field 'CallbackRegistry' (a nil value)\nstack traceback:\n\t(string):1: in main chunk",
    "count": 1
  },
  {
    "message": "Lua Error: @/home/osso/.worktrees/wow-ui-sim-p510-page/data/patch-api/evidence/5.1.0-session-2026-10-08/addon-snapshot/DialogueUI/Code/NameplateGossip.lua: Lua error: ...10-08/addon-snapshot/DialogueUI/Code/NameplateGossip.lua:260: attempt to index field 'CallbackRegistry' (a nil value)\nstack traceback:\n\t(string):1: in main chunk\n[Interface/AddOns/Blizzard_ScriptErrors/Blizzard_ScriptErrors.lua]:59: in function 'GetErrorData'\n[Interface/AddOns/Blizzard_ScriptErrors/Blizzard_ScriptErrors.lua]:72: in function <[Interface/AddOns/Blizzard_ScriptErrors/Blizzard_ScriptErrors.lua]:71>",
    "count": 1
  },
  {
    "message": "IO error reading /home/osso/.worktrees/wow-ui-sim-p510-page/data/patch-api/evidence/5.1.0-session-2026-10-08/addon-snapshot/DialogueUI/Code/Dialogue/Clipboard.lua: No such file or directory (os error 2)\nstack traceback:\n\t(string):1: in main chunk",
    "count": 1
  },
  {
    "message": "Lua Error: IO error reading /home/osso/.worktrees/wow-ui-sim-p510-page/data/patch-api/evidence/5.1.0-session-2026-10-08/addon-snapshot/DialogueUI/Code/Dialogue/Clipboard.lua: No such file or directory (os error 2)\nstack traceback:\n\t(string):1: in main chunk\n[Interface/AddOns/Blizzard_ScriptErrors/Blizzard_ScriptErrors.lua]:59: in function 'GetErrorData'\n[Interface/AddOns/Blizzard_ScriptErrors/Blizzard_ScriptErrors.lua]:72: in function <[Interface/AddOns/Blizzard_ScriptErrors/Blizzard_ScriptErrors.lua]:71>",
    "count": 1
  },
  {
    "message": "@/home/osso/.worktrees/wow-ui-sim-p510-page/data/patch-api/evidence/5.1.0-session-2026-10-08/addon-snapshot/DialogueUI/Code/Book/BookUI_Component.lua: Lua error: ...addon-snapshot/DialogueUI/Code/Book/BookUI_Component.lua:440: attempt to index field 'TooltipAPI' (a nil value)\nstack traceback:\n\t(string):1: in main chunk",
    "count": 1
  },
  {
    "message": "Lua Error: @/home/osso/.worktrees/wow-ui-sim-p510-page/data/patch-api/evidence/5.1.0-session-2026-10-08/addon-snapshot/DialogueUI/Code/Book/BookUI_Component.lua: Lua error: ...addon-snapshot/DialogueUI/Code/Book/BookUI_Component.lua:440: attempt to index field 'TooltipAPI' (a nil value)\nstack traceback:\n\t(string):1: in main chunk\n[Interface/AddOns/Blizzard_ScriptErrors/Blizzard_ScriptErrors.lua]:59: in function 'GetErrorData'\n[Interface/AddOns/Blizzard_ScriptErrors/Blizzard_ScriptErrors.lua]:72: in function <[Interface/AddOns/Blizzard_ScriptErrors/Blizzard_ScriptErrors.lua]:71>",
    "count": 1
  },
  {
    "message": "IO error reading /home/osso/.worktrees/wow-ui-sim-p510-page/data/patch-api/evidence/5.1.0-session-2026-10-08/addon-snapshot/DialogueUI/Code/Widget/WidgetManager.lua: No such file or directory (os error 2)\nstack traceback:\n\t(string):1: in main chunk",
    "count": 1
  },
  {
    "message": "Lua Error: IO error reading /home/osso/.worktrees/wow-ui-sim-p510-page/data/patch-api/evidence/5.1.0-session-2026-10-08/addon-snapshot/DialogueUI/Code/Widget/WidgetManager.lua: No such file or directory (os error 2)\nstack traceback:\n\t(string):1: in main chunk\n[Interface/AddOns/Blizzard_ScriptErrors/Blizzard_ScriptErrors.lua]:59: in function 'GetErrorData'\n[Interface/AddOns/Blizzard_ScriptErrors/Blizzard_ScriptErrors.lua]:72: in function <[Interface/AddOns/Blizzard_ScriptErrors/Blizzard_ScriptErrors.lua]:71>",
    "count": 1
  },
  {
    "message": "@/home/osso/.worktrees/wow-ui-sim-p510-page/data/patch-api/evidence/5.1.0-session-2026-10-08/addon-snapshot/DialogueUI/Code/Core.lua: Lua error: ...ssion-2026-10-08/addon-snapshot/DialogueUI/Code/Core.lua:74: attempt to call field 'AddCustomLinkType' (a nil value)\nstack traceback:\n\t(string):1: in main chunk",
    "count": 1
  },
  {
    "message": "Lua Error: @/home/osso/.worktrees/wow-ui-sim-p510-page/data/patch-api/evidence/5.1.0-session-2026-10-08/addon-snapshot/DialogueUI/Code/Core.lua: Lua error: ...ssion-2026-10-08/addon-snapshot/DialogueUI/Code/Core.lua:74: attempt to call field 'AddCustomLinkType' (a nil value)\nstack traceback:\n\t(string):1: in main chunk\n[Interface/AddOns/Blizzard_ScriptErrors/Blizzard_ScriptErrors.lua]:59: in function 'GetErrorData'\n[Interface/AddOns/Blizzard_ScriptErrors/Blizzard_ScriptErrors.lua]:72: in function <[Interface/AddOns/Blizzard_ScriptErrors/Blizzard_ScriptErrors.lua]:71>",
    "count": 1
  },
  {
    "message": "[OnEvent] frame=#48564 addon=DialogueUI source=@/home/osso/.worktrees/wow-ui-sim-p510-page/data/patch-api/evidence/5.1.0-session-2026-10-08/addon-snapshot/DialogueUI/Initialization.lua:204: ...-2026-10-08/addon-snapshot/DialogueUI/Initialization.lua:137: attempt to index field 'CallbackRegistry' (a nil value)\nstack traceback:\n\t(string):12: in function <(string):12>\n\t[C]: in function 'native_xpcall'\n\t(string):11: in function <(string):10>\n\t...-2026-10-08/addon-snapshot/DialogueUI/Initialization.lua:137: in function 'SetDBValue'\n\t...-2026-10-08/addon-snapshot/DialogueUI/Initialization.lua:177: in function 'LoadDatabase'\n\t...-2026-10-08/addon-snapshot/DialogueUI/Initialization.lua:209: in function <...-2026-10-08/addon-snapshot/DialogueUI/Initialization.lua:204>\n\t(tail call): ?\n\t(tail call): ?\n\t[C]: in function 'native_xpcall'\n\t(string):8: in function <(string):5>\n\t(tail call): ?",
    "count": 2
  },
  {
    "message": "Lua Error: [OnEvent] frame=#48564 addon=DialogueUI source=@/home/osso/.worktrees/wow-ui-sim-p510-page/data/patch-api/evidence/5.1.0-session-2026-10-08/addon-snapshot/DialogueUI/Initialization.lua:204: ...-2026-10-08/addon-snapshot/DialogueUI/Initialization.lua:137: attempt to index field 'CallbackRegistry' (a nil value)\nstack traceback:\n\t(string):12: in function <(string):12>\n\t[C]: in function 'native_xpcall'\n\t(string):11: in function <(string):10>\n\t...-2026-10-08/addon-snapshot/DialogueUI/Initialization.lua:137: in function 'SetDBValue'\n\t...-2026-10-08/addon-snapshot/DialogueUI/Initialization.lua:177: in function 'LoadDatabase'\n\t...-2026-10-08/addon-snapshot/DialogueUI/Initialization.lua:209: in function <...-2026-10-08/addon-snapshot/DialogueUI/Initialization.lua:204>\n\t(tail call): ?\n\t(tail call): ?\n\t[C]: in function 'native_xpcall'\n\t(string):8: in function <(string):5>\n\t(tail call): ?\n[Interface/AddOns/Blizzard_ScriptErrors/Blizzard_ScriptErrors.lua]:59: in function 'GetErrorData'\n[Interface/AddOns/Blizzard_ScriptErrors/Blizzard_ScriptErrors.lua]:72: in function <[Interface/AddOns/Blizzard_ScriptErrors/Blizzard_ScriptErrors.lua]:71>",
    "count": 2
  },
  {
    "message": "EXBOSS-LocaleBase missing required TOC dependencies: ExwindCore, EXBossData",
    "count": 1
  },
  {
    "message": "@Interface/AddOns/EllesmereUI/EllesmereUI_PartyMode.lua: Lua error: Interface/AddOns/EllesmereUI/EllesmereUI_PartyMode.lua:399: attempt to call method 'RegisterOnShow' (a nil value)\nstack traceback:\n\t(string):1: in main chunk",
    "count": 1
  },
  {
    "message": "Lua Error: @Interface/AddOns/EllesmereUI/EllesmereUI_PartyMode.lua: Lua error: Interface/AddOns/EllesmereUI/EllesmereUI_PartyMode.lua:399: attempt to call method 'RegisterOnShow' (a nil value)\nstack traceback:\n\t(string):1: in main chunk\n[Interface/AddOns/Blizzard_ScriptErrors/Blizzard_ScriptErrors.lua]:59: in function 'GetErrorData'\n[Interface/AddOns/Blizzard_ScriptErrors/Blizzard_ScriptErrors.lua]:72: in function <[Interface/AddOns/Blizzard_ScriptErrors/Blizzard_ScriptErrors.lua]:71>",
    "count": 1
  },
  {
    "message": "IO error reading /home/osso/.worktrees/wow-ui-sim-p510-page/data/patch-api/evidence/5.1.0-session-2026-10-08/addon-snapshot/EnhanceQoL/libs/AceLocale-3.0/AceLocale-3.0.lua: No such file or directory (os error 2)\nstack traceback:\n\t(string):1: in main chunk",
    "count": 1
  },
  {
    "message": "Lua Error: IO error reading /home/osso/.worktrees/wow-ui-sim-p510-page/data/patch-api/evidence/5.1.0-session-2026-10-08/addon-snapshot/EnhanceQoL/libs/AceLocale-3.0/AceLocale-3.0.lua: No such file or directory (os error 2)\nstack traceback:\n\t(string):1: in main chunk\n[Interface/AddOns/Blizzard_ScriptErrors/Blizzard_ScriptErrors.lua]:59: in function 'GetErrorData'\n[Interface/AddOns/Blizzard_ScriptErrors/Blizzard_ScriptErrors.lua]:72: in function <[Interface/AddOns/Blizzard_ScriptErrors/Blizzard_ScriptErrors.lua]:71>",
    "count": 1
  },
  {
    "message": "@/home/osso/.worktrees/wow-ui-sim-p510-page/data/patch-api/evidence/5.1.0-session-2026-10-08/addon-snapshot/EnhanceQoL/Init.lua: Lua error: ....0-session-2026-10-08/addon-snapshot/EnhanceQoL/Init.lua:70: Cannot find a library instance of \"AceLocale-3.0\".\nstack traceback:\n\t(string):1: in main chunk",
    "count": 1
  },
  {
    "message": "Lua Error: @/home/osso/.worktrees/wow-ui-sim-p510-page/data/patch-api/evidence/5.1.0-session-2026-10-08/addon-snapshot/EnhanceQoL/Init.lua: Lua error: ....0-session-2026-10-08/addon-snapshot/EnhanceQoL/Init.lua:70: Cannot find a library instance of \"AceLocale-3.0\".\nstack traceback:\n\t(string):1: in main chunk\n[Interface/AddOns/Blizzard_ScriptErrors/Blizzard_ScriptErrors.lua]:59: in function 'GetErrorData'\n[Interface/AddOns/Blizzard_ScriptErrors/Blizzard_ScriptErrors.lua]:72: in function <[Interface/AddOns/Blizzard_ScriptErrors/Blizzard_ScriptErrors.lua]:71>",
    "count": 1
  },
  {
    "message": "IO error reading /home/osso/.worktrees/wow-ui-sim-p510-page/data/patch-api/evidence/5.1.0-session-2026-10-08/addon-snapshot/EnhanceQoL/libs/LibDeflate/LibDeflate.lua: No such file or directory (os error 2)\nstack traceback:\n\t(string):1: in main chunk",
    "count": 1
  },
  {
    "message": "Lua Error: IO error reading /home/osso/.worktrees/wow-ui-sim-p510-page/data/patch-api/evidence/5.1.0-session-2026-10-08/addon-snapshot/EnhanceQoL/libs/LibDeflate/LibDeflate.lua: No such file or directory (os error 2)\nstack traceback:\n\t(string):1: in main chunk\n[Interface/AddOns/Blizzard_ScriptErrors/Blizzard_ScriptErrors.lua]:59: in function 'GetErrorData'\n[Interface/AddOns/Blizzard_ScriptErrors/Blizzard_ScriptErrors.lua]:72: in function <[Interface/AddOns/Blizzard_ScriptErrors/Blizzard_ScriptErrors.lua]:71>",
    "count": 1
  },
  {
    "message": "IO error reading /home/osso/.worktrees/wow-ui-sim-p510-page/data/patch-api/evidence/5.1.0-session-2026-10-08/addon-snapshot/EnhanceQoL/libs/LibSettingsDesigner/LibSettingsDesignerUI.lua: No such file or directory (os error 2)\nstack traceback:\n\t(string):1: in main chunk",
    "count": 1
  },
  {
    "message": "Lua Error: IO error reading /home/osso/.worktrees/wow-ui-sim-p510-page/data/patch-api/evidence/5.1.0-session-2026-10-08/addon-snapshot/EnhanceQoL/libs/LibSettingsDesigner/LibSettingsDesignerUI.lua: No such file or directory (os error 2)\nstack traceback:\n\t(string):1: in main chunk\n[Interface/AddOns/Blizzard_ScriptErrors/Blizzard_ScriptErrors.lua]:59: in function 'GetErrorData'\n[Interface/AddOns/Blizzard_ScriptErrors/Blizzard_ScriptErrors.lua]:72: in function <[Interface/AddOns/Blizzard_ScriptErrors/Blizzard_ScriptErrors.lua]:71>",
    "count": 1
  },
  {
    "message": "@/home/osso/.worktrees/wow-ui-sim-p510-page/data/patch-api/evidence/5.1.0-session-2026-10-08/addon-snapshot/EnhanceQoL/Core/EditMode.lua: Lua error: EnhanceQoL Edit Mode integration is not loaded\nstack traceback:\n\t(string):1: in main chunk",
    "count": 1
  },
  {
    "message": "Lua Error: @/home/osso/.worktrees/wow-ui-sim-p510-page/data/patch-api/evidence/5.1.0-session-2026-10-08/addon-snapshot/EnhanceQoL/Core/EditMode.lua: Lua error: EnhanceQoL Edit Mode integration is not loaded\nstack traceback:\n\t(string):1: in main chunk\n[Interface/AddOns/Blizzard_ScriptErrors/Blizzard_ScriptErrors.lua]:59: in function 'GetErrorData'\n[Interface/AddOns/Blizzard_ScriptErrors/Blizzard_ScriptErrors.lua]:72: in function <[Interface/AddOns/Blizzard_ScriptErrors/Blizzard_ScriptErrors.lua]:71>",
    "count": 1
  },
  {
    "message": "@/home/osso/.worktrees/wow-ui-sim-p510-page/data/patch-api/evidence/5.1.0-session-2026-10-08/addon-snapshot/EnhanceQoL/Core/SharedAnchors.lua: Lua error: ...6-10-08/addon-snapshot/EnhanceQoL/Core/SharedAnchors.lua:14: Cannot find a library instance of \"AceLocale-3.0\".\nstack traceback:\n\t(string):1: in main chunk",
    "count": 1
  },
  {
    "message": "Lua Error: @/home/osso/.worktrees/wow-ui-sim-p510-page/data/patch-api/evidence/5.1.0-session-2026-10-08/addon-snapshot/EnhanceQoL/Core/SharedAnchors.lua: Lua error: ...6-10-08/addon-snapshot/EnhanceQoL/Core/SharedAnchors.lua:14: Cannot find a library instance of \"AceLocale-3.0\".\nstack traceback:\n\t(string):1: in main chunk\n[Interface/AddOns/Blizzard_ScriptErrors/Blizzard_ScriptErrors.lua]:59: in function 'GetErrorData'\n[Interface/AddOns/Blizzard_ScriptErrors/Blizzard_ScriptErrors.lua]:72: in function <[Interface/AddOns/Blizzard_ScriptErrors/Blizzard_ScriptErrors.lua]:71>",
    "count": 1
  },
  {
    "message": "@/home/osso/.worktrees/wow-ui-sim-p510-page/data/patch-api/evidence/5.1.0-session-2026-10-08/addon-snapshot/EnhanceQoL/Core/EditModeAnchors.lua: Lua error: ...10-08/addon-snapshot/EnhanceQoL/Core/EditModeAnchors.lua:8: Cannot find a library instance of \"AceLocale-3.0\".\nstack traceback:\n\t(string):1: in main chunk",
    "count": 1
  },
  {
    "message": "Lua Error: @/home/osso/.worktrees/wow-ui-sim-p510-page/data/patch-api/evidence/5.1.0-session-2026-10-08/addon-snapshot/EnhanceQoL/Core/EditModeAnchors.lua: Lua error: ...10-08/addon-snapshot/EnhanceQoL/Core/EditModeAnchors.lua:8: Cannot find a library instance of \"AceLocale-3.0\".\nstack traceback:\n\t(string):1: in main chunk\n[Interface/AddOns/Blizzard_ScriptErrors/Blizzard_ScriptErrors.lua]:59: in function 'GetErrorData'\n[Interface/AddOns/Blizzard_ScriptErrors/Blizzard_ScriptErrors.lua]:72: in function <[Interface/AddOns/Blizzard_ScriptErrors/Blizzard_ScriptErrors.lua]:71>",
    "count": 1
  },
  {
    "message": "@/home/osso/.worktrees/wow-ui-sim-p510-page/data/patch-api/evidence/5.1.0-session-2026-10-08/addon-snapshot/EnhanceQoL/Core/EditModeAnchorUI.lua: Lua error: ...0-08/addon-snapshot/EnhanceQoL/Core/EditModeAnchorUI.lua:6: Cannot find a library instance of \"AceLocale-3.0\".\nstack traceback:\n\t(string):1: in main chunk",
    "count": 1
  },
  {
    "message": "Lua Error: @/home/osso/.worktrees/wow-ui-sim-p510-page/data/patch-api/evidence/5.1.0-session-2026-10-08/addon-snapshot/EnhanceQoL/Core/EditModeAnchorUI.lua: Lua error: ...0-08/addon-snapshot/EnhanceQoL/Core/EditModeAnchorUI.lua:6: Cannot find a library instance of \"AceLocale-3.0\".\nstack traceback:\n\t(string):1: in main chunk\n[Interface/AddOns/Blizzard_ScriptErrors/Blizzard_ScriptErrors.lua]:59: in function 'GetErrorData'\n[Interface/AddOns/Blizzard_ScriptErrors/Blizzard_ScriptErrors.lua]:72: in function <[Interface/AddOns/Blizzard_ScriptErrors/Blizzard_ScriptErrors.lua]:71>",
    "count": 1
  },
  {
    "message": "@/home/osso/.worktrees/wow-ui-sim-p510-page/data/patch-api/evidence/5.1.0-session-2026-10-08/addon-snapshot/EnhanceQoL/Core/Streams/Stream_Currency.lua: Lua error: ...don-snapshot/EnhanceQoL/Core/Streams/Stream_Currency.lua:18: attempt to index local 'L' (a nil value)\nstack traceback:\n\t(string):1: in main chunk",
    "count": 1
  },
  {
    "message": "Lua Error: @/home/osso/.worktrees/wow-ui-sim-p510-page/data/patch-api/evidence/5.1.0-session-2026-10-08/addon-snapshot/EnhanceQoL/Core/Streams/Stream_Currency.lua: Lua error: ...don-snapshot/EnhanceQoL/Core/Streams/Stream_Currency.lua:18: attempt to index local 'L' (a nil value)\nstack traceback:\n\t(string):1: in main chunk\n[Interface/AddOns/Blizzard_ScriptErrors/Blizzard_ScriptErrors.lua]:59: in function 'GetErrorData'\n[Interface/AddOns/Blizzard_ScriptErrors/Blizzard_ScriptErrors.lua]:72: in function <[Interface/AddOns/Blizzard_ScriptErrors/Blizzard_ScriptErrors.lua]:71>",
    "count": 1
  },
  {
    "message": "@/home/osso/.worktrees/wow-ui-sim-p510-page/data/patch-api/evidence/5.1.0-session-2026-10-08/addon-snapshot/EnhanceQoL/Submodules/GemHelper.lua: Lua error: ...10-08/addon-snapshot/EnhanceQoL/Submodules/GemHelper.lua:3: Cannot find a library instance of \"AceLocale-3.0\".\nstack traceback:\n\t(string):1: in main chunk",
    "count": 1
  },
  {
    "message": "Lua Error: @/home/osso/.worktrees/wow-ui-sim-p510-page/data/patch-api/evidence/5.1.0-session-2026-10-08/addon-snapshot/EnhanceQoL/Submodules/GemHelper.lua: Lua error: ...10-08/addon-snapshot/EnhanceQoL/Submodules/GemHelper.lua:3: Cannot find a library instance of \"AceLocale-3.0\".\nstack traceback:\n\t(string):1: in main chunk\n[Interface/AddOns/Blizzard_ScriptErrors/Blizzard_ScriptErrors.lua]:59: in function 'GetErrorData'\n[Interface/AddOns/Blizzard_ScriptErrors/Blizzard_ScriptErrors.lua]:72: in function <[Interface/AddOns/Blizzard_ScriptErrors/Blizzard_ScriptErrors.lua]:71>",
    "count": 1
  },
  {
    "message": "@/home/osso/.worktrees/wow-ui-sim-p510-page/data/patch-api/evidence/5.1.0-session-2026-10-08/addon-snapshot/EnhanceQoL/Submodules/MountActions.lua: Lua error: ...08/addon-snapshot/EnhanceQoL/Submodules/MountActions.lua:9: Cannot find a library instance of \"AceLocale-3.0\".\nstack traceback:\n\t(string):1: in main chunk",
    "count": 1
  },
  {
    "message": "Lua Error: @/home/osso/.worktrees/wow-ui-sim-p510-page/data/patch-api/evidence/5.1.0-session-2026-10-08/addon-snapshot/EnhanceQoL/Submodules/MountActions.lua: Lua error: ...08/addon-snapshot/EnhanceQoL/Submodules/MountActions.lua:9: Cannot find a library instance of \"AceLocale-3.0\".\nstack traceback:\n\t(string):1: in main chunk\n[Interface/AddOns/Blizzard_ScriptErrors/Blizzard_ScriptErrors.lua]:59: in function 'GetErrorData'\n[Interface/AddOns/Blizzard_ScriptErrors/Blizzard_ScriptErrors.lua]:72: in function <[Interface/AddOns/Blizzard_ScriptErrors/Blizzard_ScriptErrors.lua]:71>",
    "count": 1
  },
  {
    "message": "@/home/osso/.worktrees/wow-ui-sim-p510-page/data/patch-api/evidence/5.1.0-session-2026-10-08/addon-snapshot/EnhanceQoL/Submodules/ActionTracker.lua: Lua error: ...8/addon-snapshot/EnhanceQoL/Submodules/ActionTracker.lua:13: Cannot find a library instance of \"AceLocale-3.0\".\nstack traceback:\n\t(string):1: in main chunk",
    "count": 1
  },
  {
    "message": "Lua Error: @/home/osso/.worktrees/wow-ui-sim-p510-page/data/patch-api/evidence/5.1.0-session-2026-10-08/addon-snapshot/EnhanceQoL/Submodules/ActionTracker.lua: Lua error: ...8/addon-snapshot/EnhanceQoL/Submodules/ActionTracker.lua:13: Cannot find a library instance of \"AceLocale-3.0\".\nstack traceback:\n\t(string):1: in main chunk\n[Interface/AddOns/Blizzard_ScriptErrors/Blizzard_ScriptErrors.lua]:59: in function 'GetErrorData'\n[Interface/AddOns/Blizzard_ScriptErrors/Blizzard_ScriptErrors.lua]:72: in function <[Interface/AddOns/Blizzard_ScriptErrors/Blizzard_ScriptErrors.lua]:71>",
    "count": 1
  },
  {
    "message": "@/home/osso/.worktrees/wow-ui-sim-p510-page/data/patch-api/evidence/5.1.0-session-2026-10-08/addon-snapshot/EnhanceQoL/Submodules/GroupTools.lua: Lua error: ...0-08/addon-snapshot/EnhanceQoL/Submodules/GroupTools.lua:14: Cannot find a library instance of \"AceLocale-3.0\".\nstack traceback:\n\t(string):1: in main chunk",
    "count": 1
  },
  {
    "message": "Lua Error: @/home/osso/.worktrees/wow-ui-sim-p510-page/data/patch-api/evidence/5.1.0-session-2026-10-08/addon-snapshot/EnhanceQoL/Submodules/GroupTools.lua: Lua error: ...0-08/addon-snapshot/EnhanceQoL/Submodules/GroupTools.lua:14: Cannot find a library instance of \"AceLocale-3.0\".\nstack traceback:\n\t(string):1: in main chunk\n[Interface/AddOns/Blizzard_ScriptErrors/Blizzard_ScriptErrors.lua]:59: in function 'GetErrorData'\n[Interface/AddOns/Blizzard_ScriptErrors/Blizzard_ScriptErrors.lua]:72: in function <[Interface/AddOns/Blizzard_ScriptErrors/Blizzard_ScriptErrors.lua]:71>",
    "count": 1
  },
  {
    "message": "IO error reading /home/osso/.worktrees/wow-ui-sim-p510-page/data/patch-api/evidence/5.1.0-session-2026-10-08/addon-snapshot/EnhanceQoL/Settings/SettingsUI.lua: No such file or directory (os error 2)\nstack traceback:\n\t(string):1: in main chunk",
    "count": 1
  },
  {
    "message": "Lua Error: IO error reading /home/osso/.worktrees/wow-ui-sim-p510-page/data/patch-api/evidence/5.1.0-session-2026-10-08/addon-snapshot/EnhanceQoL/Settings/SettingsUI.lua: No such file or directory (os error 2)\nstack traceback:\n\t(string):1: in main chunk\n[Interface/AddOns/Blizzard_ScriptErrors/Blizzard_ScriptErrors.lua]:59: in function 'GetErrorData'\n[Interface/AddOns/Blizzard_ScriptErrors/Blizzard_ScriptErrors.lua]:72: in function <[Interface/AddOns/Blizzard_ScriptErrors/Blizzard_ScriptErrors.lua]:71>",
    "count": 1
  },
  {
    "message": "@/home/osso/.worktrees/wow-ui-sim-p510-page/data/patch-api/evidence/5.1.0-session-2026-10-08/addon-snapshot/EnhanceQoL/Modules/Mouse/Mouse.lua: Lua error: ...-10-08/addon-snapshot/EnhanceQoL/Modules/Mouse/Mouse.lua:10: Cannot find a library instance of \"AceLocale-3.0\".\nstack traceback:\n\t(string):1: in main chunk",
    "count": 1
  },
  {
    "message": "Lua Error: @/home/osso/.worktrees/wow-ui-sim-p510-page/data/patch-api/evidence/5.1.0-session-2026-10-08/addon-snapshot/EnhanceQoL/Modules/Mouse/Mouse.lua: Lua error: ...-10-08/addon-snapshot/EnhanceQoL/Modules/Mouse/Mouse.lua:10: Cannot find a library instance of \"AceLocale-3.0\".\nstack traceback:\n\t(string):1: in main chunk\n[Interface/AddOns/Blizzard_ScriptErrors/Blizzard_ScriptErrors.lua]:59: in function 'GetErrorData'\n[Interface/AddOns/Blizzard_ScriptErrors/Blizzard_ScriptErrors.lua]:72: in function <[Interface/AddOns/Blizzard_ScriptErrors/Blizzard_ScriptErrors.lua]:71>",
    "count": 1
  },
  {
    "message": "IO error reading /home/osso/.worktrees/wow-ui-sim-p510-page/data/patch-api/evidence/5.1.0-session-2026-10-08/addon-snapshot/EnhanceQoL/Modules/Food/Drinks.lua: No such file or directory (os error 2)\nstack traceback:\n\t(string):1: in main chunk",
    "count": 1
  },
  {
    "message": "Lua Error: IO error reading /home/osso/.worktrees/wow-ui-sim-p510-page/data/patch-api/evidence/5.1.0-session-2026-10-08/addon-snapshot/EnhanceQoL/Modules/Food/Drinks.lua: No such file or directory (os error 2)\nstack traceback:\n\t(string):1: in main chunk\n[Interface/AddOns/Blizzard_ScriptErrors/Blizzard_ScriptErrors.lua]:59: in function 'GetErrorData'\n[Interface/AddOns/Blizzard_ScriptErrors/Blizzard_ScriptErrors.lua]:72: in function <[Interface/AddOns/Blizzard_ScriptErrors/Blizzard_ScriptErrors.lua]:71>",
    "count": 1
  },
  {
    "message": "@/home/osso/.worktrees/wow-ui-sim-p510-page/data/patch-api/evidence/5.1.0-session-2026-10-08/addon-snapshot/InTime/InTime_UI.lua: Lua error: ...0-session-2026-10-08/addon-snapshot/InTime/InTime_UI.lua:131: attempt to index local 'L' (a nil value)\nstack traceback:\n\t(string):1: in main chunk",
    "count": 1
  },
  {
    "message": "Lua Error: @/home/osso/.worktrees/wow-ui-sim-p510-page/data/patch-api/evidence/5.1.0-session-2026-10-08/addon-snapshot/InTime/InTime_UI.lua: Lua error: ...0-session-2026-10-08/addon-snapshot/InTime/InTime_UI.lua:131: attempt to index local 'L' (a nil value)\nstack traceback:\n\t(string):1: in main chunk\n[Interface/AddOns/Blizzard_ScriptErrors/Blizzard_ScriptErrors.lua]:59: in function 'GetErrorData'\n[Interface/AddOns/Blizzard_ScriptErrors/Blizzard_ScriptErrors.lua]:72: in function <[Interface/AddOns/Blizzard_ScriptErrors/Blizzard_ScriptErrors.lua]:71>",
    "count": 1
  },
  {
    "message": "@/home/osso/.worktrees/wow-ui-sim-p510-page/data/patch-api/evidence/5.1.0-session-2026-10-08/addon-snapshot/InTime/InTime_Core.lua: Lua error: ...session-2026-10-08/addon-snapshot/InTime/InTime_Core.lua:20: attempt to index local 'L' (a nil value)\nstack traceback:\n\t(string):1: in main chunk",
    "count": 1
  },
  {
    "message": "Lua Error: @/home/osso/.worktrees/wow-ui-sim-p510-page/data/patch-api/evidence/5.1.0-session-2026-10-08/addon-snapshot/InTime/InTime_Core.lua: Lua error: ...session-2026-10-08/addon-snapshot/InTime/InTime_Core.lua:20: attempt to index local 'L' (a nil value)\nstack traceback:\n\t(string):1: in main chunk\n[Interface/AddOns/Blizzard_ScriptErrors/Blizzard_ScriptErrors.lua]:59: in function 'GetErrorData'\n[Interface/AddOns/Blizzard_ScriptErrors/Blizzard_ScriptErrors.lua]:72: in function <[Interface/AddOns/Blizzard_ScriptErrors/Blizzard_ScriptErrors.lua]:71>",
    "count": 1
  },
  {
    "message": "@/home/osso/.worktrees/wow-ui-sim-p510-page/data/patch-api/evidence/5.1.0-session-2026-10-08/addon-snapshot/ItemVersion/Locales/enUS.lua: Lua error: ...n-2026-10-08/addon-snapshot/ItemVersion/Locales/enUS.lua:6: Cannot find a library instance of \"AceLocale-3.0\".\nstack traceback:\n\t(string):1: in main chunk",
    "count": 1
  },
  {
    "message": "Lua Error: @/home/osso/.worktrees/wow-ui-sim-p510-page/data/patch-api/evidence/5.1.0-session-2026-10-08/addon-snapshot/ItemVersion/Locales/enUS.lua: Lua error: ...n-2026-10-08/addon-snapshot/ItemVersion/Locales/enUS.lua:6: Cannot find a library instance of \"AceLocale-3.0\".\nstack traceback:\n\t(string):1: in main chunk\n[Interface/AddOns/Blizzard_ScriptErrors/Blizzard_ScriptErrors.lua]:59: in function 'GetErrorData'\n[Interface/AddOns/Blizzard_ScriptErrors/Blizzard_ScriptErrors.lua]:72: in function <[Interface/AddOns/Blizzard_ScriptErrors/Blizzard_ScriptErrors.lua]:71>",
    "count": 1
  },
  {
    "message": "@/home/osso/.worktrees/wow-ui-sim-p510-page/data/patch-api/evidence/5.1.0-session-2026-10-08/addon-snapshot/ItemVersion/Locales/zhCN.lua: Lua error: ...n-2026-10-08/addon-snapshot/ItemVersion/Locales/zhCN.lua:6: Cannot find a library instance of \"AceLocale-3.0\".\nstack traceback:\n\t(string):1: in main chunk",
    "count": 1
  },
  {
    "message": "Lua Error: @/home/osso/.worktrees/wow-ui-sim-p510-page/data/patch-api/evidence/5.1.0-session-2026-10-08/addon-snapshot/ItemVersion/Locales/zhCN.lua: Lua error: ...n-2026-10-08/addon-snapshot/ItemVersion/Locales/zhCN.lua:6: Cannot find a library instance of \"AceLocale-3.0\".\nstack traceback:\n\t(string):1: in main chunk\n[Interface/AddOns/Blizzard_ScriptErrors/Blizzard_ScriptErrors.lua]:59: in function 'GetErrorData'\n[Interface/AddOns/Blizzard_ScriptErrors/Blizzard_ScriptErrors.lua]:72: in function <[Interface/AddOns/Blizzard_ScriptErrors/Blizzard_ScriptErrors.lua]:71>",
    "count": 1
  },
  {
    "message": "@/home/osso/.worktrees/wow-ui-sim-p510-page/data/patch-api/evidence/5.1.0-session-2026-10-08/addon-snapshot/ItemVersion/Profile.lua: Lua error: ...ession-2026-10-08/addon-snapshot/ItemVersion/Profile.lua:3: Cannot find a library instance of \"AceLocale-3.0\".\nstack traceback:\n\t(string):1: in main chunk",
    "count": 1
  },
  {
    "message": "Lua Error: @/home/osso/.worktrees/wow-ui-sim-p510-page/data/patch-api/evidence/5.1.0-session-2026-10-08/addon-snapshot/ItemVersion/Profile.lua: Lua error: ...ession-2026-10-08/addon-snapshot/ItemVersion/Profile.lua:3: Cannot find a library instance of \"AceLocale-3.0\".\nstack traceback:\n\t(string):1: in main chunk\n[Interface/AddOns/Blizzard_ScriptErrors/Blizzard_ScriptErrors.lua]:59: in function 'GetErrorData'\n[Interface/AddOns/Blizzard_ScriptErrors/Blizzard_ScriptErrors.lua]:72: in function <[Interface/AddOns/Blizzard_ScriptErrors/Blizzard_ScriptErrors.lua]:71>",
    "count": 1
  },
  {
    "message": "@/home/osso/.worktrees/wow-ui-sim-p510-page/data/patch-api/evidence/5.1.0-session-2026-10-08/addon-snapshot/ItemVersion/Expansion.lua: Lua error: ...sion-2026-10-08/addon-snapshot/ItemVersion/Expansion.lua:3: Cannot find a library instance of \"AceLocale-3.0\".\nstack traceback:\n\t(string):1: in main chunk",
    "count": 1
  },
  {
    "message": "Lua Error: @/home/osso/.worktrees/wow-ui-sim-p510-page/data/patch-api/evidence/5.1.0-session-2026-10-08/addon-snapshot/ItemVersion/Expansion.lua: Lua error: ...sion-2026-10-08/addon-snapshot/ItemVersion/Expansion.lua:3: Cannot find a library instance of \"AceLocale-3.0\".\nstack traceback:\n\t(string):1: in main chunk\n[Interface/AddOns/Blizzard_ScriptErrors/Blizzard_ScriptErrors.lua]:59: in function 'GetErrorData'\n[Interface/AddOns/Blizzard_ScriptErrors/Blizzard_ScriptErrors.lua]:72: in function <[Interface/AddOns/Blizzard_ScriptErrors/Blizzard_ScriptErrors.lua]:71>",
    "count": 1
  },
  {
    "message": "@/home/osso/.worktrees/wow-ui-sim-p510-page/data/patch-api/evidence/5.1.0-session-2026-10-08/addon-snapshot/ItemVersion/Options.lua: Lua error: ...ession-2026-10-08/addon-snapshot/ItemVersion/Options.lua:3: Cannot find a library instance of \"AceLocale-3.0\".\nstack traceback:\n\t(string):1: in main chunk",
    "count": 1
  },
  {
    "message": "Lua Error: @/home/osso/.worktrees/wow-ui-sim-p510-page/data/patch-api/evidence/5.1.0-session-2026-10-08/addon-snapshot/ItemVersion/Options.lua: Lua error: ...ession-2026-10-08/addon-snapshot/ItemVersion/Options.lua:3: Cannot find a library instance of \"AceLocale-3.0\".\nstack traceback:\n\t(string):1: in main chunk\n[Interface/AddOns/Blizzard_ScriptErrors/Blizzard_ScriptErrors.lua]:59: in function 'GetErrorData'\n[Interface/AddOns/Blizzard_ScriptErrors/Blizzard_ScriptErrors.lua]:72: in function <[Interface/AddOns/Blizzard_ScriptErrors/Blizzard_ScriptErrors.lua]:71>",
    "count": 1
  },
  {
    "message": "@/home/osso/.worktrees/wow-ui-sim-p510-page/data/patch-api/evidence/5.1.0-session-2026-10-08/addon-snapshot/ItemVersion/SlashCommands.lua: Lua error: ...-2026-10-08/addon-snapshot/ItemVersion/SlashCommands.lua:3: Cannot find a library instance of \"AceLocale-3.0\".\nstack traceback:\n\t(string):1: in main chunk",
    "count": 1
  },
  {
    "message": "Lua Error: @/home/osso/.worktrees/wow-ui-sim-p510-page/data/patch-api/evidence/5.1.0-session-2026-10-08/addon-snapshot/ItemVersion/SlashCommands.lua: Lua error: ...-2026-10-08/addon-snapshot/ItemVersion/SlashCommands.lua:3: Cannot find a library instance of \"AceLocale-3.0\".\nstack traceback:\n\t(string):1: in main chunk\n[Interface/AddOns/Blizzard_ScriptErrors/Blizzard_ScriptErrors.lua]:59: in function 'GetErrorData'\n[Interface/AddOns/Blizzard_ScriptErrors/Blizzard_ScriptErrors.lua]:72: in function <[Interface/AddOns/Blizzard_ScriptErrors/Blizzard_ScriptErrors.lua]:71>",
    "count": 1
  },
  {
    "message": "@/home/osso/.worktrees/wow-ui-sim-p510-page/data/patch-api/evidence/5.1.0-session-2026-10-08/addon-snapshot/Leatrix_Plus/Leatrix_Plus_Media.lua: Lua error: ...10-08/addon-snapshot/Leatrix_Plus/Leatrix_Plus_Media.lua:10: attempt to index local 'L' (a nil value)\nstack traceback:\n\t(string):1: in main chunk",
    "count": 1
  },
  {
    "message": "Lua Error: @/home/osso/.worktrees/wow-ui-sim-p510-page/data/patch-api/evidence/5.1.0-session-2026-10-08/addon-snapshot/Leatrix_Plus/Leatrix_Plus_Media.lua: Lua error: ...10-08/addon-snapshot/Leatrix_Plus/Leatrix_Plus_Media.lua:10: attempt to index local 'L' (a nil value)\nstack traceback:\n\t(string):1: in main chunk\n[Interface/AddOns/Blizzard_ScriptErrors/Blizzard_ScriptErrors.lua]:59: in function 'GetErrorData'\n[Interface/AddOns/Blizzard_ScriptErrors/Blizzard_ScriptErrors.lua]:72: in function <[Interface/AddOns/Blizzard_ScriptErrors/Blizzard_ScriptErrors.lua]:71>",
    "count": 1
  },
  {
    "message": "@/home/osso/.worktrees/wow-ui-sim-p510-page/data/patch-api/evidence/5.1.0-session-2026-10-08/addon-snapshot/Leatrix_Plus/Leatrix_Plus.lua: Lua error: ...-2026-10-08/addon-snapshot/Leatrix_Plus/Leatrix_Plus.lua:61: attempt to index local 'L' (a nil value)\nstack traceback:\n\t(string):1: in main chunk",
    "count": 1
  },
  {
    "message": "Lua Error: @/home/osso/.worktrees/wow-ui-sim-p510-page/data/patch-api/evidence/5.1.0-session-2026-10-08/addon-snapshot/Leatrix_Plus/Leatrix_Plus.lua: Lua error: ...-2026-10-08/addon-snapshot/Leatrix_Plus/Leatrix_Plus.lua:61: attempt to index local 'L' (a nil value)\nstack traceback:\n\t(string):1: in main chunk\n[Interface/AddOns/Blizzard_ScriptErrors/Blizzard_ScriptErrors.lua]:59: in function 'GetErrorData'\n[Interface/AddOns/Blizzard_ScriptErrors/Blizzard_ScriptErrors.lua]:72: in function <[Interface/AddOns/Blizzard_ScriptErrors/Blizzard_ScriptErrors.lua]:71>",
    "count": 1
  },
  {
    "message": "@/home/osso/.worktrees/wow-ui-sim-p510-page/data/patch-api/evidence/5.1.0-session-2026-10-08/addon-snapshot/Plumber/Locales/enUS.lua: Lua error: ...ssion-2026-10-08/addon-snapshot/Plumber/Locales/enUS.lua:17: attempt to index local 'L' (a nil value)\nstack traceback:\n\t(string):1: in main chunk",
    "count": 1
  },
  {
    "message": "Lua Error: @/home/osso/.worktrees/wow-ui-sim-p510-page/data/patch-api/evidence/5.1.0-session-2026-10-08/addon-snapshot/Plumber/Locales/enUS.lua: Lua error: ...ssion-2026-10-08/addon-snapshot/Plumber/Locales/enUS.lua:17: attempt to index local 'L' (a nil value)\nstack traceback:\n\t(string):1: in main chunk\n[Interface/AddOns/Blizzard_ScriptErrors/Blizzard_ScriptErrors.lua]:59: in function 'GetErrorData'\n[Interface/AddOns/Blizzard_ScriptErrors/Blizzard_ScriptErrors.lua]:72: in function <[Interface/AddOns/Blizzard_ScriptErrors/Blizzard_ScriptErrors.lua]:71>",
    "count": 1
  },
  {
    "message": "@/home/osso/.worktrees/wow-ui-sim-p510-page/data/patch-api/evidence/5.1.0-session-2026-10-08/addon-snapshot/Plumber/Modules/Shared/SharedData.lua: Lua error: ...-08/addon-snapshot/Plumber/Modules/Shared/SharedData.lua:51: attempt to index local 'L' (a nil value)\nstack traceback:\n\t(string):1: in main chunk",
    "count": 1
  },
  {
    "message": "Lua Error: @/home/osso/.worktrees/wow-ui-sim-p510-page/data/patch-api/evidence/5.1.0-session-2026-10-08/addon-snapshot/Plumber/Modules/Shared/SharedData.lua: Lua error: ...-08/addon-snapshot/Plumber/Modules/Shared/SharedData.lua:51: attempt to index local 'L' (a nil value)\nstack traceback:\n\t(string):1: in main chunk\n[Interface/AddOns/Blizzard_ScriptErrors/Blizzard_ScriptErrors.lua]:59: in function 'GetErrorData'\n[Interface/AddOns/Blizzard_ScriptErrors/Blizzard_ScriptErrors.lua]:72: in function <[Interface/AddOns/Blizzard_ScriptErrors/Blizzard_ScriptErrors.lua]:71>",
    "count": 1
  },
  {
    "message": "IO error loading /home/osso/.worktrees/wow-ui-sim-p510-page/data/patch-api/evidence/5.1.0-session-2026-10-08/addon-snapshot/Plumber/Modules/Shared/SharedWidgets.xml: No such file or directory (os error 2)\nstack traceback:\n\t(string):1: in main chunk",
    "count": 1
  },
  {
    "message": "Lua Error: IO error loading /home/osso/.worktrees/wow-ui-sim-p510-page/data/patch-api/evidence/5.1.0-session-2026-10-08/addon-snapshot/Plumber/Modules/Shared/SharedWidgets.xml: No such file or directory (os error 2)\nstack traceback:\n\t(string):1: in main chunk\n[Interface/AddOns/Blizzard_ScriptErrors/Blizzard_ScriptErrors.lua]:59: in function 'GetErrorData'\n[Interface/AddOns/Blizzard_ScriptErrors/Blizzard_ScriptErrors.lua]:72: in function <[Interface/AddOns/Blizzard_ScriptErrors/Blizzard_ScriptErrors.lua]:71>",
    "count": 1
  },
  {
    "message": "XML error: IO error loading /home/osso/.worktrees/wow-ui-sim-p510-page/data/patch-api/evidence/5.1.0-session-2026-10-08/addon-snapshot/Plumber/Modules/Shared/SharedWidgets.xml: No such file or directory (os error 2)\nstack traceback:\n\t(string):1: in main chunk",
    "count": 1
  },
  {
    "message": "Lua Error: XML error: IO error loading /home/osso/.worktrees/wow-ui-sim-p510-page/data/patch-api/evidence/5.1.0-session-2026-10-08/addon-snapshot/Plumber/Modules/Shared/SharedWidgets.xml: No such file or directory (os error 2)\nstack traceback:\n\t(string):1: in main chunk\n[Interface/AddOns/Blizzard_ScriptErrors/Blizzard_ScriptErrors.lua]:59: in function 'GetErrorData'\n[Interface/AddOns/Blizzard_ScriptErrors/Blizzard_ScriptErrors.lua]:72: in function <[Interface/AddOns/Blizzard_ScriptErrors/Blizzard_ScriptErrors.lua]:71>",
    "count": 1
  },
  {
    "message": "@/home/osso/.worktrees/wow-ui-sim-p510-page/data/patch-api/evidence/5.1.0-session-2026-10-08/addon-snapshot/Plumber/Modules/ScenarioTracker.lua: Lua error: ...10-08/addon-snapshot/Plumber/Modules/ScenarioTracker.lua:150: attempt to index local 'API' (a nil value)\nstack traceback:\n\t(string):1: in main chunk",
    "count": 1
  },
  {
    "message": "Lua Error: @/home/osso/.worktrees/wow-ui-sim-p510-page/data/patch-api/evidence/5.1.0-session-2026-10-08/addon-snapshot/Plumber/Modules/ScenarioTracker.lua: Lua error: ...10-08/addon-snapshot/Plumber/Modules/ScenarioTracker.lua:150: attempt to index local 'API' (a nil value)\nstack traceback:\n\t(string):1: in main chunk\n[Interface/AddOns/Blizzard_ScriptErrors/Blizzard_ScriptErrors.lua]:59: in function 'GetErrorData'\n[Interface/AddOns/Blizzard_ScriptErrors/Blizzard_ScriptErrors.lua]:72: in function <[Interface/AddOns/Blizzard_ScriptErrors/Blizzard_ScriptErrors.lua]:71>",
    "count": 1
  },
  {
    "message": "IO error reading /home/osso/.worktrees/wow-ui-sim-p510-page/data/patch-api/evidence/5.1.0-session-2026-10-08/addon-snapshot/Plumber/Modules/ControlCenter/Preload.lua: No such file or directory (os error 2)\nstack traceback:\n\t(string):1: in main chunk",
    "count": 1
  },
  {
    "message": "Lua Error: IO error reading /home/osso/.worktrees/wow-ui-sim-p510-page/data/patch-api/evidence/5.1.0-session-2026-10-08/addon-snapshot/Plumber/Modules/ControlCenter/Preload.lua: No such file or directory (os error 2)\nstack traceback:\n\t(string):1: in main chunk\n[Interface/AddOns/Blizzard_ScriptErrors/Blizzard_ScriptErrors.lua]:59: in function 'GetErrorData'\n[Interface/AddOns/Blizzard_ScriptErrors/Blizzard_ScriptErrors.lua]:72: in function <[Interface/AddOns/Blizzard_ScriptErrors/Blizzard_ScriptErrors.lua]:71>",
    "count": 1
  },
  {
    "message": "@/home/osso/.worktrees/wow-ui-sim-p510-page/data/patch-api/evidence/5.1.0-session-2026-10-08/addon-snapshot/Plumber/Modules/Macros.lua: Lua error: ...ion-2026-10-08/addon-snapshot/Plumber/Modules/Macros.lua:47: attempt to index local 'API' (a nil value)\nstack traceback:\n\t(string):1: in main chunk",
    "count": 1
  },
  {
    "message": "Lua Error: @/home/osso/.worktrees/wow-ui-sim-p510-page/data/patch-api/evidence/5.1.0-session-2026-10-08/addon-snapshot/Plumber/Modules/Macros.lua: Lua error: ...ion-2026-10-08/addon-snapshot/Plumber/Modules/Macros.lua:47: attempt to index local 'API' (a nil value)\nstack traceback:\n\t(string):1: in main chunk\n[Interface/AddOns/Blizzard_ScriptErrors/Blizzard_ScriptErrors.lua]:59: in function 'GetErrorData'\n[Interface/AddOns/Blizzard_ScriptErrors/Blizzard_ScriptErrors.lua]:72: in function <[Interface/AddOns/Blizzard_ScriptErrors/Blizzard_ScriptErrors.lua]:71>",
    "count": 1
  },
  {
    "message": "@/home/osso/.worktrees/wow-ui-sim-p510-page/data/patch-api/evidence/5.1.0-session-2026-10-08/addon-snapshot/Plumber/Modules/BackpackItemTracker.lua: Lua error: ...8/addon-snapshot/Plumber/Modules/BackpackItemTracker.lua:20: attempt to index local 'API' (a nil value)\nstack traceback:\n\t(string):1: in main chunk",
    "count": 1
  },
  {
    "message": "Lua Error: @/home/osso/.worktrees/wow-ui-sim-p510-page/data/patch-api/evidence/5.1.0-session-2026-10-08/addon-snapshot/Plumber/Modules/BackpackItemTracker.lua: Lua error: ...8/addon-snapshot/Plumber/Modules/BackpackItemTracker.lua:20: attempt to index local 'API' (a nil value)\nstack traceback:\n\t(string):1: in main chunk\n[Interface/AddOns/Blizzard_ScriptErrors/Blizzard_ScriptErrors.lua]:59: in function 'GetErrorData'\n[Interface/AddOns/Blizzard_ScriptErrors/Blizzard_ScriptErrors.lua]:72: in function <[Interface/AddOns/Blizzard_ScriptErrors/Blizzard_ScriptErrors.lua]:71>",
    "count": 1
  },
  {
    "message": "@/home/osso/.worktrees/wow-ui-sim-p510-page/data/patch-api/evidence/5.1.0-session-2026-10-08/addon-snapshot/Plumber/Modules/AutoJoinEvents.lua: Lua error: ...-10-08/addon-snapshot/Plumber/Modules/AutoJoinEvents.lua:7: attempt to index field 'API' (a nil value)\nstack traceback:\n\t(string):1: in main chunk",
    "count": 1
  },
  {
    "message": "Lua Error: @/home/osso/.worktrees/wow-ui-sim-p510-page/data/patch-api/evidence/5.1.0-session-2026-10-08/addon-snapshot/Plumber/Modules/AutoJoinEvents.lua: Lua error: ...-10-08/addon-snapshot/Plumber/Modules/AutoJoinEvents.lua:7: attempt to index field 'API' (a nil value)\nstack traceback:\n\t(string):1: in main chunk\n[Interface/AddOns/Blizzard_ScriptErrors/Blizzard_ScriptErrors.lua]:59: in function 'GetErrorData'\n[Interface/AddOns/Blizzard_ScriptErrors/Blizzard_ScriptErrors.lua]:72: in function <[Interface/AddOns/Blizzard_ScriptErrors/Blizzard_ScriptErrors.lua]:71>",
    "count": 1
  },
  {
    "message": "@/home/osso/.worktrees/wow-ui-sim-p510-page/data/patch-api/evidence/5.1.0-session-2026-10-08/addon-snapshot/Plumber/Modules/PlayerChoiceFrameToken.lua: Lua error: ...ddon-snapshot/Plumber/Modules/PlayerChoiceFrameToken.lua:5: attempt to index field 'API' (a nil value)\nstack traceback:\n\t(string):1: in main chunk",
    "count": 1
  },
  {
    "message": "Lua Error: @/home/osso/.worktrees/wow-ui-sim-p510-page/data/patch-api/evidence/5.1.0-session-2026-10-08/addon-snapshot/Plumber/Modules/PlayerChoiceFrameToken.lua: Lua error: ...ddon-snapshot/Plumber/Modules/PlayerChoiceFrameToken.lua:5: attempt to index field 'API' (a nil value)\nstack traceback:\n\t(string):1: in main chunk\n[Interface/AddOns/Blizzard_ScriptErrors/Blizzard_ScriptErrors.lua]:59: in function 'GetErrorData'\n[Interface/AddOns/Blizzard_ScriptErrors/Blizzard_ScriptErrors.lua]:72: in function <[Interface/AddOns/Blizzard_ScriptErrors/Blizzard_ScriptErrors.lua]:71>",
    "count": 1
  },
  {
    "message": "@/home/osso/.worktrees/wow-ui-sim-p510-page/data/patch-api/evidence/5.1.0-session-2026-10-08/addon-snapshot/Plumber/Modules/QuickSlot.lua: Lua error: ...-2026-10-08/addon-snapshot/Plumber/Modules/QuickSlot.lua:4: attempt to index local 'API' (a nil value)\nstack traceback:\n\t(string):1: in main chunk",
    "count": 1
  },
  {
    "message": "Lua Error: @/home/osso/.worktrees/wow-ui-sim-p510-page/data/patch-api/evidence/5.1.0-session-2026-10-08/addon-snapshot/Plumber/Modules/QuickSlot.lua: Lua error: ...-2026-10-08/addon-snapshot/Plumber/Modules/QuickSlot.lua:4: attempt to index local 'API' (a nil value)\nstack traceback:\n\t(string):1: in main chunk\n[Interface/AddOns/Blizzard_ScriptErrors/Blizzard_ScriptErrors.lua]:59: in function 'GetErrorData'\n[Interface/AddOns/Blizzard_ScriptErrors/Blizzard_ScriptErrors.lua]:72: in function <[Interface/AddOns/Blizzard_ScriptErrors/Blizzard_ScriptErrors.lua]:71>",
    "count": 1
  },
  {
    "message": "@/home/osso/.worktrees/wow-ui-sim-p510-page/data/patch-api/evidence/5.1.0-session-2026-10-08/addon-snapshot/Plumber/Modules/RareAnnouncement.lua: Lua error: ...0-08/addon-snapshot/Plumber/Modules/RareAnnouncement.lua:6: attempt to index local 'API' (a nil value)\nstack traceback:\n\t(string):1: in main chunk",
    "count": 1
  },
  {
    "message": "Lua Error: @/home/osso/.worktrees/wow-ui-sim-p510-page/data/patch-api/evidence/5.1.0-session-2026-10-08/addon-snapshot/Plumber/Modules/RareAnnouncement.lua: Lua error: ...0-08/addon-snapshot/Plumber/Modules/RareAnnouncement.lua:6: attempt to index local 'API' (a nil value)\nstack traceback:\n\t(string):1: in main chunk\n[Interface/AddOns/Blizzard_ScriptErrors/Blizzard_ScriptErrors.lua]:59: in function 'GetErrorData'\n[Interface/AddOns/Blizzard_ScriptErrors/Blizzard_ScriptErrors.lua]:72: in function <[Interface/AddOns/Blizzard_ScriptErrors/Blizzard_ScriptErrors.lua]:71>",
    "count": 1
  },
  {
    "message": "@/home/osso/.worktrees/wow-ui-sim-p510-page/data/patch-api/evidence/5.1.0-session-2026-10-08/addon-snapshot/Plumber/Modules/MerchantPrice.lua: Lua error: ...6-10-08/addon-snapshot/Plumber/Modules/MerchantPrice.lua:27: attempt to index local 'API' (a nil value)\nstack traceback:\n\t(string):1: in main chunk",
    "count": 1
  },
  {
    "message": "Lua Error: @/home/osso/.worktrees/wow-ui-sim-p510-page/data/patch-api/evidence/5.1.0-session-2026-10-08/addon-snapshot/Plumber/Modules/MerchantPrice.lua: Lua error: ...6-10-08/addon-snapshot/Plumber/Modules/MerchantPrice.lua:27: attempt to index local 'API' (a nil value)\nstack traceback:\n\t(string):1: in main chunk\n[Interface/AddOns/Blizzard_ScriptErrors/Blizzard_ScriptErrors.lua]:59: in function 'GetErrorData'\n[Interface/AddOns/Blizzard_ScriptErrors/Blizzard_ScriptErrors.lua]:72: in function <[Interface/AddOns/Blizzard_ScriptErrors/Blizzard_ScriptErrors.lua]:71>",
    "count": 1
  },
  {
    "message": "@/home/osso/.worktrees/wow-ui-sim-p510-page/data/patch-api/evidence/5.1.0-session-2026-10-08/addon-snapshot/Plumber/Modules/DelvesAutomation.lua: Lua error: ...0-08/addon-snapshot/Plumber/Modules/DelvesAutomation.lua:75: attempt to index field 'L' (a nil value)\nstack traceback:\n\t(string):1: in main chunk",
    "count": 1
  },
  {
    "message": "Lua Error: @/home/osso/.worktrees/wow-ui-sim-p510-page/data/patch-api/evidence/5.1.0-session-2026-10-08/addon-snapshot/Plumber/Modules/DelvesAutomation.lua: Lua error: ...0-08/addon-snapshot/Plumber/Modules/DelvesAutomation.lua:75: attempt to index field 'L' (a nil value)\nstack traceback:\n\t(string):1: in main chunk\n[Interface/AddOns/Blizzard_ScriptErrors/Blizzard_ScriptErrors.lua]:59: in function 'GetErrorData'\n[Interface/AddOns/Blizzard_ScriptErrors/Blizzard_ScriptErrors.lua]:72: in function <[Interface/AddOns/Blizzard_ScriptErrors/Blizzard_ScriptErrors.lua]:71>",
    "count": 1
  },
  {
    "message": "IO error reading /home/osso/.worktrees/wow-ui-sim-p510-page/data/patch-api/evidence/5.1.0-session-2026-10-08/addon-snapshot/Plumber/Modules/GameTooltip_Core.lua: No such file or directory (os error 2)\nstack traceback:\n\t(string):1: in main chunk",
    "count": 1
  },
  {
    "message": "Lua Error: IO error reading /home/osso/.worktrees/wow-ui-sim-p510-page/data/patch-api/evidence/5.1.0-session-2026-10-08/addon-snapshot/Plumber/Modules/GameTooltip_Core.lua: No such file or directory (os error 2)\nstack traceback:\n\t(string):1: in main chunk\n[Interface/AddOns/Blizzard_ScriptErrors/Blizzard_ScriptErrors.lua]:59: in function 'GetErrorData'\n[Interface/AddOns/Blizzard_ScriptErrors/Blizzard_ScriptErrors.lua]:72: in function <[Interface/AddOns/Blizzard_ScriptErrors/Blizzard_ScriptErrors.lua]:71>",
    "count": 1
  },
  {
    "message": "@/home/osso/.worktrees/wow-ui-sim-p510-page/data/patch-api/evidence/5.1.0-session-2026-10-08/addon-snapshot/Plumber/Modules/UnderlightAngler.lua: Lua error: ...0-08/addon-snapshot/Plumber/Modules/UnderlightAngler.lua:69: attempt to index field 'L' (a nil value)\nstack traceback:\n\t(string):1: in main chunk",
    "count": 1
  },
  {
    "message": "Lua Error: @/home/osso/.worktrees/wow-ui-sim-p510-page/data/patch-api/evidence/5.1.0-session-2026-10-08/addon-snapshot/Plumber/Modules/UnderlightAngler.lua: Lua error: ...0-08/addon-snapshot/Plumber/Modules/UnderlightAngler.lua:69: attempt to index field 'L' (a nil value)\nstack traceback:\n\t(string):1: in main chunk\n[Interface/AddOns/Blizzard_ScriptErrors/Blizzard_ScriptErrors.lua]:59: in function 'GetErrorData'\n[Interface/AddOns/Blizzard_ScriptErrors/Blizzard_ScriptErrors.lua]:72: in function <[Interface/AddOns/Blizzard_ScriptErrors/Blizzard_ScriptErrors.lua]:71>",
    "count": 1
  },
  {
    "message": "@/home/osso/.worktrees/wow-ui-sim-p510-page/data/patch-api/evidence/5.1.0-session-2026-10-08/addon-snapshot/Plumber/Modules/ChatOptions.lua: Lua error: ...026-10-08/addon-snapshot/Plumber/Modules/ChatOptions.lua:205: attempt to index local 'API' (a nil value)\nstack traceback:\n\t(string):1: in main chunk",
    "count": 1
  },
  {
    "message": "Lua Error: @/home/osso/.worktrees/wow-ui-sim-p510-page/data/patch-api/evidence/5.1.0-session-2026-10-08/addon-snapshot/Plumber/Modules/ChatOptions.lua: Lua error: ...026-10-08/addon-snapshot/Plumber/Modules/ChatOptions.lua:205: attempt to index local 'API' (a nil value)\nstack traceback:\n\t(string):1: in main chunk\n[Interface/AddOns/Blizzard_ScriptErrors/Blizzard_ScriptErrors.lua]:59: in function 'GetErrorData'\n[Interface/AddOns/Blizzard_ScriptErrors/Blizzard_ScriptErrors.lua]:72: in function <[Interface/AddOns/Blizzard_ScriptErrors/Blizzard_ScriptErrors.lua]:71>",
    "count": 1
  },
  {
    "message": "IO error reading /home/osso/.worktrees/wow-ui-sim-p510-page/data/patch-api/evidence/5.1.0-session-2026-10-08/addon-snapshot/Plumber/Modules/StaticPopup_QuestItemDestroyAlert.lua: No such file or directory (os error 2)\nstack traceback:\n\t(string):1: in main chunk",
    "count": 1
  },
  {
    "message": "Lua Error: IO error reading /home/osso/.worktrees/wow-ui-sim-p510-page/data/patch-api/evidence/5.1.0-session-2026-10-08/addon-snapshot/Plumber/Modules/StaticPopup_QuestItemDestroyAlert.lua: No such file or directory (os error 2)\nstack traceback:\n\t(string):1: in main chunk\n[Interface/AddOns/Blizzard_ScriptErrors/Blizzard_ScriptErrors.lua]:59: in function 'GetErrorData'\n[Interface/AddOns/Blizzard_ScriptErrors/Blizzard_ScriptErrors.lua]:72: in function <[Interface/AddOns/Blizzard_ScriptErrors/Blizzard_ScriptErrors.lua]:71>",
    "count": 1
  },
  {
    "message": "@/home/osso/.worktrees/wow-ui-sim-p510-page/data/patch-api/evidence/5.1.0-session-2026-10-08/addon-snapshot/Plumber/Modules/ProfessionsBook.lua: Lua error: ...10-08/addon-snapshot/Plumber/Modules/ProfessionsBook.lua:7: attempt to index field 'GameTooltipManager' (a nil value)\nstack traceback:\n\t(string):1: in main chunk",
    "count": 1
  },
  {
    "message": "Lua Error: @/home/osso/.worktrees/wow-ui-sim-p510-page/data/patch-api/evidence/5.1.0-session-2026-10-08/addon-snapshot/Plumber/Modules/ProfessionsBook.lua: Lua error: ...10-08/addon-snapshot/Plumber/Modules/ProfessionsBook.lua:7: attempt to index field 'GameTooltipManager' (a nil value)\nstack traceback:\n\t(string):1: in main chunk\n[Interface/AddOns/Blizzard_ScriptErrors/Blizzard_ScriptErrors.lua]:59: in function 'GetErrorData'\n[Interface/AddOns/Blizzard_ScriptErrors/Blizzard_ScriptErrors.lua]:72: in function <[Interface/AddOns/Blizzard_ScriptErrors/Blizzard_ScriptErrors.lua]:71>",
    "count": 1
  },
  {
    "message": "@/home/osso/.worktrees/wow-ui-sim-p510-page/data/patch-api/evidence/5.1.0-session-2026-10-08/addon-snapshot/Plumber/Modules/HolidayDungeon.lua: Lua error: ...-10-08/addon-snapshot/Plumber/Modules/HolidayDungeon.lua:90: attempt to index field 'L' (a nil value)\nstack traceback:\n\t(string):1: in main chunk",
    "count": 1
  },
  {
    "message": "Lua Error: @/home/osso/.worktrees/wow-ui-sim-p510-page/data/patch-api/evidence/5.1.0-session-2026-10-08/addon-snapshot/Plumber/Modules/HolidayDungeon.lua: Lua error: ...-10-08/addon-snapshot/Plumber/Modules/HolidayDungeon.lua:90: attempt to index field 'L' (a nil value)\nstack traceback:\n\t(string):1: in main chunk\n[Interface/AddOns/Blizzard_ScriptErrors/Blizzard_ScriptErrors.lua]:59: in function 'GetErrorData'\n[Interface/AddOns/Blizzard_ScriptErrors/Blizzard_ScriptErrors.lua]:72: in function <[Interface/AddOns/Blizzard_ScriptErrors/Blizzard_ScriptErrors.lua]:71>",
    "count": 1
  },
  {
    "message": "@/home/osso/.worktrees/wow-ui-sim-p510-page/data/patch-api/evidence/5.1.0-session-2026-10-08/addon-snapshot/Plumber/Modules/SourceAchievementLink.lua: Lua error: ...addon-snapshot/Plumber/Modules/SourceAchievementLink.lua:6: attempt to index local 'API' (a nil value)\nstack traceback:\n\t(string):1: in main chunk",
    "count": 1
  },
  {
    "message": "Lua Error: @/home/osso/.worktrees/wow-ui-sim-p510-page/data/patch-api/evidence/5.1.0-session-2026-10-08/addon-snapshot/Plumber/Modules/SourceAchievementLink.lua: Lua error: ...addon-snapshot/Plumber/Modules/SourceAchievementLink.lua:6: attempt to index local 'API' (a nil value)\nstack traceback:\n\t(string):1: in main chunk\n[Interface/AddOns/Blizzard_ScriptErrors/Blizzard_ScriptErrors.lua]:59: in function 'GetErrorData'\n[Interface/AddOns/Blizzard_ScriptErrors/Blizzard_ScriptErrors.lua]:72: in function <[Interface/AddOns/Blizzard_ScriptErrors/Blizzard_ScriptErrors.lua]:71>",
    "count": 1
  },
  {
    "message": "@/home/osso/.worktrees/wow-ui-sim-p510-page/data/patch-api/evidence/5.1.0-session-2026-10-08/addon-snapshot/Plumber/Modules/OutfitSelect.lua: Lua error: ...26-10-08/addon-snapshot/Plumber/Modules/OutfitSelect.lua:4: attempt to index field 'CooldownUtil' (a nil value)\nstack traceback:\n\t(string):1: in main chunk",
    "count": 1
  },
  {
    "message": "Lua Error: @/home/osso/.worktrees/wow-ui-sim-p510-page/data/patch-api/evidence/5.1.0-session-2026-10-08/addon-snapshot/Plumber/Modules/OutfitSelect.lua: Lua error: ...26-10-08/addon-snapshot/Plumber/Modules/OutfitSelect.lua:4: attempt to index field 'CooldownUtil' (a nil value)\nstack traceback:\n\t(string):1: in main chunk\n[Interface/AddOns/Blizzard_ScriptErrors/Blizzard_ScriptErrors.lua]:59: in function 'GetErrorData'\n[Interface/AddOns/Blizzard_ScriptErrors/Blizzard_ScriptErrors.lua]:72: in function <[Interface/AddOns/Blizzard_ScriptErrors/Blizzard_ScriptErrors.lua]:71>",
    "count": 1
  },
  {
    "message": "@/home/osso/.worktrees/wow-ui-sim-p510-page/data/patch-api/evidence/5.1.0-session-2026-10-08/addon-snapshot/Plumber/Modules/CatalystUI.lua: Lua error: ...2026-10-08/addon-snapshot/Plumber/Modules/CatalystUI.lua:178: attempt to index field 'L' (a nil value)\nstack traceback:\n\t(string):1: in main chunk",
    "count": 1
  },
  {
    "message": "Lua Error: @/home/osso/.worktrees/wow-ui-sim-p510-page/data/patch-api/evidence/5.1.0-session-2026-10-08/addon-snapshot/Plumber/Modules/CatalystUI.lua: Lua error: ...2026-10-08/addon-snapshot/Plumber/Modules/CatalystUI.lua:178: attempt to index field 'L' (a nil value)\nstack traceback:\n\t(string):1: in main chunk\n[Interface/AddOns/Blizzard_ScriptErrors/Blizzard_ScriptErrors.lua]:59: in function 'GetErrorData'\n[Interface/AddOns/Blizzard_ScriptErrors/Blizzard_ScriptErrors.lua]:72: in function <[Interface/AddOns/Blizzard_ScriptErrors/Blizzard_ScriptErrors.lua]:71>",
    "count": 1
  },
  {
    "message": "@/home/osso/.worktrees/wow-ui-sim-p510-page/data/patch-api/evidence/5.1.0-session-2026-10-08/addon-snapshot/Plumber/Modules/HuntTable.lua: Lua error: ...-2026-10-08/addon-snapshot/Plumber/Modules/HuntTable.lua:3: attempt to index field 'API' (a nil value)\nstack traceback:\n\t(string):1: in main chunk",
    "count": 1
  },
  {
    "message": "Lua Error: @/home/osso/.worktrees/wow-ui-sim-p510-page/data/patch-api/evidence/5.1.0-session-2026-10-08/addon-snapshot/Plumber/Modules/HuntTable.lua: Lua error: ...-2026-10-08/addon-snapshot/Plumber/Modules/HuntTable.lua:3: attempt to index field 'API' (a nil value)\nstack traceback:\n\t(string):1: in main chunk\n[Interface/AddOns/Blizzard_ScriptErrors/Blizzard_ScriptErrors.lua]:59: in function 'GetErrorData'\n[Interface/AddOns/Blizzard_ScriptErrors/Blizzard_ScriptErrors.lua]:72: in function <[Interface/AddOns/Blizzard_ScriptErrors/Blizzard_ScriptErrors.lua]:71>",
    "count": 1
  },
  {
    "message": "@/home/osso/.worktrees/wow-ui-sim-p510-page/data/patch-api/evidence/5.1.0-session-2026-10-08/addon-snapshot/Plumber/Modules/TransmogRestorePending.lua: Lua error: ...ddon-snapshot/Plumber/Modules/TransmogRestorePending.lua:840: attempt to index local 'L' (a nil value)\nstack traceback:\n\t(string):1: in main chunk",
    "count": 1
  },
  {
    "message": "Lua Error: @/home/osso/.worktrees/wow-ui-sim-p510-page/data/patch-api/evidence/5.1.0-session-2026-10-08/addon-snapshot/Plumber/Modules/TransmogRestorePending.lua: Lua error: ...ddon-snapshot/Plumber/Modules/TransmogRestorePending.lua:840: attempt to index local 'L' (a nil value)\nstack traceback:\n\t(string):1: in main chunk\n[Interface/AddOns/Blizzard_ScriptErrors/Blizzard_ScriptErrors.lua]:59: in function 'GetErrorData'\n[Interface/AddOns/Blizzard_ScriptErrors/Blizzard_ScriptErrors.lua]:72: in function <[Interface/AddOns/Blizzard_ScriptErrors/Blizzard_ScriptErrors.lua]:71>",
    "count": 1
  },
  {
    "message": "@/home/osso/.worktrees/wow-ui-sim-p510-page/data/patch-api/evidence/5.1.0-session-2026-10-08/addon-snapshot/SavedInstances/Init.lua: Lua error: ...ession-2026-10-08/addon-snapshot/SavedInstances/Init.lua:2: Cannot find a library instance of \"AceAddon-3.0\".\nstack traceback:\n\t(string):1: in main chunk",
    "count": 1
  },
  {
    "message": "Lua Error: @/home/osso/.worktrees/wow-ui-sim-p510-page/data/patch-api/evidence/5.1.0-session-2026-10-08/addon-snapshot/SavedInstances/Init.lua: Lua error: ...ession-2026-10-08/addon-snapshot/SavedInstances/Init.lua:2: Cannot find a library instance of \"AceAddon-3.0\".\nstack traceback:\n\t(string):1: in main chunk\n[Interface/AddOns/Blizzard_ScriptErrors/Blizzard_ScriptErrors.lua]:59: in function 'GetErrorData'\n[Interface/AddOns/Blizzard_ScriptErrors/Blizzard_ScriptErrors.lua]:72: in function <[Interface/AddOns/Blizzard_ScriptErrors/Blizzard_ScriptErrors.lua]:71>",
    "count": 1
  },
  {
    "message": "@/home/osso/.worktrees/wow-ui-sim-p510-page/data/patch-api/evidence/5.1.0-session-2026-10-08/addon-snapshot/SavedInstances/Locales/Locale.lua: Lua error: bad argument #1 to 'setmetatable' (table expected)\nstack traceback:\n\t(string):1: in main chunk",
    "count": 1
  },
  {
    "message": "Lua Error: @/home/osso/.worktrees/wow-ui-sim-p510-page/data/patch-api/evidence/5.1.0-session-2026-10-08/addon-snapshot/SavedInstances/Locales/Locale.lua: Lua error: bad argument #1 to 'setmetatable' (table expected)\nstack traceback:\n\t(string):1: in main chunk\n[Interface/AddOns/Blizzard_ScriptErrors/Blizzard_ScriptErrors.lua]:59: in function 'GetErrorData'\n[Interface/AddOns/Blizzard_ScriptErrors/Blizzard_ScriptErrors.lua]:72: in function <[Interface/AddOns/Blizzard_ScriptErrors/Blizzard_ScriptErrors.lua]:71>",
    "count": 1
  },
  {
    "message": "@/home/osso/.worktrees/wow-ui-sim-p510-page/data/patch-api/evidence/5.1.0-session-2026-10-08/addon-snapshot/SavedInstances/Core/Tooltip.lua: Lua error: ...026-10-08/addon-snapshot/SavedInstances/Core/Tooltip.lua:2: attempt to index local 'SI' (a nil value)\nstack traceback:\n\t(string):1: in main chunk",
    "count": 1
  },
  {
    "message": "Lua Error: @/home/osso/.worktrees/wow-ui-sim-p510-page/data/patch-api/evidence/5.1.0-session-2026-10-08/addon-snapshot/SavedInstances/Core/Tooltip.lua: Lua error: ...026-10-08/addon-snapshot/SavedInstances/Core/Tooltip.lua:2: attempt to index local 'SI' (a nil value)\nstack traceback:\n\t(string):1: in main chunk\n[Interface/AddOns/Blizzard_ScriptErrors/Blizzard_ScriptErrors.lua]:59: in function 'GetErrorData'\n[Interface/AddOns/Blizzard_ScriptErrors/Blizzard_ScriptErrors.lua]:72: in function <[Interface/AddOns/Blizzard_ScriptErrors/Blizzard_ScriptErrors.lua]:71>",
    "count": 1
  },
  {
    "message": "@/home/osso/.worktrees/wow-ui-sim-p510-page/data/patch-api/evidence/5.1.0-session-2026-10-08/addon-snapshot/SavedInstances/Core/Debug.lua: Lua error: ...-2026-10-08/addon-snapshot/SavedInstances/Core/Debug.lua:18: attempt to index local 'SI' (a nil value)\nstack traceback:\n\t(string):1: in main chunk",
    "count": 1
  },
  {
    "message": "Lua Error: @/home/osso/.worktrees/wow-ui-sim-p510-page/data/patch-api/evidence/5.1.0-session-2026-10-08/addon-snapshot/SavedInstances/Core/Debug.lua: Lua error: ...-2026-10-08/addon-snapshot/SavedInstances/Core/Debug.lua:18: attempt to index local 'SI' (a nil value)\nstack traceback:\n\t(string):1: in main chunk\n[Interface/AddOns/Blizzard_ScriptErrors/Blizzard_ScriptErrors.lua]:59: in function 'GetErrorData'\n[Interface/AddOns/Blizzard_ScriptErrors/Blizzard_ScriptErrors.lua]:72: in function <[Interface/AddOns/Blizzard_ScriptErrors/Blizzard_ScriptErrors.lua]:71>",
    "count": 1
  },
  {
    "message": "@/home/osso/.worktrees/wow-ui-sim-p510-page/data/patch-api/evidence/5.1.0-session-2026-10-08/addon-snapshot/SavedInstances/Modules/BonusRoll.lua: Lua error: ...0-08/addon-snapshot/SavedInstances/Modules/BonusRoll.lua:2: attempt to index local 'SI' (a nil value)\nstack traceback:\n\t(string):1: in main chunk",
    "count": 1
  },
  {
    "message": "Lua Error: @/home/osso/.worktrees/wow-ui-sim-p510-page/data/patch-api/evidence/5.1.0-session-2026-10-08/addon-snapshot/SavedInstances/Modules/BonusRoll.lua: Lua error: ...0-08/addon-snapshot/SavedInstances/Modules/BonusRoll.lua:2: attempt to index local 'SI' (a nil value)\nstack traceback:\n\t(string):1: in main chunk\n[Interface/AddOns/Blizzard_ScriptErrors/Blizzard_ScriptErrors.lua]:59: in function 'GetErrorData'\n[Interface/AddOns/Blizzard_ScriptErrors/Blizzard_ScriptErrors.lua]:72: in function <[Interface/AddOns/Blizzard_ScriptErrors/Blizzard_ScriptErrors.lua]:71>",
    "count": 1
  },
  {
    "message": "@/home/osso/.worktrees/wow-ui-sim-p510-page/data/patch-api/evidence/5.1.0-session-2026-10-08/addon-snapshot/SavedInstances/Modules/Calling.lua: Lua error: ...-10-08/addon-snapshot/SavedInstances/Modules/Calling.lua:2: attempt to index local 'SI' (a nil value)\nstack traceback:\n\t(string):1: in main chunk",
    "count": 1
  },
  {
    "message": "Lua Error: @/home/osso/.worktrees/wow-ui-sim-p510-page/data/patch-api/evidence/5.1.0-session-2026-10-08/addon-snapshot/SavedInstances/Modules/Calling.lua: Lua error: ...-10-08/addon-snapshot/SavedInstances/Modules/Calling.lua:2: attempt to index local 'SI' (a nil value)\nstack traceback:\n\t(string):1: in main chunk\n[Interface/AddOns/Blizzard_ScriptErrors/Blizzard_ScriptErrors.lua]:59: in function 'GetErrorData'\n[Interface/AddOns/Blizzard_ScriptErrors/Blizzard_ScriptErrors.lua]:72: in function <[Interface/AddOns/Blizzard_ScriptErrors/Blizzard_ScriptErrors.lua]:71>",
    "count": 1
  },
  {
    "message": "@/home/osso/.worktrees/wow-ui-sim-p510-page/data/patch-api/evidence/5.1.0-session-2026-10-08/addon-snapshot/SavedInstances/Modules/Emissary.lua: Lua error: ...10-08/addon-snapshot/SavedInstances/Modules/Emissary.lua:2: attempt to index local 'SI' (a nil value)\nstack traceback:\n\t(string):1: in main chunk",
    "count": 1
  },
  {
    "message": "Lua Error: @/home/osso/.worktrees/wow-ui-sim-p510-page/data/patch-api/evidence/5.1.0-session-2026-10-08/addon-snapshot/SavedInstances/Modules/Emissary.lua: Lua error: ...10-08/addon-snapshot/SavedInstances/Modules/Emissary.lua:2: attempt to index local 'SI' (a nil value)\nstack traceback:\n\t(string):1: in main chunk\n[Interface/AddOns/Blizzard_ScriptErrors/Blizzard_ScriptErrors.lua]:59: in function 'GetErrorData'\n[Interface/AddOns/Blizzard_ScriptErrors/Blizzard_ScriptErrors.lua]:72: in function <[Interface/AddOns/Blizzard_ScriptErrors/Blizzard_ScriptErrors.lua]:71>",
    "count": 1
  },
  {
    "message": "@/home/osso/.worktrees/wow-ui-sim-p510-page/data/patch-api/evidence/5.1.0-session-2026-10-08/addon-snapshot/SavedInstances/Modules/MythicPlus.lua: Lua error: ...-08/addon-snapshot/SavedInstances/Modules/MythicPlus.lua:2: attempt to index local 'SI' (a nil value)\nstack traceback:\n\t(string):1: in main chunk",
    "count": 1
  },
  {
    "message": "Lua Error: @/home/osso/.worktrees/wow-ui-sim-p510-page/data/patch-api/evidence/5.1.0-session-2026-10-08/addon-snapshot/SavedInstances/Modules/MythicPlus.lua: Lua error: ...-08/addon-snapshot/SavedInstances/Modules/MythicPlus.lua:2: attempt to index local 'SI' (a nil value)\nstack traceback:\n\t(string):1: in main chunk\n[Interface/AddOns/Blizzard_ScriptErrors/Blizzard_ScriptErrors.lua]:59: in function 'GetErrorData'\n[Interface/AddOns/Blizzard_ScriptErrors/Blizzard_ScriptErrors.lua]:72: in function <[Interface/AddOns/Blizzard_ScriptErrors/Blizzard_ScriptErrors.lua]:71>",
    "count": 1
  },
  {
    "message": "@/home/osso/.worktrees/wow-ui-sim-p510-page/data/patch-api/evidence/5.1.0-session-2026-10-08/addon-snapshot/SavedInstances/Modules/Paragon.lua: Lua error: ...-10-08/addon-snapshot/SavedInstances/Modules/Paragon.lua:2: attempt to index local 'SI' (a nil value)\nstack traceback:\n\t(string):1: in main chunk",
    "count": 1
  },
  {
    "message": "Lua Error: @/home/osso/.worktrees/wow-ui-sim-p510-page/data/patch-api/evidence/5.1.0-session-2026-10-08/addon-snapshot/SavedInstances/Modules/Paragon.lua: Lua error: ...-10-08/addon-snapshot/SavedInstances/Modules/Paragon.lua:2: attempt to index local 'SI' (a nil value)\nstack traceback:\n\t(string):1: in main chunk\n[Interface/AddOns/Blizzard_ScriptErrors/Blizzard_ScriptErrors.lua]:59: in function 'GetErrorData'\n[Interface/AddOns/Blizzard_ScriptErrors/Blizzard_ScriptErrors.lua]:72: in function <[Interface/AddOns/Blizzard_ScriptErrors/Blizzard_ScriptErrors.lua]:71>",
    "count": 1
  },
  {
    "message": "@/home/osso/.worktrees/wow-ui-sim-p510-page/data/patch-api/evidence/5.1.0-session-2026-10-08/addon-snapshot/SavedInstances/Modules/Progress.lua: Lua error: ...10-08/addon-snapshot/SavedInstances/Modules/Progress.lua:2: attempt to index local 'SI' (a nil value)\nstack traceback:\n\t(string):1: in main chunk",
    "count": 1
  },
  {
    "message": "Lua Error: @/home/osso/.worktrees/wow-ui-sim-p510-page/data/patch-api/evidence/5.1.0-session-2026-10-08/addon-snapshot/SavedInstances/Modules/Progress.lua: Lua error: ...10-08/addon-snapshot/SavedInstances/Modules/Progress.lua:2: attempt to index local 'SI' (a nil value)\nstack traceback:\n\t(string):1: in main chunk\n[Interface/AddOns/Blizzard_ScriptErrors/Blizzard_ScriptErrors.lua]:59: in function 'GetErrorData'\n[Interface/AddOns/Blizzard_ScriptErrors/Blizzard_ScriptErrors.lua]:72: in function <[Interface/AddOns/Blizzard_ScriptErrors/Blizzard_ScriptErrors.lua]:71>",
    "count": 1
  },
  {
    "message": "@/home/osso/.worktrees/wow-ui-sim-p510-page/data/patch-api/evidence/5.1.0-session-2026-10-08/addon-snapshot/SavedInstances/Modules/TradeSkill.lua: Lua error: ...-08/addon-snapshot/SavedInstances/Modules/TradeSkill.lua:2: attempt to index local 'SI' (a nil value)\nstack traceback:\n\t(string):1: in main chunk",
    "count": 1
  },
  {
    "message": "Lua Error: @/home/osso/.worktrees/wow-ui-sim-p510-page/data/patch-api/evidence/5.1.0-session-2026-10-08/addon-snapshot/SavedInstances/Modules/TradeSkill.lua: Lua error: ...-08/addon-snapshot/SavedInstances/Modules/TradeSkill.lua:2: attempt to index local 'SI' (a nil value)\nstack traceback:\n\t(string):1: in main chunk\n[Interface/AddOns/Blizzard_ScriptErrors/Blizzard_ScriptErrors.lua]:59: in function 'GetErrorData'\n[Interface/AddOns/Blizzard_ScriptErrors/Blizzard_ScriptErrors.lua]:72: in function <[Interface/AddOns/Blizzard_ScriptErrors/Blizzard_ScriptErrors.lua]:71>",
    "count": 1
  },
  {
    "message": "@/home/osso/.worktrees/wow-ui-sim-p510-page/data/patch-api/evidence/5.1.0-session-2026-10-08/addon-snapshot/SavedInstances/Modules/WorldBoss.lua: Lua error: ...0-08/addon-snapshot/SavedInstances/Modules/WorldBoss.lua:2: attempt to index local 'SI' (a nil value)\nstack traceback:\n\t(string):1: in main chunk",
    "count": 1
  },
  {
    "message": "Lua Error: @/home/osso/.worktrees/wow-ui-sim-p510-page/data/patch-api/evidence/5.1.0-session-2026-10-08/addon-snapshot/SavedInstances/Modules/WorldBoss.lua: Lua error: ...0-08/addon-snapshot/SavedInstances/Modules/WorldBoss.lua:2: attempt to index local 'SI' (a nil value)\nstack traceback:\n\t(string):1: in main chunk\n[Interface/AddOns/Blizzard_ScriptErrors/Blizzard_ScriptErrors.lua]:59: in function 'GetErrorData'\n[Interface/AddOns/Blizzard_ScriptErrors/Blizzard_ScriptErrors.lua]:72: in function <[Interface/AddOns/Blizzard_ScriptErrors/Blizzard_ScriptErrors.lua]:71>",
    "count": 1
  },
  {
    "message": "IO error reading /home/osso/.worktrees/wow-ui-sim-p510-page/data/patch-api/evidence/5.1.0-session-2026-10-08/addon-snapshot/Simulationcraft/libs/AceDB-3.0/AceDB-3.0.lua: No such file or directory (os error 2)\nstack traceback:\n\t(string):1: in main chunk",
    "count": 1
  },
  {
    "message": "Lua Error: IO error reading /home/osso/.worktrees/wow-ui-sim-p510-page/data/patch-api/evidence/5.1.0-session-2026-10-08/addon-snapshot/Simulationcraft/libs/AceDB-3.0/AceDB-3.0.lua: No such file or directory (os error 2)\nstack traceback:\n\t(string):1: in main chunk\n[Interface/AddOns/Blizzard_ScriptErrors/Blizzard_ScriptErrors.lua]:59: in function 'GetErrorData'\n[Interface/AddOns/Blizzard_ScriptErrors/Blizzard_ScriptErrors.lua]:72: in function <[Interface/AddOns/Blizzard_ScriptErrors/Blizzard_ScriptErrors.lua]:71>",
    "count": 1
  },
  {
    "message": "IO error reading /home/osso/.worktrees/wow-ui-sim-p510-page/data/patch-api/evidence/5.1.0-session-2026-10-08/addon-snapshot/Simulationcraft/libs/LibDBIcon-1.0/LibDBIcon-1.0.lua: No such file or directory (os error 2)\nstack traceback:\n\t(string):1: in main chunk",
    "count": 1
  },
  {
    "message": "Lua Error: IO error reading /home/osso/.worktrees/wow-ui-sim-p510-page/data/patch-api/evidence/5.1.0-session-2026-10-08/addon-snapshot/Simulationcraft/libs/LibDBIcon-1.0/LibDBIcon-1.0.lua: No such file or directory (os error 2)\nstack traceback:\n\t(string):1: in main chunk\n[Interface/AddOns/Blizzard_ScriptErrors/Blizzard_ScriptErrors.lua]:59: in function 'GetErrorData'\n[Interface/AddOns/Blizzard_ScriptErrors/Blizzard_ScriptErrors.lua]:72: in function <[Interface/AddOns/Blizzard_ScriptErrors/Blizzard_ScriptErrors.lua]:71>",
    "count": 1
  },
  {
    "message": "@/home/osso/.worktrees/wow-ui-sim-p510-page/data/patch-api/evidence/5.1.0-session-2026-10-08/addon-snapshot/Simulationcraft/core.lua: Lua error: ...ssion-2026-10-08/addon-snapshot/Simulationcraft/core.lua:6: Cannot find a library instance of \"AceAddon-3.0\".\nstack traceback:\n\t(string):1: in main chunk",
    "count": 1
  },
  {
    "message": "Lua Error: @/home/osso/.worktrees/wow-ui-sim-p510-page/data/patch-api/evidence/5.1.0-session-2026-10-08/addon-snapshot/Simulationcraft/core.lua: Lua error: ...ssion-2026-10-08/addon-snapshot/Simulationcraft/core.lua:6: Cannot find a library instance of \"AceAddon-3.0\".\nstack traceback:\n\t(string):1: in main chunk\n[Interface/AddOns/Blizzard_ScriptErrors/Blizzard_ScriptErrors.lua]:59: in function 'GetErrorData'\n[Interface/AddOns/Blizzard_ScriptErrors/Blizzard_ScriptErrors.lua]:72: in function <[Interface/AddOns/Blizzard_ScriptErrors/Blizzard_ScriptErrors.lua]:71>",
    "count": 1
  },
  {
    "message": "IO error reading /home/osso/.worktrees/wow-ui-sim-p510-page/data/patch-api/evidence/5.1.0-session-2026-10-08/addon-snapshot/Syndicator/Libs/LibBattlePetTooltipLine/LibBattlePetTooltipLine.lua: No such file or directory (os error 2)\nstack traceback:\n\t(string):1: in main chunk",
    "count": 1
  },
  {
    "message": "Lua Error: IO error reading /home/osso/.worktrees/wow-ui-sim-p510-page/data/patch-api/evidence/5.1.0-session-2026-10-08/addon-snapshot/Syndicator/Libs/LibBattlePetTooltipLine/LibBattlePetTooltipLine.lua: No such file or directory (os error 2)\nstack traceback:\n\t(string):1: in main chunk\n[Interface/AddOns/Blizzard_ScriptErrors/Blizzard_ScriptErrors.lua]:59: in function 'GetErrorData'\n[Interface/AddOns/Blizzard_ScriptErrors/Blizzard_ScriptErrors.lua]:72: in function <[Interface/AddOns/Blizzard_ScriptErrors/Blizzard_ScriptErrors.lua]:71>",
    "count": 1
  },
  {
    "message": "@/home/osso/.worktrees/wow-ui-sim-p510-page/data/patch-api/evidence/5.1.0-session-2026-10-08/addon-snapshot/Syndicator/Core/Utilities.lua: Lua error: ...-2026-10-08/addon-snapshot/Syndicator/Core/Utilities.lua:66: attempt to index field 'Constants' (a nil value)\nstack traceback:\n\t(string):1: in main chunk",
    "count": 1
  },
  {
    "message": "Lua Error: @/home/osso/.worktrees/wow-ui-sim-p510-page/data/patch-api/evidence/5.1.0-session-2026-10-08/addon-snapshot/Syndicator/Core/Utilities.lua: Lua error: ...-2026-10-08/addon-snapshot/Syndicator/Core/Utilities.lua:66: attempt to index field 'Constants' (a nil value)\nstack traceback:\n\t(string):1: in main chunk\n[Interface/AddOns/Blizzard_ScriptErrors/Blizzard_ScriptErrors.lua]:59: in function 'GetErrorData'\n[Interface/AddOns/Blizzard_ScriptErrors/Blizzard_ScriptErrors.lua]:72: in function <[Interface/AddOns/Blizzard_ScriptErrors/Blizzard_ScriptErrors.lua]:71>",
    "count": 1
  },
  {
    "message": "@/home/osso/.worktrees/wow-ui-sim-p510-page/data/patch-api/evidence/5.1.0-session-2026-10-08/addon-snapshot/Syndicator/Core/Initialize.lua: Lua error: ...2026-10-08/addon-snapshot/Syndicator/Core/Initialize.lua:6: attempt to index field 'Constants' (a nil value)\nstack traceback:\n\t(string):1: in main chunk",
    "count": 1
  },
  {
    "message": "Lua Error: @/home/osso/.worktrees/wow-ui-sim-p510-page/data/patch-api/evidence/5.1.0-session-2026-10-08/addon-snapshot/Syndicator/Core/Initialize.lua: Lua error: ...2026-10-08/addon-snapshot/Syndicator/Core/Initialize.lua:6: attempt to index field 'Constants' (a nil value)\nstack traceback:\n\t(string):1: in main chunk\n[Interface/AddOns/Blizzard_ScriptErrors/Blizzard_ScriptErrors.lua]:59: in function 'GetErrorData'\n[Interface/AddOns/Blizzard_ScriptErrors/Blizzard_ScriptErrors.lua]:72: in function <[Interface/AddOns/Blizzard_ScriptErrors/Blizzard_ScriptErrors.lua]:71>",
    "count": 1
  },
  {
    "message": "@/home/osso/.worktrees/wow-ui-sim-p510-page/data/patch-api/evidence/5.1.0-session-2026-10-08/addon-snapshot/Syndicator/Tracking/BagCache.lua: Lua error: ...26-10-08/addon-snapshot/Syndicator/Tracking/BagCache.lua:10: attempt to index local '(for state)' (a nil value)\nstack traceback:\n\t(string):1: in main chunk",
    "count": 1
  },
  {
    "message": "Lua Error: @/home/osso/.worktrees/wow-ui-sim-p510-page/data/patch-api/evidence/5.1.0-session-2026-10-08/addon-snapshot/Syndicator/Tracking/BagCache.lua: Lua error: ...26-10-08/addon-snapshot/Syndicator/Tracking/BagCache.lua:10: attempt to index local '(for state)' (a nil value)\nstack traceback:\n\t(string):1: in main chunk\n[Interface/AddOns/Blizzard_ScriptErrors/Blizzard_ScriptErrors.lua]:59: in function 'GetErrorData'\n[Interface/AddOns/Blizzard_ScriptErrors/Blizzard_ScriptErrors.lua]:72: in function <[Interface/AddOns/Blizzard_ScriptErrors/Blizzard_ScriptErrors.lua]:71>",
    "count": 1
  },
  {
    "message": "@/home/osso/.worktrees/wow-ui-sim-p510-page/data/patch-api/evidence/5.1.0-session-2026-10-08/addon-snapshot/Syndicator/Tracking/Tooltips.lua: Lua error: ...26-10-08/addon-snapshot/Syndicator/Tracking/Tooltips.lua:6: Cannot find a library instance of \"LibBattlePetTooltipLine-1-0\".\nstack traceback:\n\t(string):1: in main chunk",
    "count": 1
  },
  {
    "message": "Lua Error: @/home/osso/.worktrees/wow-ui-sim-p510-page/data/patch-api/evidence/5.1.0-session-2026-10-08/addon-snapshot/Syndicator/Tracking/Tooltips.lua: Lua error: ...26-10-08/addon-snapshot/Syndicator/Tracking/Tooltips.lua:6: Cannot find a library instance of \"LibBattlePetTooltipLine-1-0\".\nstack traceback:\n\t(string):1: in main chunk\n[Interface/AddOns/Blizzard_ScriptErrors/Blizzard_ScriptErrors.lua]:59: in function 'GetErrorData'\n[Interface/AddOns/Blizzard_ScriptErrors/Blizzard_ScriptErrors.lua]:72: in function <[Interface/AddOns/Blizzard_ScriptErrors/Blizzard_ScriptErrors.lua]:71>",
    "count": 1
  },
  {
    "message": "@/home/osso/.worktrees/wow-ui-sim-p510-page/data/patch-api/evidence/5.1.0-session-2026-10-08/addon-snapshot/Syndicator/Search/CheckItem.lua: Lua error: ...026-10-08/addon-snapshot/Syndicator/Search/CheckItem.lua:25: attempt to index field 'Constants' (a nil value)\nstack traceback:\n\t(string):1: in main chunk",
    "count": 1
  },
  {
    "message": "Lua Error: @/home/osso/.worktrees/wow-ui-sim-p510-page/data/patch-api/evidence/5.1.0-session-2026-10-08/addon-snapshot/Syndicator/Search/CheckItem.lua: Lua error: ...026-10-08/addon-snapshot/Syndicator/Search/CheckItem.lua:25: attempt to index field 'Constants' (a nil value)\nstack traceback:\n\t(string):1: in main chunk\n[Interface/AddOns/Blizzard_ScriptErrors/Blizzard_ScriptErrors.lua]:59: in function 'GetErrorData'\n[Interface/AddOns/Blizzard_ScriptErrors/Blizzard_ScriptErrors.lua]:72: in function <[Interface/AddOns/Blizzard_ScriptErrors/Blizzard_ScriptErrors.lua]:71>",
    "count": 1
  },
  {
    "message": "@/home/osso/.worktrees/wow-ui-sim-p510-page/data/patch-api/evidence/5.1.0-session-2026-10-08/addon-snapshot/Syndicator/Search/UI/Builder.lua: Lua error: ...26-10-08/addon-snapshot/Syndicator/Search/UI/Builder.lua:283: attempt to index field 'Locales' (a nil value)\nstack traceback:\n\t(string):1: in main chunk",
    "count": 1
  },
  {
    "message": "Lua Error: @/home/osso/.worktrees/wow-ui-sim-p510-page/data/patch-api/evidence/5.1.0-session-2026-10-08/addon-snapshot/Syndicator/Search/UI/Builder.lua: Lua error: ...26-10-08/addon-snapshot/Syndicator/Search/UI/Builder.lua:283: attempt to index field 'Locales' (a nil value)\nstack traceback:\n\t(string):1: in main chunk\n[Interface/AddOns/Blizzard_ScriptErrors/Blizzard_ScriptErrors.lua]:59: in function 'GetErrorData'\n[Interface/AddOns/Blizzard_ScriptErrors/Blizzard_ScriptErrors.lua]:72: in function <[Interface/AddOns/Blizzard_ScriptErrors/Blizzard_ScriptErrors.lua]:71>",
    "count": 1
  },
  {
    "message": "@/home/osso/.worktrees/wow-ui-sim-p510-page/data/patch-api/evidence/5.1.0-session-2026-10-08/addon-snapshot/Syndicator/Search/Utilities.lua: Lua error: ...026-10-08/addon-snapshot/Syndicator/Search/Utilities.lua:47: attempt to index field 'Constants' (a nil value)\nstack traceback:\n\t(string):1: in main chunk",
    "count": 1
  },
  {
    "message": "Lua Error: @/home/osso/.worktrees/wow-ui-sim-p510-page/data/patch-api/evidence/5.1.0-session-2026-10-08/addon-snapshot/Syndicator/Search/Utilities.lua: Lua error: ...026-10-08/addon-snapshot/Syndicator/Search/Utilities.lua:47: attempt to index field 'Constants' (a nil value)\nstack traceback:\n\t(string):1: in main chunk\n[Interface/AddOns/Blizzard_ScriptErrors/Blizzard_ScriptErrors.lua]:59: in function 'GetErrorData'\n[Interface/AddOns/Blizzard_ScriptErrors/Blizzard_ScriptErrors.lua]:72: in function <[Interface/AddOns/Blizzard_ScriptErrors/Blizzard_ScriptErrors.lua]:71>",
    "count": 1
  },
  {
    "message": "@/home/osso/.worktrees/wow-ui-sim-p510-page/data/patch-api/evidence/5.1.0-session-2026-10-08/addon-snapshot/CraftSim/Init/GLibs.lua: Lua error: ...ession-2026-10-08/addon-snapshot/CraftSim/Init/GLibs.lua:6: Cannot find a library instance of \"GGUI-2.1\".\nstack traceback:\n\t(string):1: in main chunk",
    "count": 1
  },
  {
    "message": "Lua Error: @/home/osso/.worktrees/wow-ui-sim-p510-page/data/patch-api/evidence/5.1.0-session-2026-10-08/addon-snapshot/CraftSim/Init/GLibs.lua: Lua error: ...ession-2026-10-08/addon-snapshot/CraftSim/Init/GLibs.lua:6: Cannot find a library instance of \"GGUI-2.1\".\nstack traceback:\n\t(string):1: in main chunk\n[Interface/AddOns/Blizzard_ScriptErrors/Blizzard_ScriptErrors.lua]:59: in function 'GetErrorData'\n[Interface/AddOns/Blizzard_ScriptErrors/Blizzard_ScriptErrors.lua]:72: in function <[Interface/AddOns/Blizzard_ScriptErrors/Blizzard_ScriptErrors.lua]:71>",
    "count": 1
  },
  {
    "message": "@/home/osso/.worktrees/wow-ui-sim-p510-page/data/patch-api/evidence/5.1.0-session-2026-10-08/addon-snapshot/CraftSim/Locals/enUS.lua: Lua error: ...ssion-2026-10-08/addon-snapshot/CraftSim/Locals/enUS.lua:5: attempt to index local 'GUTIL' (a nil value)\nstack traceback:\n\t(string):1: in main chunk",
    "count": 1
  },
  {
    "message": "Lua Error: @/home/osso/.worktrees/wow-ui-sim-p510-page/data/patch-api/evidence/5.1.0-session-2026-10-08/addon-snapshot/CraftSim/Locals/enUS.lua: Lua error: ...ssion-2026-10-08/addon-snapshot/CraftSim/Locals/enUS.lua:5: attempt to index local 'GUTIL' (a nil value)\nstack traceback:\n\t(string):1: in main chunk\n[Interface/AddOns/Blizzard_ScriptErrors/Blizzard_ScriptErrors.lua]:59: in function 'GetErrorData'\n[Interface/AddOns/Blizzard_ScriptErrors/Blizzard_ScriptErrors.lua]:72: in function <[Interface/AddOns/Blizzard_ScriptErrors/Blizzard_ScriptErrors.lua]:71>",
    "count": 1
  },
  {
    "message": "@/home/osso/.worktrees/wow-ui-sim-p510-page/data/patch-api/evidence/5.1.0-session-2026-10-08/addon-snapshot/CraftSim/Locals/Localization.lua: Lua error: ...26-10-08/addon-snapshot/CraftSim/Locals/Localization.lua:24: attempt to index field 'LOCAL_EN' (a nil value)\nstack traceback:\n\t(string):1: in main chunk",
    "count": 1
  },
  {
    "message": "Lua Error: @/home/osso/.worktrees/wow-ui-sim-p510-page/data/patch-api/evidence/5.1.0-session-2026-10-08/addon-snapshot/CraftSim/Locals/Localization.lua: Lua error: ...26-10-08/addon-snapshot/CraftSim/Locals/Localization.lua:24: attempt to index field 'LOCAL_EN' (a nil value)\nstack traceback:\n\t(string):1: in main chunk\n[Interface/AddOns/Blizzard_ScriptErrors/Blizzard_ScriptErrors.lua]:59: in function 'GetErrorData'\n[Interface/AddOns/Blizzard_ScriptErrors/Blizzard_ScriptErrors.lua]:72: in function <[Interface/AddOns/Blizzard_ScriptErrors/Blizzard_ScriptErrors.lua]:71>",
    "count": 1
  },
  {
    "message": "@/home/osso/.worktrees/wow-ui-sim-p510-page/data/patch-api/evidence/5.1.0-session-2026-10-08/addon-snapshot/CraftSim/Debug/Debug.lua: Lua error: ...ssion-2026-10-08/addon-snapshot/CraftSim/Debug/Debug.lua:60: attempt to index upvalue 'LibLog' (a nil value)\nstack traceback:\n\t(string):1: in main chunk",
    "count": 1
  },
  {
    "message": "Lua Error: @/home/osso/.worktrees/wow-ui-sim-p510-page/data/patch-api/evidence/5.1.0-session-2026-10-08/addon-snapshot/CraftSim/Debug/Debug.lua: Lua error: ...ssion-2026-10-08/addon-snapshot/CraftSim/Debug/Debug.lua:60: attempt to index upvalue 'LibLog' (a nil value)\nstack traceback:\n\t(string):1: in main chunk\n[Interface/AddOns/Blizzard_ScriptErrors/Blizzard_ScriptErrors.lua]:59: in function 'GetErrorData'\n[Interface/AddOns/Blizzard_ScriptErrors/Blizzard_ScriptErrors.lua]:72: in function <[Interface/AddOns/Blizzard_ScriptErrors/Blizzard_ScriptErrors.lua]:71>",
    "count": 1
  },
  {
    "message": "@/home/osso/.worktrees/wow-ui-sim-p510-page/data/patch-api/evidence/5.1.0-session-2026-10-08/addon-snapshot/CraftSim/Util/Util.lua: Lua error: ...session-2026-10-08/addon-snapshot/CraftSim/Util/Util.lua:7: attempt to index local 'GUTIL' (a nil value)\nstack traceback:\n\t(string):1: in main chunk",
    "count": 1
  },
  {
    "message": "Lua Error: @/home/osso/.worktrees/wow-ui-sim-p510-page/data/patch-api/evidence/5.1.0-session-2026-10-08/addon-snapshot/CraftSim/Util/Util.lua: Lua error: ...session-2026-10-08/addon-snapshot/CraftSim/Util/Util.lua:7: attempt to index local 'GUTIL' (a nil value)\nstack traceback:\n\t(string):1: in main chunk\n[Interface/AddOns/Blizzard_ScriptErrors/Blizzard_ScriptErrors.lua]:59: in function 'GetErrorData'\n[Interface/AddOns/Blizzard_ScriptErrors/Blizzard_ScriptErrors.lua]:72: in function <[Interface/AddOns/Blizzard_ScriptErrors/Blizzard_ScriptErrors.lua]:71>",
    "count": 1
  },
  {
    "message": "@/home/osso/.worktrees/wow-ui-sim-p510-page/data/patch-api/evidence/5.1.0-session-2026-10-08/addon-snapshot/CraftSim/Util/RecipeAcquisition.lua: Lua error: ...10-08/addon-snapshot/CraftSim/Util/RecipeAcquisition.lua:10: attempt to index local 'GUTIL' (a nil value)\nstack traceback:\n\t(string):1: in main chunk",
    "count": 1
  },
  {
    "message": "Lua Error: @/home/osso/.worktrees/wow-ui-sim-p510-page/data/patch-api/evidence/5.1.0-session-2026-10-08/addon-snapshot/CraftSim/Util/RecipeAcquisition.lua: Lua error: ...10-08/addon-snapshot/CraftSim/Util/RecipeAcquisition.lua:10: attempt to index local 'GUTIL' (a nil value)\nstack traceback:\n\t(string):1: in main chunk\n[Interface/AddOns/Blizzard_ScriptErrors/Blizzard_ScriptErrors.lua]:59: in function 'GetErrorData'\n[Interface/AddOns/Blizzard_ScriptErrors/Blizzard_ScriptErrors.lua]:72: in function <[Interface/AddOns/Blizzard_ScriptErrors/Blizzard_ScriptErrors.lua]:71>",
    "count": 1
  },
  {
    "message": "@/home/osso/.worktrees/wow-ui-sim-p510-page/data/patch-api/evidence/5.1.0-session-2026-10-08/addon-snapshot/CraftSim/DB/DB.lua: Lua error: ...1.0-session-2026-10-08/addon-snapshot/CraftSim/DB/DB.lua:6: attempt to index local 'GUTIL' (a nil value)\nstack traceback:\n\t(string):1: in main chunk",
    "count": 1
  },
  {
    "message": "Lua Error: @/home/osso/.worktrees/wow-ui-sim-p510-page/data/patch-api/evidence/5.1.0-session-2026-10-08/addon-snapshot/CraftSim/DB/DB.lua: Lua error: ...1.0-session-2026-10-08/addon-snapshot/CraftSim/DB/DB.lua:6: attempt to index local 'GUTIL' (a nil value)\nstack traceback:\n\t(string):1: in main chunk\n[Interface/AddOns/Blizzard_ScriptErrors/Blizzard_ScriptErrors.lua]:59: in function 'GetErrorData'\n[Interface/AddOns/Blizzard_ScriptErrors/Blizzard_ScriptErrors.lua]:72: in function <[Interface/AddOns/Blizzard_ScriptErrors/Blizzard_ScriptErrors.lua]:71>",
    "count": 1
  },
  {
    "message": "@/home/osso/.worktrees/wow-ui-sim-p510-page/data/patch-api/evidence/5.1.0-session-2026-10-08/addon-snapshot/CraftSim/DB/patronMoxieValuesDB.lua: Lua error: ...10-08/addon-snapshot/CraftSim/DB/patronMoxieValuesDB.lua:9: attempt to index field 'DB' (a nil value)\nstack traceback:\n\t(string):1: in main chunk",
    "count": 1
  },
  {
    "message": "Lua Error: @/home/osso/.worktrees/wow-ui-sim-p510-page/data/patch-api/evidence/5.1.0-session-2026-10-08/addon-snapshot/CraftSim/DB/patronMoxieValuesDB.lua: Lua error: ...10-08/addon-snapshot/CraftSim/DB/patronMoxieValuesDB.lua:9: attempt to index field 'DB' (a nil value)\nstack traceback:\n\t(string):1: in main chunk\n[Interface/AddOns/Blizzard_ScriptErrors/Blizzard_ScriptErrors.lua]:59: in function 'GetErrorData'\n[Interface/AddOns/Blizzard_ScriptErrors/Blizzard_ScriptErrors.lua]:72: in function <[Interface/AddOns/Blizzard_ScriptErrors/Blizzard_ScriptErrors.lua]:71>",
    "count": 1
  },
  {
    "message": "@/home/osso/.worktrees/wow-ui-sim-p510-page/data/patch-api/evidence/5.1.0-session-2026-10-08/addon-snapshot/CraftSim/DB/ItemCountDB.lua: Lua error: ...ssion-2026-10-08/addon-snapshot/CraftSim/Debug/Debug.lua:60: attempt to index upvalue 'LibLog' (a nil value)\nstack traceback:\n\t(string):1: in main chunk",
    "count": 1
  },
  {
    "message": "Lua Error: @/home/osso/.worktrees/wow-ui-sim-p510-page/data/patch-api/evidence/5.1.0-session-2026-10-08/addon-snapshot/CraftSim/DB/ItemCountDB.lua: Lua error: ...ssion-2026-10-08/addon-snapshot/CraftSim/Debug/Debug.lua:60: attempt to index upvalue 'LibLog' (a nil value)\nstack traceback:\n\t(string):1: in main chunk\n[Interface/AddOns/Blizzard_ScriptErrors/Blizzard_ScriptErrors.lua]:59: in function 'GetErrorData'\n[Interface/AddOns/Blizzard_ScriptErrors/Blizzard_ScriptErrors.lua]:72: in function <[Interface/AddOns/Blizzard_ScriptErrors/Blizzard_ScriptErrors.lua]:71>",
    "count": 1
  },
  {
    "message": "@/home/osso/.worktrees/wow-ui-sim-p510-page/data/patch-api/evidence/5.1.0-session-2026-10-08/addon-snapshot/CraftSim/DB/craftQueueDB.lua: Lua error: ...n-2026-10-08/addon-snapshot/CraftSim/DB/craftQueueDB.lua:10: attempt to index field 'DB' (a nil value)\nstack traceback:\n\t(string):1: in main chunk",
    "count": 1
  },
  {
    "message": "Lua Error: @/home/osso/.worktrees/wow-ui-sim-p510-page/data/patch-api/evidence/5.1.0-session-2026-10-08/addon-snapshot/CraftSim/DB/craftQueueDB.lua: Lua error: ...n-2026-10-08/addon-snapshot/CraftSim/DB/craftQueueDB.lua:10: attempt to index field 'DB' (a nil value)\nstack traceback:\n\t(string):1: in main chunk\n[Interface/AddOns/Blizzard_ScriptErrors/Blizzard_ScriptErrors.lua]:59: in function 'GetErrorData'\n[Interface/AddOns/Blizzard_ScriptErrors/Blizzard_ScriptErrors.lua]:72: in function <[Interface/AddOns/Blizzard_ScriptErrors/Blizzard_ScriptErrors.lua]:71>",
    "count": 1
  },
  {
    "message": "@/home/osso/.worktrees/wow-ui-sim-p510-page/data/patch-api/evidence/5.1.0-session-2026-10-08/addon-snapshot/CraftSim/DB/multicraftPreloadDB.lua: Lua error: ...10-08/addon-snapshot/CraftSim/DB/multicraftPreloadDB.lua:10: attempt to index field 'DB' (a nil value)\nstack traceback:\n\t(string):1: in main chunk",
    "count": 1
  },
  {
    "message": "Lua Error: @/home/osso/.worktrees/wow-ui-sim-p510-page/data/patch-api/evidence/5.1.0-session-2026-10-08/addon-snapshot/CraftSim/DB/multicraftPreloadDB.lua: Lua error: ...10-08/addon-snapshot/CraftSim/DB/multicraftPreloadDB.lua:10: attempt to index field 'DB' (a nil value)\nstack traceback:\n\t(string):1: in main chunk\n[Interface/AddOns/Blizzard_ScriptErrors/Blizzard_ScriptErrors.lua]:59: in function 'GetErrorData'\n[Interface/AddOns/Blizzard_ScriptErrors/Blizzard_ScriptErrors.lua]:72: in function <[Interface/AddOns/Blizzard_ScriptErrors/Blizzard_ScriptErrors.lua]:71>",
    "count": 1
  },
  {
    "message": "@/home/osso/.worktrees/wow-ui-sim-p510-page/data/patch-api/evidence/5.1.0-session-2026-10-08/addon-snapshot/CraftSim/Util/Widgets/QualityMeter.lua: Lua error: ...08/addon-snapshot/CraftSim/Util/Widgets/QualityMeter.lua:8: attempt to index local 'GUTIL' (a nil value)\nstack traceback:\n\t(string):1: in main chunk",
    "count": 1
  },
  {
    "message": "Lua Error: @/home/osso/.worktrees/wow-ui-sim-p510-page/data/patch-api/evidence/5.1.0-session-2026-10-08/addon-snapshot/CraftSim/Util/Widgets/QualityMeter.lua: Lua error: ...08/addon-snapshot/CraftSim/Util/Widgets/QualityMeter.lua:8: attempt to index local 'GUTIL' (a nil value)\nstack traceback:\n\t(string):1: in main chunk\n[Interface/AddOns/Blizzard_ScriptErrors/Blizzard_ScriptErrors.lua]:59: in function 'GetErrorData'\n[Interface/AddOns/Blizzard_ScriptErrors/Blizzard_ScriptErrors.lua]:72: in function <[Interface/AddOns/Blizzard_ScriptErrors/Blizzard_ScriptErrors.lua]:71>",
    "count": 1
  },
  {
    "message": "@/home/osso/.worktrees/wow-ui-sim-p510-page/data/patch-api/evidence/5.1.0-session-2026-10-08/addon-snapshot/CraftSim/Pricing/ProfitCalculation.lua: Lua error: ...ssion-2026-10-08/addon-snapshot/CraftSim/Debug/Debug.lua:60: attempt to index upvalue 'LibLog' (a nil value)\nstack traceback:\n\t(string):1: in main chunk",
    "count": 1
  },
  {
    "message": "Lua Error: @/home/osso/.worktrees/wow-ui-sim-p510-page/data/patch-api/evidence/5.1.0-session-2026-10-08/addon-snapshot/CraftSim/Pricing/ProfitCalculation.lua: Lua error: ...ssion-2026-10-08/addon-snapshot/CraftSim/Debug/Debug.lua:60: attempt to index upvalue 'LibLog' (a nil value)\nstack traceback:\n\t(string):1: in main chunk\n[Interface/AddOns/Blizzard_ScriptErrors/Blizzard_ScriptErrors.lua]:59: in function 'GetErrorData'\n[Interface/AddOns/Blizzard_ScriptErrors/Blizzard_ScriptErrors.lua]:72: in function <[Interface/AddOns/Blizzard_ScriptErrors/Blizzard_ScriptErrors.lua]:71>",
    "count": 1
  },
  {
    "message": "@/home/osso/.worktrees/wow-ui-sim-p510-page/data/patch-api/evidence/5.1.0-session-2026-10-08/addon-snapshot/CraftSim/DataSource/PriceSource.lua: Lua error: ...ssion-2026-10-08/addon-snapshot/CraftSim/Debug/Debug.lua:60: attempt to index upvalue 'LibLog' (a nil value)\nstack traceback:\n\t(string):1: in main chunk",
    "count": 1
  },
  {
    "message": "Lua Error: @/home/osso/.worktrees/wow-ui-sim-p510-page/data/patch-api/evidence/5.1.0-session-2026-10-08/addon-snapshot/CraftSim/DataSource/PriceSource.lua: Lua error: ...ssion-2026-10-08/addon-snapshot/CraftSim/Debug/Debug.lua:60: attempt to index upvalue 'LibLog' (a nil value)\nstack traceback:\n\t(string):1: in main chunk\n[Interface/AddOns/Blizzard_ScriptErrors/Blizzard_ScriptErrors.lua]:59: in function 'GetErrorData'\n[Interface/AddOns/Blizzard_ScriptErrors/Blizzard_ScriptErrors.lua]:72: in function <[Interface/AddOns/Blizzard_ScriptErrors/Blizzard_ScriptErrors.lua]:71>",
    "count": 1
  },
  {
    "message": "@/home/osso/.worktrees/wow-ui-sim-p510-page/data/patch-api/evidence/5.1.0-session-2026-10-08/addon-snapshot/CraftSim/DataSource/InventorySource.lua: Lua error: ...ssion-2026-10-08/addon-snapshot/CraftSim/Debug/Debug.lua:60: attempt to index upvalue 'LibLog' (a nil value)\nstack traceback:\n\t(string):1: in main chunk",
    "count": 1
  },
  {
    "message": "Lua Error: @/home/osso/.worktrees/wow-ui-sim-p510-page/data/patch-api/evidence/5.1.0-session-2026-10-08/addon-snapshot/CraftSim/DataSource/InventorySource.lua: Lua error: ...ssion-2026-10-08/addon-snapshot/CraftSim/Debug/Debug.lua:60: attempt to index upvalue 'LibLog' (a nil value)\nstack traceback:\n\t(string):1: in main chunk\n[Interface/AddOns/Blizzard_ScriptErrors/Blizzard_ScriptErrors.lua]:59: in function 'GetErrorData'\n[Interface/AddOns/Blizzard_ScriptErrors/Blizzard_ScriptErrors.lua]:72: in function <[Interface/AddOns/Blizzard_ScriptErrors/Blizzard_ScriptErrors.lua]:71>",
    "count": 1
  },
  {
    "message": "@/home/osso/.worktrees/wow-ui-sim-p510-page/data/patch-api/evidence/5.1.0-session-2026-10-08/addon-snapshot/CraftSim/Modules/Modules.lua: Lua error: ...n-2026-10-08/addon-snapshot/CraftSim/Modules/Modules.lua:63: attempt to index local 'GUTIL' (a nil value)\nstack traceback:\n\t(string):1: in main chunk",
    "count": 1
  },
  {
    "message": "Lua Error: @/home/osso/.worktrees/wow-ui-sim-p510-page/data/patch-api/evidence/5.1.0-session-2026-10-08/addon-snapshot/CraftSim/Modules/Modules.lua: Lua error: ...n-2026-10-08/addon-snapshot/CraftSim/Modules/Modules.lua:63: attempt to index local 'GUTIL' (a nil value)\nstack traceback:\n\t(string):1: in main chunk\n[Interface/AddOns/Blizzard_ScriptErrors/Blizzard_ScriptErrors.lua]:59: in function 'GetErrorData'\n[Interface/AddOns/Blizzard_ScriptErrors/Blizzard_ScriptErrors.lua]:72: in function <[Interface/AddOns/Blizzard_ScriptErrors/Blizzard_ScriptErrors.lua]:71>",
    "count": 1
  },
  {
    "message": "@/home/osso/.worktrees/wow-ui-sim-p510-page/data/patch-api/evidence/5.1.0-session-2026-10-08/addon-snapshot/CraftSim/Modules/ControlPanel/ControlPanel.lua: Lua error: ...-snapshot/CraftSim/Modules/ControlPanel/ControlPanel.lua:9: attempt to call method 'RegisterModule' (a nil value)\nstack traceback:\n\t(string):1: in main chunk",
    "count": 1
  },
  {
    "message": "Lua Error: @/home/osso/.worktrees/wow-ui-sim-p510-page/data/patch-api/evidence/5.1.0-session-2026-10-08/addon-snapshot/CraftSim/Modules/ControlPanel/ControlPanel.lua: Lua error: ...-snapshot/CraftSim/Modules/ControlPanel/ControlPanel.lua:9: attempt to call method 'RegisterModule' (a nil value)\nstack traceback:\n\t(string):1: in main chunk\n[Interface/AddOns/Blizzard_ScriptErrors/Blizzard_ScriptErrors.lua]:59: in function 'GetErrorData'\n[Interface/AddOns/Blizzard_ScriptErrors/Blizzard_ScriptErrors.lua]:72: in function <[Interface/AddOns/Blizzard_ScriptErrors/Blizzard_ScriptErrors.lua]:71>",
    "count": 1
  },
  {
    "message": "@/home/osso/.worktrees/wow-ui-sim-p510-page/data/patch-api/evidence/5.1.0-session-2026-10-08/addon-snapshot/CraftSim/Modules/ItemCount/ItemCount.lua: Lua error: ...ssion-2026-10-08/addon-snapshot/CraftSim/Debug/Debug.lua:60: attempt to index upvalue 'LibLog' (a nil value)\nstack traceback:\n\t(string):1: in main chunk",
    "count": 1
  },
  {
    "message": "Lua Error: @/home/osso/.worktrees/wow-ui-sim-p510-page/data/patch-api/evidence/5.1.0-session-2026-10-08/addon-snapshot/CraftSim/Modules/ItemCount/ItemCount.lua: Lua error: ...ssion-2026-10-08/addon-snapshot/CraftSim/Debug/Debug.lua:60: attempt to index upvalue 'LibLog' (a nil value)\nstack traceback:\n\t(string):1: in main chunk\n[Interface/AddOns/Blizzard_ScriptErrors/Blizzard_ScriptErrors.lua]:59: in function 'GetErrorData'\n[Interface/AddOns/Blizzard_ScriptErrors/Blizzard_ScriptErrors.lua]:72: in function <[Interface/AddOns/Blizzard_ScriptErrors/Blizzard_ScriptErrors.lua]:71>",
    "count": 1
  },
  {
    "message": "@/home/osso/.worktrees/wow-ui-sim-p510-page/data/patch-api/evidence/5.1.0-session-2026-10-08/addon-snapshot/CraftSim/Modules/Disenchant/UI.lua: Lua error: ...-10-08/addon-snapshot/CraftSim/Modules/Disenchant/UI.lua:8: attempt to index field 'DISENCHANT' (a nil value)\nstack traceback:\n\t(string):1: in main chunk",
    "count": 1
  },
  {
    "message": "Lua Error: @/home/osso/.worktrees/wow-ui-sim-p510-page/data/patch-api/evidence/5.1.0-session-2026-10-08/addon-snapshot/CraftSim/Modules/Disenchant/UI.lua: Lua error: ...-10-08/addon-snapshot/CraftSim/Modules/Disenchant/UI.lua:8: attempt to index field 'DISENCHANT' (a nil value)\nstack traceback:\n\t(string):1: in main chunk\n[Interface/AddOns/Blizzard_ScriptErrors/Blizzard_ScriptErrors.lua]:59: in function 'GetErrorData'\n[Interface/AddOns/Blizzard_ScriptErrors/Blizzard_ScriptErrors.lua]:72: in function <[Interface/AddOns/Blizzard_ScriptErrors/Blizzard_ScriptErrors.lua]:71>",
    "count": 1
  },
  {
    "message": "@/home/osso/.worktrees/wow-ui-sim-p510-page/data/patch-api/evidence/5.1.0-session-2026-10-08/addon-snapshot/CraftSim/Modules/Explanations/Explanations.lua: Lua error: ...-snapshot/CraftSim/Modules/Explanations/Explanations.lua:9: attempt to call method 'RegisterModule' (a nil value)\nstack traceback:\n\t(string):1: in main chunk",
    "count": 1
  },
  {
    "message": "Lua Error: @/home/osso/.worktrees/wow-ui-sim-p510-page/data/patch-api/evidence/5.1.0-session-2026-10-08/addon-snapshot/CraftSim/Modules/Explanations/Explanations.lua: Lua error: ...-snapshot/CraftSim/Modules/Explanations/Explanations.lua:9: attempt to call method 'RegisterModule' (a nil value)\nstack traceback:\n\t(string):1: in main chunk\n[Interface/AddOns/Blizzard_ScriptErrors/Blizzard_ScriptErrors.lua]:59: in function 'GetErrorData'\n[Interface/AddOns/Blizzard_ScriptErrors/Blizzard_ScriptErrors.lua]:72: in function <[Interface/AddOns/Blizzard_ScriptErrors/Blizzard_ScriptErrors.lua]:71>",
    "count": 1
  },
  {
    "message": "@/home/osso/.worktrees/wow-ui-sim-p510-page/data/patch-api/evidence/5.1.0-session-2026-10-08/addon-snapshot/CraftSim/Modules/CraftQueue/CraftQueue.lua: Lua error: ...ddon-snapshot/CraftSim/Modules/CraftQueue/CraftQueue.lua:8: attempt to index local 'GUTIL' (a nil value)\nstack traceback:\n\t(string):1: in main chunk",
    "count": 1
  },
  {
    "message": "Lua Error: @/home/osso/.worktrees/wow-ui-sim-p510-page/data/patch-api/evidence/5.1.0-session-2026-10-08/addon-snapshot/CraftSim/Modules/CraftQueue/CraftQueue.lua: Lua error: ...ddon-snapshot/CraftSim/Modules/CraftQueue/CraftQueue.lua:8: attempt to index local 'GUTIL' (a nil value)\nstack traceback:\n\t(string):1: in main chunk\n[Interface/AddOns/Blizzard_ScriptErrors/Blizzard_ScriptErrors.lua]:59: in function 'GetErrorData'\n[Interface/AddOns/Blizzard_ScriptErrors/Blizzard_ScriptErrors.lua]:72: in function <[Interface/AddOns/Blizzard_ScriptErrors/Blizzard_ScriptErrors.lua]:71>",
    "count": 1
  },
  {
    "message": "@/home/osso/.worktrees/wow-ui-sim-p510-page/data/patch-api/evidence/5.1.0-session-2026-10-08/addon-snapshot/CraftSim/Modules/CraftQueue/CraftLists.lua: Lua error: ...ddon-snapshot/CraftSim/Modules/CraftQueue/CraftLists.lua:8: attempt to index local 'GUTIL' (a nil value)\nstack traceback:\n\t(string):1: in main chunk",
    "count": 1
  },
  {
    "message": "Lua Error: @/home/osso/.worktrees/wow-ui-sim-p510-page/data/patch-api/evidence/5.1.0-session-2026-10-08/addon-snapshot/CraftSim/Modules/CraftQueue/CraftLists.lua: Lua error: ...ddon-snapshot/CraftSim/Modules/CraftQueue/CraftLists.lua:8: attempt to index local 'GUTIL' (a nil value)\nstack traceback:\n\t(string):1: in main chunk\n[Interface/AddOns/Blizzard_ScriptErrors/Blizzard_ScriptErrors.lua]:59: in function 'GetErrorData'\n[Interface/AddOns/Blizzard_ScriptErrors/Blizzard_ScriptErrors.lua]:72: in function <[Interface/AddOns/Blizzard_ScriptErrors/Blizzard_ScriptErrors.lua]:71>",
    "count": 1
  },
  {
    "message": "@/home/osso/.worktrees/wow-ui-sim-p510-page/data/patch-api/evidence/5.1.0-session-2026-10-08/addon-snapshot/CraftSim/Modules/CraftQueue/EditRecipe.lua: Lua error: ...ddon-snapshot/CraftSim/Modules/CraftQueue/EditRecipe.lua:8: attempt to index local 'GUTIL' (a nil value)\nstack traceback:\n\t(string):1: in main chunk",
    "count": 1
  },
  {
    "message": "Lua Error: @/home/osso/.worktrees/wow-ui-sim-p510-page/data/patch-api/evidence/5.1.0-session-2026-10-08/addon-snapshot/CraftSim/Modules/CraftQueue/EditRecipe.lua: Lua error: ...ddon-snapshot/CraftSim/Modules/CraftQueue/EditRecipe.lua:8: attempt to index local 'GUTIL' (a nil value)\nstack traceback:\n\t(string):1: in main chunk\n[Interface/AddOns/Blizzard_ScriptErrors/Blizzard_ScriptErrors.lua]:59: in function 'GetErrorData'\n[Interface/AddOns/Blizzard_ScriptErrors/Blizzard_ScriptErrors.lua]:72: in function <[Interface/AddOns/Blizzard_ScriptErrors/Blizzard_ScriptErrors.lua]:71>",
    "count": 1
  },
  {
    "message": "@/home/osso/.worktrees/wow-ui-sim-p510-page/data/patch-api/evidence/5.1.0-session-2026-10-08/addon-snapshot/CraftSim/Modules/Cooldowns/Cooldowns.lua: Lua error: .../addon-snapshot/CraftSim/Modules/Cooldowns/Cooldowns.lua:8: attempt to index local 'GUTIL' (a nil value)\nstack traceback:\n\t(string):1: in main chunk",
    "count": 1
  },
  {
    "message": "Lua Error: @/home/osso/.worktrees/wow-ui-sim-p510-page/data/patch-api/evidence/5.1.0-session-2026-10-08/addon-snapshot/CraftSim/Modules/Cooldowns/Cooldowns.lua: Lua error: .../addon-snapshot/CraftSim/Modules/Cooldowns/Cooldowns.lua:8: attempt to index local 'GUTIL' (a nil value)\nstack traceback:\n\t(string):1: in main chunk\n[Interface/AddOns/Blizzard_ScriptErrors/Blizzard_ScriptErrors.lua]:59: in function 'GetErrorData'\n[Interface/AddOns/Blizzard_ScriptErrors/Blizzard_ScriptErrors.lua]:72: in function <[Interface/AddOns/Blizzard_ScriptErrors/Blizzard_ScriptErrors.lua]:71>",
    "count": 1
  },
  {
    "message": "@/home/osso/.worktrees/wow-ui-sim-p510-page/data/patch-api/evidence/5.1.0-session-2026-10-08/addon-snapshot/CraftSim/Modules/Cooldowns/UI.lua: Lua error: ...6-10-08/addon-snapshot/CraftSim/Modules/Cooldowns/UI.lua:8: attempt to index field 'COOLDOWNS' (a nil value)\nstack traceback:\n\t(string):1: in main chunk",
    "count": 1
  },
  {
    "message": "Lua Error: @/home/osso/.worktrees/wow-ui-sim-p510-page/data/patch-api/evidence/5.1.0-session-2026-10-08/addon-snapshot/CraftSim/Modules/Cooldowns/UI.lua: Lua error: ...6-10-08/addon-snapshot/CraftSim/Modules/Cooldowns/UI.lua:8: attempt to index field 'COOLDOWNS' (a nil value)\nstack traceback:\n\t(string):1: in main chunk\n[Interface/AddOns/Blizzard_ScriptErrors/Blizzard_ScriptErrors.lua]:59: in function 'GetErrorData'\n[Interface/AddOns/Blizzard_ScriptErrors/Blizzard_ScriptErrors.lua]:72: in function <[Interface/AddOns/Blizzard_ScriptErrors/Blizzard_ScriptErrors.lua]:71>",
    "count": 1
  },
  {
    "message": "@/home/osso/.worktrees/wow-ui-sim-p510-page/data/patch-api/evidence/5.1.0-session-2026-10-08/addon-snapshot/CraftSim/Modules/CustomerHistory/CustomerHistory.lua: Lua error: ...hot/CraftSim/Modules/CustomerHistory/CustomerHistory.lua:10: attempt to index local 'GUTIL' (a nil value)\nstack traceback:\n\t(string):1: in main chunk",
    "count": 1
  },
  {
    "message": "Lua Error: @/home/osso/.worktrees/wow-ui-sim-p510-page/data/patch-api/evidence/5.1.0-session-2026-10-08/addon-snapshot/CraftSim/Modules/CustomerHistory/CustomerHistory.lua: Lua error: ...hot/CraftSim/Modules/CustomerHistory/CustomerHistory.lua:10: attempt to index local 'GUTIL' (a nil value)\nstack traceback:\n\t(string):1: in main chunk\n[Interface/AddOns/Blizzard_ScriptErrors/Blizzard_ScriptErrors.lua]:59: in function 'GetErrorData'\n[Interface/AddOns/Blizzard_ScriptErrors/Blizzard_ScriptErrors.lua]:72: in function <[Interface/AddOns/Blizzard_ScriptErrors/Blizzard_ScriptErrors.lua]:71>",
    "count": 1
  },
  {
    "message": "@/home/osso/.worktrees/wow-ui-sim-p510-page/data/patch-api/evidence/5.1.0-session-2026-10-08/addon-snapshot/CraftSim/Modules/Statistics/Statistics.lua: Lua error: ...ddon-snapshot/CraftSim/Modules/Statistics/Statistics.lua:10: attempt to call method 'RegisterModule' (a nil value)\nstack traceback:\n\t(string):1: in main chunk",
    "count": 1
  },
  {
    "message": "Lua Error: @/home/osso/.worktrees/wow-ui-sim-p510-page/data/patch-api/evidence/5.1.0-session-2026-10-08/addon-snapshot/CraftSim/Modules/Statistics/Statistics.lua: Lua error: ...ddon-snapshot/CraftSim/Modules/Statistics/Statistics.lua:10: attempt to call method 'RegisterModule' (a nil value)\nstack traceback:\n\t(string):1: in main chunk\n[Interface/AddOns/Blizzard_ScriptErrors/Blizzard_ScriptErrors.lua]:59: in function 'GetErrorData'\n[Interface/AddOns/Blizzard_ScriptErrors/Blizzard_ScriptErrors.lua]:72: in function <[Interface/AddOns/Blizzard_ScriptErrors/Blizzard_ScriptErrors.lua]:71>",
    "count": 1
  },
  {
    "message": "@/home/osso/.worktrees/wow-ui-sim-p510-page/data/patch-api/evidence/5.1.0-session-2026-10-08/addon-snapshot/CraftSim/Modules/Statistics/UI.lua: Lua error: ...-10-08/addon-snapshot/CraftSim/Modules/Statistics/UI.lua:8: attempt to index local 'GUTIL' (a nil value)\nstack traceback:\n\t(string):1: in main chunk",
    "count": 1
  },
  {
    "message": "Lua Error: @/home/osso/.worktrees/wow-ui-sim-p510-page/data/patch-api/evidence/5.1.0-session-2026-10-08/addon-snapshot/CraftSim/Modules/Statistics/UI.lua: Lua error: ...-10-08/addon-snapshot/CraftSim/Modules/Statistics/UI.lua:8: attempt to index local 'GUTIL' (a nil value)\nstack traceback:\n\t(string):1: in main chunk\n[Interface/AddOns/Blizzard_ScriptErrors/Blizzard_ScriptErrors.lua]:59: in function 'GetErrorData'\n[Interface/AddOns/Blizzard_ScriptErrors/Blizzard_ScriptErrors.lua]:72: in function <[Interface/AddOns/Blizzard_ScriptErrors/Blizzard_ScriptErrors.lua]:71>",
    "count": 1
  },
  {
    "message": "@/home/osso/.worktrees/wow-ui-sim-p510-page/data/patch-api/evidence/5.1.0-session-2026-10-08/addon-snapshot/CraftSim/Modules/CraftLog/UI.lua: Lua error: ...26-10-08/addon-snapshot/CraftSim/Modules/CraftLog/UI.lua:8: attempt to index local 'GUTIL' (a nil value)\nstack traceback:\n\t(string):1: in main chunk",
    "count": 1
  },
  {
    "message": "Lua Error: @/home/osso/.worktrees/wow-ui-sim-p510-page/data/patch-api/evidence/5.1.0-session-2026-10-08/addon-snapshot/CraftSim/Modules/CraftLog/UI.lua: Lua error: ...26-10-08/addon-snapshot/CraftSim/Modules/CraftLog/UI.lua:8: attempt to index local 'GUTIL' (a nil value)\nstack traceback:\n\t(string):1: in main chunk\n[Interface/AddOns/Blizzard_ScriptErrors/Blizzard_ScriptErrors.lua]:59: in function 'GetErrorData'\n[Interface/AddOns/Blizzard_ScriptErrors/Blizzard_ScriptErrors.lua]:72: in function <[Interface/AddOns/Blizzard_ScriptErrors/Blizzard_ScriptErrors.lua]:71>",
    "count": 1
  },
  {
    "message": "@/home/osso/.worktrees/wow-ui-sim-p510-page/data/patch-api/evidence/5.1.0-session-2026-10-08/addon-snapshot/CraftSim/Modules/Pricing/Pricing.lua: Lua error: ...0-08/addon-snapshot/CraftSim/Modules/Pricing/Pricing.lua:10: attempt to call method 'RegisterModule' (a nil value)\nstack traceback:\n\t(string):1: in main chunk",
    "count": 1
  },
  {
    "message": "Lua Error: @/home/osso/.worktrees/wow-ui-sim-p510-page/data/patch-api/evidence/5.1.0-session-2026-10-08/addon-snapshot/CraftSim/Modules/Pricing/Pricing.lua: Lua error: ...0-08/addon-snapshot/CraftSim/Modules/Pricing/Pricing.lua:10: attempt to call method 'RegisterModule' (a nil value)\nstack traceback:\n\t(string):1: in main chunk\n[Interface/AddOns/Blizzard_ScriptErrors/Blizzard_ScriptErrors.lua]:59: in function 'GetErrorData'\n[Interface/AddOns/Blizzard_ScriptErrors/Blizzard_ScriptErrors.lua]:72: in function <[Interface/AddOns/Blizzard_ScriptErrors/Blizzard_ScriptErrors.lua]:71>",
    "count": 1
  },
  {
    "message": "@/home/osso/.worktrees/wow-ui-sim-p510-page/data/patch-api/evidence/5.1.0-session-2026-10-08/addon-snapshot/CraftSim/Modules/Pricing/UI.lua: Lua error: ...ssion-2026-10-08/addon-snapshot/CraftSim/Debug/Debug.lua:60: attempt to index upvalue 'LibLog' (a nil value)\nstack traceback:\n\t(string):1: in main chunk",
    "count": 1
  },
  {
    "message": "Lua Error: @/home/osso/.worktrees/wow-ui-sim-p510-page/data/patch-api/evidence/5.1.0-session-2026-10-08/addon-snapshot/CraftSim/Modules/Pricing/UI.lua: Lua error: ...ssion-2026-10-08/addon-snapshot/CraftSim/Debug/Debug.lua:60: attempt to index upvalue 'LibLog' (a nil value)\nstack traceback:\n\t(string):1: in main chunk\n[Interface/AddOns/Blizzard_ScriptErrors/Blizzard_ScriptErrors.lua]:59: in function 'GetErrorData'\n[Interface/AddOns/Blizzard_ScriptErrors/Blizzard_ScriptErrors.lua]:72: in function <[Interface/AddOns/Blizzard_ScriptErrors/Blizzard_ScriptErrors.lua]:71>",
    "count": 1
  },
  {
    "message": "@/home/osso/.worktrees/wow-ui-sim-p510-page/data/patch-api/evidence/5.1.0-session-2026-10-08/addon-snapshot/CraftSim/Modules/SpecializationInfo/UI.lua: Lua error: ...ddon-snapshot/CraftSim/Modules/SpecializationInfo/UI.lua:7: attempt to index local 'GUTIL' (a nil value)\nstack traceback:\n\t(string):1: in main chunk",
    "count": 1
  },
  {
    "message": "Lua Error: @/home/osso/.worktrees/wow-ui-sim-p510-page/data/patch-api/evidence/5.1.0-session-2026-10-08/addon-snapshot/CraftSim/Modules/SpecializationInfo/UI.lua: Lua error: ...ddon-snapshot/CraftSim/Modules/SpecializationInfo/UI.lua:7: attempt to index local 'GUTIL' (a nil value)\nstack traceback:\n\t(string):1: in main chunk\n[Interface/AddOns/Blizzard_ScriptErrors/Blizzard_ScriptErrors.lua]:59: in function 'GetErrorData'\n[Interface/AddOns/Blizzard_ScriptErrors/Blizzard_ScriptErrors.lua]:72: in function <[Interface/AddOns/Blizzard_ScriptErrors/Blizzard_ScriptErrors.lua]:71>",
    "count": 1
  },
  {
    "message": "@/home/osso/.worktrees/wow-ui-sim-p510-page/data/patch-api/evidence/5.1.0-session-2026-10-08/addon-snapshot/CraftSim/Modules/SimulationMode/Debug.lua: Lua error: ...addon-snapshot/CraftSim/Modules/SimulationMode/Debug.lua:6: attempt to index local 'GUTIL' (a nil value)\nstack traceback:\n\t(string):1: in main chunk",
    "count": 1
  },
  {
    "message": "Lua Error: @/home/osso/.worktrees/wow-ui-sim-p510-page/data/patch-api/evidence/5.1.0-session-2026-10-08/addon-snapshot/CraftSim/Modules/SimulationMode/Debug.lua: Lua error: ...addon-snapshot/CraftSim/Modules/SimulationMode/Debug.lua:6: attempt to index local 'GUTIL' (a nil value)\nstack traceback:\n\t(string):1: in main chunk\n[Interface/AddOns/Blizzard_ScriptErrors/Blizzard_ScriptErrors.lua]:59: in function 'GetErrorData'\n[Interface/AddOns/Blizzard_ScriptErrors/Blizzard_ScriptErrors.lua]:72: in function <[Interface/AddOns/Blizzard_ScriptErrors/Blizzard_ScriptErrors.lua]:71>",
    "count": 1
  },
  {
    "message": "@/home/osso/.worktrees/wow-ui-sim-p510-page/data/patch-api/evidence/5.1.0-session-2026-10-08/addon-snapshot/CraftSim/Modules/SimulationMode/UI.lua: Lua error: ...08/addon-snapshot/CraftSim/Modules/SimulationMode/UI.lua:7: attempt to index local 'GUTIL' (a nil value)\nstack traceback:\n\t(string):1: in main chunk",
    "count": 1
  },
  {
    "message": "Lua Error: @/home/osso/.worktrees/wow-ui-sim-p510-page/data/patch-api/evidence/5.1.0-session-2026-10-08/addon-snapshot/CraftSim/Modules/SimulationMode/UI.lua: Lua error: ...08/addon-snapshot/CraftSim/Modules/SimulationMode/UI.lua:7: attempt to index local 'GUTIL' (a nil value)\nstack traceback:\n\t(string):1: in main chunk\n[Interface/AddOns/Blizzard_ScriptErrors/Blizzard_ScriptErrors.lua]:59: in function 'GetErrorData'\n[Interface/AddOns/Blizzard_ScriptErrors/Blizzard_ScriptErrors.lua]:72: in function <[Interface/AddOns/Blizzard_ScriptErrors/Blizzard_ScriptErrors.lua]:71>",
    "count": 1
  },
  {
    "message": "@/home/osso/.worktrees/wow-ui-sim-p510-page/data/patch-api/evidence/5.1.0-session-2026-10-08/addon-snapshot/CraftSim/Modules/ReagentOptimization/ReagentOptimization.lua: Lua error: ...tSim/Modules/ReagentOptimization/ReagentOptimization.lua:87: attempt to call method 'RegisterModule' (a nil value)\nstack traceback:\n\t(string):1: in main chunk",
    "count": 1
  },
  {
    "message": "Lua Error: @/home/osso/.worktrees/wow-ui-sim-p510-page/data/patch-api/evidence/5.1.0-session-2026-10-08/addon-snapshot/CraftSim/Modules/ReagentOptimization/ReagentOptimization.lua: Lua error: ...tSim/Modules/ReagentOptimization/ReagentOptimization.lua:87: attempt to call method 'RegisterModule' (a nil value)\nstack traceback:\n\t(string):1: in main chunk\n[Interface/AddOns/Blizzard_ScriptErrors/Blizzard_ScriptErrors.lua]:59: in function 'GetErrorData'\n[Interface/AddOns/Blizzard_ScriptErrors/Blizzard_ScriptErrors.lua]:72: in function <[Interface/AddOns/Blizzard_ScriptErrors/Blizzard_ScriptErrors.lua]:71>",
    "count": 1
  },
  {
    "message": "@/home/osso/.worktrees/wow-ui-sim-p510-page/data/patch-api/evidence/5.1.0-session-2026-10-08/addon-snapshot/CraftSim/Modules/ReagentOptimization/UI.lua: Lua error: ...don-snapshot/CraftSim/Modules/ReagentOptimization/UI.lua:6: attempt to index local 'GUTIL' (a nil value)\nstack traceback:\n\t(string):1: in main chunk",
    "count": 1
  },
  {
    "message": "Lua Error: @/home/osso/.worktrees/wow-ui-sim-p510-page/data/patch-api/evidence/5.1.0-session-2026-10-08/addon-snapshot/CraftSim/Modules/ReagentOptimization/UI.lua: Lua error: ...don-snapshot/CraftSim/Modules/ReagentOptimization/UI.lua:6: attempt to index local 'GUTIL' (a nil value)\nstack traceback:\n\t(string):1: in main chunk\n[Interface/AddOns/Blizzard_ScriptErrors/Blizzard_ScriptErrors.lua]:59: in function 'GetErrorData'\n[Interface/AddOns/Blizzard_ScriptErrors/Blizzard_ScriptErrors.lua]:72: in function <[Interface/AddOns/Blizzard_ScriptErrors/Blizzard_ScriptErrors.lua]:71>",
    "count": 1
  },
  {
    "message": "@/home/osso/.worktrees/wow-ui-sim-p510-page/data/patch-api/evidence/5.1.0-session-2026-10-08/addon-snapshot/CraftSim/Modules/TopGear/TopGear.lua: Lua error: ...ssion-2026-10-08/addon-snapshot/CraftSim/Debug/Debug.lua:60: attempt to index upvalue 'LibLog' (a nil value)\nstack traceback:\n\t(string):1: in main chunk",
    "count": 1
  },
  {
    "message": "Lua Error: @/home/osso/.worktrees/wow-ui-sim-p510-page/data/patch-api/evidence/5.1.0-session-2026-10-08/addon-snapshot/CraftSim/Modules/TopGear/TopGear.lua: Lua error: ...ssion-2026-10-08/addon-snapshot/CraftSim/Debug/Debug.lua:60: attempt to index upvalue 'LibLog' (a nil value)\nstack traceback:\n\t(string):1: in main chunk\n[Interface/AddOns/Blizzard_ScriptErrors/Blizzard_ScriptErrors.lua]:59: in function 'GetErrorData'\n[Interface/AddOns/Blizzard_ScriptErrors/Blizzard_ScriptErrors.lua]:72: in function <[Interface/AddOns/Blizzard_ScriptErrors/Blizzard_ScriptErrors.lua]:71>",
    "count": 1
  },
  {
    "message": "@/home/osso/.worktrees/wow-ui-sim-p510-page/data/patch-api/evidence/5.1.0-session-2026-10-08/addon-snapshot/CraftSim/Modules/TopGear/UI.lua: Lua error: ...ssion-2026-10-08/addon-snapshot/CraftSim/Debug/Debug.lua:60: attempt to index upvalue 'LibLog' (a nil value)\nstack traceback:\n\t(string):1: in main chunk",
    "count": 1
  },
  {
    "message": "Lua Error: @/home/osso/.worktrees/wow-ui-sim-p510-page/data/patch-api/evidence/5.1.0-session-2026-10-08/addon-snapshot/CraftSim/Modules/TopGear/UI.lua: Lua error: ...ssion-2026-10-08/addon-snapshot/CraftSim/Debug/Debug.lua:60: attempt to index upvalue 'LibLog' (a nil value)\nstack traceback:\n\t(string):1: in main chunk\n[Interface/AddOns/Blizzard_ScriptErrors/Blizzard_ScriptErrors.lua]:59: in function 'GetErrorData'\n[Interface/AddOns/Blizzard_ScriptErrors/Blizzard_ScriptErrors.lua]:72: in function <[Interface/AddOns/Blizzard_ScriptErrors/Blizzard_ScriptErrors.lua]:71>",
    "count": 1
  },
  {
    "message": "@/home/osso/.worktrees/wow-ui-sim-p510-page/data/patch-api/evidence/5.1.0-session-2026-10-08/addon-snapshot/CraftSim/Modules/RecipeScan/RecipeScan.lua: Lua error: ...ddon-snapshot/CraftSim/Modules/RecipeScan/RecipeScan.lua:11: attempt to call method 'RegisterModule' (a nil value)\nstack traceback:\n\t(string):1: in main chunk",
    "count": 1
  },
  {
    "message": "Lua Error: @/home/osso/.worktrees/wow-ui-sim-p510-page/data/patch-api/evidence/5.1.0-session-2026-10-08/addon-snapshot/CraftSim/Modules/RecipeScan/RecipeScan.lua: Lua error: ...ddon-snapshot/CraftSim/Modules/RecipeScan/RecipeScan.lua:11: attempt to call method 'RegisterModule' (a nil value)\nstack traceback:\n\t(string):1: in main chunk\n[Interface/AddOns/Blizzard_ScriptErrors/Blizzard_ScriptErrors.lua]:59: in function 'GetErrorData'\n[Interface/AddOns/Blizzard_ScriptErrors/Blizzard_ScriptErrors.lua]:72: in function <[Interface/AddOns/Blizzard_ScriptErrors/Blizzard_ScriptErrors.lua]:71>",
    "count": 1
  },
  {
    "message": "@/home/osso/.worktrees/wow-ui-sim-p510-page/data/patch-api/evidence/5.1.0-session-2026-10-08/addon-snapshot/CraftSim/Modules/RecipeScan/UI.lua: Lua error: ...-10-08/addon-snapshot/CraftSim/Modules/RecipeScan/UI.lua:7: attempt to index field 'GUTIL' (a nil value)\nstack traceback:\n\t(string):1: in main chunk",
    "count": 1
  },
  {
    "message": "Lua Error: @/home/osso/.worktrees/wow-ui-sim-p510-page/data/patch-api/evidence/5.1.0-session-2026-10-08/addon-snapshot/CraftSim/Modules/RecipeScan/UI.lua: Lua error: ...-10-08/addon-snapshot/CraftSim/Modules/RecipeScan/UI.lua:7: attempt to index field 'GUTIL' (a nil value)\nstack traceback:\n\t(string):1: in main chunk\n[Interface/AddOns/Blizzard_ScriptErrors/Blizzard_ScriptErrors.lua]:59: in function 'GetErrorData'\n[Interface/AddOns/Blizzard_ScriptErrors/Blizzard_ScriptErrors.lua]:72: in function <[Interface/AddOns/Blizzard_ScriptErrors/Blizzard_ScriptErrors.lua]:71>",
    "count": 1
  },
  {
    "message": "@/home/osso/.worktrees/wow-ui-sim-p510-page/data/patch-api/evidence/5.1.0-session-2026-10-08/addon-snapshot/CraftSim/Modules/Supporters/Supporters.lua: Lua error: ...ddon-snapshot/CraftSim/Modules/Supporters/Supporters.lua:6: attempt to index local 'GUTIL' (a nil value)\nstack traceback:\n\t(string):1: in main chunk",
    "count": 1
  },
  {
    "message": "Lua Error: @/home/osso/.worktrees/wow-ui-sim-p510-page/data/patch-api/evidence/5.1.0-session-2026-10-08/addon-snapshot/CraftSim/Modules/Supporters/Supporters.lua: Lua error: ...ddon-snapshot/CraftSim/Modules/Supporters/Supporters.lua:6: attempt to index local 'GUTIL' (a nil value)\nstack traceback:\n\t(string):1: in main chunk\n[Interface/AddOns/Blizzard_ScriptErrors/Blizzard_ScriptErrors.lua]:59: in function 'GetErrorData'\n[Interface/AddOns/Blizzard_ScriptErrors/Blizzard_ScriptErrors.lua]:72: in function <[Interface/AddOns/Blizzard_ScriptErrors/Blizzard_ScriptErrors.lua]:71>",
    "count": 1
  },
  {
    "message": "@/home/osso/.worktrees/wow-ui-sim-p510-page/data/patch-api/evidence/5.1.0-session-2026-10-08/addon-snapshot/CraftSim/Modules/Supporters/UI.lua: Lua error: ...-10-08/addon-snapshot/CraftSim/Modules/Supporters/UI.lua:6: attempt to index local 'GUTIL' (a nil value)\nstack traceback:\n\t(string):1: in main chunk",
    "count": 1
  },
  {
    "message": "Lua Error: @/home/osso/.worktrees/wow-ui-sim-p510-page/data/patch-api/evidence/5.1.0-session-2026-10-08/addon-snapshot/CraftSim/Modules/Supporters/UI.lua: Lua error: ...-10-08/addon-snapshot/CraftSim/Modules/Supporters/UI.lua:6: attempt to index local 'GUTIL' (a nil value)\nstack traceback:\n\t(string):1: in main chunk\n[Interface/AddOns/Blizzard_ScriptErrors/Blizzard_ScriptErrors.lua]:59: in function 'GetErrorData'\n[Interface/AddOns/Blizzard_ScriptErrors/Blizzard_ScriptErrors.lua]:72: in function <[Interface/AddOns/Blizzard_ScriptErrors/Blizzard_ScriptErrors.lua]:71>",
    "count": 1
  },
  {
    "message": "@/home/osso/.worktrees/wow-ui-sim-p510-page/data/patch-api/evidence/5.1.0-session-2026-10-08/addon-snapshot/CraftSim/Modules/CraftBuffs/CraftBuffs.lua: Lua error: ...ssion-2026-10-08/addon-snapshot/CraftSim/Debug/Debug.lua:60: attempt to index upvalue 'LibLog' (a nil value)\nstack traceback:\n\t(string):1: in main chunk",
    "count": 1
  },
  {
    "message": "Lua Error: @/home/osso/.worktrees/wow-ui-sim-p510-page/data/patch-api/evidence/5.1.0-session-2026-10-08/addon-snapshot/CraftSim/Modules/CraftBuffs/CraftBuffs.lua: Lua error: ...ssion-2026-10-08/addon-snapshot/CraftSim/Debug/Debug.lua:60: attempt to index upvalue 'LibLog' (a nil value)\nstack traceback:\n\t(string):1: in main chunk\n[Interface/AddOns/Blizzard_ScriptErrors/Blizzard_ScriptErrors.lua]:59: in function 'GetErrorData'\n[Interface/AddOns/Blizzard_ScriptErrors/Blizzard_ScriptErrors.lua]:72: in function <[Interface/AddOns/Blizzard_ScriptErrors/Blizzard_ScriptErrors.lua]:71>",
    "count": 1
  },
  {
    "message": "@/home/osso/.worktrees/wow-ui-sim-p510-page/data/patch-api/evidence/5.1.0-session-2026-10-08/addon-snapshot/CraftSim/Modules/CraftBuffs/UI.lua: Lua error: ...-10-08/addon-snapshot/CraftSim/Modules/CraftBuffs/UI.lua:11: attempt to index field 'CRAFT_BUFFS' (a nil value)\nstack traceback:\n\t(string):1: in main chunk",
    "count": 1
  },
  {
    "message": "Lua Error: @/home/osso/.worktrees/wow-ui-sim-p510-page/data/patch-api/evidence/5.1.0-session-2026-10-08/addon-snapshot/CraftSim/Modules/CraftBuffs/UI.lua: Lua error: ...-10-08/addon-snapshot/CraftSim/Modules/CraftBuffs/UI.lua:11: attempt to index field 'CRAFT_BUFFS' (a nil value)\nstack traceback:\n\t(string):1: in main chunk\n[Interface/AddOns/Blizzard_ScriptErrors/Blizzard_ScriptErrors.lua]:59: in function 'GetErrorData'\n[Interface/AddOns/Blizzard_ScriptErrors/Blizzard_ScriptErrors.lua]:72: in function <[Interface/AddOns/Blizzard_ScriptErrors/Blizzard_ScriptErrors.lua]:71>",
    "count": 1
  },
  {
    "message": "@/home/osso/.worktrees/wow-ui-sim-p510-page/data/patch-api/evidence/5.1.0-session-2026-10-08/addon-snapshot/CraftSim/Modules/ConcentrationTracker/ConcentrationTracker.lua: Lua error: ...im/Modules/ConcentrationTracker/ConcentrationTracker.lua:5: attempt to index local 'GUTIL' (a nil value)\nstack traceback:\n\t(string):1: in main chunk",
    "count": 1
  },
  {
    "message": "Lua Error: @/home/osso/.worktrees/wow-ui-sim-p510-page/data/patch-api/evidence/5.1.0-session-2026-10-08/addon-snapshot/CraftSim/Modules/ConcentrationTracker/ConcentrationTracker.lua: Lua error: ...im/Modules/ConcentrationTracker/ConcentrationTracker.lua:5: attempt to index local 'GUTIL' (a nil value)\nstack traceback:\n\t(string):1: in main chunk\n[Interface/AddOns/Blizzard_ScriptErrors/Blizzard_ScriptErrors.lua]:59: in function 'GetErrorData'\n[Interface/AddOns/Blizzard_ScriptErrors/Blizzard_ScriptErrors.lua]:72: in function <[Interface/AddOns/Blizzard_ScriptErrors/Blizzard_ScriptErrors.lua]:71>",
    "count": 1
  },
  {
    "message": "@/home/osso/.worktrees/wow-ui-sim-p510-page/data/patch-api/evidence/5.1.0-session-2026-10-08/addon-snapshot/CraftSim/Modules/ConcentrationTracker/UI.lua: Lua error: ...on-snapshot/CraftSim/Modules/ConcentrationTracker/UI.lua:11: attempt to index field 'CONCENTRATION_TRACKER' (a nil value)\nstack traceback:\n\t(string):1: in main chunk",
    "count": 1
  },
  {
    "message": "Lua Error: @/home/osso/.worktrees/wow-ui-sim-p510-page/data/patch-api/evidence/5.1.0-session-2026-10-08/addon-snapshot/CraftSim/Modules/ConcentrationTracker/UI.lua: Lua error: ...on-snapshot/CraftSim/Modules/ConcentrationTracker/UI.lua:11: attempt to index field 'CONCENTRATION_TRACKER' (a nil value)\nstack traceback:\n\t(string):1: in main chunk\n[Interface/AddOns/Blizzard_ScriptErrors/Blizzard_ScriptErrors.lua]:59: in function 'GetErrorData'\n[Interface/AddOns/Blizzard_ScriptErrors/Blizzard_ScriptErrors.lua]:72: in function <[Interface/AddOns/Blizzard_ScriptErrors/Blizzard_ScriptErrors.lua]:71>",
    "count": 1
  },
  {
    "message": "@/home/osso/.worktrees/wow-ui-sim-p510-page/data/patch-api/evidence/5.1.0-session-2026-10-08/addon-snapshot/CraftSim/Modules/WorkOrderTracker/WorkOrderTracker.lua: Lua error: ...t/CraftSim/Modules/WorkOrderTracker/WorkOrderTracker.lua:8: attempt to index local 'GUTIL' (a nil value)\nstack traceback:\n\t(string):1: in main chunk",
    "count": 1
  },
  {
    "message": "Lua Error: @/home/osso/.worktrees/wow-ui-sim-p510-page/data/patch-api/evidence/5.1.0-session-2026-10-08/addon-snapshot/CraftSim/Modules/WorkOrderTracker/WorkOrderTracker.lua: Lua error: ...t/CraftSim/Modules/WorkOrderTracker/WorkOrderTracker.lua:8: attempt to index local 'GUTIL' (a nil value)\nstack traceback:\n\t(string):1: in main chunk\n[Interface/AddOns/Blizzard_ScriptErrors/Blizzard_ScriptErrors.lua]:59: in function 'GetErrorData'\n[Interface/AddOns/Blizzard_ScriptErrors/Blizzard_ScriptErrors.lua]:72: in function <[Interface/AddOns/Blizzard_ScriptErrors/Blizzard_ScriptErrors.lua]:71>",
    "count": 1
  },
  {
    "message": "@/home/osso/.worktrees/wow-ui-sim-p510-page/data/patch-api/evidence/5.1.0-session-2026-10-08/addon-snapshot/CraftSim/Modules/WorkOrderTracker/UI.lua: Lua error: .../addon-snapshot/CraftSim/Modules/WorkOrderTracker/UI.lua:8: attempt to index field 'WORK_ORDER_TRACKER' (a nil value)\nstack traceback:\n\t(string):1: in main chunk",
    "count": 1
  },
  {
    "message": "Lua Error: @/home/osso/.worktrees/wow-ui-sim-p510-page/data/patch-api/evidence/5.1.0-session-2026-10-08/addon-snapshot/CraftSim/Modules/WorkOrderTracker/UI.lua: Lua error: .../addon-snapshot/CraftSim/Modules/WorkOrderTracker/UI.lua:8: attempt to index field 'WORK_ORDER_TRACKER' (a nil value)\nstack traceback:\n\t(string):1: in main chunk\n[Interface/AddOns/Blizzard_ScriptErrors/Blizzard_ScriptErrors.lua]:59: in function 'GetErrorData'\n[Interface/AddOns/Blizzard_ScriptErrors/Blizzard_ScriptErrors.lua]:72: in function <[Interface/AddOns/Blizzard_ScriptErrors/Blizzard_ScriptErrors.lua]:71>",
    "count": 1
  },
  {
    "message": "@/home/osso/.worktrees/wow-ui-sim-p510-page/data/patch-api/evidence/5.1.0-session-2026-10-08/addon-snapshot/CraftSim/Data/SpecializationData/Dragonflight/Blacksmithing.lua: Lua error: ...m/Data/SpecializationData/Dragonflight/Blacksmithing.lua:3: attempt to index field 'SPECIALIZATION_DATA' (a nil value)\nstack traceback:\n\t(string):1: in main chunk",
    "count": 1
  },
  {
    "message": "Lua Error: @/home/osso/.worktrees/wow-ui-sim-p510-page/data/patch-api/evidence/5.1.0-session-2026-10-08/addon-snapshot/CraftSim/Data/SpecializationData/Dragonflight/Blacksmithing.lua: Lua error: ...m/Data/SpecializationData/Dragonflight/Blacksmithing.lua:3: attempt to index field 'SPECIALIZATION_DATA' (a nil value)\nstack traceback:\n\t(string):1: in main chunk\n[Interface/AddOns/Blizzard_ScriptErrors/Blizzard_ScriptErrors.lua]:59: in function 'GetErrorData'\n[Interface/AddOns/Blizzard_ScriptErrors/Blizzard_ScriptErrors.lua]:72: in function <[Interface/AddOns/Blizzard_ScriptErrors/Blizzard_ScriptErrors.lua]:71>",
    "count": 1
  },
  {
    "message": "@/home/osso/.worktrees/wow-ui-sim-p510-page/data/patch-api/evidence/5.1.0-session-2026-10-08/addon-snapshot/CraftSim/Data/SpecializationData/Dragonflight/Enchanting.lua: Lua error: ...tSim/Data/SpecializationData/Dragonflight/Enchanting.lua:3: attempt to index field 'SPECIALIZATION_DATA' (a nil value)\nstack traceback:\n\t(string):1: in main chunk",
    "count": 1
  },
  {
    "message": "Lua Error: @/home/osso/.worktrees/wow-ui-sim-p510-page/data/patch-api/evidence/5.1.0-session-2026-10-08/addon-snapshot/CraftSim/Data/SpecializationData/Dragonflight/Enchanting.lua: Lua error: ...tSim/Data/SpecializationData/Dragonflight/Enchanting.lua:3: attempt to index field 'SPECIALIZATION_DATA' (a nil value)\nstack traceback:\n\t(string):1: in main chunk\n[Interface/AddOns/Blizzard_ScriptErrors/Blizzard_ScriptErrors.lua]:59: in function 'GetErrorData'\n[Interface/AddOns/Blizzard_ScriptErrors/Blizzard_ScriptErrors.lua]:72: in function <[Interface/AddOns/Blizzard_ScriptErrors/Blizzard_ScriptErrors.lua]:71>",
    "count": 1
  },
  {
    "message": "@/home/osso/.worktrees/wow-ui-sim-p510-page/data/patch-api/evidence/5.1.0-session-2026-10-08/addon-snapshot/CraftSim/Data/SpecializationData/Dragonflight/Leatherworking.lua: Lua error: .../Data/SpecializationData/Dragonflight/Leatherworking.lua:3: attempt to index field 'SPECIALIZATION_DATA' (a nil value)\nstack traceback:\n\t(string):1: in main chunk",
    "count": 1
  },
  {
    "message": "Lua Error: @/home/osso/.worktrees/wow-ui-sim-p510-page/data/patch-api/evidence/5.1.0-session-2026-10-08/addon-snapshot/CraftSim/Data/SpecializationData/Dragonflight/Leatherworking.lua: Lua error: .../Data/SpecializationData/Dragonflight/Leatherworking.lua:3: attempt to index field 'SPECIALIZATION_DATA' (a nil value)\nstack traceback:\n\t(string):1: in main chunk\n[Interface/AddOns/Blizzard_ScriptErrors/Blizzard_ScriptErrors.lua]:59: in function 'GetErrorData'\n[Interface/AddOns/Blizzard_ScriptErrors/Blizzard_ScriptErrors.lua]:72: in function <[Interface/AddOns/Blizzard_ScriptErrors/Blizzard_ScriptErrors.lua]:71>",
    "count": 1
  },
  {
    "message": "@/home/osso/.worktrees/wow-ui-sim-p510-page/data/patch-api/evidence/5.1.0-session-2026-10-08/addon-snapshot/CraftSim/Data/SpecializationData/Dragonflight/Engineering.lua: Lua error: ...Sim/Data/SpecializationData/Dragonflight/Engineering.lua:3: attempt to index field 'SPECIALIZATION_DATA' (a nil value)\nstack traceback:\n\t(string):1: in main chunk",
    "count": 1
  },
  {
    "message": "Lua Error: @/home/osso/.worktrees/wow-ui-sim-p510-page/data/patch-api/evidence/5.1.0-session-2026-10-08/addon-snapshot/CraftSim/Data/SpecializationData/Dragonflight/Engineering.lua: Lua error: ...Sim/Data/SpecializationData/Dragonflight/Engineering.lua:3: attempt to index field 'SPECIALIZATION_DATA' (a nil value)\nstack traceback:\n\t(string):1: in main chunk\n[Interface/AddOns/Blizzard_ScriptErrors/Blizzard_ScriptErrors.lua]:59: in function 'GetErrorData'\n[Interface/AddOns/Blizzard_ScriptErrors/Blizzard_ScriptErrors.lua]:72: in function <[Interface/AddOns/Blizzard_ScriptErrors/Blizzard_ScriptErrors.lua]:71>",
    "count": 1
  },
  {
    "message": "@/home/osso/.worktrees/wow-ui-sim-p510-page/data/patch-api/evidence/5.1.0-session-2026-10-08/addon-snapshot/CraftSim/Data/SpecializationData/The_War_Within/Blacksmithing.lua: Lua error: ...Data/SpecializationData/The_War_Within/Blacksmithing.lua:3: attempt to index field 'SPECIALIZATION_DATA' (a nil value)\nstack traceback:\n\t(string):1: in main chunk",
    "count": 1
  },
  {
    "message": "Lua Error: @/home/osso/.worktrees/wow-ui-sim-p510-page/data/patch-api/evidence/5.1.0-session-2026-10-08/addon-snapshot/CraftSim/Data/SpecializationData/The_War_Within/Blacksmithing.lua: Lua error: ...Data/SpecializationData/The_War_Within/Blacksmithing.lua:3: attempt to index field 'SPECIALIZATION_DATA' (a nil value)\nstack traceback:\n\t(string):1: in main chunk\n[Interface/AddOns/Blizzard_ScriptErrors/Blizzard_ScriptErrors.lua]:59: in function 'GetErrorData'\n[Interface/AddOns/Blizzard_ScriptErrors/Blizzard_ScriptErrors.lua]:72: in function <[Interface/AddOns/Blizzard_ScriptErrors/Blizzard_ScriptErrors.lua]:71>",
    "count": 1
  },
  {
    "message": "@/home/osso/.worktrees/wow-ui-sim-p510-page/data/patch-api/evidence/5.1.0-session-2026-10-08/addon-snapshot/CraftSim/Data/SpecializationData/The_War_Within/Inscription.lua: Lua error: ...m/Data/SpecializationData/The_War_Within/Inscription.lua:3: attempt to index field 'SPECIALIZATION_DATA' (a nil value)\nstack traceback:\n\t(string):1: in main chunk",
    "count": 1
  },
  {
    "message": "Lua Error: @/home/osso/.worktrees/wow-ui-sim-p510-page/data/patch-api/evidence/5.1.0-session-2026-10-08/addon-snapshot/CraftSim/Data/SpecializationData/The_War_Within/Inscription.lua: Lua error: ...m/Data/SpecializationData/The_War_Within/Inscription.lua:3: attempt to index field 'SPECIALIZATION_DATA' (a nil value)\nstack traceback:\n\t(string):1: in main chunk\n[Interface/AddOns/Blizzard_ScriptErrors/Blizzard_ScriptErrors.lua]:59: in function 'GetErrorData'\n[Interface/AddOns/Blizzard_ScriptErrors/Blizzard_ScriptErrors.lua]:72: in function <[Interface/AddOns/Blizzard_ScriptErrors/Blizzard_ScriptErrors.lua]:71>",
    "count": 1
  },
  {
    "message": "@/home/osso/.worktrees/wow-ui-sim-p510-page/data/patch-api/evidence/5.1.0-session-2026-10-08/addon-snapshot/CraftSim/Data/SpecializationData/The_War_Within/Jewelcrafting.lua: Lua error: ...Data/SpecializationData/The_War_Within/Jewelcrafting.lua:3: attempt to index field 'SPECIALIZATION_DATA' (a nil value)\nstack traceback:\n\t(string):1: in main chunk",
    "count": 1
  },
  {
    "message": "Lua Error: @/home/osso/.worktrees/wow-ui-sim-p510-page/data/patch-api/evidence/5.1.0-session-2026-10-08/addon-snapshot/CraftSim/Data/SpecializationData/The_War_Within/Jewelcrafting.lua: Lua error: ...Data/SpecializationData/The_War_Within/Jewelcrafting.lua:3: attempt to index field 'SPECIALIZATION_DATA' (a nil value)\nstack traceback:\n\t(string):1: in main chunk\n[Interface/AddOns/Blizzard_ScriptErrors/Blizzard_ScriptErrors.lua]:59: in function 'GetErrorData'\n[Interface/AddOns/Blizzard_ScriptErrors/Blizzard_ScriptErrors.lua]:72: in function <[Interface/AddOns/Blizzard_ScriptErrors/Blizzard_ScriptErrors.lua]:71>",
    "count": 1
  },
  {
    "message": "@/home/osso/.worktrees/wow-ui-sim-p510-page/data/patch-api/evidence/5.1.0-session-2026-10-08/addon-snapshot/CraftSim/Data/SpecializationData/The_War_Within/Engineering.lua: Lua error: ...m/Data/SpecializationData/The_War_Within/Engineering.lua:3: attempt to index field 'SPECIALIZATION_DATA' (a nil value)\nstack traceback:\n\t(string):1: in main chunk",
    "count": 1
  },
  {
    "message": "Lua Error: @/home/osso/.worktrees/wow-ui-sim-p510-page/data/patch-api/evidence/5.1.0-session-2026-10-08/addon-snapshot/CraftSim/Data/SpecializationData/The_War_Within/Engineering.lua: Lua error: ...m/Data/SpecializationData/The_War_Within/Engineering.lua:3: attempt to index field 'SPECIALIZATION_DATA' (a nil value)\nstack traceback:\n\t(string):1: in main chunk\n[Interface/AddOns/Blizzard_ScriptErrors/Blizzard_ScriptErrors.lua]:59: in function 'GetErrorData'\n[Interface/AddOns/Blizzard_ScriptErrors/Blizzard_ScriptErrors.lua]:72: in function <[Interface/AddOns/Blizzard_ScriptErrors/Blizzard_ScriptErrors.lua]:71>",
    "count": 1
  },
  {
    "message": "@/home/osso/.worktrees/wow-ui-sim-p510-page/data/patch-api/evidence/5.1.0-session-2026-10-08/addon-snapshot/CraftSim/Data/SpecializationData/Midnight/Alchemy.lua: Lua error: ...ot/CraftSim/Data/SpecializationData/Midnight/Alchemy.lua:3: attempt to index field 'SPECIALIZATION_DATA' (a nil value)\nstack traceback:\n\t(string):1: in main chunk",
    "count": 1
  },
  {
    "message": "Lua Error: @/home/osso/.worktrees/wow-ui-sim-p510-page/data/patch-api/evidence/5.1.0-session-2026-10-08/addon-snapshot/CraftSim/Data/SpecializationData/Midnight/Alchemy.lua: Lua error: ...ot/CraftSim/Data/SpecializationData/Midnight/Alchemy.lua:3: attempt to index field 'SPECIALIZATION_DATA' (a nil value)\nstack traceback:\n\t(string):1: in main chunk\n[Interface/AddOns/Blizzard_ScriptErrors/Blizzard_ScriptErrors.lua]:59: in function 'GetErrorData'\n[Interface/AddOns/Blizzard_ScriptErrors/Blizzard_ScriptErrors.lua]:72: in function <[Interface/AddOns/Blizzard_ScriptErrors/Blizzard_ScriptErrors.lua]:71>",
    "count": 1
  },
  {
    "message": "@/home/osso/.worktrees/wow-ui-sim-p510-page/data/patch-api/evidence/5.1.0-session-2026-10-08/addon-snapshot/CraftSim/Data/SpecializationData/Midnight/Enchanting.lua: Lua error: ...CraftSim/Data/SpecializationData/Midnight/Enchanting.lua:3: attempt to index field 'SPECIALIZATION_DATA' (a nil value)\nstack traceback:\n\t(string):1: in main chunk",
    "count": 1
  },
  {
    "message": "Lua Error: @/home/osso/.worktrees/wow-ui-sim-p510-page/data/patch-api/evidence/5.1.0-session-2026-10-08/addon-snapshot/CraftSim/Data/SpecializationData/Midnight/Enchanting.lua: Lua error: ...CraftSim/Data/SpecializationData/Midnight/Enchanting.lua:3: attempt to index field 'SPECIALIZATION_DATA' (a nil value)\nstack traceback:\n\t(string):1: in main chunk\n[Interface/AddOns/Blizzard_ScriptErrors/Blizzard_ScriptErrors.lua]:59: in function 'GetErrorData'\n[Interface/AddOns/Blizzard_ScriptErrors/Blizzard_ScriptErrors.lua]:72: in function <[Interface/AddOns/Blizzard_ScriptErrors/Blizzard_ScriptErrors.lua]:71>",
    "count": 1
  },
  {
    "message": "@/home/osso/.worktrees/wow-ui-sim-p510-page/data/patch-api/evidence/5.1.0-session-2026-10-08/addon-snapshot/CraftSim/Data/SpecializationData/Midnight/Jewelcrafting.lua: Lua error: ...ftSim/Data/SpecializationData/Midnight/Jewelcrafting.lua:3: attempt to index field 'SPECIALIZATION_DATA' (a nil value)\nstack traceback:\n\t(string):1: in main chunk",
    "count": 1
  },
  {
    "message": "Lua Error: @/home/osso/.worktrees/wow-ui-sim-p510-page/data/patch-api/evidence/5.1.0-session-2026-10-08/addon-snapshot/CraftSim/Data/SpecializationData/Midnight/Jewelcrafting.lua: Lua error: ...ftSim/Data/SpecializationData/Midnight/Jewelcrafting.lua:3: attempt to index field 'SPECIALIZATION_DATA' (a nil value)\nstack traceback:\n\t(string):1: in main chunk\n[Interface/AddOns/Blizzard_ScriptErrors/Blizzard_ScriptErrors.lua]:59: in function 'GetErrorData'\n[Interface/AddOns/Blizzard_ScriptErrors/Blizzard_ScriptErrors.lua]:72: in function <[Interface/AddOns/Blizzard_ScriptErrors/Blizzard_ScriptErrors.lua]:71>",
    "count": 1
  },
  {
    "message": "@/home/osso/.worktrees/wow-ui-sim-p510-page/data/patch-api/evidence/5.1.0-session-2026-10-08/addon-snapshot/CraftSim/Data/SpecializationData/Midnight/Tailoring.lua: Lua error: .../CraftSim/Data/SpecializationData/Midnight/Tailoring.lua:3: attempt to index field 'SPECIALIZATION_DATA' (a nil value)\nstack traceback:\n\t(string):1: in main chunk",
    "count": 1
  },
  {
    "message": "Lua Error: @/home/osso/.worktrees/wow-ui-sim-p510-page/data/patch-api/evidence/5.1.0-session-2026-10-08/addon-snapshot/CraftSim/Data/SpecializationData/Midnight/Tailoring.lua: Lua error: .../CraftSim/Data/SpecializationData/Midnight/Tailoring.lua:3: attempt to index field 'SPECIALIZATION_DATA' (a nil value)\nstack traceback:\n\t(string):1: in main chunk\n[Interface/AddOns/Blizzard_ScriptErrors/Blizzard_ScriptErrors.lua]:59: in function 'GetErrorData'\n[Interface/AddOns/Blizzard_ScriptErrors/Blizzard_ScriptErrors.lua]:72: in function <[Interface/AddOns/Blizzard_ScriptErrors/Blizzard_ScriptErrors.lua]:71>",
    "count": 1
  },
  {
    "message": "@/home/osso/.worktrees/wow-ui-sim-p510-page/data/patch-api/evidence/5.1.0-session-2026-10-08/addon-snapshot/CraftSim/Data/SpecializationData/Midnight/Engineering.lua: Lua error: ...raftSim/Data/SpecializationData/Midnight/Engineering.lua:3: attempt to index field 'SPECIALIZATION_DATA' (a nil value)\nstack traceback:\n\t(string):1: in main chunk",
    "count": 1
  },
  {
    "message": "Lua Error: @/home/osso/.worktrees/wow-ui-sim-p510-page/data/patch-api/evidence/5.1.0-session-2026-10-08/addon-snapshot/CraftSim/Data/SpecializationData/Midnight/Engineering.lua: Lua error: ...raftSim/Data/SpecializationData/Midnight/Engineering.lua:3: attempt to index field 'SPECIALIZATION_DATA' (a nil value)\nstack traceback:\n\t(string):1: in main chunk\n[Interface/AddOns/Blizzard_ScriptErrors/Blizzard_ScriptErrors.lua]:59: in function 'GetErrorData'\n[Interface/AddOns/Blizzard_ScriptErrors/Blizzard_ScriptErrors.lua]:72: in function <[Interface/AddOns/Blizzard_ScriptErrors/Blizzard_ScriptErrors.lua]:71>",
    "count": 1
  },
  {
    "message": "@/home/osso/.worktrees/wow-ui-sim-p510-page/data/patch-api/evidence/5.1.0-session-2026-10-08/addon-snapshot/CraftSim/Classes/OnCraftData.lua: Lua error: ...26-10-08/addon-snapshot/CraftSim/Classes/OnCraftData.lua:8: attempt to index field 'CraftSimObject' (a nil value)\nstack traceback:\n\t(string):1: in main chunk",
    "count": 1
  },
  {
    "message": "Lua Error: @/home/osso/.worktrees/wow-ui-sim-p510-page/data/patch-api/evidence/5.1.0-session-2026-10-08/addon-snapshot/CraftSim/Classes/OnCraftData.lua: Lua error: ...26-10-08/addon-snapshot/CraftSim/Classes/OnCraftData.lua:8: attempt to index field 'CraftSimObject' (a nil value)\nstack traceback:\n\t(string):1: in main chunk\n[Interface/AddOns/Blizzard_ScriptErrors/Blizzard_ScriptErrors.lua]:59: in function 'GetErrorData'\n[Interface/AddOns/Blizzard_ScriptErrors/Blizzard_ScriptErrors.lua]:72: in function <[Interface/AddOns/Blizzard_ScriptErrors/Blizzard_ScriptErrors.lua]:71>",
    "count": 1
  },
  {
    "message": "@/home/osso/.worktrees/wow-ui-sim-p510-page/data/patch-api/evidence/5.1.0-session-2026-10-08/addon-snapshot/CraftSim/Classes/ProfessionData.lua: Lua error: ...ssion-2026-10-08/addon-snapshot/CraftSim/Debug/Debug.lua:60: attempt to index upvalue 'LibLog' (a nil value)\nstack traceback:\n\t(string):1: in main chunk",
    "count": 1
  },
  {
    "message": "Lua Error: @/home/osso/.worktrees/wow-ui-sim-p510-page/data/patch-api/evidence/5.1.0-session-2026-10-08/addon-snapshot/CraftSim/Classes/ProfessionData.lua: Lua error: ...ssion-2026-10-08/addon-snapshot/CraftSim/Debug/Debug.lua:60: attempt to index upvalue 'LibLog' (a nil value)\nstack traceback:\n\t(string):1: in main chunk\n[Interface/AddOns/Blizzard_ScriptErrors/Blizzard_ScriptErrors.lua]:59: in function 'GetErrorData'\n[Interface/AddOns/Blizzard_ScriptErrors/Blizzard_ScriptErrors.lua]:72: in function <[Interface/AddOns/Blizzard_ScriptErrors/Blizzard_ScriptErrors.lua]:71>",
    "count": 1
  },
  {
    "message": "@/home/osso/.worktrees/wow-ui-sim-p510-page/data/patch-api/evidence/5.1.0-session-2026-10-08/addon-snapshot/CraftSim/Classes/RecipeData.lua: Lua error: ...ssion-2026-10-08/addon-snapshot/CraftSim/Debug/Debug.lua:60: attempt to index upvalue 'LibLog' (a nil value)\nstack traceback:\n\t(string):1: in main chunk",
    "count": 1
  },
  {
    "message": "Lua Error: @/home/osso/.worktrees/wow-ui-sim-p510-page/data/patch-api/evidence/5.1.0-session-2026-10-08/addon-snapshot/CraftSim/Classes/RecipeData.lua: Lua error: ...ssion-2026-10-08/addon-snapshot/CraftSim/Debug/Debug.lua:60: attempt to index upvalue 'LibLog' (a nil value)\nstack traceback:\n\t(string):1: in main chunk\n[Interface/AddOns/Blizzard_ScriptErrors/Blizzard_ScriptErrors.lua]:59: in function 'GetErrorData'\n[Interface/AddOns/Blizzard_ScriptErrors/Blizzard_ScriptErrors.lua]:72: in function <[Interface/AddOns/Blizzard_ScriptErrors/Blizzard_ScriptErrors.lua]:71>",
    "count": 1
  },
  {
    "message": "@/home/osso/.worktrees/wow-ui-sim-p510-page/data/patch-api/evidence/5.1.0-session-2026-10-08/addon-snapshot/CraftSim/Classes/ReagentItem.lua: Lua error: ...26-10-08/addon-snapshot/CraftSim/Classes/ReagentItem.lua:7: attempt to index field 'CraftSimObject' (a nil value)\nstack traceback:\n\t(string):1: in main chunk",
    "count": 1
  },
  {
    "message": "Lua Error: @/home/osso/.worktrees/wow-ui-sim-p510-page/data/patch-api/evidence/5.1.0-session-2026-10-08/addon-snapshot/CraftSim/Classes/ReagentItem.lua: Lua error: ...26-10-08/addon-snapshot/CraftSim/Classes/ReagentItem.lua:7: attempt to index field 'CraftSimObject' (a nil value)\nstack traceback:\n\t(string):1: in main chunk\n[Interface/AddOns/Blizzard_ScriptErrors/Blizzard_ScriptErrors.lua]:59: in function 'GetErrorData'\n[Interface/AddOns/Blizzard_ScriptErrors/Blizzard_ScriptErrors.lua]:72: in function <[Interface/AddOns/Blizzard_ScriptErrors/Blizzard_ScriptErrors.lua]:71>",
    "count": 1
  },
  {
    "message": "@/home/osso/.worktrees/wow-ui-sim-p510-page/data/patch-api/evidence/5.1.0-session-2026-10-08/addon-snapshot/CraftSim/Classes/ProfessionStats.lua: Lua error: ...0-08/addon-snapshot/CraftSim/Classes/ProfessionStats.lua:6: attempt to index field 'CraftSimObject' (a nil value)\nstack traceback:\n\t(string):1: in main chunk",
    "count": 1
  },
  {
    "message": "Lua Error: @/home/osso/.worktrees/wow-ui-sim-p510-page/data/patch-api/evidence/5.1.0-session-2026-10-08/addon-snapshot/CraftSim/Classes/ProfessionStats.lua: Lua error: ...0-08/addon-snapshot/CraftSim/Classes/ProfessionStats.lua:6: attempt to index field 'CraftSimObject' (a nil value)\nstack traceback:\n\t(string):1: in main chunk\n[Interface/AddOns/Blizzard_ScriptErrors/Blizzard_ScriptErrors.lua]:59: in function 'GetErrorData'\n[Interface/AddOns/Blizzard_ScriptErrors/Blizzard_ScriptErrors.lua]:72: in function <[Interface/AddOns/Blizzard_ScriptErrors/Blizzard_ScriptErrors.lua]:71>",
    "count": 1
  },
  {
    "message": "@/home/osso/.worktrees/wow-ui-sim-p510-page/data/patch-api/evidence/5.1.0-session-2026-10-08/addon-snapshot/CraftSim/Classes/ProfessionStat.lua: Lua error: ...10-08/addon-snapshot/CraftSim/Classes/ProfessionStat.lua:7: attempt to index field 'CraftSimObject' (a nil value)\nstack traceback:\n\t(string):1: in main chunk",
    "count": 1
  },
  {
    "message": "Lua Error: @/home/osso/.worktrees/wow-ui-sim-p510-page/data/patch-api/evidence/5.1.0-session-2026-10-08/addon-snapshot/CraftSim/Classes/ProfessionStat.lua: Lua error: ...10-08/addon-snapshot/CraftSim/Classes/ProfessionStat.lua:7: attempt to index field 'CraftSimObject' (a nil value)\nstack traceback:\n\t(string):1: in main chunk\n[Interface/AddOns/Blizzard_ScriptErrors/Blizzard_ScriptErrors.lua]:59: in function 'GetErrorData'\n[Interface/AddOns/Blizzard_ScriptErrors/Blizzard_ScriptErrors.lua]:72: in function <[Interface/AddOns/Blizzard_ScriptErrors/Blizzard_ScriptErrors.lua]:71>",
    "count": 1
  },
  {
    "message": "@/home/osso/.worktrees/wow-ui-sim-p510-page/data/patch-api/evidence/5.1.0-session-2026-10-08/addon-snapshot/CraftSim/Classes/ProfessionGearSet.lua: Lua error: ...08/addon-snapshot/CraftSim/Classes/ProfessionGearSet.lua:6: attempt to index field 'CraftSimObject' (a nil value)\nstack traceback:\n\t(string):1: in main chunk",
    "count": 1
  },
  {
    "message": "Lua Error: @/home/osso/.worktrees/wow-ui-sim-p510-page/data/patch-api/evidence/5.1.0-session-2026-10-08/addon-snapshot/CraftSim/Classes/ProfessionGearSet.lua: Lua error: ...08/addon-snapshot/CraftSim/Classes/ProfessionGearSet.lua:6: attempt to index field 'CraftSimObject' (a nil value)\nstack traceback:\n\t(string):1: in main chunk\n[Interface/AddOns/Blizzard_ScriptErrors/Blizzard_ScriptErrors.lua]:59: in function 'GetErrorData'\n[Interface/AddOns/Blizzard_ScriptErrors/Blizzard_ScriptErrors.lua]:72: in function <[Interface/AddOns/Blizzard_ScriptErrors/Blizzard_ScriptErrors.lua]:71>",
    "count": 1
  },
  {
    "message": "@/home/osso/.worktrees/wow-ui-sim-p510-page/data/patch-api/evidence/5.1.0-session-2026-10-08/addon-snapshot/CraftSim/Classes/ProfessionGear.lua: Lua error: ...10-08/addon-snapshot/CraftSim/Classes/ProfessionGear.lua:8: attempt to index field 'CraftSimObject' (a nil value)\nstack traceback:\n\t(string):1: in main chunk",
    "count": 1
  },
  {
    "message": "Lua Error: @/home/osso/.worktrees/wow-ui-sim-p510-page/data/patch-api/evidence/5.1.0-session-2026-10-08/addon-snapshot/CraftSim/Classes/ProfessionGear.lua: Lua error: ...10-08/addon-snapshot/CraftSim/Classes/ProfessionGear.lua:8: attempt to index field 'CraftSimObject' (a nil value)\nstack traceback:\n\t(string):1: in main chunk\n[Interface/AddOns/Blizzard_ScriptErrors/Blizzard_ScriptErrors.lua]:59: in function 'GetErrorData'\n[Interface/AddOns/Blizzard_ScriptErrors/Blizzard_ScriptErrors.lua]:72: in function <[Interface/AddOns/Blizzard_ScriptErrors/Blizzard_ScriptErrors.lua]:71>",
    "count": 1
  },
  {
    "message": "@/home/osso/.worktrees/wow-ui-sim-p510-page/data/patch-api/evidence/5.1.0-session-2026-10-08/addon-snapshot/CraftSim/Classes/ResultData.lua: Lua error: ...ssion-2026-10-08/addon-snapshot/CraftSim/Debug/Debug.lua:60: attempt to index upvalue 'LibLog' (a nil value)\nstack traceback:\n\t(string):1: in main chunk",
    "count": 1
  },
  {
    "message": "Lua Error: @/home/osso/.worktrees/wow-ui-sim-p510-page/data/patch-api/evidence/5.1.0-session-2026-10-08/addon-snapshot/CraftSim/Classes/ResultData.lua: Lua error: ...ssion-2026-10-08/addon-snapshot/CraftSim/Debug/Debug.lua:60: attempt to index upvalue 'LibLog' (a nil value)\nstack traceback:\n\t(string):1: in main chunk\n[Interface/AddOns/Blizzard_ScriptErrors/Blizzard_ScriptErrors.lua]:59: in function 'GetErrorData'\n[Interface/AddOns/Blizzard_ScriptErrors/Blizzard_ScriptErrors.lua]:72: in function <[Interface/AddOns/Blizzard_ScriptErrors/Blizzard_ScriptErrors.lua]:71>",
    "count": 1
  },
  {
    "message": "@/home/osso/.worktrees/wow-ui-sim-p510-page/data/patch-api/evidence/5.1.0-session-2026-10-08/addon-snapshot/CraftSim/Classes/SalvageReagentSlot.lua: Lua error: ...8/addon-snapshot/CraftSim/Classes/SalvageReagentSlot.lua:8: attempt to index field 'CraftSimObject' (a nil value)\nstack traceback:\n\t(string):1: in main chunk",
    "count": 1
  },
  {
    "message": "Lua Error: @/home/osso/.worktrees/wow-ui-sim-p510-page/data/patch-api/evidence/5.1.0-session-2026-10-08/addon-snapshot/CraftSim/Classes/SalvageReagentSlot.lua: Lua error: ...8/addon-snapshot/CraftSim/Classes/SalvageReagentSlot.lua:8: attempt to index field 'CraftSimObject' (a nil value)\nstack traceback:\n\t(string):1: in main chunk\n[Interface/AddOns/Blizzard_ScriptErrors/Blizzard_ScriptErrors.lua]:59: in function 'GetErrorData'\n[Interface/AddOns/Blizzard_ScriptErrors/Blizzard_ScriptErrors.lua]:72: in function <[Interface/AddOns/Blizzard_ScriptErrors/Blizzard_ScriptErrors.lua]:71>",
    "count": 1
  },
  {
    "message": "@/home/osso/.worktrees/wow-ui-sim-p510-page/data/patch-api/evidence/5.1.0-session-2026-10-08/addon-snapshot/CraftSim/Classes/SpecializationData.lua: Lua error: ...ssion-2026-10-08/addon-snapshot/CraftSim/Debug/Debug.lua:60: attempt to index upvalue 'LibLog' (a nil value)\nstack traceback:\n\t(string):1: in main chunk",
    "count": 1
  },
  {
    "message": "Lua Error: @/home/osso/.worktrees/wow-ui-sim-p510-page/data/patch-api/evidence/5.1.0-session-2026-10-08/addon-snapshot/CraftSim/Classes/SpecializationData.lua: Lua error: ...ssion-2026-10-08/addon-snapshot/CraftSim/Debug/Debug.lua:60: attempt to index upvalue 'LibLog' (a nil value)\nstack traceback:\n\t(string):1: in main chunk\n[Interface/AddOns/Blizzard_ScriptErrors/Blizzard_ScriptErrors.lua]:59: in function 'GetErrorData'\n[Interface/AddOns/Blizzard_ScriptErrors/Blizzard_ScriptErrors.lua]:72: in function <[Interface/AddOns/Blizzard_ScriptErrors/Blizzard_ScriptErrors.lua]:71>",
    "count": 1
  },
  {
    "message": "@/home/osso/.worktrees/wow-ui-sim-p510-page/data/patch-api/evidence/5.1.0-session-2026-10-08/addon-snapshot/CraftSim/Classes/NodeData.lua: Lua error: ...-2026-10-08/addon-snapshot/CraftSim/Classes/NodeData.lua:6: attempt to index local 'GUTIL' (a nil value)\nstack traceback:\n\t(string):1: in main chunk",
    "count": 1
  },
  {
    "message": "Lua Error: @/home/osso/.worktrees/wow-ui-sim-p510-page/data/patch-api/evidence/5.1.0-session-2026-10-08/addon-snapshot/CraftSim/Classes/NodeData.lua: Lua error: ...-2026-10-08/addon-snapshot/CraftSim/Classes/NodeData.lua:6: attempt to index local 'GUTIL' (a nil value)\nstack traceback:\n\t(string):1: in main chunk\n[Interface/AddOns/Blizzard_ScriptErrors/Blizzard_ScriptErrors.lua]:59: in function 'GetErrorData'\n[Interface/AddOns/Blizzard_ScriptErrors/Blizzard_ScriptErrors.lua]:72: in function <[Interface/AddOns/Blizzard_ScriptErrors/Blizzard_ScriptErrors.lua]:71>",
    "count": 1
  },
  {
    "message": "@/home/osso/.worktrees/wow-ui-sim-p510-page/data/patch-api/evidence/5.1.0-session-2026-10-08/addon-snapshot/CraftSim/Classes/PerkData.lua: Lua error: ...ssion-2026-10-08/addon-snapshot/CraftSim/Debug/Debug.lua:60: attempt to index upvalue 'LibLog' (a nil value)\nstack traceback:\n\t(string):1: in main chunk",
    "count": 1
  },
  {
    "message": "Lua Error: @/home/osso/.worktrees/wow-ui-sim-p510-page/data/patch-api/evidence/5.1.0-session-2026-10-08/addon-snapshot/CraftSim/Classes/PerkData.lua: Lua error: ...ssion-2026-10-08/addon-snapshot/CraftSim/Debug/Debug.lua:60: attempt to index upvalue 'LibLog' (a nil value)\nstack traceback:\n\t(string):1: in main chunk\n[Interface/AddOns/Blizzard_ScriptErrors/Blizzard_ScriptErrors.lua]:59: in function 'GetErrorData'\n[Interface/AddOns/Blizzard_ScriptErrors/Blizzard_ScriptErrors.lua]:72: in function <[Interface/AddOns/Blizzard_ScriptErrors/Blizzard_ScriptErrors.lua]:71>",
    "count": 1
  },
  {
    "message": "@/home/osso/.worktrees/wow-ui-sim-p510-page/data/patch-api/evidence/5.1.0-session-2026-10-08/addon-snapshot/CraftSim/Classes/CraftRecipeData.lua: Lua error: ...0-08/addon-snapshot/CraftSim/Classes/CraftRecipeData.lua:65: attempt to index field 'CraftSimObject' (a nil value)\nstack traceback:\n\t(string):1: in main chunk",
    "count": 1
  },
  {
    "message": "Lua Error: @/home/osso/.worktrees/wow-ui-sim-p510-page/data/patch-api/evidence/5.1.0-session-2026-10-08/addon-snapshot/CraftSim/Classes/CraftRecipeData.lua: Lua error: ...0-08/addon-snapshot/CraftSim/Classes/CraftRecipeData.lua:65: attempt to index field 'CraftSimObject' (a nil value)\nstack traceback:\n\t(string):1: in main chunk\n[Interface/AddOns/Blizzard_ScriptErrors/Blizzard_ScriptErrors.lua]:59: in function 'GetErrorData'\n[Interface/AddOns/Blizzard_ScriptErrors/Blizzard_ScriptErrors.lua]:72: in function <[Interface/AddOns/Blizzard_ScriptErrors/Blizzard_ScriptErrors.lua]:71>",
    "count": 1
  },
  {
    "message": "@/home/osso/.worktrees/wow-ui-sim-p510-page/data/patch-api/evidence/5.1.0-session-2026-10-08/addon-snapshot/CraftSim/Classes/JSONBuilder.lua: Lua error: ...26-10-08/addon-snapshot/CraftSim/Classes/JSONBuilder.lua:7: attempt to index field 'CraftSimObject' (a nil value)\nstack traceback:\n\t(string):1: in main chunk",
    "count": 1
  },
  {
    "message": "Lua Error: @/home/osso/.worktrees/wow-ui-sim-p510-page/data/patch-api/evidence/5.1.0-session-2026-10-08/addon-snapshot/CraftSim/Classes/JSONBuilder.lua: Lua error: ...26-10-08/addon-snapshot/CraftSim/Classes/JSONBuilder.lua:7: attempt to index field 'CraftSimObject' (a nil value)\nstack traceback:\n\t(string):1: in main chunk\n[Interface/AddOns/Blizzard_ScriptErrors/Blizzard_ScriptErrors.lua]:59: in function 'GetErrorData'\n[Interface/AddOns/Blizzard_ScriptErrors/Blizzard_ScriptErrors.lua]:72: in function <[Interface/AddOns/Blizzard_ScriptErrors/Blizzard_ScriptErrors.lua]:71>",
    "count": 1
  },
  {
    "message": "@/home/osso/.worktrees/wow-ui-sim-p510-page/data/patch-api/evidence/5.1.0-session-2026-10-08/addon-snapshot/CraftSim/Classes/Buff.lua: Lua error: ...ssion-2026-10-08/addon-snapshot/CraftSim/Debug/Debug.lua:60: attempt to index upvalue 'LibLog' (a nil value)\nstack traceback:\n\t(string):1: in main chunk",
    "count": 1
  },
  {
    "message": "Lua Error: @/home/osso/.worktrees/wow-ui-sim-p510-page/data/patch-api/evidence/5.1.0-session-2026-10-08/addon-snapshot/CraftSim/Classes/Buff.lua: Lua error: ...ssion-2026-10-08/addon-snapshot/CraftSim/Debug/Debug.lua:60: attempt to index upvalue 'LibLog' (a nil value)\nstack traceback:\n\t(string):1: in main chunk\n[Interface/AddOns/Blizzard_ScriptErrors/Blizzard_ScriptErrors.lua]:59: in function 'GetErrorData'\n[Interface/AddOns/Blizzard_ScriptErrors/Blizzard_ScriptErrors.lua]:72: in function <[Interface/AddOns/Blizzard_ScriptErrors/Blizzard_ScriptErrors.lua]:71>",
    "count": 1
  },
  {
    "message": "@/home/osso/.worktrees/wow-ui-sim-p510-page/data/patch-api/evidence/5.1.0-session-2026-10-08/addon-snapshot/CraftSim/Classes/CraftQueue.lua: Lua error: ...026-10-08/addon-snapshot/CraftSim/Classes/CraftQueue.lua:7: attempt to index field 'CraftSimObject' (a nil value)\nstack traceback:\n\t(string):1: in main chunk",
    "count": 1
  },
  {
    "message": "Lua Error: @/home/osso/.worktrees/wow-ui-sim-p510-page/data/patch-api/evidence/5.1.0-session-2026-10-08/addon-snapshot/CraftSim/Classes/CraftQueue.lua: Lua error: ...026-10-08/addon-snapshot/CraftSim/Classes/CraftQueue.lua:7: attempt to index field 'CraftSimObject' (a nil value)\nstack traceback:\n\t(string):1: in main chunk\n[Interface/AddOns/Blizzard_ScriptErrors/Blizzard_ScriptErrors.lua]:59: in function 'GetErrorData'\n[Interface/AddOns/Blizzard_ScriptErrors/Blizzard_ScriptErrors.lua]:72: in function <[Interface/AddOns/Blizzard_ScriptErrors/Blizzard_ScriptErrors.lua]:71>",
    "count": 1
  },
  {
    "message": "@/home/osso/.worktrees/wow-ui-sim-p510-page/data/patch-api/evidence/5.1.0-session-2026-10-08/addon-snapshot/CraftSim/Classes/CraftQueueItem.lua: Lua error: ...10-08/addon-snapshot/CraftSim/Classes/CraftQueueItem.lua:8: attempt to index field 'CraftSimObject' (a nil value)\nstack traceback:\n\t(string):1: in main chunk",
    "count": 1
  },
  {
    "message": "Lua Error: @/home/osso/.worktrees/wow-ui-sim-p510-page/data/patch-api/evidence/5.1.0-session-2026-10-08/addon-snapshot/CraftSim/Classes/CraftQueueItem.lua: Lua error: ...10-08/addon-snapshot/CraftSim/Classes/CraftQueueItem.lua:8: attempt to index field 'CraftSimObject' (a nil value)\nstack traceback:\n\t(string):1: in main chunk\n[Interface/AddOns/Blizzard_ScriptErrors/Blizzard_ScriptErrors.lua]:59: in function 'GetErrorData'\n[Interface/AddOns/Blizzard_ScriptErrors/Blizzard_ScriptErrors.lua]:72: in function <[Interface/AddOns/Blizzard_ScriptErrors/Blizzard_ScriptErrors.lua]:71>",
    "count": 1
  },
  {
    "message": "IO error reading /home/osso/.worktrees/wow-ui-sim-p510-page/data/patch-api/evidence/5.1.0-session-2026-10-08/addon-snapshot/XIV_Databar_Continued/Libs/CallbackHandler-1.0/CallbackHandler-1.0.lua: No such file or directory (os error 2)\nstack traceback:\n\t(string):1: in main chunk",
    "count": 2
  },
  {
    "message": "Lua Error: IO error reading /home/osso/.worktrees/wow-ui-sim-p510-page/data/patch-api/evidence/5.1.0-session-2026-10-08/addon-snapshot/XIV_Databar_Continued/Libs/CallbackHandler-1.0/CallbackHandler-1.0.lua: No such file or directory (os error 2)\nstack traceback:\n\t(string):1: in main chunk\n[Interface/AddOns/Blizzard_ScriptErrors/Blizzard_ScriptErrors.lua]:59: in function 'GetErrorData'\n[Interface/AddOns/Blizzard_ScriptErrors/Blizzard_ScriptErrors.lua]:72: in function <[Interface/AddOns/Blizzard_ScriptErrors/Blizzard_ScriptErrors.lua]:71>",
    "count": 2
  },
  {
    "message": "@/home/osso/.worktrees/wow-ui-sim-p510-page/data/patch-api/evidence/5.1.0-session-2026-10-08/addon-snapshot/XIV_Databar_Continued/locales/enUS.lua: Lua error: ...08/addon-snapshot/XIV_Databar_Continued/locales/enUS.lua:4: Cannot find a library instance of \"AceLocale-3.0\".\nstack traceback:\n\t(string):1: in main chunk",
    "count": 1
  },
  {
    "message": "Lua Error: @/home/osso/.worktrees/wow-ui-sim-p510-page/data/patch-api/evidence/5.1.0-session-2026-10-08/addon-snapshot/XIV_Databar_Continued/locales/enUS.lua: Lua error: ...08/addon-snapshot/XIV_Databar_Continued/locales/enUS.lua:4: Cannot find a library instance of \"AceLocale-3.0\".\nstack traceback:\n\t(string):1: in main chunk\n[Interface/AddOns/Blizzard_ScriptErrors/Blizzard_ScriptErrors.lua]:59: in function 'GetErrorData'\n[Interface/AddOns/Blizzard_ScriptErrors/Blizzard_ScriptErrors.lua]:72: in function <[Interface/AddOns/Blizzard_ScriptErrors/Blizzard_ScriptErrors.lua]:71>",
    "count": 1
  },
  {
    "message": "@/home/osso/.worktrees/wow-ui-sim-p510-page/data/patch-api/evidence/5.1.0-session-2026-10-08/addon-snapshot/XIV_Databar_Continued/core.lua: Lua error: ...2026-10-08/addon-snapshot/XIV_Databar_Continued/core.lua:6: Cannot find a library instance of \"AceAddon-3.0\".\nstack traceback:\n\t(string):1: in main chunk",
    "count": 1
  },
  {
    "message": "Lua Error: @/home/osso/.worktrees/wow-ui-sim-p510-page/data/patch-api/evidence/5.1.0-session-2026-10-08/addon-snapshot/XIV_Databar_Continued/core.lua: Lua error: ...2026-10-08/addon-snapshot/XIV_Databar_Continued/core.lua:6: Cannot find a library instance of \"AceAddon-3.0\".\nstack traceback:\n\t(string):1: in main chunk\n[Interface/AddOns/Blizzard_ScriptErrors/Blizzard_ScriptErrors.lua]:59: in function 'GetErrorData'\n[Interface/AddOns/Blizzard_ScriptErrors/Blizzard_ScriptErrors.lua]:72: in function <[Interface/AddOns/Blizzard_ScriptErrors/Blizzard_ScriptErrors.lua]:71>",
    "count": 1
  },
  {
    "message": "@/home/osso/.worktrees/wow-ui-sim-p510-page/data/patch-api/evidence/5.1.0-session-2026-10-08/addon-snapshot/XIV_Databar_Continued/options.lua: Lua error: ...6-10-08/addon-snapshot/XIV_Databar_Continued/options.lua:5: Cannot find a library instance of \"AceConfig-3.0\".\nstack traceback:\n\t(string):1: in main chunk",
    "count": 1
  },
  {
    "message": "Lua Error: @/home/osso/.worktrees/wow-ui-sim-p510-page/data/patch-api/evidence/5.1.0-session-2026-10-08/addon-snapshot/XIV_Databar_Continued/options.lua: Lua error: ...6-10-08/addon-snapshot/XIV_Databar_Continued/options.lua:5: Cannot find a library instance of \"AceConfig-3.0\".\nstack traceback:\n\t(string):1: in main chunk\n[Interface/AddOns/Blizzard_ScriptErrors/Blizzard_ScriptErrors.lua]:59: in function 'GetErrorData'\n[Interface/AddOns/Blizzard_ScriptErrors/Blizzard_ScriptErrors.lua]:72: in function <[Interface/AddOns/Blizzard_ScriptErrors/Blizzard_ScriptErrors.lua]:71>",
    "count": 1
  },
  {
    "message": "@/home/osso/.worktrees/wow-ui-sim-p510-page/data/patch-api/evidence/5.1.0-session-2026-10-08/addon-snapshot/XIV_Databar_Continued/Core/utils/changelog/Old/v1/1.0.lua: Lua error: ...IV_Databar_Continued/Core/utils/changelog/Old/v1/1.0.lua:3: attempt to index field 'Changelog' (a nil value)\nstack traceback:\n\t(string):1: in main chunk",
    "count": 1
  },
  {
    "message": "Lua Error: @/home/osso/.worktrees/wow-ui-sim-p510-page/data/patch-api/evidence/5.1.0-session-2026-10-08/addon-snapshot/XIV_Databar_Continued/Core/utils/changelog/Old/v1/1.0.lua: Lua error: ...IV_Databar_Continued/Core/utils/changelog/Old/v1/1.0.lua:3: attempt to index field 'Changelog' (a nil value)\nstack traceback:\n\t(string):1: in main chunk\n[Interface/AddOns/Blizzard_ScriptErrors/Blizzard_ScriptErrors.lua]:59: in function 'GetErrorData'\n[Interface/AddOns/Blizzard_ScriptErrors/Blizzard_ScriptErrors.lua]:72: in function <[Interface/AddOns/Blizzard_ScriptErrors/Blizzard_ScriptErrors.lua]:71>",
    "count": 1
  },
  {
    "message": "@/home/osso/.worktrees/wow-ui-sim-p510-page/data/patch-api/evidence/5.1.0-session-2026-10-08/addon-snapshot/XIV_Databar_Continued/Core/utils/mythicteleports/expansions/classic.lua: Lua error: ...tinued/Core/utils/mythicteleports/expansions/classic.lua:6: attempt to index local 'L' (a nil value)\nstack traceback:\n\t(string):1: in main chunk",
    "count": 1
  },
  {
    "message": "Lua Error: @/home/osso/.worktrees/wow-ui-sim-p510-page/data/patch-api/evidence/5.1.0-session-2026-10-08/addon-snapshot/XIV_Databar_Continued/Core/utils/mythicteleports/expansions/classic.lua: Lua error: ...tinued/Core/utils/mythicteleports/expansions/classic.lua:6: attempt to index local 'L' (a nil value)\nstack traceback:\n\t(string):1: in main chunk\n[Interface/AddOns/Blizzard_ScriptErrors/Blizzard_ScriptErrors.lua]:59: in function 'GetErrorData'\n[Interface/AddOns/Blizzard_ScriptErrors/Blizzard_ScriptErrors.lua]:72: in function <[Interface/AddOns/Blizzard_ScriptErrors/Blizzard_ScriptErrors.lua]:71>",
    "count": 1
  },
  {
    "message": "Lua Error: ...llesmereUICooldownManager/EllesmereUICooldownManager.lua:10032: attempt to call field 'RefreshRotationAssistIcon' (a nil value)\n[Interface/AddOns/Blizzard_ScriptErrors/Blizzard_ScriptErrors.lua]:59: in function 'GetErrorData'\n[Interface/AddOns/Blizzard_ScriptErrors/Blizzard_ScriptErrors.lua]:72: in function <[Interface/AddOns/Blizzard_ScriptErrors/Blizzard_ScriptErrors.lua]:71>\n=(tail call): ?\n=(tail call): ?\n=[C]:: in function 'native_xpcall'\n=(string):11: in function 'RefreshRotationAssistIcon'\n[/home/osso/.worktrees/wow-ui-sim-p510-page/data/patch-api/evidence/5.1.0-session-2026-10-08/addon-snapshot/EllesmereUICooldownManager/EllesmereUICooldownManager.lua]:10032: in function <[/home/osso/.worktrees/wow-ui-sim-p510-page/data/patch-api/evidence/5.1.0-session-2026-10-08/addon-snapshot/EllesmereUICooldownManager/EllesmereUICooldownManager.lua]:9898>\n=(tail call): ?\n=[C]:: in function 'native_xpcall'\n=(string):8: in function <=(string):5>\n=(tail call): ?\n[Interface/AddOns/EllesmereUI/EllesmereUI_Lite.lua]:476: in function 'FlushEnableQueue'\n[Interface/AddOns/EllesmereUI/EllesmereUI_Lite.lua]:551: in function <[Interface/AddOns/EllesmereUI/EllesmereUI_Lite.lua]:493>\n=(tail call): ?\n=(tail call): ?\n=[C]:: in function 'native_xpcall'\n=(string):8: in function <=(string):5>\n=(tail call): ?",
    "count": 1
  },
  {
    "message": "[OnEvent] frame=#48595 addon=EllesmereUI source=@Interface/AddOns/EllesmereUI/EllesmereUI.lua:3429: Interface/AddOns/EllesmereUI/EllesmereUI_UICore.lua:352: attempt to call method 'RefreshPage' (a nil value)\nstack traceback:\n\t(string):12: in function <(string):12>\n\t[C]: in function 'native_xpcall'\n\t(string):11: in function 'RefreshPage'\n\tInterface/AddOns/EllesmereUI/EllesmereUI_UICore.lua:352: in function 'ApplyAccentLive'\n\tInterface/AddOns/EllesmereUI/EllesmereUI_UICore.lua:377: in function 'ApplyAccentColorLive'\n\tInterface/AddOns/EllesmereUI/EllesmereUI.lua:3872: in function <Interface/AddOns/EllesmereUI/EllesmereUI.lua:3429>\n\t(tail call): ?\n\t(tail call): ?\n\t[C]: in function 'native_xpcall'\n\t(string):8: in function <(string):5>\n\t(tail call): ?",
    "count": 1
  },
  {
    "message": "Lua Error: [OnEvent] frame=#48595 addon=EllesmereUI source=@Interface/AddOns/EllesmereUI/EllesmereUI.lua:3429: Interface/AddOns/EllesmereUI/EllesmereUI_UICore.lua:352: attempt to call method 'RefreshPage' (a nil value)\nstack traceback:\n\t(string):12: in function <(string):12>\n\t[C]: in function 'native_xpcall'\n\t(string):11: in function 'RefreshPage'\n\tInterface/AddOns/EllesmereUI/EllesmereUI_UICore.lua:352: in function 'ApplyAccentLive'\n\tInterface/AddOns/EllesmereUI/EllesmereUI_UICore.lua:377: in function 'ApplyAccentColorLive'\n\tInterface/AddOns/EllesmereUI/EllesmereUI.lua:3872: in function <Interface/AddOns/EllesmereUI/EllesmereUI.lua:3429>\n\t(tail call): ?\n\t(tail call): ?\n\t[C]: in function 'native_xpcall'\n\t(string):8: in function <(string):5>\n\t(tail call): ?\n[Interface/AddOns/Blizzard_ScriptErrors/Blizzard_ScriptErrors.lua]:59: in function 'GetErrorData'\n[Interface/AddOns/Blizzard_ScriptErrors/Blizzard_ScriptErrors.lua]:72: in function <[Interface/AddOns/Blizzard_ScriptErrors/Blizzard_ScriptErrors.lua]:71>",
    "count": 1
  },
  {
    "message": "[OnEvent] frame=#48513 addon=DandersFrames source=@/home/osso/.worktrees/wow-ui-sim-p510-page/data/patch-api/evidence/5.1.0-session-2026-10-08/addon-snapshot/DandersFrames/ClickCasting/Events.lua:569: ...-08/addon-snapshot/DandersFrames/ClickCasting/Frames.lua:333: attempt to call method 'CreateHovercastButton' (a nil value)\nstack traceback:\n\t(string):12: in function <(string):12>\n\t[C]: in function 'native_xpcall'\n\t(string):11: in function 'CreateHovercastButton'\n\t...-08/addon-snapshot/DandersFrames/ClickCasting/Frames.lua:333: in function 'InitializeSecureFrames'\n\t...-08/addon-snapshot/DandersFrames/ClickCasting/Frames.lua:49: in function 'Initialize'\n\t...-08/addon-snapshot/DandersFrames/ClickCasting/Events.lua:572: in function <...-08/addon-snapshot/DandersFrames/ClickCasting/Events.lua:569>\n\t(tail call): ?\n\t(tail call): ?\n\t[C]: in function 'native_xpcall'\n\t(string):8: in function <(string):5>\n\t(tail call): ?",
    "count": 1
  },
  {
    "message": "Lua Error: [OnEvent] frame=#48513 addon=DandersFrames source=@/home/osso/.worktrees/wow-ui-sim-p510-page/data/patch-api/evidence/5.1.0-session-2026-10-08/addon-snapshot/DandersFrames/ClickCasting/Events.lua:569: ...-08/addon-snapshot/DandersFrames/ClickCasting/Frames.lua:333: attempt to call method 'CreateHovercastButton' (a nil value)\nstack traceback:\n\t(string):12: in function <(string):12>\n\t[C]: in function 'native_xpcall'\n\t(string):11: in function 'CreateHovercastButton'\n\t...-08/addon-snapshot/DandersFrames/ClickCasting/Frames.lua:333: in function 'InitializeSecureFrames'\n\t...-08/addon-snapshot/DandersFrames/ClickCasting/Frames.lua:49: in function 'Initialize'\n\t...-08/addon-snapshot/DandersFrames/ClickCasting/Events.lua:572: in function <...-08/addon-snapshot/DandersFrames/ClickCasting/Events.lua:569>\n\t(tail call): ?\n\t(tail call): ?\n\t[C]: in function 'native_xpcall'\n\t(string):8: in function <(string):5>\n\t(tail call): ?\n[Interface/AddOns/Blizzard_ScriptErrors/Blizzard_ScriptErrors.lua]:59: in function 'GetErrorData'\n[Interface/AddOns/Blizzard_ScriptErrors/Blizzard_ScriptErrors.lua]:72: in function <[Interface/AddOns/Blizzard_ScriptErrors/Blizzard_ScriptErrors.lua]:71>",
    "count": 1
  },
  {
    "message": "[OnEvent] frame=#48646 addon=EllesmereUICooldownManager source=@Interface/AddOns/EllesmereUI/EllesmereUI_Lite.lua:79: ...llesmereUICooldownManager/EllesmereUICooldownManager.lua:7929: attempt to call field 'RescanTalentCondFlag' (a nil value)\nstack traceback:\n\t(string):12: in function <(string):12>\n\t[C]: in function 'native_xpcall'\n\t(string):11: in function 'RescanTalentCondFlag'\n\t...llesmereUICooldownManager/EllesmereUICooldownManager.lua:7929: in function '(for generator)'\n\t...llesmereUICooldownManager/EllesmereUICooldownManager.lua:8234: in function '_origFullCDMRebuild'\n\t.../EllesmereUICooldownManager/EllesmereUICdmFakeActive.lua:1610: in function 'FullCDMRebuild'\n\t...llesmereUICooldownManager/EllesmereUICooldownManager.lua:10141: in function 'CDMFinishSetup'\n\t...llesmereUICooldownManager/EllesmereUICooldownManager.lua:10044: in function '?'\n\tInterface/AddOns/EllesmereUI/EllesmereUI_Lite.lua:146: in function 'handler'\n\tInterface/AddOns/EllesmereUI/EllesmereUI_Lite.lua:82: in function <Interface/AddOns/EllesmereUI/EllesmereUI_Lite.lua:79>\n\t(tail call): ?\n\t(tail call): ?\n\t[C]: in function 'native_xpcall'\n\t(string):8: in function <(string):5>\n\t(tail call): ?",
    "count": 1
  },
  {
    "message": "Lua Error: [OnEvent] frame=#48646 addon=EllesmereUICooldownManager source=@Interface/AddOns/EllesmereUI/EllesmereUI_Lite.lua:79: ...llesmereUICooldownManager/EllesmereUICooldownManager.lua:7929: attempt to call field 'RescanTalentCondFlag' (a nil value)\nstack traceback:\n\t(string):12: in function <(string):12>\n\t[C]: in function 'native_xpcall'\n\t(string):11: in function 'RescanTalentCondFlag'\n\t...llesmereUICooldownManager/EllesmereUICooldownManager.lua:7929: in function '(for generator)'\n\t...llesmereUICooldownManager/EllesmereUICooldownManager.lua:8234: in function '_origFullCDMRebuild'\n\t.../EllesmereUICooldownManager/EllesmereUICdmFakeActive.lua:1610: in function 'FullCDMRebuild'\n\t...llesmereUICooldownManager/EllesmereUICooldownManager.lua:10141: in function 'CDMFinishSetup'\n\t...llesmereUICooldownManager/EllesmereUICooldownManager.lua:10044: in function '?'\n\tInterface/AddOns/EllesmereUI/EllesmereUI_Lite.lua:146: in function 'handler'\n\tInterface/AddOns/EllesmereUI/EllesmereUI_Lite.lua:82: in function <Interface/AddOns/EllesmereUI/EllesmereUI_Lite.lua:79>\n\t(tail call): ?\n\t(tail call): ?\n\t[C]: in function 'native_xpcall'\n\t(string):8: in function <(string):5>\n\t(tail call): ?\n[Interface/AddOns/Blizzard_ScriptErrors/Blizzard_ScriptErrors.lua]:59: in function 'GetErrorData'\n[Interface/AddOns/Blizzard_ScriptErrors/Blizzard_ScriptErrors.lua]:72: in function <[Interface/AddOns/Blizzard_ScriptErrors/Blizzard_ScriptErrors.lua]:71>",
    "count": 1
  },
  {
    "message": "[OnEvent] frame=FalconAddOnFrame addon=Falcon source=@/home/osso/.worktrees/wow-ui-sim-p510-page/data/patch-api/evidence/5.1.0-session-2026-10-08/addon-snapshot/Falcon/Falcon.lua:333: ....1.0-session-2026-10-08/addon-snapshot/Falcon/Falcon.lua:334: attempt to call method 'IsInEditMode' (a nil value)\nstack traceback:\n\t(string):12: in function <(string):12>\n\t[C]: in function 'native_xpcall'\n\t(string):11: in function 'IsInEditMode'\n\t....1.0-session-2026-10-08/addon-snapshot/Falcon/Falcon.lua:334: in function <....1.0-session-2026-10-08/addon-snapshot/Falcon/Falcon.lua:333>\n\t(tail call): ?\n\t(tail call): ?\n\t[C]: in function 'native_xpcall'\n\t(string):8: in function <(string):5>\n\t(tail call): ?",
    "count": 5
  },
  {
    "message": "Lua Error: [OnEvent] frame=FalconAddOnFrame addon=Falcon source=@/home/osso/.worktrees/wow-ui-sim-p510-page/data/patch-api/evidence/5.1.0-session-2026-10-08/addon-snapshot/Falcon/Falcon.lua:333: ....1.0-session-2026-10-08/addon-snapshot/Falcon/Falcon.lua:334: attempt to call method 'IsInEditMode' (a nil value)\nstack traceback:\n\t(string):12: in function <(string):12>\n\t[C]: in function 'native_xpcall'\n\t(string):11: in function 'IsInEditMode'\n\t....1.0-session-2026-10-08/addon-snapshot/Falcon/Falcon.lua:334: in function <....1.0-session-2026-10-08/addon-snapshot/Falcon/Falcon.lua:333>\n\t(tail call): ?\n\t(tail call): ?\n\t[C]: in function 'native_xpcall'\n\t(string):8: in function <(string):5>\n\t(tail call): ?\n[Interface/AddOns/Blizzard_ScriptErrors/Blizzard_ScriptErrors.lua]:59: in function 'GetErrorData'\n[Interface/AddOns/Blizzard_ScriptErrors/Blizzard_ScriptErrors.lua]:72: in function <[Interface/AddOns/Blizzard_ScriptErrors/Blizzard_ScriptErrors.lua]:71>",
    "count": 5
  },
  {
    "message": "...on-snapshot/BetterBlizzFrames/retail/modules/castbar.lua:1688: attempt to perform arithmetic on local 'w' (a nil value)\nstack traceback:\n\t(string):1: in main chunk",
    "count": 2
  },
  {
    "message": "Lua Error: ...on-snapshot/BetterBlizzFrames/retail/modules/castbar.lua:1688: attempt to perform arithmetic on local 'w' (a nil value)\nstack traceback:\n\t(string):1: in main chunk\n[Interface/AddOns/Blizzard_ScriptErrors/Blizzard_ScriptErrors.lua]:59: in function 'GetErrorData'\n[Interface/AddOns/Blizzard_ScriptErrors/Blizzard_ScriptErrors.lua]:72: in function <[Interface/AddOns/Blizzard_ScriptErrors/Blizzard_ScriptErrors.lua]:71>",
    "count": 2
  },
  {
    "message": "Interface/AddOns/EllesmereUI/EllesmereUI_UICore.lua:1073: attempt to call a nil value\nstack traceback:\n\t(string):1: in main chunk",
    "count": 1
  },
  {
    "message": "Lua Error: Interface/AddOns/EllesmereUI/EllesmereUI_UICore.lua:1073: attempt to call a nil value\nstack traceback:\n\t(string):1: in main chunk\n[Interface/AddOns/Blizzard_ScriptErrors/Blizzard_ScriptErrors.lua]:59: in function 'GetErrorData'\n[Interface/AddOns/Blizzard_ScriptErrors/Blizzard_ScriptErrors.lua]:72: in function <[Interface/AddOns/Blizzard_ScriptErrors/Blizzard_ScriptErrors.lua]:71>",
    "count": 1
  },
  {
    "message": "...6-10-08/addon-snapshot/DandersFrames/Features/Dispel.lua:2974: attempt to call method 'IterateAllFrames' (a nil value)\nstack traceback:\n\t(string):1: in main chunk",
    "count": 1
  },
  {
    "message": "Lua Error: ...6-10-08/addon-snapshot/DandersFrames/Features/Dispel.lua:2974: attempt to call method 'IterateAllFrames' (a nil value)\nstack traceback:\n\t(string):1: in main chunk\n[Interface/AddOns/Blizzard_ScriptErrors/Blizzard_ScriptErrors.lua]:59: in function 'GetErrorData'\n[Interface/AddOns/Blizzard_ScriptErrors/Blizzard_ScriptErrors.lua]:72: in function <[Interface/AddOns/Blizzard_ScriptErrors/Blizzard_ScriptErrors.lua]:71>",
    "count": 1
  }
]
