[  0.000s] [startup] wow-sim process started pid=28708
[  0.000s] Resource limits: 2 CPU core(s)
[  0.000s] [Startup] WowLuaEnv::new begin
[  0.003s] [Startup] SimState::default complete in 3.18ms
[  0.004s] [Startup] rilua VM created in 139.85µs
[  0.004s] [Startup] builtin frames initialized in 101.15µs
[  0.004s] [Startup] template registry cleared in 8.56µs
[  0.004s] [Startup] intrinsic templates registered in 10.33µs
[  0.004s] [Startup] initial app_data lua handle installed in 781.00ns
[  0.189s] [Startup] init_lua_state complete in 185.75ms
[  0.189s] [Startup] final app_data lua handle installed in 371.00ns
[  0.190s] [Startup] initial screen globals installed in 119.94µs
[  0.190s] [Startup] WowLuaEnv::new complete
[  0.190s] [Startup] screen size set to 1600x1200 in 53.48µs
[  0.190s] [Startup] WowFontSystem::new begin casc=false
[  0.197s] [Startup] font system fallback loaded in 7.73ms
[  0.197s] [Startup] cosmic font system built in 9.21µs
[  0.197s] [Startup] swash cache created in 2.59µs
[  0.197s] [Startup] WowFontSystem::new complete in 7.77ms
[  0.197s] [Startup] font system created in 7.78ms
ALSA lib confmisc.c:855:(parse_card) [error.core] cannot find card '0'
ALSA lib conf.c:5211:(_snd_config_evaluate) [error.core] function snd_func_card_inum returned error: No such file or directory
ALSA lib confmisc.c:422:(snd_func_concat) [error.core] error evaluating strings
ALSA lib conf.c:5211:(_snd_config_evaluate) [error.core] function snd_func_concat returned error: No such file or directory
ALSA lib confmisc.c:1342:(snd_func_refer) [error.core] error evaluating name
ALSA lib conf.c:5211:(_snd_config_evaluate) [error.core] function snd_func_refer returned error: No such file or directory
ALSA lib conf.c:5734:(snd_config_expand) [error.core] Evaluate error: No such file or directory
ALSA lib pcm.c:2722:(snd_pcm_open_noupdate) [error.pcm] Unknown PCM default
[  0.199s] Sound: no audio device available
[  0.199s] [Startup] begin stop GC
[  0.199s] [Startup] end stop GC in 241.00ns
[  0.199s] [Startup] begin configure saved variables
[  0.199s] SavedVariables loading disabled
[  0.199s] [Startup] end configure saved variables in 2.09µs
[  0.199s] [Startup] begin load keybindings
[  0.199s] [Startup] end load keybindings in 150.00ns
[  0.199s] [Startup] begin configure edit mode cache
[  0.199s] EditMode cache source (read-only): 50868465#2 @ Burning Blade/Haky
[  0.199s] [Startup] end configure edit mode cache in 44.52µs
[  0.199s] [Startup] begin read ServerSnapshot edit mode layout
[  0.199s] [Startup] end read ServerSnapshot edit mode layout in 30.00ns
[  0.199s] [Startup] begin load edit mode cache
[  0.200s] Loaded EditMode layout cache from WTF
[  0.200s] [Startup] end load edit mode cache in 172.79µs
[  0.200s] [Startup] begin load ServerSnapshot character state
[  0.200s] [Startup] end load ServerSnapshot character state in 40.00ns
[  0.200s] [Startup] begin load Blizzard addons
[  0.211s] Loading 291 Blizzard addons...
[  3.447s] Blizzard addons loaded in 3.25s (io=9.05ms xml=187.52ms xmlproc=2.12s frames⊂xmlproc=2.10s lua=647.39ms [compile=535.91ms call=111.48ms] gc=deferred, bytecode cache: 0/1569 hits (0%, lookup_miss=0 replay_fail=0 stored=0 store_fail=0))
  frame breakdown: setup=1.01s finalize=2.49s (2482 frames)
  setup: code_build=11.93ms exec_lua=1.00s props=9.53ms
  finalize: layers=89.04ms (1151 tex, 689 fs) anim=25.96ms button=49.96ms lifecycle=876.83ms (1761 fires)
[  3.447s] [Startup] end load Blizzard addons in 3.25s
[  3.447s] [Startup] begin prepare chat frame for third-party addons
[  3.447s] [Startup] end prepare chat frame for third-party addons in 747.48µs
[  3.447s] [Startup] begin apply post-Blizzard load workarounds
[  3.447s] [Startup] applying post-load workarounds
[  3.447s] [Startup] apply_post_load_workarounds: begin
[  3.447s] [Workarounds] starting patch_edit_mode_manager
[  3.448s] [Workarounds] finished patch_edit_mode_manager in 324.23µs
[  3.448s] [Workarounds] starting init_edit_mode_layout
[  3.448s] [EditMode] starting setup_layout_info
[  3.452s] [EditMode] finished setup_layout_info in 4.73ms
[  3.452s] [EditMode] starting apply_system_anchors
[  3.619s] [EditMode] finished apply_system_anchors in 166.27ms
[  3.619s] [EditMode] starting finalize_action_bar_positions
[  3.621s] [EditMode] finished finalize_action_bar_positions in 2.06ms
[  3.621s] [EditMode] starting invoke_anchor_changed_hooks
[  3.621s] [EditMode] finished invoke_anchor_changed_hooks in 439.50µs
[  3.621s] [EditMode] starting fix_action_bar_nan_size
[  3.621s] [EditMode] finished fix_action_bar_nan_size in 46.54µs
[  3.621s] [EditMode] starting fix_action_bar_scale
[  3.621s] [EditMode] finished fix_action_bar_scale in 4.68µs
[  3.621s] [Workarounds] finished init_edit_mode_layout in 173.63ms
[  3.621s] [Workarounds] starting patch_ui_parent_panel_toggles
[  3.621s] [Workarounds] finished patch_ui_parent_panel_toggles in 236.72µs
[  3.621s] [Workarounds] starting patch_uiparent_onupdate_worklists
[  3.621s] [Workarounds] finished patch_uiparent_onupdate_worklists in 94.54µs
[  3.621s] [Workarounds] starting init_chat_type_colors
[  3.622s] [Workarounds] finished init_chat_type_colors in 124.34µs
[  3.622s] [Workarounds] starting patch_chat_voice_button_surface
[  3.622s] [Workarounds] finished patch_chat_voice_button_surface in 125.35µs
[  3.622s] [Workarounds] starting patch_item_socketing_tooltips
[  3.622s] [Workarounds] finished patch_item_socketing_tooltips in 57.41µs
[  3.622s] [Workarounds] starting patch_character_select_selected_name
[  3.622s] [Workarounds] finished patch_character_select_selected_name in 29.84µs
[  3.622s] [Workarounds] starting patch_character_create_defaults
[  3.622s] [Workarounds] finished patch_character_create_defaults in 217.68µs
[  3.622s] [Workarounds] starting patch_character_frame_title_refresh
[  3.628s] [Workarounds] finished patch_character_frame_title_refresh in 5.98ms
[  3.628s] [Workarounds] starting patch_vignette_pin_template
[  3.628s] [Workarounds] finished patch_vignette_pin_template in 128.93µs
[  3.628s] [Workarounds] starting patch_fog_of_war_pin_mixin
[  3.629s] [Workarounds] finished patch_fog_of_war_pin_mixin in 360.81µs
[  3.629s] [Workarounds] starting patch_map_exploration_pin_mixin
[  3.636s] [Workarounds] finished patch_map_exploration_pin_mixin in 7.80ms
[  3.636s] [Workarounds] starting patch_map_canvas_data_provider_attachment
[  3.637s] [Workarounds] finished patch_map_canvas_data_provider_attachment in 143.58µs
[  3.637s] [Workarounds] starting ensure_adventure_map_frame_surface
[  3.637s] [Workarounds] finished ensure_adventure_map_frame_surface in 778.84µs
[  3.637s] [Workarounds] starting patch_action_bar_button_event_fanout
[  3.638s] [Workarounds] finished patch_action_bar_button_event_fanout in 213.71µs
[  3.638s] [Workarounds] starting patch_paging_controls_page_text
[  3.638s] [Workarounds] finished patch_paging_controls_page_text in 71.28µs
[  3.638s] [Workarounds] starting patch_talent_edge_frame_level_sync
[  3.638s] [Workarounds] finished patch_talent_edge_frame_level_sync in 35.58µs
[  3.638s] [Workarounds] starting patch_catalog_shop_product_card_defaults
[  3.638s] [Workarounds] finished patch_catalog_shop_product_card_defaults in 70.66µs
[  3.638s] [Workarounds] starting patch_game_time_defaults
[  3.638s] [Workarounds] finished patch_game_time_defaults in 9.34µs
[  3.638s] [Workarounds] starting patch_tooltip_nineslice_surface
[  3.638s] [Workarounds] finished patch_tooltip_nineslice_surface in 59.92µs
[  3.638s] [Workarounds] starting patch_container_frame_token_tracker
[  3.638s] [Workarounds] finished patch_container_frame_token_tracker in 54.00µs
[  3.638s] [Workarounds] starting patch_achievement_display_set_achievements
[  3.638s] [Workarounds] finished patch_achievement_display_set_achievements in 9.25µs
[  3.638s] [Workarounds] starting patch_housing_dashboard_preload
[  3.638s] [Workarounds] finished patch_housing_dashboard_preload in 242.88µs
[  3.638s] [Workarounds] starting patch_lfg_lock_list
[  3.638s] [Workarounds] finished patch_lfg_lock_list in 67.10µs
[  3.638s] [Workarounds] starting patch_auction_house_browse_results_event
[  3.638s] [Workarounds] finished patch_auction_house_browse_results_event in 77.44µs
[  3.638s] [Workarounds] starting patch_auction_house_search_context_aliases
[  3.638s] [Workarounds] finished patch_auction_house_search_context_aliases in 38.04µs
[  3.638s] [Workarounds] starting patch_auth_challenge_frame_parent
[  3.638s] [Workarounds] finished patch_auth_challenge_frame_parent in 111.91µs
[  3.638s] [Workarounds] starting patch_settings_surface_defaults
[  3.639s] [Workarounds] finished patch_settings_surface_defaults in 518.65µs
[  3.639s] [Workarounds] starting patch_settings_canvas_layout_visibility
[  3.639s] [Workarounds] finished patch_settings_canvas_layout_visibility in 131.98µs
[  3.639s] [Startup] apply_post_load_workarounds: workarounds complete
[  3.718s] [Startup] apply_post_load_workarounds: globals restored
[  3.718s] [Startup] apply_post_load_workarounds: patch 12.1 compatibility restored
[  3.718s] [Startup] apply_post_load_workarounds: seterrorhandler restored
[  3.718s] [Startup] post-load workarounds complete in 270.83ms
[  3.718s] [Startup] end apply post-Blizzard load workarounds in 270.84ms
[  3.718s] [Startup] begin load third-party addons
[  3.743s] Loading 9 Blizzard addon dependencies for third-party addons...
[  3.896s] Loading 47 addons...
Lua error: @Interface/AddOns/AdvancedInterfaceOptions/cvars.lua: Lua error: Interface/AddOns/AdvancedInterfaceOptions/cvars.lua:1165: attempt to call local '(for state)' (a nil value)
stack traceback:
	(string):1: in main chunk
Lua error: Lua Error: @Interface/AddOns/AdvancedInterfaceOptions/cvars.lua: Lua error: Interface/AddOns/AdvancedInterfaceOptions/cvars.lua:1165: attempt to call local '(for state)' (a nil value)
stack traceback:
	(string):1: in main chunk
[Interface/AddOns/Blizzard_ScriptErrors/Blizzard_ScriptErrors.lua]:59: in function 'GetErrorData'
[Interface/AddOns/Blizzard_ScriptErrors/Blizzard_ScriptErrors.lua]:72: in function <[Interface/AddOns/Blizzard_ScriptErrors/Blizzard_ScriptErrors.lua]:71>

Lua error: @Interface/AddOns/AdvancedInterfaceOptions/browser.lua: Lua error: Interface/AddOns/AdvancedInterfaceOptions/browser.lua:2: attempt to call method 'Eve' (a nil value)
stack traceback:
	(string):1: in main chunk
Lua error: Lua Error: @Interface/AddOns/AdvancedInterfaceOptions/browser.lua: Lua error: Interface/AddOns/AdvancedInterfaceOptions/browser.lua:2: attempt to call method 'Eve' (a nil value)
stack traceback:
	(string):1: in main chunk
[Interface/AddOns/Blizzard_ScriptErrors/Blizzard_ScriptErrors.lua]:59: in function 'GetErrorData'
[Interface/AddOns/Blizzard_ScriptErrors/Blizzard_ScriptErrors.lua]:72: in function <[Interface/AddOns/Blizzard_ScriptErrors/Blizzard_ScriptErrors.lua]:71>

Lua error: @Interface/AddOns/AdvancedInterfaceOptions/basicOptions.lua: Lua error: Interface/AddOns/AdvancedInterfaceOptions/basicOptions.lua:2: attempt to call method 'Eve' (a nil value)
stack traceback:
	(string):1: in main chunk
Lua error: Lua Error: @Interface/AddOns/AdvancedInterfaceOptions/basicOptions.lua: Lua error: Interface/AddOns/AdvancedInterfaceOptions/basicOptions.lua:2: attempt to call method 'Eve' (a nil value)
stack traceback:
	(string):1: in main chunk
[Interface/AddOns/Blizzard_ScriptErrors/Blizzard_ScriptErrors.lua]:59: in function 'GetErrorData'
[Interface/AddOns/Blizzard_ScriptErrors/Blizzard_ScriptErrors.lua]:72: in function <[Interface/AddOns/Blizzard_ScriptErrors/Blizzard_ScriptErrors.lua]:71>

Lua error: IO error reading /syncthing/World of Warcraft/_retail_/Interface/AddOns/AstralKeys/Libs/LibStub/LibStub.lua: No such file or directory (os error 2)
stack traceback:
	(string):1: in main chunk
Lua error: Lua Error: IO error reading /syncthing/World of Warcraft/_retail_/Interface/AddOns/AstralKeys/Libs/LibStub/LibStub.lua: No such file or directory (os error 2)
stack traceback:
	(string):1: in main chunk
[Interface/AddOns/Blizzard_ScriptErrors/Blizzard_ScriptErrors.lua]:59: in function 'GetErrorData'
[Interface/AddOns/Blizzard_ScriptErrors/Blizzard_ScriptErrors.lua]:72: in function <[Interface/AddOns/Blizzard_ScriptErrors/Blizzard_ScriptErrors.lua]:71>

Lua error: @Interface/AddOns/AstralKeys/Dialog.lua: Lua error: Interface/AddOns/AstralKeys/Localization/Localization.lua:17: stack overflow
stack traceback:
	(string):1: in main chunk
Lua error: Lua Error: @Interface/AddOns/AstralKeys/Dialog.lua: Lua error: Interface/AddOns/AstralKeys/Localization/Localization.lua:17: stack overflow
stack traceback:
	(string):1: in main chunk
[Interface/AddOns/Blizzard_ScriptErrors/Blizzard_ScriptErrors.lua]:59: in function 'GetErrorData'
[Interface/AddOns/Blizzard_ScriptErrors/Blizzard_ScriptErrors.lua]:72: in function <[Interface/AddOns/Blizzard_ScriptErrors/Blizzard_ScriptErrors.lua]:71>

Lua error: @Interface/AddOns/AstralKeys/Communications.lua: Lua error: Interface/AddOns/AstralKeys/Communications.lua:252: attempt to index global 'AstralEvents' (a nil value)
stack traceback:
	(string):1: in main chunk
Lua error: Lua Error: @Interface/AddOns/AstralKeys/Communications.lua: Lua error: Interface/AddOns/AstralKeys/Communications.lua:252: attempt to index global 'AstralEvents' (a nil value)
stack traceback:
	(string):1: in main chunk
[Interface/AddOns/Blizzard_ScriptErrors/Blizzard_ScriptErrors.lua]:59: in function 'GetErrorData'
[Interface/AddOns/Blizzard_ScriptErrors/Blizzard_ScriptErrors.lua]:72: in function <[Interface/AddOns/Blizzard_ScriptErrors/Blizzard_ScriptErrors.lua]:71>

Lua error: @Interface/AddOns/AstralKeys/Lists/Friends.lua: Lua error: Interface/AddOns/AstralKeys/Lists/Friends.lua:75: attempt to index global 'AstralEvents' (a nil value)
stack traceback:
	(string):1: in main chunk
Lua error: Lua Error: @Interface/AddOns/AstralKeys/Lists/Friends.lua: Lua error: Interface/AddOns/AstralKeys/Lists/Friends.lua:75: attempt to index global 'AstralEvents' (a nil value)
stack traceback:
	(string):1: in main chunk
[Interface/AddOns/Blizzard_ScriptErrors/Blizzard_ScriptErrors.lua]:59: in function 'GetErrorData'
[Interface/AddOns/Blizzard_ScriptErrors/Blizzard_ScriptErrors.lua]:72: in function <[Interface/AddOns/Blizzard_ScriptErrors/Blizzard_ScriptErrors.lua]:71>

Lua error: @Interface/AddOns/AstralKeys/Lists/Guild.lua: Lua error: Interface/AddOns/AstralKeys/Lists/Guild.lua:19: attempt to index global 'AstralEvents' (a nil value)
stack traceback:
	(string):1: in main chunk
Lua error: Lua Error: @Interface/AddOns/AstralKeys/Lists/Guild.lua: Lua error: Interface/AddOns/AstralKeys/Lists/Guild.lua:19: attempt to index global 'AstralEvents' (a nil value)
stack traceback:
	(string):1: in main chunk
[Interface/AddOns/Blizzard_ScriptErrors/Blizzard_ScriptErrors.lua]:59: in function 'GetErrorData'
[Interface/AddOns/Blizzard_ScriptErrors/Blizzard_ScriptErrors.lua]:72: in function <[Interface/AddOns/Blizzard_ScriptErrors/Blizzard_ScriptErrors.lua]:71>

Lua error: @Interface/AddOns/AstralKeys/Dungeons.lua: Lua error: Interface/AddOns/AstralKeys/Localization/Localization.lua:17: stack overflow
stack traceback:
	(string):1: in main chunk
Lua error: Lua Error: @Interface/AddOns/AstralKeys/Dungeons.lua: Lua error: Interface/AddOns/AstralKeys/Localization/Localization.lua:17: stack overflow
stack traceback:
	(string):1: in main chunk
[Interface/AddOns/Blizzard_ScriptErrors/Blizzard_ScriptErrors.lua]:59: in function 'GetErrorData'
[Interface/AddOns/Blizzard_ScriptErrors/Blizzard_ScriptErrors.lua]:72: in function <[Interface/AddOns/Blizzard_ScriptErrors/Blizzard_ScriptErrors.lua]:71>

Lua error: @Interface/AddOns/AstralKeys/AstralKeys.lua: Lua error: Interface/AddOns/AstralKeys/AstralKeys.lua:93: attempt to index global 'AstralEvents' (a nil value)
stack traceback:
	(string):1: in main chunk
Lua error: Lua Error: @Interface/AddOns/AstralKeys/AstralKeys.lua: Lua error: Interface/AddOns/AstralKeys/AstralKeys.lua:93: attempt to index global 'AstralEvents' (a nil value)
stack traceback:
	(string):1: in main chunk
[Interface/AddOns/Blizzard_ScriptErrors/Blizzard_ScriptErrors.lua]:59: in function 'GetErrorData'
[Interface/AddOns/Blizzard_ScriptErrors/Blizzard_ScriptErrors.lua]:72: in function <[Interface/AddOns/Blizzard_ScriptErrors/Blizzard_ScriptErrors.lua]:71>

Lua error: IO error reading /syncthing/World of Warcraft/_retail_/Interface/AddOns/AstralKeys/Frame.lua: No such file or directory (os error 2)
stack traceback:
	(string):1: in main chunk
Lua error: Lua Error: IO error reading /syncthing/World of Warcraft/_retail_/Interface/AddOns/AstralKeys/Frame.lua: No such file or directory (os error 2)
stack traceback:
	(string):1: in main chunk
[Interface/AddOns/Blizzard_ScriptErrors/Blizzard_ScriptErrors.lua]:59: in function 'GetErrorData'
[Interface/AddOns/Blizzard_ScriptErrors/Blizzard_ScriptErrors.lua]:72: in function <[Interface/AddOns/Blizzard_ScriptErrors/Blizzard_ScriptErrors.lua]:71>

Lua error: @Interface/AddOns/AstralKeys/MinimapButton.lua: Lua error: Interface/AddOns/AstralKeys/MinimapButton.lua:4: attempt to call a nil value
stack traceback:
	(string):1: in main chunk
Lua error: Lua Error: @Interface/AddOns/AstralKeys/MinimapButton.lua: Lua error: Interface/AddOns/AstralKeys/MinimapButton.lua:4: attempt to call a nil value
stack traceback:
	(string):1: in main chunk
[Interface/AddOns/Blizzard_ScriptErrors/Blizzard_ScriptErrors.lua]:59: in function 'GetErrorData'
[Interface/AddOns/Blizzard_ScriptErrors/Blizzard_ScriptErrors.lua]:72: in function <[Interface/AddOns/Blizzard_ScriptErrors/Blizzard_ScriptErrors.lua]:71>

Lua error: IO error reading /syncthing/World of Warcraft/_retail_/Interface/AddOns/BetterBlizzFrames/libs/LibStub/LibStub.lua: No such file or directory (os error 2)
stack traceback:
	(string):1: in main chunk
Lua error: Lua Error: IO error reading /syncthing/World of Warcraft/_retail_/Interface/AddOns/BetterBlizzFrames/libs/LibStub/LibStub.lua: No such file or directory (os error 2)
stack traceback:
	(string):1: in main chunk
[Interface/AddOns/Blizzard_ScriptErrors/Blizzard_ScriptErrors.lua]:59: in function 'GetErrorData'
[Interface/AddOns/Blizzard_ScriptErrors/Blizzard_ScriptErrors.lua]:72: in function <[Interface/AddOns/Blizzard_ScriptErrors/Blizzard_ScriptErrors.lua]:71>

Lua error: @Interface/AddOns/BetterBlizzFrames/shared/functions.lua: Lua error: Interface/AddOns/BetterBlizzFrames/shared/functions.lua:329: attempt to call a nil value
stack traceback:
	(string):1: in main chunk
Lua error: Lua Error: @Interface/AddOns/BetterBlizzFrames/shared/functions.lua: Lua error: Interface/AddOns/BetterBlizzFrames/shared/functions.lua:329: attempt to call a nil value
stack traceback:
	(string):1: in main chunk
[Interface/AddOns/Blizzard_ScriptErrors/Blizzard_ScriptErrors.lua]:59: in function 'GetErrorData'
[Interface/AddOns/Blizzard_ScriptErrors/Blizzard_ScriptErrors.lua]:72: in function <[Interface/AddOns/Blizzard_ScriptErrors/Blizzard_ScriptErrors.lua]:71>

Lua error: @Interface/AddOns/BetterBlizzFrames/shared/ImportExport.lua: Lua error: Interface/AddOns/BetterBlizzFrames/shared/ImportExport.lua:2: attempt to call a nil value
stack traceback:
	(string):1: in main chunk
Lua error: Lua Error: @Interface/AddOns/BetterBlizzFrames/shared/ImportExport.lua: Lua error: Interface/AddOns/BetterBlizzFrames/shared/ImportExport.lua:2: attempt to call a nil value
stack traceback:
	(string):1: in main chunk
[Interface/AddOns/Blizzard_ScriptErrors/Blizzard_ScriptErrors.lua]:59: in function 'GetErrorData'
[Interface/AddOns/Blizzard_ScriptErrors/Blizzard_ScriptErrors.lua]:72: in function <[Interface/AddOns/Blizzard_ScriptErrors/Blizzard_ScriptErrors.lua]:71>

Lua error: @Interface/AddOns/BetterBlizzFrames/retail/modules/interruptIcon.lua: Lua error: ...ddOns/BetterBlizzFrames/retail/modules/interruptIcon.lua:333: attempt to call a nil value
stack traceback:
	(string):1: in main chunk
Lua error: Lua Error: @Interface/AddOns/BetterBlizzFrames/retail/modules/interruptIcon.lua: Lua error: ...ddOns/BetterBlizzFrames/retail/modules/interruptIcon.lua:333: attempt to call a nil value
stack traceback:
	(string):1: in main chunk
[Interface/AddOns/Blizzard_ScriptErrors/Blizzard_ScriptErrors.lua]:59: in function 'GetErrorData'
[Interface/AddOns/Blizzard_ScriptErrors/Blizzard_ScriptErrors.lua]:72: in function <[Interface/AddOns/Blizzard_ScriptErrors/Blizzard_ScriptErrors.lua]:71>

Lua error: @Interface/AddOns/BetterBlizzFrames/retail/modules/prd.lua: Lua error: Interface/AddOns/BetterBlizzFrames/retail/modules/prd.lua:1: attempt to call a nil value
stack traceback:
	(string):1: in main chunk
Lua error: Lua Error: @Interface/AddOns/BetterBlizzFrames/retail/modules/prd.lua: Lua error: Interface/AddOns/BetterBlizzFrames/retail/modules/prd.lua:1: attempt to call a nil value
stack traceback:
	(string):1: in main chunk
[Interface/AddOns/Blizzard_ScriptErrors/Blizzard_ScriptErrors.lua]:59: in function 'GetErrorData'
[Interface/AddOns/Blizzard_ScriptErrors/Blizzard_ScriptErrors.lua]:72: in function <[Interface/AddOns/Blizzard_ScriptErrors/Blizzard_ScriptErrors.lua]:71>

Lua error: @Interface/AddOns/BetterBlizzFrames/retail/gui.lua: Lua error: Interface/AddOns/BetterBlizzFrames/retail/gui.lua:2: attempt to index global 'LibStub' (a nil value)
stack traceback:
	(string):1: in main chunk
Lua error: Lua Error: @Interface/AddOns/BetterBlizzFrames/retail/gui.lua: Lua error: Interface/AddOns/BetterBlizzFrames/retail/gui.lua:2: attempt to index global 'LibStub' (a nil value)
stack traceback:
	(string):1: in main chunk
[Interface/AddOns/Blizzard_ScriptErrors/Blizzard_ScriptErrors.lua]:59: in function 'GetErrorData'
[Interface/AddOns/Blizzard_ScriptErrors/Blizzard_ScriptErrors.lua]:72: in function <[Interface/AddOns/Blizzard_ScriptErrors/Blizzard_ScriptErrors.lua]:71>

Lua error: IO error loading /syncthing/World of Warcraft/_retail_/Interface/AddOns/BlizzMove/Libs/CallbackHandler-1.0/CallbackHandler-1.0.xml: No such file or directory (os error 2)
stack traceback:
	(string):1: in main chunk
Lua error: Lua Error: IO error loading /syncthing/World of Warcraft/_retail_/Interface/AddOns/BlizzMove/Libs/CallbackHandler-1.0/CallbackHandler-1.0.xml: No such file or directory (os error 2)
stack traceback:
	(string):1: in main chunk
[Interface/AddOns/Blizzard_ScriptErrors/Blizzard_ScriptErrors.lua]:59: in function 'GetErrorData'
[Interface/AddOns/Blizzard_ScriptErrors/Blizzard_ScriptErrors.lua]:72: in function <[Interface/AddOns/Blizzard_ScriptErrors/Blizzard_ScriptErrors.lua]:71>

Lua error: XML error: IO error loading /syncthing/World of Warcraft/_retail_/Interface/AddOns/BlizzMove/Libs/CallbackHandler-1.0/CallbackHandler-1.0.xml: No such file or directory (os error 2)
stack traceback:
	(string):1: in main chunk
Lua error: Lua Error: XML error: IO error loading /syncthing/World of Warcraft/_retail_/Interface/AddOns/BlizzMove/Libs/CallbackHandler-1.0/CallbackHandler-1.0.xml: No such file or directory (os error 2)
stack traceback:
	(string):1: in main chunk
[Interface/AddOns/Blizzard_ScriptErrors/Blizzard_ScriptErrors.lua]:59: in function 'GetErrorData'
[Interface/AddOns/Blizzard_ScriptErrors/Blizzard_ScriptErrors.lua]:72: in function <[Interface/AddOns/Blizzard_ScriptErrors/Blizzard_ScriptErrors.lua]:71>

Lua error: IO error reading /syncthing/World of Warcraft/_retail_/Interface/AddOns/BlizzMove/Locale/enUS.lua: No such file or directory (os error 2)
stack traceback:
	(string):1: in main chunk
Lua error: Lua Error: IO error reading /syncthing/World of Warcraft/_retail_/Interface/AddOns/BlizzMove/Locale/enUS.lua: No such file or directory (os error 2)
stack traceback:
	(string):1: in main chunk
[Interface/AddOns/Blizzard_ScriptErrors/Blizzard_ScriptErrors.lua]:59: in function 'GetErrorData'
[Interface/AddOns/Blizzard_ScriptErrors/Blizzard_ScriptErrors.lua]:72: in function <[Interface/AddOns/Blizzard_ScriptErrors/Blizzard_ScriptErrors.lua]:71>

Lua error: @Interface/AddOns/BlizzMove/BlizzMove.lua: Lua error: Interface/AddOns/BlizzMove/BlizzMove.lua:34: Cannot find a library instance of "AceAddon-3.0".
stack traceback:
	(string):1: in main chunk
Lua error: Lua Error: @Interface/AddOns/BlizzMove/BlizzMove.lua: Lua error: Interface/AddOns/BlizzMove/BlizzMove.lua:34: Cannot find a library instance of "AceAddon-3.0".
stack traceback:
	(string):1: in main chunk
[Interface/AddOns/Blizzard_ScriptErrors/Blizzard_ScriptErrors.lua]:59: in function 'GetErrorData'
[Interface/AddOns/Blizzard_ScriptErrors/Blizzard_ScriptErrors.lua]:72: in function <[Interface/AddOns/Blizzard_ScriptErrors/Blizzard_ScriptErrors.lua]:71>

Lua error: @Interface/AddOns/BlizzMove/BlizzMoveConfig.lua: Lua error: Interface/AddOns/BlizzMove/BlizzMoveConfig.lua:13: Cannot find a library instance of "AceAddon-3.0".
stack traceback:
	(string):1: in main chunk
Lua error: Lua Error: @Interface/AddOns/BlizzMove/BlizzMoveConfig.lua: Lua error: Interface/AddOns/BlizzMove/BlizzMoveConfig.lua:13: Cannot find a library instance of "AceAddon-3.0".
stack traceback:
	(string):1: in main chunk
[Interface/AddOns/Blizzard_ScriptErrors/Blizzard_ScriptErrors.lua]:59: in function 'GetErrorData'
[Interface/AddOns/Blizzard_ScriptErrors/Blizzard_ScriptErrors.lua]:72: in function <[Interface/AddOns/Blizzard_ScriptErrors/Blizzard_ScriptErrors.lua]:71>

Lua error: @Interface/AddOns/BossHelper/Core/BossData.lua: Lua error: Interface/AddOns/BossHelper/Core/BossData.lua:37: attempt to index global 'BossHelper' (a nil value)
stack traceback:
	(string):1: in main chunk
Lua error: Lua Error: @Interface/AddOns/BossHelper/Core/BossData.lua: Lua error: Interface/AddOns/BossHelper/Core/BossData.lua:37: attempt to index global 'BossHelper' (a nil value)
stack traceback:
	(string):1: in main chunk
[Interface/AddOns/Blizzard_ScriptErrors/Blizzard_ScriptErrors.lua]:59: in function 'GetErrorData'
[Interface/AddOns/Blizzard_ScriptErrors/Blizzard_ScriptErrors.lua]:72: in function <[Interface/AddOns/Blizzard_ScriptErrors/Blizzard_ScriptErrors.lua]:71>

Lua error: @Interface/AddOns/BossHelper/Core/AffixData.lua: Lua error: Interface/AddOns/BossHelper/Core/AffixData.lua:8: attempt to index global 'BossHelper' (a nil value)
stack traceback:
	(string):1: in main chunk
Lua error: Lua Error: @Interface/AddOns/BossHelper/Core/AffixData.lua: Lua error: Interface/AddOns/BossHelper/Core/AffixData.lua:8: attempt to index global 'BossHelper' (a nil value)
stack traceback:
	(string):1: in main chunk
[Interface/AddOns/Blizzard_ScriptErrors/Blizzard_ScriptErrors.lua]:59: in function 'GetErrorData'
[Interface/AddOns/Blizzard_ScriptErrors/Blizzard_ScriptErrors.lua]:72: in function <[Interface/AddOns/Blizzard_ScriptErrors/Blizzard_ScriptErrors.lua]:71>

Lua error: @Interface/AddOns/BossHelper/Core/Functions.lua: Lua error: Interface/AddOns/BossHelper/Core/Functions.lua:10: attempt to index global 'BossHelper' (a nil value)
stack traceback:
	(string):1: in main chunk
Lua error: Lua Error: @Interface/AddOns/BossHelper/Core/Functions.lua: Lua error: Interface/AddOns/BossHelper/Core/Functions.lua:10: attempt to index global 'BossHelper' (a nil value)
stack traceback:
	(string):1: in main chunk
[Interface/AddOns/Blizzard_ScriptErrors/Blizzard_ScriptErrors.lua]:59: in function 'GetErrorData'
[Interface/AddOns/Blizzard_ScriptErrors/Blizzard_ScriptErrors.lua]:72: in function <[Interface/AddOns/Blizzard_ScriptErrors/Blizzard_ScriptErrors.lua]:71>

Lua error: @Interface/AddOns/BossHelper/Core/EditModeLogic.lua: Lua error: Interface/AddOns/BossHelper/Core/EditModeLogic.lua:3: attempt to index global 'BossHelper' (a nil value)
stack traceback:
	(string):1: in main chunk
Lua error: Lua Error: @Interface/AddOns/BossHelper/Core/EditModeLogic.lua: Lua error: Interface/AddOns/BossHelper/Core/EditModeLogic.lua:3: attempt to index global 'BossHelper' (a nil value)
stack traceback:
	(string):1: in main chunk
[Interface/AddOns/Blizzard_ScriptErrors/Blizzard_ScriptErrors.lua]:59: in function 'GetErrorData'
[Interface/AddOns/Blizzard_ScriptErrors/Blizzard_ScriptErrors.lua]:72: in function <[Interface/AddOns/Blizzard_ScriptErrors/Blizzard_ScriptErrors.lua]:71>

Lua error: @Interface/AddOns/BossHelper/UI/StartPage.lua: Lua error: Interface/AddOns/BossHelper/UI/StartPage.lua:12: attempt to index field 'UI' (a nil value)
stack traceback:
	(string):1: in main chunk
Lua error: Lua Error: @Interface/AddOns/BossHelper/UI/StartPage.lua: Lua error: Interface/AddOns/BossHelper/UI/StartPage.lua:12: attempt to index field 'UI' (a nil value)
stack traceback:
	(string):1: in main chunk
[Interface/AddOns/Blizzard_ScriptErrors/Blizzard_ScriptErrors.lua]:59: in function 'GetErrorData'
[Interface/AddOns/Blizzard_ScriptErrors/Blizzard_ScriptErrors.lua]:72: in function <[Interface/AddOns/Blizzard_ScriptErrors/Blizzard_ScriptErrors.lua]:71>

Lua error: @Interface/AddOns/BossHelper/UI/Settings.lua: Lua error: Interface/AddOns/BossHelper/UI/Settings.lua:40: attempt to index field 'UI' (a nil value)
stack traceback:
	(string):1: in main chunk
Lua error: Lua Error: @Interface/AddOns/BossHelper/UI/Settings.lua: Lua error: Interface/AddOns/BossHelper/UI/Settings.lua:40: attempt to index field 'UI' (a nil value)
stack traceback:
	(string):1: in main chunk
[Interface/AddOns/Blizzard_ScriptErrors/Blizzard_ScriptErrors.lua]:59: in function 'GetErrorData'
[Interface/AddOns/Blizzard_ScriptErrors/Blizzard_ScriptErrors.lua]:72: in function <[Interface/AddOns/Blizzard_ScriptErrors/Blizzard_ScriptErrors.lua]:71>

Lua error: @Interface/AddOns/BossHelper/UI/EditTactics.lua: Lua error: Interface/AddOns/BossHelper/UI/EditTactics.lua:28: attempt to index field 'UI' (a nil value)
stack traceback:
	(string):1: in main chunk
Lua error: Lua Error: @Interface/AddOns/BossHelper/UI/EditTactics.lua: Lua error: Interface/AddOns/BossHelper/UI/EditTactics.lua:28: attempt to index field 'UI' (a nil value)
stack traceback:
	(string):1: in main chunk
[Interface/AddOns/Blizzard_ScriptErrors/Blizzard_ScriptErrors.lua]:59: in function 'GetErrorData'
[Interface/AddOns/Blizzard_ScriptErrors/Blizzard_ScriptErrors.lua]:72: in function <[Interface/AddOns/Blizzard_ScriptErrors/Blizzard_ScriptErrors.lua]:71>

Lua error: @Interface/AddOns/BossHelper/UI/Affixes.lua: Lua error: Interface/AddOns/BossHelper/UI/Affixes.lua:10: attempt to index field 'AffixData' (a nil value)
stack traceback:
	(string):1: in main chunk
Lua error: Lua Error: @Interface/AddOns/BossHelper/UI/Affixes.lua: Lua error: Interface/AddOns/BossHelper/UI/Affixes.lua:10: attempt to index field 'AffixData' (a nil value)
stack traceback:
	(string):1: in main chunk
[Interface/AddOns/Blizzard_ScriptErrors/Blizzard_ScriptErrors.lua]:59: in function 'GetErrorData'
[Interface/AddOns/Blizzard_ScriptErrors/Blizzard_ScriptErrors.lua]:72: in function <[Interface/AddOns/Blizzard_ScriptErrors/Blizzard_ScriptErrors.lua]:71>

Lua error: @Interface/AddOns/BossHelper/UI/QuickStart.lua: Lua error: Interface/AddOns/BossHelper/UI/QuickStart.lua:11: attempt to index field 'UI' (a nil value)
stack traceback:
	(string):1: in main chunk
Lua error: Lua Error: @Interface/AddOns/BossHelper/UI/QuickStart.lua: Lua error: Interface/AddOns/BossHelper/UI/QuickStart.lua:11: attempt to index field 'UI' (a nil value)
stack traceback:
	(string):1: in main chunk
[Interface/AddOns/Blizzard_ScriptErrors/Blizzard_ScriptErrors.lua]:59: in function 'GetErrorData'
[Interface/AddOns/Blizzard_ScriptErrors/Blizzard_ScriptErrors.lua]:72: in function <[Interface/AddOns/Blizzard_ScriptErrors/Blizzard_ScriptErrors.lua]:71>

Lua error: @Interface/AddOns/BossHelper/Modules/MiniWindow.lua: Lua error: Interface/AddOns/BossHelper/Modules/MiniWindow.lua:97: attempt to index field 'UI' (a nil value)
stack traceback:
	(string):1: in main chunk
Lua error: Lua Error: @Interface/AddOns/BossHelper/Modules/MiniWindow.lua: Lua error: Interface/AddOns/BossHelper/Modules/MiniWindow.lua:97: attempt to index field 'UI' (a nil value)
stack traceback:
	(string):1: in main chunk
[Interface/AddOns/Blizzard_ScriptErrors/Blizzard_ScriptErrors.lua]:59: in function 'GetErrorData'
[Interface/AddOns/Blizzard_ScriptErrors/Blizzard_ScriptErrors.lua]:72: in function <[Interface/AddOns/Blizzard_ScriptErrors/Blizzard_ScriptErrors.lua]:71>

Lua error: IO error reading /syncthing/World of Warcraft/_retail_/Interface/AddOns/BugSack/Libs/LibStub/LibStub.lua: No such file or directory (os error 2)
stack traceback:
	(string):1: in main chunk
Lua error: Lua Error: IO error reading /syncthing/World of Warcraft/_retail_/Interface/AddOns/BugSack/Libs/LibStub/LibStub.lua: No such file or directory (os error 2)
stack traceback:
	(string):1: in main chunk
[Interface/AddOns/Blizzard_ScriptErrors/Blizzard_ScriptErrors.lua]:59: in function 'GetErrorData'
[Interface/AddOns/Blizzard_ScriptErrors/Blizzard_ScriptErrors.lua]:72: in function <[Interface/AddOns/Blizzard_ScriptErrors/Blizzard_ScriptErrors.lua]:71>

Lua error: IO error reading /syncthing/World of Warcraft/_retail_/Interface/AddOns/Chattynator/Libs/LibSharedMedia-3.0/LibSharedMedia-3.0.lua: No such file or directory (os error 2)
stack traceback:
	(string):1: in main chunk
Lua error: Lua Error: IO error reading /syncthing/World of Warcraft/_retail_/Interface/AddOns/Chattynator/Libs/LibSharedMedia-3.0/LibSharedMedia-3.0.lua: No such file or directory (os error 2)
stack traceback:
	(string):1: in main chunk
[Interface/AddOns/Blizzard_ScriptErrors/Blizzard_ScriptErrors.lua]:59: in function 'GetErrorData'
[Interface/AddOns/Blizzard_ScriptErrors/Blizzard_ScriptErrors.lua]:72: in function <[Interface/AddOns/Blizzard_ScriptErrors/Blizzard_ScriptErrors.lua]:71>

Lua error: @Interface/AddOns/Chattynator/Core/Config.lua: Lua error: Interface/AddOns/Chattynator/Core/Config.lua:77: attempt to index field 'Constants' (a nil value)
stack traceback:
	(string):1: in main chunk
Lua error: Lua Error: @Interface/AddOns/Chattynator/Core/Config.lua: Lua error: Interface/AddOns/Chattynator/Core/Config.lua:77: attempt to index field 'Constants' (a nil value)
stack traceback:
	(string):1: in main chunk
[Interface/AddOns/Blizzard_ScriptErrors/Blizzard_ScriptErrors.lua]:59: in function 'GetErrorData'
[Interface/AddOns/Blizzard_ScriptErrors/Blizzard_ScriptErrors.lua]:72: in function <[Interface/AddOns/Blizzard_ScriptErrors/Blizzard_ScriptErrors.lua]:71>

Lua error: @Interface/AddOns/Chattynator/Core/Utilities.lua: Lua error: Interface/AddOns/Chattynator/Core/Utilities.lua:4: attempt to index field 'Utilities' (a nil value)
stack traceback:
	(string):1: in main chunk
Lua error: Lua Error: @Interface/AddOns/Chattynator/Core/Utilities.lua: Lua error: Interface/AddOns/Chattynator/Core/Utilities.lua:4: attempt to index field 'Utilities' (a nil value)
stack traceback:
	(string):1: in main chunk
[Interface/AddOns/Blizzard_ScriptErrors/Blizzard_ScriptErrors.lua]:59: in function 'GetErrorData'
[Interface/AddOns/Blizzard_ScriptErrors/Blizzard_ScriptErrors.lua]:72: in function <[Interface/AddOns/Blizzard_ScriptErrors/Blizzard_ScriptErrors.lua]:71>

Lua error: @Interface/AddOns/Chattynator/Core/Fonts.lua: Lua error: Interface/AddOns/Chattynator/Core/Fonts.lua:4: Cannot find a library instance of "LibSharedMedia-3.0".
stack traceback:
	(string):1: in main chunk
Lua error: Lua Error: @Interface/AddOns/Chattynator/Core/Fonts.lua: Lua error: Interface/AddOns/Chattynator/Core/Fonts.lua:4: Cannot find a library instance of "LibSharedMedia-3.0".
stack traceback:
	(string):1: in main chunk
[Interface/AddOns/Blizzard_ScriptErrors/Blizzard_ScriptErrors.lua]:59: in function 'GetErrorData'
[Interface/AddOns/Blizzard_ScriptErrors/Blizzard_ScriptErrors.lua]:72: in function <[Interface/AddOns/Blizzard_ScriptErrors/Blizzard_ScriptErrors.lua]:71>

Lua error: @Interface/AddOns/Chattynator/Core/Overrides.lua: Lua error: Interface/AddOns/Chattynator/Core/Overrides.lua:4: attempt to index field 'Core' (a nil value)
stack traceback:
	(string):1: in main chunk
Lua error: Lua Error: @Interface/AddOns/Chattynator/Core/Overrides.lua: Lua error: Interface/AddOns/Chattynator/Core/Overrides.lua:4: attempt to index field 'Core' (a nil value)
stack traceback:
	(string):1: in main chunk
[Interface/AddOns/Blizzard_ScriptErrors/Blizzard_ScriptErrors.lua]:59: in function 'GetErrorData'
[Interface/AddOns/Blizzard_ScriptErrors/Blizzard_ScriptErrors.lua]:72: in function <[Interface/AddOns/Blizzard_ScriptErrors/Blizzard_ScriptErrors.lua]:71>

Lua error: @Interface/AddOns/Chattynator/Core/Initialize.lua: Lua error: Interface/AddOns/Chattynator/Core/Initialize.lua:6: attempt to index field 'Constants' (a nil value)
stack traceback:
	(string):1: in main chunk
Lua error: Lua Error: @Interface/AddOns/Chattynator/Core/Initialize.lua: Lua error: Interface/AddOns/Chattynator/Core/Initialize.lua:6: attempt to index field 'Constants' (a nil value)
stack traceback:
	(string):1: in main chunk
[Interface/AddOns/Blizzard_ScriptErrors/Blizzard_ScriptErrors.lua]:59: in function 'GetErrorData'
[Interface/AddOns/Blizzard_ScriptErrors/Blizzard_ScriptErrors.lua]:72: in function <[Interface/AddOns/Blizzard_ScriptErrors/Blizzard_ScriptErrors.lua]:71>

Lua error: @Interface/AddOns/Chattynator/Display/Tabs.lua: Lua error: Interface/AddOns/Chattynator/Display/Tabs.lua:23: attempt to index field 'Display' (a nil value)
stack traceback:
	(string):1: in main chunk
Lua error: Lua Error: @Interface/AddOns/Chattynator/Display/Tabs.lua: Lua error: Interface/AddOns/Chattynator/Display/Tabs.lua:23: attempt to index field 'Display' (a nil value)
stack traceback:
	(string):1: in main chunk
[Interface/AddOns/Blizzard_ScriptErrors/Blizzard_ScriptErrors.lua]:59: in function 'GetErrorData'
[Interface/AddOns/Blizzard_ScriptErrors/Blizzard_ScriptErrors.lua]:72: in function <[Interface/AddOns/Blizzard_ScriptErrors/Blizzard_ScriptErrors.lua]:71>

Lua error: @Interface/AddOns/Chattynator/Modifiers/URLs.lua: Lua error: Interface/AddOns/Chattynator/Modifiers/URLs.lua:23: attempt to index field 'Modifiers' (a nil value)
stack traceback:
	(string):1: in main chunk
Lua error: Lua Error: @Interface/AddOns/Chattynator/Modifiers/URLs.lua: Lua error: Interface/AddOns/Chattynator/Modifiers/URLs.lua:23: attempt to index field 'Modifiers' (a nil value)
stack traceback:
	(string):1: in main chunk
[Interface/AddOns/Blizzard_ScriptErrors/Blizzard_ScriptErrors.lua]:59: in function 'GetErrorData'
[Interface/AddOns/Blizzard_ScriptErrors/Blizzard_ScriptErrors.lua]:72: in function <[Interface/AddOns/Blizzard_ScriptErrors/Blizzard_ScriptErrors.lua]:71>

Lua error: @Interface/AddOns/Chattynator/Modifiers/RedundantText.lua: Lua error: Interface/AddOns/Chattynator/Modifiers/RedundantText.lua:37: attempt to index field 'Modifiers' (a nil value)
stack traceback:
	(string):1: in main chunk
Lua error: Lua Error: @Interface/AddOns/Chattynator/Modifiers/RedundantText.lua: Lua error: Interface/AddOns/Chattynator/Modifiers/RedundantText.lua:37: attempt to index field 'Modifiers' (a nil value)
stack traceback:
	(string):1: in main chunk
[Interface/AddOns/Blizzard_ScriptErrors/Blizzard_ScriptErrors.lua]:59: in function 'GetErrorData'
[Interface/AddOns/Blizzard_ScriptErrors/Blizzard_ScriptErrors.lua]:72: in function <[Interface/AddOns/Blizzard_ScriptErrors/Blizzard_ScriptErrors.lua]:71>

Lua error: @Interface/AddOns/Chattynator/Skins/Main.lua: Lua error: Interface/AddOns/Chattynator/Skins/Main.lua:4: attempt to index field 'Skins' (a nil value)
stack traceback:
	(string):1: in main chunk
Lua error: Lua Error: @Interface/AddOns/Chattynator/Skins/Main.lua: Lua error: Interface/AddOns/Chattynator/Skins/Main.lua:4: attempt to index field 'Skins' (a nil value)
stack traceback:
	(string):1: in main chunk
[Interface/AddOns/Blizzard_ScriptErrors/Blizzard_ScriptErrors.lua]:59: in function 'GetErrorData'
[Interface/AddOns/Blizzard_ScriptErrors/Blizzard_ScriptErrors.lua]:72: in function <[Interface/AddOns/Blizzard_ScriptErrors/Blizzard_ScriptErrors.lua]:71>

Lua error: @Interface/AddOns/Chattynator/Skins/Blizzard.lua: Lua error: Interface/AddOns/Chattynator/Skins/Blizzard.lua:294: attempt to index field 'Skins' (a nil value)
stack traceback:
	(string):1: in main chunk
Lua error: Lua Error: @Interface/AddOns/Chattynator/Skins/Blizzard.lua: Lua error: Interface/AddOns/Chattynator/Skins/Blizzard.lua:294: attempt to index field 'Skins' (a nil value)
stack traceback:
	(string):1: in main chunk
[Interface/AddOns/Blizzard_ScriptErrors/Blizzard_ScriptErrors.lua]:59: in function 'GetErrorData'
[Interface/AddOns/Blizzard_ScriptErrors/Blizzard_ScriptErrors.lua]:72: in function <[Interface/AddOns/Blizzard_ScriptErrors/Blizzard_ScriptErrors.lua]:71>

Lua error: @Interface/AddOns/Chattynator/Skins/Dark.lua: Lua error: Interface/AddOns/Chattynator/Skins/Dark.lua:457: attempt to index field 'Skins' (a nil value)
stack traceback:
	(string):1: in main chunk
Lua error: Lua Error: @Interface/AddOns/Chattynator/Skins/Dark.lua: Lua error: Interface/AddOns/Chattynator/Skins/Dark.lua:457: attempt to index field 'Skins' (a nil value)
stack traceback:
	(string):1: in main chunk
[Interface/AddOns/Blizzard_ScriptErrors/Blizzard_ScriptErrors.lua]:59: in function 'GetErrorData'
[Interface/AddOns/Blizzard_ScriptErrors/Blizzard_ScriptErrors.lua]:72: in function <[Interface/AddOns/Blizzard_ScriptErrors/Blizzard_ScriptErrors.lua]:71>

Lua error: @Interface/AddOns/Chattynator/CustomiseDialog/Initialize.lua: Lua error: Interface/AddOns/Chattynator/CustomiseDialog/Initialize.lua:5: attempt to index field 'CustomiseDialog' (a nil value)
stack traceback:
	(string):1: in main chunk
Lua error: Lua Error: @Interface/AddOns/Chattynator/CustomiseDialog/Initialize.lua: Lua error: Interface/AddOns/Chattynator/CustomiseDialog/Initialize.lua:5: attempt to index field 'CustomiseDialog' (a nil value)
stack traceback:
	(string):1: in main chunk
[Interface/AddOns/Blizzard_ScriptErrors/Blizzard_ScriptErrors.lua]:59: in function 'GetErrorData'
[Interface/AddOns/Blizzard_ScriptErrors/Blizzard_ScriptErrors.lua]:72: in function <[Interface/AddOns/Blizzard_ScriptErrors/Blizzard_ScriptErrors.lua]:71>

Lua error: @Interface/AddOns/Chattynator/CustomiseDialog/Filtering.lua: Lua error: Interface/AddOns/Chattynator/CustomiseDialog/Filtering.lua:4: attempt to index field 'CustomiseDialog' (a nil value)
stack traceback:
	(string):1: in main chunk
Lua error: Lua Error: @Interface/AddOns/Chattynator/CustomiseDialog/Filtering.lua: Lua error: Interface/AddOns/Chattynator/CustomiseDialog/Filtering.lua:4: attempt to index field 'CustomiseDialog' (a nil value)
stack traceback:
	(string):1: in main chunk
[Interface/AddOns/Blizzard_ScriptErrors/Blizzard_ScriptErrors.lua]:59: in function 'GetErrorData'
[Interface/AddOns/Blizzard_ScriptErrors/Blizzard_ScriptErrors.lua]:72: in function <[Interface/AddOns/Blizzard_ScriptErrors/Blizzard_ScriptErrors.lua]:71>

Lua error: IO error reading /syncthing/World of Warcraft/_retail_/Interface/AddOns/Clicked/Libs/LibStub/LibStub.lua: No such file or directory (os error 2)
stack traceback:
	(string):1: in main chunk
Lua error: Lua Error: IO error reading /syncthing/World of Warcraft/_retail_/Interface/AddOns/Clicked/Libs/LibStub/LibStub.lua: No such file or directory (os error 2)
stack traceback:
	(string):1: in main chunk
[Interface/AddOns/Blizzard_ScriptErrors/Blizzard_ScriptErrors.lua]:59: in function 'GetErrorData'
[Interface/AddOns/Blizzard_ScriptErrors/Blizzard_ScriptErrors.lua]:72: in function <[Interface/AddOns/Blizzard_ScriptErrors/Blizzard_ScriptErrors.lua]:71>

Lua error: IO error reading /syncthing/World of Warcraft/_retail_/Interface/AddOns/Clicked/Widgets/AceGUIContainer-ClickedTreeGroup.lua: No such file or directory (os error 2)
stack traceback:
	(string):1: in main chunk
Lua error: Lua Error: IO error reading /syncthing/World of Warcraft/_retail_/Interface/AddOns/Clicked/Widgets/AceGUIContainer-ClickedTreeGroup.lua: No such file or directory (os error 2)
stack traceback:
	(string):1: in main chunk
[Interface/AddOns/Blizzard_ScriptErrors/Blizzard_ScriptErrors.lua]:59: in function 'GetErrorData'
[Interface/AddOns/Blizzard_ScriptErrors/Blizzard_ScriptErrors.lua]:72: in function <[Interface/AddOns/Blizzard_ScriptErrors/Blizzard_ScriptErrors.lua]:71>

Lua error: @Interface/AddOns/Clicked/Core/BindingProcessor.lua: Lua error: Interface/AddOns/Clicked/Core/BindingProcessor.lua:24: attempt to index global 'Clicked' (a nil value)
stack traceback:
	(string):1: in main chunk
Lua error: Lua Error: @Interface/AddOns/Clicked/Core/BindingProcessor.lua: Lua error: Interface/AddOns/Clicked/Core/BindingProcessor.lua:24: attempt to index global 'Clicked' (a nil value)
stack traceback:
	(string):1: in main chunk
[Interface/AddOns/Blizzard_ScriptErrors/Blizzard_ScriptErrors.lua]:59: in function 'GetErrorData'
[Interface/AddOns/Blizzard_ScriptErrors/Blizzard_ScriptErrors.lua]:72: in function <[Interface/AddOns/Blizzard_ScriptErrors/Blizzard_ScriptErrors.lua]:71>

Lua error: @Interface/AddOns/Clicked/Core/LocaleUtils.lua: Lua error: Interface/AddOns/Clicked/Core/LocaleUtils.lua:23: Cannot find a library instance of "LibTalentInfo-1.0".
stack traceback:
	(string):1: in main chunk
Lua error: Lua Error: @Interface/AddOns/Clicked/Core/LocaleUtils.lua: Lua error: Interface/AddOns/Clicked/Core/LocaleUtils.lua:23: Cannot find a library instance of "LibTalentInfo-1.0".
stack traceback:
	(string):1: in main chunk
[Interface/AddOns/Blizzard_ScriptErrors/Blizzard_ScriptErrors.lua]:59: in function 'GetErrorData'
[Interface/AddOns/Blizzard_ScriptErrors/Blizzard_ScriptErrors.lua]:72: in function <[Interface/AddOns/Blizzard_ScriptErrors/Blizzard_ScriptErrors.lua]:71>

Lua error: @Interface/AddOns/Clicked/Conditions/ConditionUtils.lua: Lua error: Interface/AddOns/Clicked/Conditions/ConditionUtils.lua:37: Cannot find a library instance of "LibTalentInfo-1.0".
stack traceback:
	(string):1: in main chunk
Lua error: Lua Error: @Interface/AddOns/Clicked/Conditions/ConditionUtils.lua: Lua error: Interface/AddOns/Clicked/Conditions/ConditionUtils.lua:37: Cannot find a library instance of "LibTalentInfo-1.0".
stack traceback:
	(string):1: in main chunk
[Interface/AddOns/Blizzard_ScriptErrors/Blizzard_ScriptErrors.lua]:59: in function 'GetErrorData'
[Interface/AddOns/Blizzard_ScriptErrors/Blizzard_ScriptErrors.lua]:72: in function <[Interface/AddOns/Blizzard_ScriptErrors/Blizzard_ScriptErrors.lua]:71>

Lua error: @Interface/AddOns/Clicked/Conditions/LoadConditions.lua: Lua error: Interface/AddOns/Clicked/Conditions/LoadConditions.lua:47: attempt to call method 'IsForever' (a nil value)
stack traceback:
	(string):1: in main chunk
Lua error: Lua Error: @Interface/AddOns/Clicked/Conditions/LoadConditions.lua: Lua error: Interface/AddOns/Clicked/Conditions/LoadConditions.lua:47: attempt to call method 'IsForever' (a nil value)
stack traceback:
	(string):1: in main chunk
[Interface/AddOns/Blizzard_ScriptErrors/Blizzard_ScriptErrors.lua]:59: in function 'GetErrorData'
[Interface/AddOns/Blizzard_ScriptErrors/Blizzard_ScriptErrors.lua]:72: in function <[Interface/AddOns/Blizzard_ScriptErrors/Blizzard_ScriptErrors.lua]:71>

Lua error: @Interface/AddOns/Clicked/Config/Profile.lua: Lua error: Interface/AddOns/Clicked/Config/Profile.lua:17: Cannot find a library instance of "AceConfig-3.0".
stack traceback:
	(string):1: in main chunk
Lua error: Lua Error: @Interface/AddOns/Clicked/Config/Profile.lua: Lua error: Interface/AddOns/Clicked/Config/Profile.lua:17: Cannot find a library instance of "AceConfig-3.0".
stack traceback:
	(string):1: in main chunk
[Interface/AddOns/Blizzard_ScriptErrors/Blizzard_ScriptErrors.lua]:59: in function 'GetErrorData'
[Interface/AddOns/Blizzard_ScriptErrors/Blizzard_ScriptErrors.lua]:72: in function <[Interface/AddOns/Blizzard_ScriptErrors/Blizzard_ScriptErrors.lua]:71>

Lua error: @Interface/AddOns/Clicked/Config/KeyVisualizer.lua: Lua error: Interface/AddOns/Clicked/Config/KeyVisualizer.lua:17: Cannot find a library instance of "AceGUI-3.0".
stack traceback:
	(string):1: in main chunk
Lua error: Lua Error: @Interface/AddOns/Clicked/Config/KeyVisualizer.lua: Lua error: Interface/AddOns/Clicked/Config/KeyVisualizer.lua:17: Cannot find a library instance of "AceGUI-3.0".
stack traceback:
	(string):1: in main chunk
[Interface/AddOns/Blizzard_ScriptErrors/Blizzard_ScriptErrors.lua]:59: in function 'GetErrorData'
[Interface/AddOns/Blizzard_ScriptErrors/Blizzard_ScriptErrors.lua]:72: in function <[Interface/AddOns/Blizzard_ScriptErrors/Blizzard_ScriptErrors.lua]:71>

Lua error: @Interface/AddOns/Clicked/Debug/StatusOutput.lua: Lua error: Interface/AddOns/Clicked/Debug/StatusOutput.lua:17: Cannot find a library instance of "AceGUI-3.0".
stack traceback:
	(string):1: in main chunk
Lua error: Lua Error: @Interface/AddOns/Clicked/Debug/StatusOutput.lua: Lua error: Interface/AddOns/Clicked/Debug/StatusOutput.lua:17: Cannot find a library instance of "AceGUI-3.0".
stack traceback:
	(string):1: in main chunk
[Interface/AddOns/Blizzard_ScriptErrors/Blizzard_ScriptErrors.lua]:59: in function 'GetErrorData'
[Interface/AddOns/Blizzard_ScriptErrors/Blizzard_ScriptErrors.lua]:72: in function <[Interface/AddOns/Blizzard_ScriptErrors/Blizzard_ScriptErrors.lua]:71>

Lua error: IO error reading /syncthing/World of Warcraft/_retail_/Interface/AddOns/Clicked/BindingConfig/Tabs/Action.lua: No such file or directory (os error 2)
stack traceback:
	(string):1: in main chunk
Lua error: Lua Error: IO error reading /syncthing/World of Warcraft/_retail_/Interface/AddOns/Clicked/BindingConfig/Tabs/Action.lua: No such file or directory (os error 2)
stack traceback:
	(string):1: in main chunk
[Interface/AddOns/Blizzard_ScriptErrors/Blizzard_ScriptErrors.lua]:59: in function 'GetErrorData'
[Interface/AddOns/Blizzard_ScriptErrors/Blizzard_ScriptErrors.lua]:72: in function <[Interface/AddOns/Blizzard_ScriptErrors/Blizzard_ScriptErrors.lua]:71>

Lua error: @Interface/AddOns/Clicked/BindingConfig/BindingConfig.lua: Lua error: Interface/AddOns/Clicked/BindingConfig/BindingConfig.lua:31: Cannot find a library instance of "AceGUI-3.0".
stack traceback:
	(string):1: in main chunk
Lua error: Lua Error: @Interface/AddOns/Clicked/BindingConfig/BindingConfig.lua: Lua error: Interface/AddOns/Clicked/BindingConfig/BindingConfig.lua:31: Cannot find a library instance of "AceGUI-3.0".
stack traceback:
	(string):1: in main chunk
[Interface/AddOns/Blizzard_ScriptErrors/Blizzard_ScriptErrors.lua]:59: in function 'GetErrorData'
[Interface/AddOns/Blizzard_ScriptErrors/Blizzard_ScriptErrors.lua]:72: in function <[Interface/AddOns/Blizzard_ScriptErrors/Blizzard_ScriptErrors.lua]:71>

Lua error: @Interface/AddOns/CursorRing/Locales/enUS.lua: Lua error: Interface/AddOns/CursorRing/Locales/enUS.lua:2: attempt to call field 'NewLocale' (a nil value)
stack traceback:
	(string):1: in main chunk
Lua error: Lua Error: @Interface/AddOns/CursorRing/Locales/enUS.lua: Lua error: Interface/AddOns/CursorRing/Locales/enUS.lua:2: attempt to call field 'NewLocale' (a nil value)
stack traceback:
	(string):1: in main chunk
[Interface/AddOns/Blizzard_ScriptErrors/Blizzard_ScriptErrors.lua]:59: in function 'GetErrorData'
[Interface/AddOns/Blizzard_ScriptErrors/Blizzard_ScriptErrors.lua]:72: in function <[Interface/AddOns/Blizzard_ScriptErrors/Blizzard_ScriptErrors.lua]:71>

Lua error: @Interface/AddOns/CursorRing/Locales/deDE.lua: Lua error: Interface/AddOns/CursorRing/Locales/deDE.lua:2: attempt to call field 'NewLocale' (a nil value)
stack traceback:
	(string):1: in main chunk
Lua error: Lua Error: @Interface/AddOns/CursorRing/Locales/deDE.lua: Lua error: Interface/AddOns/CursorRing/Locales/deDE.lua:2: attempt to call field 'NewLocale' (a nil value)
stack traceback:
	(string):1: in main chunk
[Interface/AddOns/Blizzard_ScriptErrors/Blizzard_ScriptErrors.lua]:59: in function 'GetErrorData'
[Interface/AddOns/Blizzard_ScriptErrors/Blizzard_ScriptErrors.lua]:72: in function <[Interface/AddOns/Blizzard_ScriptErrors/Blizzard_ScriptErrors.lua]:71>

Lua error: @Interface/AddOns/CursorRing/Locales/zhCN.lua: Lua error: Interface/AddOns/CursorRing/Locales/zhCN.lua:2: attempt to call field 'NewLocale' (a nil value)
stack traceback:
	(string):1: in main chunk
Lua error: Lua Error: @Interface/AddOns/CursorRing/Locales/zhCN.lua: Lua error: Interface/AddOns/CursorRing/Locales/zhCN.lua:2: attempt to call field 'NewLocale' (a nil value)
stack traceback:
	(string):1: in main chunk
[Interface/AddOns/Blizzard_ScriptErrors/Blizzard_ScriptErrors.lua]:59: in function 'GetErrorData'
[Interface/AddOns/Blizzard_ScriptErrors/Blizzard_ScriptErrors.lua]:72: in function <[Interface/AddOns/Blizzard_ScriptErrors/Blizzard_ScriptErrors.lua]:71>

Lua error: @Interface/AddOns/CursorRing/Modules/Resources/Druid.lua: Lua error: Interface/AddOns/CursorRing/Modules/Resources/Druid.lua:5: attempt to call field 'RegisterResourceModule' (a nil value)
stack traceback:
	(string):1: in main chunk
Lua error: Lua Error: @Interface/AddOns/CursorRing/Modules/Resources/Druid.lua: Lua error: Interface/AddOns/CursorRing/Modules/Resources/Druid.lua:5: attempt to call field 'RegisterResourceModule' (a nil value)
stack traceback:
	(string):1: in main chunk
[Interface/AddOns/Blizzard_ScriptErrors/Blizzard_ScriptErrors.lua]:59: in function 'GetErrorData'
[Interface/AddOns/Blizzard_ScriptErrors/Blizzard_ScriptErrors.lua]:72: in function <[Interface/AddOns/Blizzard_ScriptErrors/Blizzard_ScriptErrors.lua]:71>

Lua error: @Interface/AddOns/CursorRing/Modules/Resources/Paladin.lua: Lua error: Interface/AddOns/CursorRing/Modules/Resources/Paladin.lua:5: attempt to call field 'RegisterResourceModule' (a nil value)
stack traceback:
	(string):1: in main chunk
Lua error: Lua Error: @Interface/AddOns/CursorRing/Modules/Resources/Paladin.lua: Lua error: Interface/AddOns/CursorRing/Modules/Resources/Paladin.lua:5: attempt to call field 'RegisterResourceModule' (a nil value)
stack traceback:
	(string):1: in main chunk
[Interface/AddOns/Blizzard_ScriptErrors/Blizzard_ScriptErrors.lua]:59: in function 'GetErrorData'
[Interface/AddOns/Blizzard_ScriptErrors/Blizzard_ScriptErrors.lua]:72: in function <[Interface/AddOns/Blizzard_ScriptErrors/Blizzard_ScriptErrors.lua]:71>

Lua error: @Interface/AddOns/CursorRing/Modules/Resources/Monk.lua: Lua error: Interface/AddOns/CursorRing/Modules/Resources/Monk.lua:5: attempt to call field 'RegisterResourceModule' (a nil value)
stack traceback:
	(string):1: in main chunk
Lua error: Lua Error: @Interface/AddOns/CursorRing/Modules/Resources/Monk.lua: Lua error: Interface/AddOns/CursorRing/Modules/Resources/Monk.lua:5: attempt to call field 'RegisterResourceModule' (a nil value)
stack traceback:
	(string):1: in main chunk
[Interface/AddOns/Blizzard_ScriptErrors/Blizzard_ScriptErrors.lua]:59: in function 'GetErrorData'
[Interface/AddOns/Blizzard_ScriptErrors/Blizzard_ScriptErrors.lua]:72: in function <[Interface/AddOns/Blizzard_ScriptErrors/Blizzard_ScriptErrors.lua]:71>

Lua error: @Interface/AddOns/CursorRing/Modules/Resources/Warlock.lua: Lua error: Interface/AddOns/CursorRing/Modules/Resources/Warlock.lua:30: attempt to call field 'RegisterResourceModule' (a nil value)
stack traceback:
	(string):1: in main chunk
Lua error: Lua Error: @Interface/AddOns/CursorRing/Modules/Resources/Warlock.lua: Lua error: Interface/AddOns/CursorRing/Modules/Resources/Warlock.lua:30: attempt to call field 'RegisterResourceModule' (a nil value)
stack traceback:
	(string):1: in main chunk
[Interface/AddOns/Blizzard_ScriptErrors/Blizzard_ScriptErrors.lua]:59: in function 'GetErrorData'
[Interface/AddOns/Blizzard_ScriptErrors/Blizzard_ScriptErrors.lua]:72: in function <[Interface/AddOns/Blizzard_ScriptErrors/Blizzard_ScriptErrors.lua]:71>

Lua error: @Interface/AddOns/CursorRing/Modules/Resources/Evoker.lua: Lua error: Interface/AddOns/CursorRing/Modules/Resources/Evoker.lua:18: attempt to call field 'RegisterResourceModule' (a nil value)
stack traceback:
	(string):1: in main chunk
Lua error: Lua Error: @Interface/AddOns/CursorRing/Modules/Resources/Evoker.lua: Lua error: Interface/AddOns/CursorRing/Modules/Resources/Evoker.lua:18: attempt to call field 'RegisterResourceModule' (a nil value)
stack traceback:
	(string):1: in main chunk
[Interface/AddOns/Blizzard_ScriptErrors/Blizzard_ScriptErrors.lua]:59: in function 'GetErrorData'
[Interface/AddOns/Blizzard_ScriptErrors/Blizzard_ScriptErrors.lua]:72: in function <[Interface/AddOns/Blizzard_ScriptErrors/Blizzard_ScriptErrors.lua]:71>

Lua error: @Interface/AddOns/DandersFrames/Core/AutoProfiles.lua: Lua error: Interface/AddOns/DandersFrames/Core/AutoProfiles.lua:97: attempt to index upvalue 'L' (a nil value)
stack traceback:
	(string):1: in main chunk
Lua error: Lua Error: @Interface/AddOns/DandersFrames/Core/AutoProfiles.lua: Lua error: Interface/AddOns/DandersFrames/Core/AutoProfiles.lua:97: attempt to index upvalue 'L' (a nil value)
stack traceback:
	(string):1: in main chunk
[Interface/AddOns/Blizzard_ScriptErrors/Blizzard_ScriptErrors.lua]:59: in function 'GetErrorData'
[Interface/AddOns/Blizzard_ScriptErrors/Blizzard_ScriptErrors.lua]:72: in function <[Interface/AddOns/Blizzard_ScriptErrors/Blizzard_ScriptErrors.lua]:71>

Lua error: @Interface/AddOns/DandersFrames/Frames/Headers.lua: Lua error: Interface/AddOns/DandersFrames/Frames/Headers.lua:506: attempt to call method 'RegisterDebugSlash' (a nil value)
stack traceback:
	(string):1: in main chunk
Lua error: Lua Error: @Interface/AddOns/DandersFrames/Frames/Headers.lua: Lua error: Interface/AddOns/DandersFrames/Frames/Headers.lua:506: attempt to call method 'RegisterDebugSlash' (a nil value)
stack traceback:
	(string):1: in main chunk
[Interface/AddOns/Blizzard_ScriptErrors/Blizzard_ScriptErrors.lua]:59: in function 'GetErrorData'
[Interface/AddOns/Blizzard_ScriptErrors/Blizzard_ScriptErrors.lua]:72: in function <[Interface/AddOns/Blizzard_ScriptErrors/Blizzard_ScriptErrors.lua]:71>

Lua error: @Interface/AddOns/DandersFrames/Frames/Position.lua: Lua error: Interface/AddOns/DandersFrames/Frames/Position.lua:72: attempt to index local 'L' (a nil value)
stack traceback:
	(string):1: in main chunk
Lua error: Lua Error: @Interface/AddOns/DandersFrames/Frames/Position.lua: Lua error: Interface/AddOns/DandersFrames/Frames/Position.lua:72: attempt to index local 'L' (a nil value)
stack traceback:
	(string):1: in main chunk
[Interface/AddOns/Blizzard_ScriptErrors/Blizzard_ScriptErrors.lua]:59: in function 'GetErrorData'
[Interface/AddOns/Blizzard_ScriptErrors/Blizzard_ScriptErrors.lua]:72: in function <[Interface/AddOns/Blizzard_ScriptErrors/Blizzard_ScriptErrors.lua]:71>

Lua error: @Interface/AddOns/DandersFrames/Features/Range.lua: Lua error: Interface/AddOns/DandersFrames/Features/Range.lua:984: attempt to call method 'RegisterRosterUnitEvent' (a nil value)
stack traceback:
	(string):1: in main chunk
Lua error: Lua Error: @Interface/AddOns/DandersFrames/Features/Range.lua: Lua error: Interface/AddOns/DandersFrames/Features/Range.lua:984: attempt to call method 'RegisterRosterUnitEvent' (a nil value)
stack traceback:
	(string):1: in main chunk
[Interface/AddOns/Blizzard_ScriptErrors/Blizzard_ScriptErrors.lua]:59: in function 'GetErrorData'
[Interface/AddOns/Blizzard_ScriptErrors/Blizzard_ScriptErrors.lua]:72: in function <[Interface/AddOns/Blizzard_ScriptErrors/Blizzard_ScriptErrors.lua]:71>

Lua error: @Interface/AddOns/DandersFrames/Features/Dispel.lua: Lua error: Interface/AddOns/DandersFrames/Features/Dispel.lua:3133: attempt to call method 'RegisterDebugSlash' (a nil value)
stack traceback:
	(string):1: in main chunk
Lua error: Lua Error: @Interface/AddOns/DandersFrames/Features/Dispel.lua: Lua error: Interface/AddOns/DandersFrames/Features/Dispel.lua:3133: attempt to call method 'RegisterDebugSlash' (a nil value)
stack traceback:
	(string):1: in main chunk
[Interface/AddOns/Blizzard_ScriptErrors/Blizzard_ScriptErrors.lua]:59: in function 'GetErrorData'
[Interface/AddOns/Blizzard_ScriptErrors/Blizzard_ScriptErrors.lua]:72: in function <[Interface/AddOns/Blizzard_ScriptErrors/Blizzard_ScriptErrors.lua]:71>

Lua error: @Interface/AddOns/DeModal/DeModal.lua: Lua error: Interface/AddOns/DeModal/DeModal.lua:9: attempt to call field 'LoadSlashCommands' (a nil value)
stack traceback:
	(string):1: in main chunk
Lua error: Lua Error: @Interface/AddOns/DeModal/DeModal.lua: Lua error: Interface/AddOns/DeModal/DeModal.lua:9: attempt to call field 'LoadSlashCommands' (a nil value)
stack traceback:
	(string):1: in main chunk
[Interface/AddOns/Blizzard_ScriptErrors/Blizzard_ScriptErrors.lua]:59: in function 'GetErrorData'
[Interface/AddOns/Blizzard_ScriptErrors/Blizzard_ScriptErrors.lua]:72: in function <[Interface/AddOns/Blizzard_ScriptErrors/Blizzard_ScriptErrors.lua]:71>

Lua error: IO error reading /syncthing/World of Warcraft/_retail_/Interface/AddOns/Dejunk/src/addon.lua: No such file or directory (os error 2)
stack traceback:
	(string):1: in main chunk
Lua error: Lua Error: IO error reading /syncthing/World of Warcraft/_retail_/Interface/AddOns/Dejunk/src/addon.lua: No such file or directory (os error 2)
stack traceback:
	(string):1: in main chunk
[Interface/AddOns/Blizzard_ScriptErrors/Blizzard_ScriptErrors.lua]:59: in function 'GetErrorData'
[Interface/AddOns/Blizzard_ScriptErrors/Blizzard_ScriptErrors.lua]:72: in function <[Interface/AddOns/Blizzard_ScriptErrors/Blizzard_ScriptErrors.lua]:71>

Lua error: IO error reading /syncthing/World of Warcraft/_retail_/Interface/AddOns/DialogueUI/Code/Utility/FontUtil.lua: No such file or directory (os error 2)
stack traceback:
	(string):1: in main chunk
Lua error: Lua Error: IO error reading /syncthing/World of Warcraft/_retail_/Interface/AddOns/DialogueUI/Code/Utility/FontUtil.lua: No such file or directory (os error 2)
stack traceback:
	(string):1: in main chunk
[Interface/AddOns/Blizzard_ScriptErrors/Blizzard_ScriptErrors.lua]:59: in function 'GetErrorData'
[Interface/AddOns/Blizzard_ScriptErrors/Blizzard_ScriptErrors.lua]:72: in function <[Interface/AddOns/Blizzard_ScriptErrors/Blizzard_ScriptErrors.lua]:71>

Lua error: @Interface/AddOns/DialogueUI/Code/Sound.lua: Lua error: Interface/AddOns/DialogueUI/Code/Sound.lua:78: attempt to index field 'CallbackRegistry' (a nil value)
stack traceback:
	(string):1: in main chunk
Lua error: Lua Error: @Interface/AddOns/DialogueUI/Code/Sound.lua: Lua error: Interface/AddOns/DialogueUI/Code/Sound.lua:78: attempt to index field 'CallbackRegistry' (a nil value)
stack traceback:
	(string):1: in main chunk
[Interface/AddOns/Blizzard_ScriptErrors/Blizzard_ScriptErrors.lua]:59: in function 'GetErrorData'
[Interface/AddOns/Blizzard_ScriptErrors/Blizzard_ScriptErrors.lua]:72: in function <[Interface/AddOns/Blizzard_ScriptErrors/Blizzard_ScriptErrors.lua]:71>

Lua error: IO error reading /syncthing/World of Warcraft/_retail_/Interface/AddOns/DialogueUI/Code/Scroll/Scroll_Swipe.lua: No such file or directory (os error 2)
stack traceback:
	(string):1: in main chunk
Lua error: Lua Error: IO error reading /syncthing/World of Warcraft/_retail_/Interface/AddOns/DialogueUI/Code/Scroll/Scroll_Swipe.lua: No such file or directory (os error 2)
stack traceback:
	(string):1: in main chunk
[Interface/AddOns/Blizzard_ScriptErrors/Blizzard_ScriptErrors.lua]:59: in function 'GetErrorData'
[Interface/AddOns/Blizzard_ScriptErrors/Blizzard_ScriptErrors.lua]:72: in function <[Interface/AddOns/Blizzard_ScriptErrors/Blizzard_ScriptErrors.lua]:71>

Lua error: IO error reading /syncthing/World of Warcraft/_retail_/Interface/AddOns/DialogueUI/Code/Settings/Settings_Definitions.lua: No such file or directory (os error 2)
stack traceback:
	(string):1: in main chunk
Lua error: Lua Error: IO error reading /syncthing/World of Warcraft/_retail_/Interface/AddOns/DialogueUI/Code/Settings/Settings_Definitions.lua: No such file or directory (os error 2)
stack traceback:
	(string):1: in main chunk
[Interface/AddOns/Blizzard_ScriptErrors/Blizzard_ScriptErrors.lua]:59: in function 'GetErrorData'
[Interface/AddOns/Blizzard_ScriptErrors/Blizzard_ScriptErrors.lua]:72: in function <[Interface/AddOns/Blizzard_ScriptErrors/Blizzard_ScriptErrors.lua]:71>

Lua error: @Interface/AddOns/DialogueUI/Code/NameplateGossip.lua: Lua error: Interface/AddOns/DialogueUI/Code/NameplateGossip.lua:260: attempt to index field 'CallbackRegistry' (a nil value)
stack traceback:
	(string):1: in main chunk
Lua error: Lua Error: @Interface/AddOns/DialogueUI/Code/NameplateGossip.lua: Lua error: Interface/AddOns/DialogueUI/Code/NameplateGossip.lua:260: attempt to index field 'CallbackRegistry' (a nil value)
stack traceback:
	(string):1: in main chunk
[Interface/AddOns/Blizzard_ScriptErrors/Blizzard_ScriptErrors.lua]:59: in function 'GetErrorData'
[Interface/AddOns/Blizzard_ScriptErrors/Blizzard_ScriptErrors.lua]:72: in function <[Interface/AddOns/Blizzard_ScriptErrors/Blizzard_ScriptErrors.lua]:71>

Lua error: IO error reading /syncthing/World of Warcraft/_retail_/Interface/AddOns/DialogueUI/Code/Dialogue/Clipboard.lua: No such file or directory (os error 2)
stack traceback:
	(string):1: in main chunk
Lua error: Lua Error: IO error reading /syncthing/World of Warcraft/_retail_/Interface/AddOns/DialogueUI/Code/Dialogue/Clipboard.lua: No such file or directory (os error 2)
stack traceback:
	(string):1: in main chunk
[Interface/AddOns/Blizzard_ScriptErrors/Blizzard_ScriptErrors.lua]:59: in function 'GetErrorData'
[Interface/AddOns/Blizzard_ScriptErrors/Blizzard_ScriptErrors.lua]:72: in function <[Interface/AddOns/Blizzard_ScriptErrors/Blizzard_ScriptErrors.lua]:71>

Lua error: @Interface/AddOns/DialogueUI/Code/Book/BookUI_Component.lua: Lua error: Interface/AddOns/DialogueUI/Code/Book/BookUI_Component.lua:440: attempt to index field 'TooltipAPI' (a nil value)
stack traceback:
	(string):1: in main chunk
Lua error: Lua Error: @Interface/AddOns/DialogueUI/Code/Book/BookUI_Component.lua: Lua error: Interface/AddOns/DialogueUI/Code/Book/BookUI_Component.lua:440: attempt to index field 'TooltipAPI' (a nil value)
stack traceback:
	(string):1: in main chunk
[Interface/AddOns/Blizzard_ScriptErrors/Blizzard_ScriptErrors.lua]:59: in function 'GetErrorData'
[Interface/AddOns/Blizzard_ScriptErrors/Blizzard_ScriptErrors.lua]:72: in function <[Interface/AddOns/Blizzard_ScriptErrors/Blizzard_ScriptErrors.lua]:71>

Lua error: IO error reading /syncthing/World of Warcraft/_retail_/Interface/AddOns/DialogueUI/Code/Widget/WidgetManager.lua: No such file or directory (os error 2)
stack traceback:
	(string):1: in main chunk
Lua error: Lua Error: IO error reading /syncthing/World of Warcraft/_retail_/Interface/AddOns/DialogueUI/Code/Widget/WidgetManager.lua: No such file or directory (os error 2)
stack traceback:
	(string):1: in main chunk
[Interface/AddOns/Blizzard_ScriptErrors/Blizzard_ScriptErrors.lua]:59: in function 'GetErrorData'
[Interface/AddOns/Blizzard_ScriptErrors/Blizzard_ScriptErrors.lua]:72: in function <[Interface/AddOns/Blizzard_ScriptErrors/Blizzard_ScriptErrors.lua]:71>

Lua error: @Interface/AddOns/DialogueUI/Code/Core.lua: Lua error: Interface/AddOns/DialogueUI/Code/Core.lua:74: attempt to call field 'AddCustomLinkType' (a nil value)
stack traceback:
	(string):1: in main chunk
Lua error: Lua Error: @Interface/AddOns/DialogueUI/Code/Core.lua: Lua error: Interface/AddOns/DialogueUI/Code/Core.lua:74: attempt to call field 'AddCustomLinkType' (a nil value)
stack traceback:
	(string):1: in main chunk
[Interface/AddOns/Blizzard_ScriptErrors/Blizzard_ScriptErrors.lua]:59: in function 'GetErrorData'
[Interface/AddOns/Blizzard_ScriptErrors/Blizzard_ScriptErrors.lua]:72: in function <[Interface/AddOns/Blizzard_ScriptErrors/Blizzard_ScriptErrors.lua]:71>

Lua error: [OnEvent] frame=#48564 addon=DialogueUI source=@Interface/AddOns/DialogueUI/Initialization.lua:204: Interface/AddOns/DialogueUI/Initialization.lua:137: attempt to index field 'CallbackRegistry' (a nil value)
stack traceback:
	(string):12: in function <(string):12>
	[C]: in function 'native_xpcall'
	(string):11: in function <(string):10>
	Interface/AddOns/DialogueUI/Initialization.lua:137: in function 'SetDBValue'
	Interface/AddOns/DialogueUI/Initialization.lua:177: in function 'LoadDatabase'
	Interface/AddOns/DialogueUI/Initialization.lua:209: in function <Interface/AddOns/DialogueUI/Initialization.lua:204>
	(tail call): ?
	(tail call): ?
	[C]: in function 'native_xpcall'
	(string):8: in function <(string):5>
	(tail call): ?
Lua error: Lua Error: [OnEvent] frame=#48564 addon=DialogueUI source=@Interface/AddOns/DialogueUI/Initialization.lua:204: Interface/AddOns/DialogueUI/Initialization.lua:137: attempt to index field 'CallbackRegistry' (a nil value)
stack traceback:
	(string):12: in function <(string):12>
	[C]: in function 'native_xpcall'
	(string):11: in function <(string):10>
	Interface/AddOns/DialogueUI/Initialization.lua:137: in function 'SetDBValue'
	Interface/AddOns/DialogueUI/Initialization.lua:177: in function 'LoadDatabase'
	Interface/AddOns/DialogueUI/Initialization.lua:209: in function <Interface/AddOns/DialogueUI/Initialization.lua:204>
	(tail call): ?
	(tail call): ?
	[C]: in function 'native_xpcall'
	(string):8: in function <(string):5>
	(tail call): ?
[Interface/AddOns/Blizzard_ScriptErrors/Blizzard_ScriptErrors.lua]:59: in function 'GetErrorData'
[Interface/AddOns/Blizzard_ScriptErrors/Blizzard_ScriptErrors.lua]:72: in function <[Interface/AddOns/Blizzard_ScriptErrors/Blizzard_ScriptErrors.lua]:71>

Lua error: IO error reading /syncthing/World of Warcraft/_retail_/Interface/AddOns/EnhanceQoL/libs/AceLocale-3.0/AceLocale-3.0.lua: No such file or directory (os error 2)
stack traceback:
	(string):1: in main chunk
Lua error: Lua Error: IO error reading /syncthing/World of Warcraft/_retail_/Interface/AddOns/EnhanceQoL/libs/AceLocale-3.0/AceLocale-3.0.lua: No such file or directory (os error 2)
stack traceback:
	(string):1: in main chunk
[Interface/AddOns/Blizzard_ScriptErrors/Blizzard_ScriptErrors.lua]:59: in function 'GetErrorData'
[Interface/AddOns/Blizzard_ScriptErrors/Blizzard_ScriptErrors.lua]:72: in function <[Interface/AddOns/Blizzard_ScriptErrors/Blizzard_ScriptErrors.lua]:71>

Lua error: @Interface/AddOns/EnhanceQoL/Init.lua: Lua error: Interface/AddOns/EnhanceQoL/Init.lua:70: Cannot find a library instance of "AceLocale-3.0".
stack traceback:
	(string):1: in main chunk
Lua error: Lua Error: @Interface/AddOns/EnhanceQoL/Init.lua: Lua error: Interface/AddOns/EnhanceQoL/Init.lua:70: Cannot find a library instance of "AceLocale-3.0".
stack traceback:
	(string):1: in main chunk
[Interface/AddOns/Blizzard_ScriptErrors/Blizzard_ScriptErrors.lua]:59: in function 'GetErrorData'
[Interface/AddOns/Blizzard_ScriptErrors/Blizzard_ScriptErrors.lua]:72: in function <[Interface/AddOns/Blizzard_ScriptErrors/Blizzard_ScriptErrors.lua]:71>

Lua error: IO error reading /syncthing/World of Warcraft/_retail_/Interface/AddOns/EnhanceQoL/libs/LibDeflate/LibDeflate.lua: No such file or directory (os error 2)
stack traceback:
	(string):1: in main chunk
Lua error: Lua Error: IO error reading /syncthing/World of Warcraft/_retail_/Interface/AddOns/EnhanceQoL/libs/LibDeflate/LibDeflate.lua: No such file or directory (os error 2)
stack traceback:
	(string):1: in main chunk
[Interface/AddOns/Blizzard_ScriptErrors/Blizzard_ScriptErrors.lua]:59: in function 'GetErrorData'
[Interface/AddOns/Blizzard_ScriptErrors/Blizzard_ScriptErrors.lua]:72: in function <[Interface/AddOns/Blizzard_ScriptErrors/Blizzard_ScriptErrors.lua]:71>

Lua error: IO error reading /syncthing/World of Warcraft/_retail_/Interface/AddOns/EnhanceQoL/libs/LibSettingsDesigner/LibSettingsDesignerUI.lua: No such file or directory (os error 2)
stack traceback:
	(string):1: in main chunk
Lua error: Lua Error: IO error reading /syncthing/World of Warcraft/_retail_/Interface/AddOns/EnhanceQoL/libs/LibSettingsDesigner/LibSettingsDesignerUI.lua: No such file or directory (os error 2)
stack traceback:
	(string):1: in main chunk
[Interface/AddOns/Blizzard_ScriptErrors/Blizzard_ScriptErrors.lua]:59: in function 'GetErrorData'
[Interface/AddOns/Blizzard_ScriptErrors/Blizzard_ScriptErrors.lua]:72: in function <[Interface/AddOns/Blizzard_ScriptErrors/Blizzard_ScriptErrors.lua]:71>

Lua error: @Interface/AddOns/EnhanceQoL/Core/EditMode.lua: Lua error: EnhanceQoL Edit Mode integration is not loaded
stack traceback:
	(string):1: in main chunk
Lua error: Lua Error: @Interface/AddOns/EnhanceQoL/Core/EditMode.lua: Lua error: EnhanceQoL Edit Mode integration is not loaded
stack traceback:
	(string):1: in main chunk
[Interface/AddOns/Blizzard_ScriptErrors/Blizzard_ScriptErrors.lua]:59: in function 'GetErrorData'
[Interface/AddOns/Blizzard_ScriptErrors/Blizzard_ScriptErrors.lua]:72: in function <[Interface/AddOns/Blizzard_ScriptErrors/Blizzard_ScriptErrors.lua]:71>

Lua error: @Interface/AddOns/EnhanceQoL/Core/SharedAnchors.lua: Lua error: Interface/AddOns/EnhanceQoL/Core/SharedAnchors.lua:14: Cannot find a library instance of "AceLocale-3.0".
stack traceback:
	(string):1: in main chunk
Lua error: Lua Error: @Interface/AddOns/EnhanceQoL/Core/SharedAnchors.lua: Lua error: Interface/AddOns/EnhanceQoL/Core/SharedAnchors.lua:14: Cannot find a library instance of "AceLocale-3.0".
stack traceback:
	(string):1: in main chunk
[Interface/AddOns/Blizzard_ScriptErrors/Blizzard_ScriptErrors.lua]:59: in function 'GetErrorData'
[Interface/AddOns/Blizzard_ScriptErrors/Blizzard_ScriptErrors.lua]:72: in function <[Interface/AddOns/Blizzard_ScriptErrors/Blizzard_ScriptErrors.lua]:71>

Lua error: @Interface/AddOns/EnhanceQoL/Core/EditModeAnchors.lua: Lua error: Interface/AddOns/EnhanceQoL/Core/EditModeAnchors.lua:8: Cannot find a library instance of "AceLocale-3.0".
stack traceback:
	(string):1: in main chunk
Lua error: Lua Error: @Interface/AddOns/EnhanceQoL/Core/EditModeAnchors.lua: Lua error: Interface/AddOns/EnhanceQoL/Core/EditModeAnchors.lua:8: Cannot find a library instance of "AceLocale-3.0".
stack traceback:
	(string):1: in main chunk
[Interface/AddOns/Blizzard_ScriptErrors/Blizzard_ScriptErrors.lua]:59: in function 'GetErrorData'
[Interface/AddOns/Blizzard_ScriptErrors/Blizzard_ScriptErrors.lua]:72: in function <[Interface/AddOns/Blizzard_ScriptErrors/Blizzard_ScriptErrors.lua]:71>

Lua error: @Interface/AddOns/EnhanceQoL/Core/EditModeAnchorUI.lua: Lua error: Interface/AddOns/EnhanceQoL/Core/EditModeAnchorUI.lua:6: Cannot find a library instance of "AceLocale-3.0".
stack traceback:
	(string):1: in main chunk
Lua error: Lua Error: @Interface/AddOns/EnhanceQoL/Core/EditModeAnchorUI.lua: Lua error: Interface/AddOns/EnhanceQoL/Core/EditModeAnchorUI.lua:6: Cannot find a library instance of "AceLocale-3.0".
stack traceback:
	(string):1: in main chunk
[Interface/AddOns/Blizzard_ScriptErrors/Blizzard_ScriptErrors.lua]:59: in function 'GetErrorData'
[Interface/AddOns/Blizzard_ScriptErrors/Blizzard_ScriptErrors.lua]:72: in function <[Interface/AddOns/Blizzard_ScriptErrors/Blizzard_ScriptErrors.lua]:71>

Lua error: @Interface/AddOns/EnhanceQoL/Core/Streams/Stream_Currency.lua: Lua error: ...rface/AddOns/EnhanceQoL/Core/Streams/Stream_Currency.lua:18: attempt to index local 'L' (a nil value)
stack traceback:
	(string):1: in main chunk
Lua error: Lua Error: @Interface/AddOns/EnhanceQoL/Core/Streams/Stream_Currency.lua: Lua error: ...rface/AddOns/EnhanceQoL/Core/Streams/Stream_Currency.lua:18: attempt to index local 'L' (a nil value)
stack traceback:
	(string):1: in main chunk
[Interface/AddOns/Blizzard_ScriptErrors/Blizzard_ScriptErrors.lua]:59: in function 'GetErrorData'
[Interface/AddOns/Blizzard_ScriptErrors/Blizzard_ScriptErrors.lua]:72: in function <[Interface/AddOns/Blizzard_ScriptErrors/Blizzard_ScriptErrors.lua]:71>

Lua error: @Interface/AddOns/EnhanceQoL/Submodules/GemHelper.lua: Lua error: Interface/AddOns/EnhanceQoL/Submodules/GemHelper.lua:3: Cannot find a library instance of "AceLocale-3.0".
stack traceback:
	(string):1: in main chunk
Lua error: Lua Error: @Interface/AddOns/EnhanceQoL/Submodules/GemHelper.lua: Lua error: Interface/AddOns/EnhanceQoL/Submodules/GemHelper.lua:3: Cannot find a library instance of "AceLocale-3.0".
stack traceback:
	(string):1: in main chunk
[Interface/AddOns/Blizzard_ScriptErrors/Blizzard_ScriptErrors.lua]:59: in function 'GetErrorData'
[Interface/AddOns/Blizzard_ScriptErrors/Blizzard_ScriptErrors.lua]:72: in function <[Interface/AddOns/Blizzard_ScriptErrors/Blizzard_ScriptErrors.lua]:71>

Lua error: @Interface/AddOns/EnhanceQoL/Submodules/MountActions.lua: Lua error: Interface/AddOns/EnhanceQoL/Submodules/MountActions.lua:9: Cannot find a library instance of "AceLocale-3.0".
stack traceback:
	(string):1: in main chunk
Lua error: Lua Error: @Interface/AddOns/EnhanceQoL/Submodules/MountActions.lua: Lua error: Interface/AddOns/EnhanceQoL/Submodules/MountActions.lua:9: Cannot find a library instance of "AceLocale-3.0".
stack traceback:
	(string):1: in main chunk
[Interface/AddOns/Blizzard_ScriptErrors/Blizzard_ScriptErrors.lua]:59: in function 'GetErrorData'
[Interface/AddOns/Blizzard_ScriptErrors/Blizzard_ScriptErrors.lua]:72: in function <[Interface/AddOns/Blizzard_ScriptErrors/Blizzard_ScriptErrors.lua]:71>

Lua error: @Interface/AddOns/EnhanceQoL/Submodules/ActionTracker.lua: Lua error: Interface/AddOns/EnhanceQoL/Submodules/ActionTracker.lua:13: Cannot find a library instance of "AceLocale-3.0".
stack traceback:
	(string):1: in main chunk
Lua error: Lua Error: @Interface/AddOns/EnhanceQoL/Submodules/ActionTracker.lua: Lua error: Interface/AddOns/EnhanceQoL/Submodules/ActionTracker.lua:13: Cannot find a library instance of "AceLocale-3.0".
stack traceback:
	(string):1: in main chunk
[Interface/AddOns/Blizzard_ScriptErrors/Blizzard_ScriptErrors.lua]:59: in function 'GetErrorData'
[Interface/AddOns/Blizzard_ScriptErrors/Blizzard_ScriptErrors.lua]:72: in function <[Interface/AddOns/Blizzard_ScriptErrors/Blizzard_ScriptErrors.lua]:71>

Lua error: @Interface/AddOns/EnhanceQoL/Submodules/GroupTools.lua: Lua error: Interface/AddOns/EnhanceQoL/Submodules/GroupTools.lua:14: Cannot find a library instance of "AceLocale-3.0".
stack traceback:
	(string):1: in main chunk
Lua error: Lua Error: @Interface/AddOns/EnhanceQoL/Submodules/GroupTools.lua: Lua error: Interface/AddOns/EnhanceQoL/Submodules/GroupTools.lua:14: Cannot find a library instance of "AceLocale-3.0".
stack traceback:
	(string):1: in main chunk
[Interface/AddOns/Blizzard_ScriptErrors/Blizzard_ScriptErrors.lua]:59: in function 'GetErrorData'
[Interface/AddOns/Blizzard_ScriptErrors/Blizzard_ScriptErrors.lua]:72: in function <[Interface/AddOns/Blizzard_ScriptErrors/Blizzard_ScriptErrors.lua]:71>

Lua error: IO error reading /syncthing/World of Warcraft/_retail_/Interface/AddOns/EnhanceQoL/Settings/SettingsUI.lua: No such file or directory (os error 2)
stack traceback:
	(string):1: in main chunk
Lua error: Lua Error: IO error reading /syncthing/World of Warcraft/_retail_/Interface/AddOns/EnhanceQoL/Settings/SettingsUI.lua: No such file or directory (os error 2)
stack traceback:
	(string):1: in main chunk
[Interface/AddOns/Blizzard_ScriptErrors/Blizzard_ScriptErrors.lua]:59: in function 'GetErrorData'
[Interface/AddOns/Blizzard_ScriptErrors/Blizzard_ScriptErrors.lua]:72: in function <[Interface/AddOns/Blizzard_ScriptErrors/Blizzard_ScriptErrors.lua]:71>

Lua error: @Interface/AddOns/EnhanceQoL/Modules/Mouse/Mouse.lua: Lua error: Interface/AddOns/EnhanceQoL/Modules/Mouse/Mouse.lua:10: Cannot find a library instance of "AceLocale-3.0".
stack traceback:
	(string):1: in main chunk
Lua error: Lua Error: @Interface/AddOns/EnhanceQoL/Modules/Mouse/Mouse.lua: Lua error: Interface/AddOns/EnhanceQoL/Modules/Mouse/Mouse.lua:10: Cannot find a library instance of "AceLocale-3.0".
stack traceback:
	(string):1: in main chunk
[Interface/AddOns/Blizzard_ScriptErrors/Blizzard_ScriptErrors.lua]:59: in function 'GetErrorData'
[Interface/AddOns/Blizzard_ScriptErrors/Blizzard_ScriptErrors.lua]:72: in function <[Interface/AddOns/Blizzard_ScriptErrors/Blizzard_ScriptErrors.lua]:71>

Lua error: IO error reading /syncthing/World of Warcraft/_retail_/Interface/AddOns/EnhanceQoL/Modules/Food/Drinks.lua: No such file or directory (os error 2)
stack traceback:
	(string):1: in main chunk
Lua error: Lua Error: IO error reading /syncthing/World of Warcraft/_retail_/Interface/AddOns/EnhanceQoL/Modules/Food/Drinks.lua: No such file or directory (os error 2)
stack traceback:
	(string):1: in main chunk
[Interface/AddOns/Blizzard_ScriptErrors/Blizzard_ScriptErrors.lua]:59: in function 'GetErrorData'
[Interface/AddOns/Blizzard_ScriptErrors/Blizzard_ScriptErrors.lua]:72: in function <[Interface/AddOns/Blizzard_ScriptErrors/Blizzard_ScriptErrors.lua]:71>

Lua error: @Interface/AddOns/InTime/InTime_UI.lua: Lua error: Interface/AddOns/InTime/InTime_UI.lua:131: attempt to index local 'L' (a nil value)
stack traceback:
	(string):1: in main chunk
Lua error: Lua Error: @Interface/AddOns/InTime/InTime_UI.lua: Lua error: Interface/AddOns/InTime/InTime_UI.lua:131: attempt to index local 'L' (a nil value)
stack traceback:
	(string):1: in main chunk
[Interface/AddOns/Blizzard_ScriptErrors/Blizzard_ScriptErrors.lua]:59: in function 'GetErrorData'
[Interface/AddOns/Blizzard_ScriptErrors/Blizzard_ScriptErrors.lua]:72: in function <[Interface/AddOns/Blizzard_ScriptErrors/Blizzard_ScriptErrors.lua]:71>

Lua error: @Interface/AddOns/InTime/InTime_Core.lua: Lua error: Interface/AddOns/InTime/InTime_Core.lua:20: attempt to index local 'L' (a nil value)
stack traceback:
	(string):1: in main chunk
Lua error: Lua Error: @Interface/AddOns/InTime/InTime_Core.lua: Lua error: Interface/AddOns/InTime/InTime_Core.lua:20: attempt to index local 'L' (a nil value)
stack traceback:
	(string):1: in main chunk
[Interface/AddOns/Blizzard_ScriptErrors/Blizzard_ScriptErrors.lua]:59: in function 'GetErrorData'
[Interface/AddOns/Blizzard_ScriptErrors/Blizzard_ScriptErrors.lua]:72: in function <[Interface/AddOns/Blizzard_ScriptErrors/Blizzard_ScriptErrors.lua]:71>

Lua error: @Interface/AddOns/ItemVersion/Locales/enUS.lua: Lua error: Interface/AddOns/ItemVersion/Locales/enUS.lua:6: Cannot find a library instance of "AceLocale-3.0".
stack traceback:
	(string):1: in main chunk
Lua error: Lua Error: @Interface/AddOns/ItemVersion/Locales/enUS.lua: Lua error: Interface/AddOns/ItemVersion/Locales/enUS.lua:6: Cannot find a library instance of "AceLocale-3.0".
stack traceback:
	(string):1: in main chunk
[Interface/AddOns/Blizzard_ScriptErrors/Blizzard_ScriptErrors.lua]:59: in function 'GetErrorData'
[Interface/AddOns/Blizzard_ScriptErrors/Blizzard_ScriptErrors.lua]:72: in function <[Interface/AddOns/Blizzard_ScriptErrors/Blizzard_ScriptErrors.lua]:71>

Lua error: @Interface/AddOns/ItemVersion/Locales/zhCN.lua: Lua error: Interface/AddOns/ItemVersion/Locales/zhCN.lua:6: Cannot find a library instance of "AceLocale-3.0".
stack traceback:
	(string):1: in main chunk
Lua error: Lua Error: @Interface/AddOns/ItemVersion/Locales/zhCN.lua: Lua error: Interface/AddOns/ItemVersion/Locales/zhCN.lua:6: Cannot find a library instance of "AceLocale-3.0".
stack traceback:
	(string):1: in main chunk
[Interface/AddOns/Blizzard_ScriptErrors/Blizzard_ScriptErrors.lua]:59: in function 'GetErrorData'
[Interface/AddOns/Blizzard_ScriptErrors/Blizzard_ScriptErrors.lua]:72: in function <[Interface/AddOns/Blizzard_ScriptErrors/Blizzard_ScriptErrors.lua]:71>

Lua error: @Interface/AddOns/ItemVersion/Profile.lua: Lua error: Interface/AddOns/ItemVersion/Profile.lua:3: Cannot find a library instance of "AceLocale-3.0".
stack traceback:
	(string):1: in main chunk
Lua error: Lua Error: @Interface/AddOns/ItemVersion/Profile.lua: Lua error: Interface/AddOns/ItemVersion/Profile.lua:3: Cannot find a library instance of "AceLocale-3.0".
stack traceback:
	(string):1: in main chunk
[Interface/AddOns/Blizzard_ScriptErrors/Blizzard_ScriptErrors.lua]:59: in function 'GetErrorData'
[Interface/AddOns/Blizzard_ScriptErrors/Blizzard_ScriptErrors.lua]:72: in function <[Interface/AddOns/Blizzard_ScriptErrors/Blizzard_ScriptErrors.lua]:71>

Lua error: @Interface/AddOns/ItemVersion/Expansion.lua: Lua error: Interface/AddOns/ItemVersion/Expansion.lua:3: Cannot find a library instance of "AceLocale-3.0".
stack traceback:
	(string):1: in main chunk
Lua error: Lua Error: @Interface/AddOns/ItemVersion/Expansion.lua: Lua error: Interface/AddOns/ItemVersion/Expansion.lua:3: Cannot find a library instance of "AceLocale-3.0".
stack traceback:
	(string):1: in main chunk
[Interface/AddOns/Blizzard_ScriptErrors/Blizzard_ScriptErrors.lua]:59: in function 'GetErrorData'
[Interface/AddOns/Blizzard_ScriptErrors/Blizzard_ScriptErrors.lua]:72: in function <[Interface/AddOns/Blizzard_ScriptErrors/Blizzard_ScriptErrors.lua]:71>

Lua error: @Interface/AddOns/ItemVersion/Options.lua: Lua error: Interface/AddOns/ItemVersion/Options.lua:3: Cannot find a library instance of "AceLocale-3.0".
stack traceback:
	(string):1: in main chunk
Lua error: Lua Error: @Interface/AddOns/ItemVersion/Options.lua: Lua error: Interface/AddOns/ItemVersion/Options.lua:3: Cannot find a library instance of "AceLocale-3.0".
stack traceback:
	(string):1: in main chunk
[Interface/AddOns/Blizzard_ScriptErrors/Blizzard_ScriptErrors.lua]:59: in function 'GetErrorData'
[Interface/AddOns/Blizzard_ScriptErrors/Blizzard_ScriptErrors.lua]:72: in function <[Interface/AddOns/Blizzard_ScriptErrors/Blizzard_ScriptErrors.lua]:71>

Lua error: @Interface/AddOns/ItemVersion/SlashCommands.lua: Lua error: Interface/AddOns/ItemVersion/SlashCommands.lua:3: Cannot find a library instance of "AceLocale-3.0".
stack traceback:
	(string):1: in main chunk
Lua error: Lua Error: @Interface/AddOns/ItemVersion/SlashCommands.lua: Lua error: Interface/AddOns/ItemVersion/SlashCommands.lua:3: Cannot find a library instance of "AceLocale-3.0".
stack traceback:
	(string):1: in main chunk
[Interface/AddOns/Blizzard_ScriptErrors/Blizzard_ScriptErrors.lua]:59: in function 'GetErrorData'
[Interface/AddOns/Blizzard_ScriptErrors/Blizzard_ScriptErrors.lua]:72: in function <[Interface/AddOns/Blizzard_ScriptErrors/Blizzard_ScriptErrors.lua]:71>

Lua error: @Interface/AddOns/Leatrix_Plus/Leatrix_Plus_Media.lua: Lua error: Interface/AddOns/Leatrix_Plus/Leatrix_Plus_Media.lua:10: attempt to index local 'L' (a nil value)
stack traceback:
	(string):1: in main chunk
Lua error: Lua Error: @Interface/AddOns/Leatrix_Plus/Leatrix_Plus_Media.lua: Lua error: Interface/AddOns/Leatrix_Plus/Leatrix_Plus_Media.lua:10: attempt to index local 'L' (a nil value)
stack traceback:
	(string):1: in main chunk
[Interface/AddOns/Blizzard_ScriptErrors/Blizzard_ScriptErrors.lua]:59: in function 'GetErrorData'
[Interface/AddOns/Blizzard_ScriptErrors/Blizzard_ScriptErrors.lua]:72: in function <[Interface/AddOns/Blizzard_ScriptErrors/Blizzard_ScriptErrors.lua]:71>

Lua error: @Interface/AddOns/Leatrix_Plus/Leatrix_Plus.lua: Lua error: Interface/AddOns/Leatrix_Plus/Leatrix_Plus.lua:61: attempt to index local 'L' (a nil value)
stack traceback:
	(string):1: in main chunk
Lua error: Lua Error: @Interface/AddOns/Leatrix_Plus/Leatrix_Plus.lua: Lua error: Interface/AddOns/Leatrix_Plus/Leatrix_Plus.lua:61: attempt to index local 'L' (a nil value)
stack traceback:
	(string):1: in main chunk
[Interface/AddOns/Blizzard_ScriptErrors/Blizzard_ScriptErrors.lua]:59: in function 'GetErrorData'
[Interface/AddOns/Blizzard_ScriptErrors/Blizzard_ScriptErrors.lua]:72: in function <[Interface/AddOns/Blizzard_ScriptErrors/Blizzard_ScriptErrors.lua]:71>

Lua error: @Interface/AddOns/Plumber/Locales/enUS.lua: Lua error: Interface/AddOns/Plumber/Locales/enUS.lua:17: attempt to index local 'L' (a nil value)
stack traceback:
	(string):1: in main chunk
Lua error: Lua Error: @Interface/AddOns/Plumber/Locales/enUS.lua: Lua error: Interface/AddOns/Plumber/Locales/enUS.lua:17: attempt to index local 'L' (a nil value)
stack traceback:
	(string):1: in main chunk
[Interface/AddOns/Blizzard_ScriptErrors/Blizzard_ScriptErrors.lua]:59: in function 'GetErrorData'
[Interface/AddOns/Blizzard_ScriptErrors/Blizzard_ScriptErrors.lua]:72: in function <[Interface/AddOns/Blizzard_ScriptErrors/Blizzard_ScriptErrors.lua]:71>

Lua error: @Interface/AddOns/Plumber/Modules/Shared/SharedData.lua: Lua error: Interface/AddOns/Plumber/Modules/Shared/SharedData.lua:51: attempt to index local 'L' (a nil value)
stack traceback:
	(string):1: in main chunk
Lua error: Lua Error: @Interface/AddOns/Plumber/Modules/Shared/SharedData.lua: Lua error: Interface/AddOns/Plumber/Modules/Shared/SharedData.lua:51: attempt to index local 'L' (a nil value)
stack traceback:
	(string):1: in main chunk
[Interface/AddOns/Blizzard_ScriptErrors/Blizzard_ScriptErrors.lua]:59: in function 'GetErrorData'
[Interface/AddOns/Blizzard_ScriptErrors/Blizzard_ScriptErrors.lua]:72: in function <[Interface/AddOns/Blizzard_ScriptErrors/Blizzard_ScriptErrors.lua]:71>

Lua error: IO error loading /syncthing/World of Warcraft/_retail_/Interface/AddOns/Plumber/Modules/Shared/SharedWidgets.xml: No such file or directory (os error 2)
stack traceback:
	(string):1: in main chunk
Lua error: Lua Error: IO error loading /syncthing/World of Warcraft/_retail_/Interface/AddOns/Plumber/Modules/Shared/SharedWidgets.xml: No such file or directory (os error 2)
stack traceback:
	(string):1: in main chunk
[Interface/AddOns/Blizzard_ScriptErrors/Blizzard_ScriptErrors.lua]:59: in function 'GetErrorData'
[Interface/AddOns/Blizzard_ScriptErrors/Blizzard_ScriptErrors.lua]:72: in function <[Interface/AddOns/Blizzard_ScriptErrors/Blizzard_ScriptErrors.lua]:71>

Lua error: XML error: IO error loading /syncthing/World of Warcraft/_retail_/Interface/AddOns/Plumber/Modules/Shared/SharedWidgets.xml: No such file or directory (os error 2)
stack traceback:
	(string):1: in main chunk
Lua error: Lua Error: XML error: IO error loading /syncthing/World of Warcraft/_retail_/Interface/AddOns/Plumber/Modules/Shared/SharedWidgets.xml: No such file or directory (os error 2)
stack traceback:
	(string):1: in main chunk
[Interface/AddOns/Blizzard_ScriptErrors/Blizzard_ScriptErrors.lua]:59: in function 'GetErrorData'
[Interface/AddOns/Blizzard_ScriptErrors/Blizzard_ScriptErrors.lua]:72: in function <[Interface/AddOns/Blizzard_ScriptErrors/Blizzard_ScriptErrors.lua]:71>

Lua error: @Interface/AddOns/Plumber/Modules/ScenarioTracker.lua: Lua error: Interface/AddOns/Plumber/Modules/ScenarioTracker.lua:150: attempt to index local 'API' (a nil value)
stack traceback:
	(string):1: in main chunk
Lua error: Lua Error: @Interface/AddOns/Plumber/Modules/ScenarioTracker.lua: Lua error: Interface/AddOns/Plumber/Modules/ScenarioTracker.lua:150: attempt to index local 'API' (a nil value)
stack traceback:
	(string):1: in main chunk
[Interface/AddOns/Blizzard_ScriptErrors/Blizzard_ScriptErrors.lua]:59: in function 'GetErrorData'
[Interface/AddOns/Blizzard_ScriptErrors/Blizzard_ScriptErrors.lua]:72: in function <[Interface/AddOns/Blizzard_ScriptErrors/Blizzard_ScriptErrors.lua]:71>

Lua error: IO error reading /syncthing/World of Warcraft/_retail_/Interface/AddOns/Plumber/Modules/ControlCenter/Preload.lua: No such file or directory (os error 2)
stack traceback:
	(string):1: in main chunk
Lua error: Lua Error: IO error reading /syncthing/World of Warcraft/_retail_/Interface/AddOns/Plumber/Modules/ControlCenter/Preload.lua: No such file or directory (os error 2)
stack traceback:
	(string):1: in main chunk
[Interface/AddOns/Blizzard_ScriptErrors/Blizzard_ScriptErrors.lua]:59: in function 'GetErrorData'
[Interface/AddOns/Blizzard_ScriptErrors/Blizzard_ScriptErrors.lua]:72: in function <[Interface/AddOns/Blizzard_ScriptErrors/Blizzard_ScriptErrors.lua]:71>

Lua error: @Interface/AddOns/Plumber/Modules/Macros.lua: Lua error: Interface/AddOns/Plumber/Modules/Macros.lua:47: attempt to index local 'API' (a nil value)
stack traceback:
	(string):1: in main chunk
Lua error: Lua Error: @Interface/AddOns/Plumber/Modules/Macros.lua: Lua error: Interface/AddOns/Plumber/Modules/Macros.lua:47: attempt to index local 'API' (a nil value)
stack traceback:
	(string):1: in main chunk
[Interface/AddOns/Blizzard_ScriptErrors/Blizzard_ScriptErrors.lua]:59: in function 'GetErrorData'
[Interface/AddOns/Blizzard_ScriptErrors/Blizzard_ScriptErrors.lua]:72: in function <[Interface/AddOns/Blizzard_ScriptErrors/Blizzard_ScriptErrors.lua]:71>

Lua error: @Interface/AddOns/Plumber/Modules/BackpackItemTracker.lua: Lua error: Interface/AddOns/Plumber/Modules/BackpackItemTracker.lua:20: attempt to index local 'API' (a nil value)
stack traceback:
	(string):1: in main chunk
Lua error: Lua Error: @Interface/AddOns/Plumber/Modules/BackpackItemTracker.lua: Lua error: Interface/AddOns/Plumber/Modules/BackpackItemTracker.lua:20: attempt to index local 'API' (a nil value)
stack traceback:
	(string):1: in main chunk
[Interface/AddOns/Blizzard_ScriptErrors/Blizzard_ScriptErrors.lua]:59: in function 'GetErrorData'
[Interface/AddOns/Blizzard_ScriptErrors/Blizzard_ScriptErrors.lua]:72: in function <[Interface/AddOns/Blizzard_ScriptErrors/Blizzard_ScriptErrors.lua]:71>

Lua error: @Interface/AddOns/Plumber/Modules/AutoJoinEvents.lua: Lua error: Interface/AddOns/Plumber/Modules/AutoJoinEvents.lua:7: attempt to index field 'API' (a nil value)
stack traceback:
	(string):1: in main chunk
Lua error: Lua Error: @Interface/AddOns/Plumber/Modules/AutoJoinEvents.lua: Lua error: Interface/AddOns/Plumber/Modules/AutoJoinEvents.lua:7: attempt to index field 'API' (a nil value)
stack traceback:
	(string):1: in main chunk
[Interface/AddOns/Blizzard_ScriptErrors/Blizzard_ScriptErrors.lua]:59: in function 'GetErrorData'
[Interface/AddOns/Blizzard_ScriptErrors/Blizzard_ScriptErrors.lua]:72: in function <[Interface/AddOns/Blizzard_ScriptErrors/Blizzard_ScriptErrors.lua]:71>

Lua error: @Interface/AddOns/Plumber/Modules/PlayerChoiceFrameToken.lua: Lua error: Interface/AddOns/Plumber/Modules/PlayerChoiceFrameToken.lua:5: attempt to index field 'API' (a nil value)
stack traceback:
	(string):1: in main chunk
Lua error: Lua Error: @Interface/AddOns/Plumber/Modules/PlayerChoiceFrameToken.lua: Lua error: Interface/AddOns/Plumber/Modules/PlayerChoiceFrameToken.lua:5: attempt to index field 'API' (a nil value)
stack traceback:
	(string):1: in main chunk
[Interface/AddOns/Blizzard_ScriptErrors/Blizzard_ScriptErrors.lua]:59: in function 'GetErrorData'
[Interface/AddOns/Blizzard_ScriptErrors/Blizzard_ScriptErrors.lua]:72: in function <[Interface/AddOns/Blizzard_ScriptErrors/Blizzard_ScriptErrors.lua]:71>

Lua error: @Interface/AddOns/Plumber/Modules/QuickSlot.lua: Lua error: Interface/AddOns/Plumber/Modules/QuickSlot.lua:4: attempt to index local 'API' (a nil value)
stack traceback:
	(string):1: in main chunk
Lua error: Lua Error: @Interface/AddOns/Plumber/Modules/QuickSlot.lua: Lua error: Interface/AddOns/Plumber/Modules/QuickSlot.lua:4: attempt to index local 'API' (a nil value)
stack traceback:
	(string):1: in main chunk
[Interface/AddOns/Blizzard_ScriptErrors/Blizzard_ScriptErrors.lua]:59: in function 'GetErrorData'
[Interface/AddOns/Blizzard_ScriptErrors/Blizzard_ScriptErrors.lua]:72: in function <[Interface/AddOns/Blizzard_ScriptErrors/Blizzard_ScriptErrors.lua]:71>

Lua error: @Interface/AddOns/Plumber/Modules/RareAnnouncement.lua: Lua error: Interface/AddOns/Plumber/Modules/RareAnnouncement.lua:6: attempt to index local 'API' (a nil value)
stack traceback:
	(string):1: in main chunk
Lua error: Lua Error: @Interface/AddOns/Plumber/Modules/RareAnnouncement.lua: Lua error: Interface/AddOns/Plumber/Modules/RareAnnouncement.lua:6: attempt to index local 'API' (a nil value)
stack traceback:
	(string):1: in main chunk
[Interface/AddOns/Blizzard_ScriptErrors/Blizzard_ScriptErrors.lua]:59: in function 'GetErrorData'
[Interface/AddOns/Blizzard_ScriptErrors/Blizzard_ScriptErrors.lua]:72: in function <[Interface/AddOns/Blizzard_ScriptErrors/Blizzard_ScriptErrors.lua]:71>

Lua error: @Interface/AddOns/Plumber/Modules/MerchantPrice.lua: Lua error: Interface/AddOns/Plumber/Modules/MerchantPrice.lua:27: attempt to index local 'API' (a nil value)
stack traceback:
	(string):1: in main chunk
Lua error: Lua Error: @Interface/AddOns/Plumber/Modules/MerchantPrice.lua: Lua error: Interface/AddOns/Plumber/Modules/MerchantPrice.lua:27: attempt to index local 'API' (a nil value)
stack traceback:
	(string):1: in main chunk
[Interface/AddOns/Blizzard_ScriptErrors/Blizzard_ScriptErrors.lua]:59: in function 'GetErrorData'
[Interface/AddOns/Blizzard_ScriptErrors/Blizzard_ScriptErrors.lua]:72: in function <[Interface/AddOns/Blizzard_ScriptErrors/Blizzard_ScriptErrors.lua]:71>

Lua error: @Interface/AddOns/Plumber/Modules/DelvesAutomation.lua: Lua error: Interface/AddOns/Plumber/Modules/DelvesAutomation.lua:75: attempt to index field 'L' (a nil value)
stack traceback:
	(string):1: in main chunk
Lua error: Lua Error: @Interface/AddOns/Plumber/Modules/DelvesAutomation.lua: Lua error: Interface/AddOns/Plumber/Modules/DelvesAutomation.lua:75: attempt to index field 'L' (a nil value)
stack traceback:
	(string):1: in main chunk
[Interface/AddOns/Blizzard_ScriptErrors/Blizzard_ScriptErrors.lua]:59: in function 'GetErrorData'
[Interface/AddOns/Blizzard_ScriptErrors/Blizzard_ScriptErrors.lua]:72: in function <[Interface/AddOns/Blizzard_ScriptErrors/Blizzard_ScriptErrors.lua]:71>

Lua error: IO error reading /syncthing/World of Warcraft/_retail_/Interface/AddOns/Plumber/Modules/GameTooltip_Core.lua: No such file or directory (os error 2)
stack traceback:
	(string):1: in main chunk
Lua error: Lua Error: IO error reading /syncthing/World of Warcraft/_retail_/Interface/AddOns/Plumber/Modules/GameTooltip_Core.lua: No such file or directory (os error 2)
stack traceback:
	(string):1: in main chunk
[Interface/AddOns/Blizzard_ScriptErrors/Blizzard_ScriptErrors.lua]:59: in function 'GetErrorData'
[Interface/AddOns/Blizzard_ScriptErrors/Blizzard_ScriptErrors.lua]:72: in function <[Interface/AddOns/Blizzard_ScriptErrors/Blizzard_ScriptErrors.lua]:71>

Lua error: @Interface/AddOns/Plumber/Modules/UnderlightAngler.lua: Lua error: Interface/AddOns/Plumber/Modules/UnderlightAngler.lua:69: attempt to index field 'L' (a nil value)
stack traceback:
	(string):1: in main chunk
Lua error: Lua Error: @Interface/AddOns/Plumber/Modules/UnderlightAngler.lua: Lua error: Interface/AddOns/Plumber/Modules/UnderlightAngler.lua:69: attempt to index field 'L' (a nil value)
stack traceback:
	(string):1: in main chunk
[Interface/AddOns/Blizzard_ScriptErrors/Blizzard_ScriptErrors.lua]:59: in function 'GetErrorData'
[Interface/AddOns/Blizzard_ScriptErrors/Blizzard_ScriptErrors.lua]:72: in function <[Interface/AddOns/Blizzard_ScriptErrors/Blizzard_ScriptErrors.lua]:71>

Lua error: @Interface/AddOns/Plumber/Modules/ChatOptions.lua: Lua error: Interface/AddOns/Plumber/Modules/ChatOptions.lua:205: attempt to index local 'API' (a nil value)
stack traceback:
	(string):1: in main chunk
Lua error: Lua Error: @Interface/AddOns/Plumber/Modules/ChatOptions.lua: Lua error: Interface/AddOns/Plumber/Modules/ChatOptions.lua:205: attempt to index local 'API' (a nil value)
stack traceback:
	(string):1: in main chunk
[Interface/AddOns/Blizzard_ScriptErrors/Blizzard_ScriptErrors.lua]:59: in function 'GetErrorData'
[Interface/AddOns/Blizzard_ScriptErrors/Blizzard_ScriptErrors.lua]:72: in function <[Interface/AddOns/Blizzard_ScriptErrors/Blizzard_ScriptErrors.lua]:71>

Lua error: IO error reading /syncthing/World of Warcraft/_retail_/Interface/AddOns/Plumber/Modules/StaticPopup_QuestItemDestroyAlert.lua: No such file or directory (os error 2)
stack traceback:
	(string):1: in main chunk
Lua error: Lua Error: IO error reading /syncthing/World of Warcraft/_retail_/Interface/AddOns/Plumber/Modules/StaticPopup_QuestItemDestroyAlert.lua: No such file or directory (os error 2)
stack traceback:
	(string):1: in main chunk
[Interface/AddOns/Blizzard_ScriptErrors/Blizzard_ScriptErrors.lua]:59: in function 'GetErrorData'
[Interface/AddOns/Blizzard_ScriptErrors/Blizzard_ScriptErrors.lua]:72: in function <[Interface/AddOns/Blizzard_ScriptErrors/Blizzard_ScriptErrors.lua]:71>

Lua error: @Interface/AddOns/Plumber/Modules/ProfessionsBook.lua: Lua error: Interface/AddOns/Plumber/Modules/ProfessionsBook.lua:7: attempt to index field 'GameTooltipManager' (a nil value)
stack traceback:
	(string):1: in main chunk
Lua error: Lua Error: @Interface/AddOns/Plumber/Modules/ProfessionsBook.lua: Lua error: Interface/AddOns/Plumber/Modules/ProfessionsBook.lua:7: attempt to index field 'GameTooltipManager' (a nil value)
stack traceback:
	(string):1: in main chunk
[Interface/AddOns/Blizzard_ScriptErrors/Blizzard_ScriptErrors.lua]:59: in function 'GetErrorData'
[Interface/AddOns/Blizzard_ScriptErrors/Blizzard_ScriptErrors.lua]:72: in function <[Interface/AddOns/Blizzard_ScriptErrors/Blizzard_ScriptErrors.lua]:71>

Lua error: @Interface/AddOns/Plumber/Modules/HolidayDungeon.lua: Lua error: Interface/AddOns/Plumber/Modules/HolidayDungeon.lua:90: attempt to index field 'L' (a nil value)
stack traceback:
	(string):1: in main chunk
Lua error: Lua Error: @Interface/AddOns/Plumber/Modules/HolidayDungeon.lua: Lua error: Interface/AddOns/Plumber/Modules/HolidayDungeon.lua:90: attempt to index field 'L' (a nil value)
stack traceback:
	(string):1: in main chunk
[Interface/AddOns/Blizzard_ScriptErrors/Blizzard_ScriptErrors.lua]:59: in function 'GetErrorData'
[Interface/AddOns/Blizzard_ScriptErrors/Blizzard_ScriptErrors.lua]:72: in function <[Interface/AddOns/Blizzard_ScriptErrors/Blizzard_ScriptErrors.lua]:71>

Lua error: @Interface/AddOns/Plumber/Modules/SourceAchievementLink.lua: Lua error: Interface/AddOns/Plumber/Modules/SourceAchievementLink.lua:6: attempt to index local 'API' (a nil value)
stack traceback:
	(string):1: in main chunk
Lua error: Lua Error: @Interface/AddOns/Plumber/Modules/SourceAchievementLink.lua: Lua error: Interface/AddOns/Plumber/Modules/SourceAchievementLink.lua:6: attempt to index local 'API' (a nil value)
stack traceback:
	(string):1: in main chunk
[Interface/AddOns/Blizzard_ScriptErrors/Blizzard_ScriptErrors.lua]:59: in function 'GetErrorData'
[Interface/AddOns/Blizzard_ScriptErrors/Blizzard_ScriptErrors.lua]:72: in function <[Interface/AddOns/Blizzard_ScriptErrors/Blizzard_ScriptErrors.lua]:71>

Lua error: @Interface/AddOns/Plumber/Modules/OutfitSelect.lua: Lua error: Interface/AddOns/Plumber/Modules/OutfitSelect.lua:4: attempt to index field 'CooldownUtil' (a nil value)
stack traceback:
	(string):1: in main chunk
Lua error: Lua Error: @Interface/AddOns/Plumber/Modules/OutfitSelect.lua: Lua error: Interface/AddOns/Plumber/Modules/OutfitSelect.lua:4: attempt to index field 'CooldownUtil' (a nil value)
stack traceback:
	(string):1: in main chunk
[Interface/AddOns/Blizzard_ScriptErrors/Blizzard_ScriptErrors.lua]:59: in function 'GetErrorData'
[Interface/AddOns/Blizzard_ScriptErrors/Blizzard_ScriptErrors.lua]:72: in function <[Interface/AddOns/Blizzard_ScriptErrors/Blizzard_ScriptErrors.lua]:71>

Lua error: @Interface/AddOns/Plumber/Modules/CatalystUI.lua: Lua error: Interface/AddOns/Plumber/Modules/CatalystUI.lua:178: attempt to index field 'L' (a nil value)
stack traceback:
	(string):1: in main chunk
Lua error: Lua Error: @Interface/AddOns/Plumber/Modules/CatalystUI.lua: Lua error: Interface/AddOns/Plumber/Modules/CatalystUI.lua:178: attempt to index field 'L' (a nil value)
stack traceback:
	(string):1: in main chunk
[Interface/AddOns/Blizzard_ScriptErrors/Blizzard_ScriptErrors.lua]:59: in function 'GetErrorData'
[Interface/AddOns/Blizzard_ScriptErrors/Blizzard_ScriptErrors.lua]:72: in function <[Interface/AddOns/Blizzard_ScriptErrors/Blizzard_ScriptErrors.lua]:71>

Lua error: @Interface/AddOns/Plumber/Modules/HuntTable.lua: Lua error: Interface/AddOns/Plumber/Modules/HuntTable.lua:3: attempt to index field 'API' (a nil value)
stack traceback:
	(string):1: in main chunk
Lua error: Lua Error: @Interface/AddOns/Plumber/Modules/HuntTable.lua: Lua error: Interface/AddOns/Plumber/Modules/HuntTable.lua:3: attempt to index field 'API' (a nil value)
stack traceback:
	(string):1: in main chunk
[Interface/AddOns/Blizzard_ScriptErrors/Blizzard_ScriptErrors.lua]:59: in function 'GetErrorData'
[Interface/AddOns/Blizzard_ScriptErrors/Blizzard_ScriptErrors.lua]:72: in function <[Interface/AddOns/Blizzard_ScriptErrors/Blizzard_ScriptErrors.lua]:71>

Lua error: @Interface/AddOns/Plumber/Modules/TransmogRestorePending.lua: Lua error: Interface/AddOns/Plumber/Modules/TransmogRestorePending.lua:840: attempt to index local 'L' (a nil value)
stack traceback:
	(string):1: in main chunk
Lua error: Lua Error: @Interface/AddOns/Plumber/Modules/TransmogRestorePending.lua: Lua error: Interface/AddOns/Plumber/Modules/TransmogRestorePending.lua:840: attempt to index local 'L' (a nil value)
stack traceback:
	(string):1: in main chunk
[Interface/AddOns/Blizzard_ScriptErrors/Blizzard_ScriptErrors.lua]:59: in function 'GetErrorData'
[Interface/AddOns/Blizzard_ScriptErrors/Blizzard_ScriptErrors.lua]:72: in function <[Interface/AddOns/Blizzard_ScriptErrors/Blizzard_ScriptErrors.lua]:71>

Lua error: @Interface/AddOns/SavedInstances/Init.lua: Lua error: Interface/AddOns/SavedInstances/Init.lua:2: Cannot find a library instance of "AceAddon-3.0".
stack traceback:
	(string):1: in main chunk
Lua error: Lua Error: @Interface/AddOns/SavedInstances/Init.lua: Lua error: Interface/AddOns/SavedInstances/Init.lua:2: Cannot find a library instance of "AceAddon-3.0".
stack traceback:
	(string):1: in main chunk
[Interface/AddOns/Blizzard_ScriptErrors/Blizzard_ScriptErrors.lua]:59: in function 'GetErrorData'
[Interface/AddOns/Blizzard_ScriptErrors/Blizzard_ScriptErrors.lua]:72: in function <[Interface/AddOns/Blizzard_ScriptErrors/Blizzard_ScriptErrors.lua]:71>

Lua error: @Interface/AddOns/SavedInstances/Locales/Locale.lua: Lua error: bad argument #1 to 'setmetatable' (table expected)
stack traceback:
	(string):1: in main chunk
Lua error: Lua Error: @Interface/AddOns/SavedInstances/Locales/Locale.lua: Lua error: bad argument #1 to 'setmetatable' (table expected)
stack traceback:
	(string):1: in main chunk
[Interface/AddOns/Blizzard_ScriptErrors/Blizzard_ScriptErrors.lua]:59: in function 'GetErrorData'
[Interface/AddOns/Blizzard_ScriptErrors/Blizzard_ScriptErrors.lua]:72: in function <[Interface/AddOns/Blizzard_ScriptErrors/Blizzard_ScriptErrors.lua]:71>

Lua error: @Interface/AddOns/SavedInstances/Core/Tooltip.lua: Lua error: Interface/AddOns/SavedInstances/Core/Tooltip.lua:2: attempt to index local 'SI' (a nil value)
stack traceback:
	(string):1: in main chunk
Lua error: Lua Error: @Interface/AddOns/SavedInstances/Core/Tooltip.lua: Lua error: Interface/AddOns/SavedInstances/Core/Tooltip.lua:2: attempt to index local 'SI' (a nil value)
stack traceback:
	(string):1: in main chunk
[Interface/AddOns/Blizzard_ScriptErrors/Blizzard_ScriptErrors.lua]:59: in function 'GetErrorData'
[Interface/AddOns/Blizzard_ScriptErrors/Blizzard_ScriptErrors.lua]:72: in function <[Interface/AddOns/Blizzard_ScriptErrors/Blizzard_ScriptErrors.lua]:71>

Lua error: @Interface/AddOns/SavedInstances/Core/Debug.lua: Lua error: Interface/AddOns/SavedInstances/Core/Debug.lua:18: attempt to index local 'SI' (a nil value)
stack traceback:
	(string):1: in main chunk
Lua error: Lua Error: @Interface/AddOns/SavedInstances/Core/Debug.lua: Lua error: Interface/AddOns/SavedInstances/Core/Debug.lua:18: attempt to index local 'SI' (a nil value)
stack traceback:
	(string):1: in main chunk
[Interface/AddOns/Blizzard_ScriptErrors/Blizzard_ScriptErrors.lua]:59: in function 'GetErrorData'
[Interface/AddOns/Blizzard_ScriptErrors/Blizzard_ScriptErrors.lua]:72: in function <[Interface/AddOns/Blizzard_ScriptErrors/Blizzard_ScriptErrors.lua]:71>

Lua error: @Interface/AddOns/SavedInstances/Modules/BonusRoll.lua: Lua error: Interface/AddOns/SavedInstances/Modules/BonusRoll.lua:2: attempt to index local 'SI' (a nil value)
stack traceback:
	(string):1: in main chunk
Lua error: Lua Error: @Interface/AddOns/SavedInstances/Modules/BonusRoll.lua: Lua error: Interface/AddOns/SavedInstances/Modules/BonusRoll.lua:2: attempt to index local 'SI' (a nil value)
stack traceback:
	(string):1: in main chunk
[Interface/AddOns/Blizzard_ScriptErrors/Blizzard_ScriptErrors.lua]:59: in function 'GetErrorData'
[Interface/AddOns/Blizzard_ScriptErrors/Blizzard_ScriptErrors.lua]:72: in function <[Interface/AddOns/Blizzard_ScriptErrors/Blizzard_ScriptErrors.lua]:71>

Lua error: @Interface/AddOns/SavedInstances/Modules/Calling.lua: Lua error: Interface/AddOns/SavedInstances/Modules/Calling.lua:2: attempt to index local 'SI' (a nil value)
stack traceback:
	(string):1: in main chunk
Lua error: Lua Error: @Interface/AddOns/SavedInstances/Modules/Calling.lua: Lua error: Interface/AddOns/SavedInstances/Modules/Calling.lua:2: attempt to index local 'SI' (a nil value)
stack traceback:
	(string):1: in main chunk
[Interface/AddOns/Blizzard_ScriptErrors/Blizzard_ScriptErrors.lua]:59: in function 'GetErrorData'
[Interface/AddOns/Blizzard_ScriptErrors/Blizzard_ScriptErrors.lua]:72: in function <[Interface/AddOns/Blizzard_ScriptErrors/Blizzard_ScriptErrors.lua]:71>

Lua error: @Interface/AddOns/SavedInstances/Modules/Emissary.lua: Lua error: Interface/AddOns/SavedInstances/Modules/Emissary.lua:2: attempt to index local 'SI' (a nil value)
stack traceback:
	(string):1: in main chunk
Lua error: Lua Error: @Interface/AddOns/SavedInstances/Modules/Emissary.lua: Lua error: Interface/AddOns/SavedInstances/Modules/Emissary.lua:2: attempt to index local 'SI' (a nil value)
stack traceback:
	(string):1: in main chunk
[Interface/AddOns/Blizzard_ScriptErrors/Blizzard_ScriptErrors.lua]:59: in function 'GetErrorData'
[Interface/AddOns/Blizzard_ScriptErrors/Blizzard_ScriptErrors.lua]:72: in function <[Interface/AddOns/Blizzard_ScriptErrors/Blizzard_ScriptErrors.lua]:71>

Lua error: @Interface/AddOns/SavedInstances/Modules/MythicPlus.lua: Lua error: Interface/AddOns/SavedInstances/Modules/MythicPlus.lua:2: attempt to index local 'SI' (a nil value)
stack traceback:
	(string):1: in main chunk
Lua error: Lua Error: @Interface/AddOns/SavedInstances/Modules/MythicPlus.lua: Lua error: Interface/AddOns/SavedInstances/Modules/MythicPlus.lua:2: attempt to index local 'SI' (a nil value)
stack traceback:
	(string):1: in main chunk
[Interface/AddOns/Blizzard_ScriptErrors/Blizzard_ScriptErrors.lua]:59: in function 'GetErrorData'
[Interface/AddOns/Blizzard_ScriptErrors/Blizzard_ScriptErrors.lua]:72: in function <[Interface/AddOns/Blizzard_ScriptErrors/Blizzard_ScriptErrors.lua]:71>

Lua error: @Interface/AddOns/SavedInstances/Modules/Paragon.lua: Lua error: Interface/AddOns/SavedInstances/Modules/Paragon.lua:2: attempt to index local 'SI' (a nil value)
stack traceback:
	(string):1: in main chunk
Lua error: Lua Error: @Interface/AddOns/SavedInstances/Modules/Paragon.lua: Lua error: Interface/AddOns/SavedInstances/Modules/Paragon.lua:2: attempt to index local 'SI' (a nil value)
stack traceback:
	(string):1: in main chunk
[Interface/AddOns/Blizzard_ScriptErrors/Blizzard_ScriptErrors.lua]:59: in function 'GetErrorData'
[Interface/AddOns/Blizzard_ScriptErrors/Blizzard_ScriptErrors.lua]:72: in function <[Interface/AddOns/Blizzard_ScriptErrors/Blizzard_ScriptErrors.lua]:71>

Lua error: @Interface/AddOns/SavedInstances/Modules/Progress.lua: Lua error: Interface/AddOns/SavedInstances/Modules/Progress.lua:2: attempt to index local 'SI' (a nil value)
stack traceback:
	(string):1: in main chunk
Lua error: Lua Error: @Interface/AddOns/SavedInstances/Modules/Progress.lua: Lua error: Interface/AddOns/SavedInstances/Modules/Progress.lua:2: attempt to index local 'SI' (a nil value)
stack traceback:
	(string):1: in main chunk
[Interface/AddOns/Blizzard_ScriptErrors/Blizzard_ScriptErrors.lua]:59: in function 'GetErrorData'
[Interface/AddOns/Blizzard_ScriptErrors/Blizzard_ScriptErrors.lua]:72: in function <[Interface/AddOns/Blizzard_ScriptErrors/Blizzard_ScriptErrors.lua]:71>

Lua error: @Interface/AddOns/SavedInstances/Modules/TradeSkill.lua: Lua error: Interface/AddOns/SavedInstances/Modules/TradeSkill.lua:2: attempt to index local 'SI' (a nil value)
stack traceback:
	(string):1: in main chunk
Lua error: Lua Error: @Interface/AddOns/SavedInstances/Modules/TradeSkill.lua: Lua error: Interface/AddOns/SavedInstances/Modules/TradeSkill.lua:2: attempt to index local 'SI' (a nil value)
stack traceback:
	(string):1: in main chunk
[Interface/AddOns/Blizzard_ScriptErrors/Blizzard_ScriptErrors.lua]:59: in function 'GetErrorData'
[Interface/AddOns/Blizzard_ScriptErrors/Blizzard_ScriptErrors.lua]:72: in function <[Interface/AddOns/Blizzard_ScriptErrors/Blizzard_ScriptErrors.lua]:71>

Lua error: @Interface/AddOns/SavedInstances/Modules/WorldBoss.lua: Lua error: Interface/AddOns/SavedInstances/Modules/WorldBoss.lua:2: attempt to index local 'SI' (a nil value)
stack traceback:
	(string):1: in main chunk
Lua error: Lua Error: @Interface/AddOns/SavedInstances/Modules/WorldBoss.lua: Lua error: Interface/AddOns/SavedInstances/Modules/WorldBoss.lua:2: attempt to index local 'SI' (a nil value)
stack traceback:
	(string):1: in main chunk
[Interface/AddOns/Blizzard_ScriptErrors/Blizzard_ScriptErrors.lua]:59: in function 'GetErrorData'
[Interface/AddOns/Blizzard_ScriptErrors/Blizzard_ScriptErrors.lua]:72: in function <[Interface/AddOns/Blizzard_ScriptErrors/Blizzard_ScriptErrors.lua]:71>

Lua error: IO error reading /syncthing/World of Warcraft/_retail_/Interface/AddOns/Simulationcraft/libs/AceDB-3.0/AceDB-3.0.lua: No such file or directory (os error 2)
stack traceback:
	(string):1: in main chunk
Lua error: Lua Error: IO error reading /syncthing/World of Warcraft/_retail_/Interface/AddOns/Simulationcraft/libs/AceDB-3.0/AceDB-3.0.lua: No such file or directory (os error 2)
stack traceback:
	(string):1: in main chunk
[Interface/AddOns/Blizzard_ScriptErrors/Blizzard_ScriptErrors.lua]:59: in function 'GetErrorData'
[Interface/AddOns/Blizzard_ScriptErrors/Blizzard_ScriptErrors.lua]:72: in function <[Interface/AddOns/Blizzard_ScriptErrors/Blizzard_ScriptErrors.lua]:71>

Lua error: IO error reading /syncthing/World of Warcraft/_retail_/Interface/AddOns/Simulationcraft/libs/LibDBIcon-1.0/LibDBIcon-1.0.lua: No such file or directory (os error 2)
stack traceback:
	(string):1: in main chunk
Lua error: Lua Error: IO error reading /syncthing/World of Warcraft/_retail_/Interface/AddOns/Simulationcraft/libs/LibDBIcon-1.0/LibDBIcon-1.0.lua: No such file or directory (os error 2)
stack traceback:
	(string):1: in main chunk
[Interface/AddOns/Blizzard_ScriptErrors/Blizzard_ScriptErrors.lua]:59: in function 'GetErrorData'
[Interface/AddOns/Blizzard_ScriptErrors/Blizzard_ScriptErrors.lua]:72: in function <[Interface/AddOns/Blizzard_ScriptErrors/Blizzard_ScriptErrors.lua]:71>

Lua error: @Interface/AddOns/Simulationcraft/core.lua: Lua error: Interface/AddOns/Simulationcraft/core.lua:6: Cannot find a library instance of "AceAddon-3.0".
stack traceback:
	(string):1: in main chunk
Lua error: Lua Error: @Interface/AddOns/Simulationcraft/core.lua: Lua error: Interface/AddOns/Simulationcraft/core.lua:6: Cannot find a library instance of "AceAddon-3.0".
stack traceback:
	(string):1: in main chunk
[Interface/AddOns/Blizzard_ScriptErrors/Blizzard_ScriptErrors.lua]:59: in function 'GetErrorData'
[Interface/AddOns/Blizzard_ScriptErrors/Blizzard_ScriptErrors.lua]:72: in function <[Interface/AddOns/Blizzard_ScriptErrors/Blizzard_ScriptErrors.lua]:71>

Lua error: IO error reading /syncthing/World of Warcraft/_retail_/Interface/AddOns/Syndicator/Libs/LibBattlePetTooltipLine/LibBattlePetTooltipLine.lua: No such file or directory (os error 2)
stack traceback:
	(string):1: in main chunk
Lua error: Lua Error: IO error reading /syncthing/World of Warcraft/_retail_/Interface/AddOns/Syndicator/Libs/LibBattlePetTooltipLine/LibBattlePetTooltipLine.lua: No such file or directory (os error 2)
stack traceback:
	(string):1: in main chunk
[Interface/AddOns/Blizzard_ScriptErrors/Blizzard_ScriptErrors.lua]:59: in function 'GetErrorData'
[Interface/AddOns/Blizzard_ScriptErrors/Blizzard_ScriptErrors.lua]:72: in function <[Interface/AddOns/Blizzard_ScriptErrors/Blizzard_ScriptErrors.lua]:71>

Lua error: @Interface/AddOns/Syndicator/Core/Utilities.lua: Lua error: Interface/AddOns/Syndicator/Core/Utilities.lua:66: attempt to index field 'Constants' (a nil value)
stack traceback:
	(string):1: in main chunk
Lua error: Lua Error: @Interface/AddOns/Syndicator/Core/Utilities.lua: Lua error: Interface/AddOns/Syndicator/Core/Utilities.lua:66: attempt to index field 'Constants' (a nil value)
stack traceback:
	(string):1: in main chunk
[Interface/AddOns/Blizzard_ScriptErrors/Blizzard_ScriptErrors.lua]:59: in function 'GetErrorData'
[Interface/AddOns/Blizzard_ScriptErrors/Blizzard_ScriptErrors.lua]:72: in function <[Interface/AddOns/Blizzard_ScriptErrors/Blizzard_ScriptErrors.lua]:71>

Lua error: @Interface/AddOns/Syndicator/Core/Initialize.lua: Lua error: Interface/AddOns/Syndicator/Core/Initialize.lua:6: attempt to index field 'Constants' (a nil value)
stack traceback:
	(string):1: in main chunk
Lua error: Lua Error: @Interface/AddOns/Syndicator/Core/Initialize.lua: Lua error: Interface/AddOns/Syndicator/Core/Initialize.lua:6: attempt to index field 'Constants' (a nil value)
stack traceback:
	(string):1: in main chunk
[Interface/AddOns/Blizzard_ScriptErrors/Blizzard_ScriptErrors.lua]:59: in function 'GetErrorData'
[Interface/AddOns/Blizzard_ScriptErrors/Blizzard_ScriptErrors.lua]:72: in function <[Interface/AddOns/Blizzard_ScriptErrors/Blizzard_ScriptErrors.lua]:71>

Lua error: @Interface/AddOns/Syndicator/Tracking/BagCache.lua: Lua error: Interface/AddOns/Syndicator/Tracking/BagCache.lua:10: attempt to index local '(for state)' (a nil value)
stack traceback:
	(string):1: in main chunk
Lua error: Lua Error: @Interface/AddOns/Syndicator/Tracking/BagCache.lua: Lua error: Interface/AddOns/Syndicator/Tracking/BagCache.lua:10: attempt to index local '(for state)' (a nil value)
stack traceback:
	(string):1: in main chunk
[Interface/AddOns/Blizzard_ScriptErrors/Blizzard_ScriptErrors.lua]:59: in function 'GetErrorData'
[Interface/AddOns/Blizzard_ScriptErrors/Blizzard_ScriptErrors.lua]:72: in function <[Interface/AddOns/Blizzard_ScriptErrors/Blizzard_ScriptErrors.lua]:71>

Lua error: @Interface/AddOns/Syndicator/Tracking/Tooltips.lua: Lua error: Interface/AddOns/Syndicator/Tracking/Tooltips.lua:6: Cannot find a library instance of "LibBattlePetTooltipLine-1-0".
stack traceback:
	(string):1: in main chunk
Lua error: Lua Error: @Interface/AddOns/Syndicator/Tracking/Tooltips.lua: Lua error: Interface/AddOns/Syndicator/Tracking/Tooltips.lua:6: Cannot find a library instance of "LibBattlePetTooltipLine-1-0".
stack traceback:
	(string):1: in main chunk
[Interface/AddOns/Blizzard_ScriptErrors/Blizzard_ScriptErrors.lua]:59: in function 'GetErrorData'
[Interface/AddOns/Blizzard_ScriptErrors/Blizzard_ScriptErrors.lua]:72: in function <[Interface/AddOns/Blizzard_ScriptErrors/Blizzard_ScriptErrors.lua]:71>

Lua error: @Interface/AddOns/Syndicator/Search/CheckItem.lua: Lua error: Interface/AddOns/Syndicator/Search/CheckItem.lua:25: attempt to index field 'Constants' (a nil value)
stack traceback:
	(string):1: in main chunk
Lua error: Lua Error: @Interface/AddOns/Syndicator/Search/CheckItem.lua: Lua error: Interface/AddOns/Syndicator/Search/CheckItem.lua:25: attempt to index field 'Constants' (a nil value)
stack traceback:
	(string):1: in main chunk
[Interface/AddOns/Blizzard_ScriptErrors/Blizzard_ScriptErrors.lua]:59: in function 'GetErrorData'
[Interface/AddOns/Blizzard_ScriptErrors/Blizzard_ScriptErrors.lua]:72: in function <[Interface/AddOns/Blizzard_ScriptErrors/Blizzard_ScriptErrors.lua]:71>

Lua error: @Interface/AddOns/Syndicator/Search/UI/Builder.lua: Lua error: Interface/AddOns/Syndicator/Search/UI/Builder.lua:283: attempt to index field 'Locales' (a nil value)
stack traceback:
	(string):1: in main chunk
Lua error: Lua Error: @Interface/AddOns/Syndicator/Search/UI/Builder.lua: Lua error: Interface/AddOns/Syndicator/Search/UI/Builder.lua:283: attempt to index field 'Locales' (a nil value)
stack traceback:
	(string):1: in main chunk
[Interface/AddOns/Blizzard_ScriptErrors/Blizzard_ScriptErrors.lua]:59: in function 'GetErrorData'
[Interface/AddOns/Blizzard_ScriptErrors/Blizzard_ScriptErrors.lua]:72: in function <[Interface/AddOns/Blizzard_ScriptErrors/Blizzard_ScriptErrors.lua]:71>

Lua error: @Interface/AddOns/Syndicator/Search/Utilities.lua: Lua error: Interface/AddOns/Syndicator/Search/Utilities.lua:47: attempt to index field 'Constants' (a nil value)
stack traceback:
	(string):1: in main chunk
Lua error: Lua Error: @Interface/AddOns/Syndicator/Search/Utilities.lua: Lua error: Interface/AddOns/Syndicator/Search/Utilities.lua:47: attempt to index field 'Constants' (a nil value)
stack traceback:
	(string):1: in main chunk
[Interface/AddOns/Blizzard_ScriptErrors/Blizzard_ScriptErrors.lua]:59: in function 'GetErrorData'
[Interface/AddOns/Blizzard_ScriptErrors/Blizzard_ScriptErrors.lua]:72: in function <[Interface/AddOns/Blizzard_ScriptErrors/Blizzard_ScriptErrors.lua]:71>

Lua error: @Interface/AddOns/CraftSim/Init/GLibs.lua: Lua error: Interface/AddOns/CraftSim/Init/GLibs.lua:6: Cannot find a library instance of "GGUI-2.1".
stack traceback:
	(string):1: in main chunk
Lua error: Lua Error: @Interface/AddOns/CraftSim/Init/GLibs.lua: Lua error: Interface/AddOns/CraftSim/Init/GLibs.lua:6: Cannot find a library instance of "GGUI-2.1".
stack traceback:
	(string):1: in main chunk
[Interface/AddOns/Blizzard_ScriptErrors/Blizzard_ScriptErrors.lua]:59: in function 'GetErrorData'
[Interface/AddOns/Blizzard_ScriptErrors/Blizzard_ScriptErrors.lua]:72: in function <[Interface/AddOns/Blizzard_ScriptErrors/Blizzard_ScriptErrors.lua]:71>

Lua error: @Interface/AddOns/CraftSim/Locals/enUS.lua: Lua error: Interface/AddOns/CraftSim/Locals/enUS.lua:5: attempt to index local 'GUTIL' (a nil value)
stack traceback:
	(string):1: in main chunk
Lua error: Lua Error: @Interface/AddOns/CraftSim/Locals/enUS.lua: Lua error: Interface/AddOns/CraftSim/Locals/enUS.lua:5: attempt to index local 'GUTIL' (a nil value)
stack traceback:
	(string):1: in main chunk
[Interface/AddOns/Blizzard_ScriptErrors/Blizzard_ScriptErrors.lua]:59: in function 'GetErrorData'
[Interface/AddOns/Blizzard_ScriptErrors/Blizzard_ScriptErrors.lua]:72: in function <[Interface/AddOns/Blizzard_ScriptErrors/Blizzard_ScriptErrors.lua]:71>

Lua error: @Interface/AddOns/CraftSim/Locals/Localization.lua: Lua error: Interface/AddOns/CraftSim/Locals/Localization.lua:24: attempt to index field 'LOCAL_EN' (a nil value)
stack traceback:
	(string):1: in main chunk
Lua error: Lua Error: @Interface/AddOns/CraftSim/Locals/Localization.lua: Lua error: Interface/AddOns/CraftSim/Locals/Localization.lua:24: attempt to index field 'LOCAL_EN' (a nil value)
stack traceback:
	(string):1: in main chunk
[Interface/AddOns/Blizzard_ScriptErrors/Blizzard_ScriptErrors.lua]:59: in function 'GetErrorData'
[Interface/AddOns/Blizzard_ScriptErrors/Blizzard_ScriptErrors.lua]:72: in function <[Interface/AddOns/Blizzard_ScriptErrors/Blizzard_ScriptErrors.lua]:71>

Lua error: @Interface/AddOns/CraftSim/Debug/Debug.lua: Lua error: Interface/AddOns/CraftSim/Debug/Debug.lua:60: attempt to index upvalue 'LibLog' (a nil value)
stack traceback:
	(string):1: in main chunk
Lua error: Lua Error: @Interface/AddOns/CraftSim/Debug/Debug.lua: Lua error: Interface/AddOns/CraftSim/Debug/Debug.lua:60: attempt to index upvalue 'LibLog' (a nil value)
stack traceback:
	(string):1: in main chunk
[Interface/AddOns/Blizzard_ScriptErrors/Blizzard_ScriptErrors.lua]:59: in function 'GetErrorData'
[Interface/AddOns/Blizzard_ScriptErrors/Blizzard_ScriptErrors.lua]:72: in function <[Interface/AddOns/Blizzard_ScriptErrors/Blizzard_ScriptErrors.lua]:71>

Lua error: @Interface/AddOns/CraftSim/Util/Util.lua: Lua error: Interface/AddOns/CraftSim/Util/Util.lua:7: attempt to index local 'GUTIL' (a nil value)
stack traceback:
	(string):1: in main chunk
Lua error: Lua Error: @Interface/AddOns/CraftSim/Util/Util.lua: Lua error: Interface/AddOns/CraftSim/Util/Util.lua:7: attempt to index local 'GUTIL' (a nil value)
stack traceback:
	(string):1: in main chunk
[Interface/AddOns/Blizzard_ScriptErrors/Blizzard_ScriptErrors.lua]:59: in function 'GetErrorData'
[Interface/AddOns/Blizzard_ScriptErrors/Blizzard_ScriptErrors.lua]:72: in function <[Interface/AddOns/Blizzard_ScriptErrors/Blizzard_ScriptErrors.lua]:71>

Lua error: @Interface/AddOns/CraftSim/Util/RecipeAcquisition.lua: Lua error: Interface/AddOns/CraftSim/Util/RecipeAcquisition.lua:10: attempt to index local 'GUTIL' (a nil value)
stack traceback:
	(string):1: in main chunk
Lua error: Lua Error: @Interface/AddOns/CraftSim/Util/RecipeAcquisition.lua: Lua error: Interface/AddOns/CraftSim/Util/RecipeAcquisition.lua:10: attempt to index local 'GUTIL' (a nil value)
stack traceback:
	(string):1: in main chunk
[Interface/AddOns/Blizzard_ScriptErrors/Blizzard_ScriptErrors.lua]:59: in function 'GetErrorData'
[Interface/AddOns/Blizzard_ScriptErrors/Blizzard_ScriptErrors.lua]:72: in function <[Interface/AddOns/Blizzard_ScriptErrors/Blizzard_ScriptErrors.lua]:71>

Lua error: @Interface/AddOns/CraftSim/DB/DB.lua: Lua error: Interface/AddOns/CraftSim/DB/DB.lua:6: attempt to index local 'GUTIL' (a nil value)
stack traceback:
	(string):1: in main chunk
Lua error: Lua Error: @Interface/AddOns/CraftSim/DB/DB.lua: Lua error: Interface/AddOns/CraftSim/DB/DB.lua:6: attempt to index local 'GUTIL' (a nil value)
stack traceback:
	(string):1: in main chunk
[Interface/AddOns/Blizzard_ScriptErrors/Blizzard_ScriptErrors.lua]:59: in function 'GetErrorData'
[Interface/AddOns/Blizzard_ScriptErrors/Blizzard_ScriptErrors.lua]:72: in function <[Interface/AddOns/Blizzard_ScriptErrors/Blizzard_ScriptErrors.lua]:71>

Lua error: @Interface/AddOns/CraftSim/DB/patronMoxieValuesDB.lua: Lua error: Interface/AddOns/CraftSim/DB/patronMoxieValuesDB.lua:9: attempt to index field 'DB' (a nil value)
stack traceback:
	(string):1: in main chunk
Lua error: Lua Error: @Interface/AddOns/CraftSim/DB/patronMoxieValuesDB.lua: Lua error: Interface/AddOns/CraftSim/DB/patronMoxieValuesDB.lua:9: attempt to index field 'DB' (a nil value)
stack traceback:
	(string):1: in main chunk
[Interface/AddOns/Blizzard_ScriptErrors/Blizzard_ScriptErrors.lua]:59: in function 'GetErrorData'
[Interface/AddOns/Blizzard_ScriptErrors/Blizzard_ScriptErrors.lua]:72: in function <[Interface/AddOns/Blizzard_ScriptErrors/Blizzard_ScriptErrors.lua]:71>

Lua error: @Interface/AddOns/CraftSim/DB/ItemCountDB.lua: Lua error: Interface/AddOns/CraftSim/Debug/Debug.lua:60: attempt to index upvalue 'LibLog' (a nil value)
stack traceback:
	(string):1: in main chunk
Lua error: Lua Error: @Interface/AddOns/CraftSim/DB/ItemCountDB.lua: Lua error: Interface/AddOns/CraftSim/Debug/Debug.lua:60: attempt to index upvalue 'LibLog' (a nil value)
stack traceback:
	(string):1: in main chunk
[Interface/AddOns/Blizzard_ScriptErrors/Blizzard_ScriptErrors.lua]:59: in function 'GetErrorData'
[Interface/AddOns/Blizzard_ScriptErrors/Blizzard_ScriptErrors.lua]:72: in function <[Interface/AddOns/Blizzard_ScriptErrors/Blizzard_ScriptErrors.lua]:71>

Lua error: @Interface/AddOns/CraftSim/DB/craftQueueDB.lua: Lua error: Interface/AddOns/CraftSim/DB/craftQueueDB.lua:10: attempt to index field 'DB' (a nil value)
stack traceback:
	(string):1: in main chunk
Lua error: Lua Error: @Interface/AddOns/CraftSim/DB/craftQueueDB.lua: Lua error: Interface/AddOns/CraftSim/DB/craftQueueDB.lua:10: attempt to index field 'DB' (a nil value)
stack traceback:
	(string):1: in main chunk
[Interface/AddOns/Blizzard_ScriptErrors/Blizzard_ScriptErrors.lua]:59: in function 'GetErrorData'
[Interface/AddOns/Blizzard_ScriptErrors/Blizzard_ScriptErrors.lua]:72: in function <[Interface/AddOns/Blizzard_ScriptErrors/Blizzard_ScriptErrors.lua]:71>

Lua error: @Interface/AddOns/CraftSim/DB/multicraftPreloadDB.lua: Lua error: Interface/AddOns/CraftSim/DB/multicraftPreloadDB.lua:10: attempt to index field 'DB' (a nil value)
stack traceback:
	(string):1: in main chunk
Lua error: Lua Error: @Interface/AddOns/CraftSim/DB/multicraftPreloadDB.lua: Lua error: Interface/AddOns/CraftSim/DB/multicraftPreloadDB.lua:10: attempt to index field 'DB' (a nil value)
stack traceback:
	(string):1: in main chunk
[Interface/AddOns/Blizzard_ScriptErrors/Blizzard_ScriptErrors.lua]:59: in function 'GetErrorData'
[Interface/AddOns/Blizzard_ScriptErrors/Blizzard_ScriptErrors.lua]:72: in function <[Interface/AddOns/Blizzard_ScriptErrors/Blizzard_ScriptErrors.lua]:71>

Lua error: @Interface/AddOns/CraftSim/Util/Widgets/QualityMeter.lua: Lua error: Interface/AddOns/CraftSim/Util/Widgets/QualityMeter.lua:8: attempt to index local 'GUTIL' (a nil value)
stack traceback:
	(string):1: in main chunk
Lua error: Lua Error: @Interface/AddOns/CraftSim/Util/Widgets/QualityMeter.lua: Lua error: Interface/AddOns/CraftSim/Util/Widgets/QualityMeter.lua:8: attempt to index local 'GUTIL' (a nil value)
stack traceback:
	(string):1: in main chunk
[Interface/AddOns/Blizzard_ScriptErrors/Blizzard_ScriptErrors.lua]:59: in function 'GetErrorData'
[Interface/AddOns/Blizzard_ScriptErrors/Blizzard_ScriptErrors.lua]:72: in function <[Interface/AddOns/Blizzard_ScriptErrors/Blizzard_ScriptErrors.lua]:71>

Lua error: @Interface/AddOns/CraftSim/Pricing/ProfitCalculation.lua: Lua error: Interface/AddOns/CraftSim/Debug/Debug.lua:60: attempt to index upvalue 'LibLog' (a nil value)
stack traceback:
	(string):1: in main chunk
Lua error: Lua Error: @Interface/AddOns/CraftSim/Pricing/ProfitCalculation.lua: Lua error: Interface/AddOns/CraftSim/Debug/Debug.lua:60: attempt to index upvalue 'LibLog' (a nil value)
stack traceback:
	(string):1: in main chunk
[Interface/AddOns/Blizzard_ScriptErrors/Blizzard_ScriptErrors.lua]:59: in function 'GetErrorData'
[Interface/AddOns/Blizzard_ScriptErrors/Blizzard_ScriptErrors.lua]:72: in function <[Interface/AddOns/Blizzard_ScriptErrors/Blizzard_ScriptErrors.lua]:71>

Lua error: @Interface/AddOns/CraftSim/DataSource/PriceSource.lua: Lua error: Interface/AddOns/CraftSim/Debug/Debug.lua:60: attempt to index upvalue 'LibLog' (a nil value)
stack traceback:
	(string):1: in main chunk
Lua error: Lua Error: @Interface/AddOns/CraftSim/DataSource/PriceSource.lua: Lua error: Interface/AddOns/CraftSim/Debug/Debug.lua:60: attempt to index upvalue 'LibLog' (a nil value)
stack traceback:
	(string):1: in main chunk
[Interface/AddOns/Blizzard_ScriptErrors/Blizzard_ScriptErrors.lua]:59: in function 'GetErrorData'
[Interface/AddOns/Blizzard_ScriptErrors/Blizzard_ScriptErrors.lua]:72: in function <[Interface/AddOns/Blizzard_ScriptErrors/Blizzard_ScriptErrors.lua]:71>

Lua error: @Interface/AddOns/CraftSim/DataSource/InventorySource.lua: Lua error: Interface/AddOns/CraftSim/Debug/Debug.lua:60: attempt to index upvalue 'LibLog' (a nil value)
stack traceback:
	(string):1: in main chunk
Lua error: Lua Error: @Interface/AddOns/CraftSim/DataSource/InventorySource.lua: Lua error: Interface/AddOns/CraftSim/Debug/Debug.lua:60: attempt to index upvalue 'LibLog' (a nil value)
stack traceback:
	(string):1: in main chunk
[Interface/AddOns/Blizzard_ScriptErrors/Blizzard_ScriptErrors.lua]:59: in function 'GetErrorData'
[Interface/AddOns/Blizzard_ScriptErrors/Blizzard_ScriptErrors.lua]:72: in function <[Interface/AddOns/Blizzard_ScriptErrors/Blizzard_ScriptErrors.lua]:71>

Lua error: @Interface/AddOns/CraftSim/Modules/Modules.lua: Lua error: Interface/AddOns/CraftSim/Modules/Modules.lua:63: attempt to index local 'GUTIL' (a nil value)
stack traceback:
	(string):1: in main chunk
Lua error: Lua Error: @Interface/AddOns/CraftSim/Modules/Modules.lua: Lua error: Interface/AddOns/CraftSim/Modules/Modules.lua:63: attempt to index local 'GUTIL' (a nil value)
stack traceback:
	(string):1: in main chunk
[Interface/AddOns/Blizzard_ScriptErrors/Blizzard_ScriptErrors.lua]:59: in function 'GetErrorData'
[Interface/AddOns/Blizzard_ScriptErrors/Blizzard_ScriptErrors.lua]:72: in function <[Interface/AddOns/Blizzard_ScriptErrors/Blizzard_ScriptErrors.lua]:71>

Lua error: @Interface/AddOns/CraftSim/Modules/ControlPanel/ControlPanel.lua: Lua error: ...ce/AddOns/CraftSim/Modules/ControlPanel/ControlPanel.lua:9: attempt to call method 'RegisterModule' (a nil value)
stack traceback:
	(string):1: in main chunk
Lua error: Lua Error: @Interface/AddOns/CraftSim/Modules/ControlPanel/ControlPanel.lua: Lua error: ...ce/AddOns/CraftSim/Modules/ControlPanel/ControlPanel.lua:9: attempt to call method 'RegisterModule' (a nil value)
stack traceback:
	(string):1: in main chunk
[Interface/AddOns/Blizzard_ScriptErrors/Blizzard_ScriptErrors.lua]:59: in function 'GetErrorData'
[Interface/AddOns/Blizzard_ScriptErrors/Blizzard_ScriptErrors.lua]:72: in function <[Interface/AddOns/Blizzard_ScriptErrors/Blizzard_ScriptErrors.lua]:71>

Lua error: @Interface/AddOns/CraftSim/Modules/ItemCount/ItemCount.lua: Lua error: Interface/AddOns/CraftSim/Debug/Debug.lua:60: attempt to index upvalue 'LibLog' (a nil value)
stack traceback:
	(string):1: in main chunk
Lua error: Lua Error: @Interface/AddOns/CraftSim/Modules/ItemCount/ItemCount.lua: Lua error: Interface/AddOns/CraftSim/Debug/Debug.lua:60: attempt to index upvalue 'LibLog' (a nil value)
stack traceback:
	(string):1: in main chunk
[Interface/AddOns/Blizzard_ScriptErrors/Blizzard_ScriptErrors.lua]:59: in function 'GetErrorData'
[Interface/AddOns/Blizzard_ScriptErrors/Blizzard_ScriptErrors.lua]:72: in function <[Interface/AddOns/Blizzard_ScriptErrors/Blizzard_ScriptErrors.lua]:71>

Lua error: @Interface/AddOns/CraftSim/Modules/Disenchant/UI.lua: Lua error: Interface/AddOns/CraftSim/Modules/Disenchant/UI.lua:8: attempt to index field 'DISENCHANT' (a nil value)
stack traceback:
	(string):1: in main chunk
Lua error: Lua Error: @Interface/AddOns/CraftSim/Modules/Disenchant/UI.lua: Lua error: Interface/AddOns/CraftSim/Modules/Disenchant/UI.lua:8: attempt to index field 'DISENCHANT' (a nil value)
stack traceback:
	(string):1: in main chunk
[Interface/AddOns/Blizzard_ScriptErrors/Blizzard_ScriptErrors.lua]:59: in function 'GetErrorData'
[Interface/AddOns/Blizzard_ScriptErrors/Blizzard_ScriptErrors.lua]:72: in function <[Interface/AddOns/Blizzard_ScriptErrors/Blizzard_ScriptErrors.lua]:71>

Lua error: @Interface/AddOns/CraftSim/Modules/Explanations/Explanations.lua: Lua error: ...ce/AddOns/CraftSim/Modules/Explanations/Explanations.lua:9: attempt to call method 'RegisterModule' (a nil value)
stack traceback:
	(string):1: in main chunk
Lua error: Lua Error: @Interface/AddOns/CraftSim/Modules/Explanations/Explanations.lua: Lua error: ...ce/AddOns/CraftSim/Modules/Explanations/Explanations.lua:9: attempt to call method 'RegisterModule' (a nil value)
stack traceback:
	(string):1: in main chunk
[Interface/AddOns/Blizzard_ScriptErrors/Blizzard_ScriptErrors.lua]:59: in function 'GetErrorData'
[Interface/AddOns/Blizzard_ScriptErrors/Blizzard_ScriptErrors.lua]:72: in function <[Interface/AddOns/Blizzard_ScriptErrors/Blizzard_ScriptErrors.lua]:71>

Lua error: @Interface/AddOns/CraftSim/Modules/CraftQueue/CraftQueue.lua: Lua error: Interface/AddOns/CraftSim/Modules/CraftQueue/CraftQueue.lua:8: attempt to index local 'GUTIL' (a nil value)
stack traceback:
	(string):1: in main chunk
Lua error: Lua Error: @Interface/AddOns/CraftSim/Modules/CraftQueue/CraftQueue.lua: Lua error: Interface/AddOns/CraftSim/Modules/CraftQueue/CraftQueue.lua:8: attempt to index local 'GUTIL' (a nil value)
stack traceback:
	(string):1: in main chunk
[Interface/AddOns/Blizzard_ScriptErrors/Blizzard_ScriptErrors.lua]:59: in function 'GetErrorData'
[Interface/AddOns/Blizzard_ScriptErrors/Blizzard_ScriptErrors.lua]:72: in function <[Interface/AddOns/Blizzard_ScriptErrors/Blizzard_ScriptErrors.lua]:71>

Lua error: @Interface/AddOns/CraftSim/Modules/CraftQueue/CraftLists.lua: Lua error: Interface/AddOns/CraftSim/Modules/CraftQueue/CraftLists.lua:8: attempt to index local 'GUTIL' (a nil value)
stack traceback:
	(string):1: in main chunk
Lua error: Lua Error: @Interface/AddOns/CraftSim/Modules/CraftQueue/CraftLists.lua: Lua error: Interface/AddOns/CraftSim/Modules/CraftQueue/CraftLists.lua:8: attempt to index local 'GUTIL' (a nil value)
stack traceback:
	(string):1: in main chunk
[Interface/AddOns/Blizzard_ScriptErrors/Blizzard_ScriptErrors.lua]:59: in function 'GetErrorData'
[Interface/AddOns/Blizzard_ScriptErrors/Blizzard_ScriptErrors.lua]:72: in function <[Interface/AddOns/Blizzard_ScriptErrors/Blizzard_ScriptErrors.lua]:71>

Lua error: @Interface/AddOns/CraftSim/Modules/CraftQueue/EditRecipe.lua: Lua error: Interface/AddOns/CraftSim/Modules/CraftQueue/EditRecipe.lua:8: attempt to index local 'GUTIL' (a nil value)
stack traceback:
	(string):1: in main chunk
Lua error: Lua Error: @Interface/AddOns/CraftSim/Modules/CraftQueue/EditRecipe.lua: Lua error: Interface/AddOns/CraftSim/Modules/CraftQueue/EditRecipe.lua:8: attempt to index local 'GUTIL' (a nil value)
stack traceback:
	(string):1: in main chunk
[Interface/AddOns/Blizzard_ScriptErrors/Blizzard_ScriptErrors.lua]:59: in function 'GetErrorData'
[Interface/AddOns/Blizzard_ScriptErrors/Blizzard_ScriptErrors.lua]:72: in function <[Interface/AddOns/Blizzard_ScriptErrors/Blizzard_ScriptErrors.lua]:71>

Lua error: @Interface/AddOns/CraftSim/Modules/Cooldowns/Cooldowns.lua: Lua error: Interface/AddOns/CraftSim/Modules/Cooldowns/Cooldowns.lua:8: attempt to index local 'GUTIL' (a nil value)
stack traceback:
	(string):1: in main chunk
Lua error: Lua Error: @Interface/AddOns/CraftSim/Modules/Cooldowns/Cooldowns.lua: Lua error: Interface/AddOns/CraftSim/Modules/Cooldowns/Cooldowns.lua:8: attempt to index local 'GUTIL' (a nil value)
stack traceback:
	(string):1: in main chunk
[Interface/AddOns/Blizzard_ScriptErrors/Blizzard_ScriptErrors.lua]:59: in function 'GetErrorData'
[Interface/AddOns/Blizzard_ScriptErrors/Blizzard_ScriptErrors.lua]:72: in function <[Interface/AddOns/Blizzard_ScriptErrors/Blizzard_ScriptErrors.lua]:71>

Lua error: @Interface/AddOns/CraftSim/Modules/Cooldowns/UI.lua: Lua error: Interface/AddOns/CraftSim/Modules/Cooldowns/UI.lua:8: attempt to index field 'COOLDOWNS' (a nil value)
stack traceback:
	(string):1: in main chunk
Lua error: Lua Error: @Interface/AddOns/CraftSim/Modules/Cooldowns/UI.lua: Lua error: Interface/AddOns/CraftSim/Modules/Cooldowns/UI.lua:8: attempt to index field 'COOLDOWNS' (a nil value)
stack traceback:
	(string):1: in main chunk
[Interface/AddOns/Blizzard_ScriptErrors/Blizzard_ScriptErrors.lua]:59: in function 'GetErrorData'
[Interface/AddOns/Blizzard_ScriptErrors/Blizzard_ScriptErrors.lua]:72: in function <[Interface/AddOns/Blizzard_ScriptErrors/Blizzard_ScriptErrors.lua]:71>

Lua error: @Interface/AddOns/CraftSim/Modules/CustomerHistory/CustomerHistory.lua: Lua error: ...Ons/CraftSim/Modules/CustomerHistory/CustomerHistory.lua:10: attempt to index local 'GUTIL' (a nil value)
stack traceback:
	(string):1: in main chunk
Lua error: Lua Error: @Interface/AddOns/CraftSim/Modules/CustomerHistory/CustomerHistory.lua: Lua error: ...Ons/CraftSim/Modules/CustomerHistory/CustomerHistory.lua:10: attempt to index local 'GUTIL' (a nil value)
stack traceback:
	(string):1: in main chunk
[Interface/AddOns/Blizzard_ScriptErrors/Blizzard_ScriptErrors.lua]:59: in function 'GetErrorData'
[Interface/AddOns/Blizzard_ScriptErrors/Blizzard_ScriptErrors.lua]:72: in function <[Interface/AddOns/Blizzard_ScriptErrors/Blizzard_ScriptErrors.lua]:71>

Lua error: @Interface/AddOns/CraftSim/Modules/Statistics/Statistics.lua: Lua error: Interface/AddOns/CraftSim/Modules/Statistics/Statistics.lua:10: attempt to call method 'RegisterModule' (a nil value)
stack traceback:
	(string):1: in main chunk
Lua error: Lua Error: @Interface/AddOns/CraftSim/Modules/Statistics/Statistics.lua: Lua error: Interface/AddOns/CraftSim/Modules/Statistics/Statistics.lua:10: attempt to call method 'RegisterModule' (a nil value)
stack traceback:
	(string):1: in main chunk
[Interface/AddOns/Blizzard_ScriptErrors/Blizzard_ScriptErrors.lua]:59: in function 'GetErrorData'
[Interface/AddOns/Blizzard_ScriptErrors/Blizzard_ScriptErrors.lua]:72: in function <[Interface/AddOns/Blizzard_ScriptErrors/Blizzard_ScriptErrors.lua]:71>

Lua error: @Interface/AddOns/CraftSim/Modules/Statistics/UI.lua: Lua error: Interface/AddOns/CraftSim/Modules/Statistics/UI.lua:8: attempt to index local 'GUTIL' (a nil value)
stack traceback:
	(string):1: in main chunk
Lua error: Lua Error: @Interface/AddOns/CraftSim/Modules/Statistics/UI.lua: Lua error: Interface/AddOns/CraftSim/Modules/Statistics/UI.lua:8: attempt to index local 'GUTIL' (a nil value)
stack traceback:
	(string):1: in main chunk
[Interface/AddOns/Blizzard_ScriptErrors/Blizzard_ScriptErrors.lua]:59: in function 'GetErrorData'
[Interface/AddOns/Blizzard_ScriptErrors/Blizzard_ScriptErrors.lua]:72: in function <[Interface/AddOns/Blizzard_ScriptErrors/Blizzard_ScriptErrors.lua]:71>

Lua error: @Interface/AddOns/CraftSim/Modules/CraftLog/UI.lua: Lua error: Interface/AddOns/CraftSim/Modules/CraftLog/UI.lua:8: attempt to index local 'GUTIL' (a nil value)
stack traceback:
	(string):1: in main chunk
Lua error: Lua Error: @Interface/AddOns/CraftSim/Modules/CraftLog/UI.lua: Lua error: Interface/AddOns/CraftSim/Modules/CraftLog/UI.lua:8: attempt to index local 'GUTIL' (a nil value)
stack traceback:
	(string):1: in main chunk
[Interface/AddOns/Blizzard_ScriptErrors/Blizzard_ScriptErrors.lua]:59: in function 'GetErrorData'
[Interface/AddOns/Blizzard_ScriptErrors/Blizzard_ScriptErrors.lua]:72: in function <[Interface/AddOns/Blizzard_ScriptErrors/Blizzard_ScriptErrors.lua]:71>

Lua error: @Interface/AddOns/CraftSim/Modules/Pricing/Pricing.lua: Lua error: Interface/AddOns/CraftSim/Modules/Pricing/Pricing.lua:10: attempt to call method 'RegisterModule' (a nil value)
stack traceback:
	(string):1: in main chunk
Lua error: Lua Error: @Interface/AddOns/CraftSim/Modules/Pricing/Pricing.lua: Lua error: Interface/AddOns/CraftSim/Modules/Pricing/Pricing.lua:10: attempt to call method 'RegisterModule' (a nil value)
stack traceback:
	(string):1: in main chunk
[Interface/AddOns/Blizzard_ScriptErrors/Blizzard_ScriptErrors.lua]:59: in function 'GetErrorData'
[Interface/AddOns/Blizzard_ScriptErrors/Blizzard_ScriptErrors.lua]:72: in function <[Interface/AddOns/Blizzard_ScriptErrors/Blizzard_ScriptErrors.lua]:71>

Lua error: @Interface/AddOns/CraftSim/Modules/Pricing/UI.lua: Lua error: Interface/AddOns/CraftSim/Debug/Debug.lua:60: attempt to index upvalue 'LibLog' (a nil value)
stack traceback:
	(string):1: in main chunk
Lua error: Lua Error: @Interface/AddOns/CraftSim/Modules/Pricing/UI.lua: Lua error: Interface/AddOns/CraftSim/Debug/Debug.lua:60: attempt to index upvalue 'LibLog' (a nil value)
stack traceback:
	(string):1: in main chunk
[Interface/AddOns/Blizzard_ScriptErrors/Blizzard_ScriptErrors.lua]:59: in function 'GetErrorData'
[Interface/AddOns/Blizzard_ScriptErrors/Blizzard_ScriptErrors.lua]:72: in function <[Interface/AddOns/Blizzard_ScriptErrors/Blizzard_ScriptErrors.lua]:71>

Lua error: @Interface/AddOns/CraftSim/Modules/SpecializationInfo/UI.lua: Lua error: Interface/AddOns/CraftSim/Modules/SpecializationInfo/UI.lua:7: attempt to index local 'GUTIL' (a nil value)
stack traceback:
	(string):1: in main chunk
Lua error: Lua Error: @Interface/AddOns/CraftSim/Modules/SpecializationInfo/UI.lua: Lua error: Interface/AddOns/CraftSim/Modules/SpecializationInfo/UI.lua:7: attempt to index local 'GUTIL' (a nil value)
stack traceback:
	(string):1: in main chunk
[Interface/AddOns/Blizzard_ScriptErrors/Blizzard_ScriptErrors.lua]:59: in function 'GetErrorData'
[Interface/AddOns/Blizzard_ScriptErrors/Blizzard_ScriptErrors.lua]:72: in function <[Interface/AddOns/Blizzard_ScriptErrors/Blizzard_ScriptErrors.lua]:71>

Lua error: @Interface/AddOns/CraftSim/Modules/SimulationMode/Debug.lua: Lua error: Interface/AddOns/CraftSim/Modules/SimulationMode/Debug.lua:6: attempt to index local 'GUTIL' (a nil value)
stack traceback:
	(string):1: in main chunk
Lua error: Lua Error: @Interface/AddOns/CraftSim/Modules/SimulationMode/Debug.lua: Lua error: Interface/AddOns/CraftSim/Modules/SimulationMode/Debug.lua:6: attempt to index local 'GUTIL' (a nil value)
stack traceback:
	(string):1: in main chunk
[Interface/AddOns/Blizzard_ScriptErrors/Blizzard_ScriptErrors.lua]:59: in function 'GetErrorData'
[Interface/AddOns/Blizzard_ScriptErrors/Blizzard_ScriptErrors.lua]:72: in function <[Interface/AddOns/Blizzard_ScriptErrors/Blizzard_ScriptErrors.lua]:71>

Lua error: @Interface/AddOns/CraftSim/Modules/SimulationMode/UI.lua: Lua error: Interface/AddOns/CraftSim/Modules/SimulationMode/UI.lua:7: attempt to index local 'GUTIL' (a nil value)
stack traceback:
	(string):1: in main chunk
Lua error: Lua Error: @Interface/AddOns/CraftSim/Modules/SimulationMode/UI.lua: Lua error: Interface/AddOns/CraftSim/Modules/SimulationMode/UI.lua:7: attempt to index local 'GUTIL' (a nil value)
stack traceback:
	(string):1: in main chunk
[Interface/AddOns/Blizzard_ScriptErrors/Blizzard_ScriptErrors.lua]:59: in function 'GetErrorData'
[Interface/AddOns/Blizzard_ScriptErrors/Blizzard_ScriptErrors.lua]:72: in function <[Interface/AddOns/Blizzard_ScriptErrors/Blizzard_ScriptErrors.lua]:71>

Lua error: @Interface/AddOns/CraftSim/Modules/ReagentOptimization/ReagentOptimization.lua: Lua error: ...tSim/Modules/ReagentOptimization/ReagentOptimization.lua:87: attempt to call method 'RegisterModule' (a nil value)
stack traceback:
	(string):1: in main chunk
Lua error: Lua Error: @Interface/AddOns/CraftSim/Modules/ReagentOptimization/ReagentOptimization.lua: Lua error: ...tSim/Modules/ReagentOptimization/ReagentOptimization.lua:87: attempt to call method 'RegisterModule' (a nil value)
stack traceback:
	(string):1: in main chunk
[Interface/AddOns/Blizzard_ScriptErrors/Blizzard_ScriptErrors.lua]:59: in function 'GetErrorData'
[Interface/AddOns/Blizzard_ScriptErrors/Blizzard_ScriptErrors.lua]:72: in function <[Interface/AddOns/Blizzard_ScriptErrors/Blizzard_ScriptErrors.lua]:71>

Lua error: @Interface/AddOns/CraftSim/Modules/ReagentOptimization/UI.lua: Lua error: ...rface/AddOns/CraftSim/Modules/ReagentOptimization/UI.lua:6: attempt to index local 'GUTIL' (a nil value)
stack traceback:
	(string):1: in main chunk
Lua error: Lua Error: @Interface/AddOns/CraftSim/Modules/ReagentOptimization/UI.lua: Lua error: ...rface/AddOns/CraftSim/Modules/ReagentOptimization/UI.lua:6: attempt to index local 'GUTIL' (a nil value)
stack traceback:
	(string):1: in main chunk
[Interface/AddOns/Blizzard_ScriptErrors/Blizzard_ScriptErrors.lua]:59: in function 'GetErrorData'
[Interface/AddOns/Blizzard_ScriptErrors/Blizzard_ScriptErrors.lua]:72: in function <[Interface/AddOns/Blizzard_ScriptErrors/Blizzard_ScriptErrors.lua]:71>

Lua error: @Interface/AddOns/CraftSim/Modules/TopGear/TopGear.lua: Lua error: Interface/AddOns/CraftSim/Debug/Debug.lua:60: attempt to index upvalue 'LibLog' (a nil value)
stack traceback:
	(string):1: in main chunk
Lua error: Lua Error: @Interface/AddOns/CraftSim/Modules/TopGear/TopGear.lua: Lua error: Interface/AddOns/CraftSim/Debug/Debug.lua:60: attempt to index upvalue 'LibLog' (a nil value)
stack traceback:
	(string):1: in main chunk
[Interface/AddOns/Blizzard_ScriptErrors/Blizzard_ScriptErrors.lua]:59: in function 'GetErrorData'
[Interface/AddOns/Blizzard_ScriptErrors/Blizzard_ScriptErrors.lua]:72: in function <[Interface/AddOns/Blizzard_ScriptErrors/Blizzard_ScriptErrors.lua]:71>

Lua error: @Interface/AddOns/CraftSim/Modules/TopGear/UI.lua: Lua error: Interface/AddOns/CraftSim/Debug/Debug.lua:60: attempt to index upvalue 'LibLog' (a nil value)
stack traceback:
	(string):1: in main chunk
Lua error: Lua Error: @Interface/AddOns/CraftSim/Modules/TopGear/UI.lua: Lua error: Interface/AddOns/CraftSim/Debug/Debug.lua:60: attempt to index upvalue 'LibLog' (a nil value)
stack traceback:
	(string):1: in main chunk
[Interface/AddOns/Blizzard_ScriptErrors/Blizzard_ScriptErrors.lua]:59: in function 'GetErrorData'
[Interface/AddOns/Blizzard_ScriptErrors/Blizzard_ScriptErrors.lua]:72: in function <[Interface/AddOns/Blizzard_ScriptErrors/Blizzard_ScriptErrors.lua]:71>

Lua error: @Interface/AddOns/CraftSim/Modules/RecipeScan/RecipeScan.lua: Lua error: Interface/AddOns/CraftSim/Modules/RecipeScan/RecipeScan.lua:11: attempt to call method 'RegisterModule' (a nil value)
stack traceback:
	(string):1: in main chunk
Lua error: Lua Error: @Interface/AddOns/CraftSim/Modules/RecipeScan/RecipeScan.lua: Lua error: Interface/AddOns/CraftSim/Modules/RecipeScan/RecipeScan.lua:11: attempt to call method 'RegisterModule' (a nil value)
stack traceback:
	(string):1: in main chunk
[Interface/AddOns/Blizzard_ScriptErrors/Blizzard_ScriptErrors.lua]:59: in function 'GetErrorData'
[Interface/AddOns/Blizzard_ScriptErrors/Blizzard_ScriptErrors.lua]:72: in function <[Interface/AddOns/Blizzard_ScriptErrors/Blizzard_ScriptErrors.lua]:71>

Lua error: @Interface/AddOns/CraftSim/Modules/RecipeScan/UI.lua: Lua error: Interface/AddOns/CraftSim/Modules/RecipeScan/UI.lua:7: attempt to index field 'GUTIL' (a nil value)
stack traceback:
	(string):1: in main chunk
Lua error: Lua Error: @Interface/AddOns/CraftSim/Modules/RecipeScan/UI.lua: Lua error: Interface/AddOns/CraftSim/Modules/RecipeScan/UI.lua:7: attempt to index field 'GUTIL' (a nil value)
stack traceback:
	(string):1: in main chunk
[Interface/AddOns/Blizzard_ScriptErrors/Blizzard_ScriptErrors.lua]:59: in function 'GetErrorData'
[Interface/AddOns/Blizzard_ScriptErrors/Blizzard_ScriptErrors.lua]:72: in function <[Interface/AddOns/Blizzard_ScriptErrors/Blizzard_ScriptErrors.lua]:71>

Lua error: @Interface/AddOns/CraftSim/Modules/Supporters/Supporters.lua: Lua error: Interface/AddOns/CraftSim/Modules/Supporters/Supporters.lua:6: attempt to index local 'GUTIL' (a nil value)
stack traceback:
	(string):1: in main chunk
Lua error: Lua Error: @Interface/AddOns/CraftSim/Modules/Supporters/Supporters.lua: Lua error: Interface/AddOns/CraftSim/Modules/Supporters/Supporters.lua:6: attempt to index local 'GUTIL' (a nil value)
stack traceback:
	(string):1: in main chunk
[Interface/AddOns/Blizzard_ScriptErrors/Blizzard_ScriptErrors.lua]:59: in function 'GetErrorData'
[Interface/AddOns/Blizzard_ScriptErrors/Blizzard_ScriptErrors.lua]:72: in function <[Interface/AddOns/Blizzard_ScriptErrors/Blizzard_ScriptErrors.lua]:71>

Lua error: @Interface/AddOns/CraftSim/Modules/Supporters/UI.lua: Lua error: Interface/AddOns/CraftSim/Modules/Supporters/UI.lua:6: attempt to index local 'GUTIL' (a nil value)
stack traceback:
	(string):1: in main chunk
Lua error: Lua Error: @Interface/AddOns/CraftSim/Modules/Supporters/UI.lua: Lua error: Interface/AddOns/CraftSim/Modules/Supporters/UI.lua:6: attempt to index local 'GUTIL' (a nil value)
stack traceback:
	(string):1: in main chunk
[Interface/AddOns/Blizzard_ScriptErrors/Blizzard_ScriptErrors.lua]:59: in function 'GetErrorData'
[Interface/AddOns/Blizzard_ScriptErrors/Blizzard_ScriptErrors.lua]:72: in function <[Interface/AddOns/Blizzard_ScriptErrors/Blizzard_ScriptErrors.lua]:71>

Lua error: @Interface/AddOns/CraftSim/Modules/CraftBuffs/CraftBuffs.lua: Lua error: Interface/AddOns/CraftSim/Debug/Debug.lua:60: attempt to index upvalue 'LibLog' (a nil value)
stack traceback:
	(string):1: in main chunk
Lua error: Lua Error: @Interface/AddOns/CraftSim/Modules/CraftBuffs/CraftBuffs.lua: Lua error: Interface/AddOns/CraftSim/Debug/Debug.lua:60: attempt to index upvalue 'LibLog' (a nil value)
stack traceback:
	(string):1: in main chunk
[Interface/AddOns/Blizzard_ScriptErrors/Blizzard_ScriptErrors.lua]:59: in function 'GetErrorData'
[Interface/AddOns/Blizzard_ScriptErrors/Blizzard_ScriptErrors.lua]:72: in function <[Interface/AddOns/Blizzard_ScriptErrors/Blizzard_ScriptErrors.lua]:71>

Lua error: @Interface/AddOns/CraftSim/Modules/CraftBuffs/UI.lua: Lua error: Interface/AddOns/CraftSim/Modules/CraftBuffs/UI.lua:11: attempt to index field 'CRAFT_BUFFS' (a nil value)
stack traceback:
	(string):1: in main chunk
Lua error: Lua Error: @Interface/AddOns/CraftSim/Modules/CraftBuffs/UI.lua: Lua error: Interface/AddOns/CraftSim/Modules/CraftBuffs/UI.lua:11: attempt to index field 'CRAFT_BUFFS' (a nil value)
stack traceback:
	(string):1: in main chunk
[Interface/AddOns/Blizzard_ScriptErrors/Blizzard_ScriptErrors.lua]:59: in function 'GetErrorData'
[Interface/AddOns/Blizzard_ScriptErrors/Blizzard_ScriptErrors.lua]:72: in function <[Interface/AddOns/Blizzard_ScriptErrors/Blizzard_ScriptErrors.lua]:71>

Lua error: @Interface/AddOns/CraftSim/Modules/ConcentrationTracker/ConcentrationTracker.lua: Lua error: ...im/Modules/ConcentrationTracker/ConcentrationTracker.lua:5: attempt to index local 'GUTIL' (a nil value)
stack traceback:
	(string):1: in main chunk
Lua error: Lua Error: @Interface/AddOns/CraftSim/Modules/ConcentrationTracker/ConcentrationTracker.lua: Lua error: ...im/Modules/ConcentrationTracker/ConcentrationTracker.lua:5: attempt to index local 'GUTIL' (a nil value)
stack traceback:
	(string):1: in main chunk
[Interface/AddOns/Blizzard_ScriptErrors/Blizzard_ScriptErrors.lua]:59: in function 'GetErrorData'
[Interface/AddOns/Blizzard_ScriptErrors/Blizzard_ScriptErrors.lua]:72: in function <[Interface/AddOns/Blizzard_ScriptErrors/Blizzard_ScriptErrors.lua]:71>

Lua error: @Interface/AddOns/CraftSim/Modules/ConcentrationTracker/UI.lua: Lua error: ...face/AddOns/CraftSim/Modules/ConcentrationTracker/UI.lua:11: attempt to index field 'CONCENTRATION_TRACKER' (a nil value)
stack traceback:
	(string):1: in main chunk
Lua error: Lua Error: @Interface/AddOns/CraftSim/Modules/ConcentrationTracker/UI.lua: Lua error: ...face/AddOns/CraftSim/Modules/ConcentrationTracker/UI.lua:11: attempt to index field 'CONCENTRATION_TRACKER' (a nil value)
stack traceback:
	(string):1: in main chunk
[Interface/AddOns/Blizzard_ScriptErrors/Blizzard_ScriptErrors.lua]:59: in function 'GetErrorData'
[Interface/AddOns/Blizzard_ScriptErrors/Blizzard_ScriptErrors.lua]:72: in function <[Interface/AddOns/Blizzard_ScriptErrors/Blizzard_ScriptErrors.lua]:71>

Lua error: @Interface/AddOns/CraftSim/Modules/WorkOrderTracker/WorkOrderTracker.lua: Lua error: ...s/CraftSim/Modules/WorkOrderTracker/WorkOrderTracker.lua:8: attempt to index local 'GUTIL' (a nil value)
stack traceback:
	(string):1: in main chunk
Lua error: Lua Error: @Interface/AddOns/CraftSim/Modules/WorkOrderTracker/WorkOrderTracker.lua: Lua error: ...s/CraftSim/Modules/WorkOrderTracker/WorkOrderTracker.lua:8: attempt to index local 'GUTIL' (a nil value)
stack traceback:
	(string):1: in main chunk
[Interface/AddOns/Blizzard_ScriptErrors/Blizzard_ScriptErrors.lua]:59: in function 'GetErrorData'
[Interface/AddOns/Blizzard_ScriptErrors/Blizzard_ScriptErrors.lua]:72: in function <[Interface/AddOns/Blizzard_ScriptErrors/Blizzard_ScriptErrors.lua]:71>

Lua error: @Interface/AddOns/CraftSim/Modules/WorkOrderTracker/UI.lua: Lua error: Interface/AddOns/CraftSim/Modules/WorkOrderTracker/UI.lua:8: attempt to index field 'WORK_ORDER_TRACKER' (a nil value)
stack traceback:
	(string):1: in main chunk
Lua error: Lua Error: @Interface/AddOns/CraftSim/Modules/WorkOrderTracker/UI.lua: Lua error: Interface/AddOns/CraftSim/Modules/WorkOrderTracker/UI.lua:8: attempt to index field 'WORK_ORDER_TRACKER' (a nil value)
stack traceback:
	(string):1: in main chunk
[Interface/AddOns/Blizzard_ScriptErrors/Blizzard_ScriptErrors.lua]:59: in function 'GetErrorData'
[Interface/AddOns/Blizzard_ScriptErrors/Blizzard_ScriptErrors.lua]:72: in function <[Interface/AddOns/Blizzard_ScriptErrors/Blizzard_ScriptErrors.lua]:71>

Lua error: @Interface/AddOns/CraftSim/Data/SpecializationData/Dragonflight/Blacksmithing.lua: Lua error: ...m/Data/SpecializationData/Dragonflight/Blacksmithing.lua:3: attempt to index field 'SPECIALIZATION_DATA' (a nil value)
stack traceback:
	(string):1: in main chunk
Lua error: Lua Error: @Interface/AddOns/CraftSim/Data/SpecializationData/Dragonflight/Blacksmithing.lua: Lua error: ...m/Data/SpecializationData/Dragonflight/Blacksmithing.lua:3: attempt to index field 'SPECIALIZATION_DATA' (a nil value)
stack traceback:
	(string):1: in main chunk
[Interface/AddOns/Blizzard_ScriptErrors/Blizzard_ScriptErrors.lua]:59: in function 'GetErrorData'
[Interface/AddOns/Blizzard_ScriptErrors/Blizzard_ScriptErrors.lua]:72: in function <[Interface/AddOns/Blizzard_ScriptErrors/Blizzard_ScriptErrors.lua]:71>

Lua error: @Interface/AddOns/CraftSim/Data/SpecializationData/Dragonflight/Enchanting.lua: Lua error: ...tSim/Data/SpecializationData/Dragonflight/Enchanting.lua:3: attempt to index field 'SPECIALIZATION_DATA' (a nil value)
stack traceback:
	(string):1: in main chunk
Lua error: Lua Error: @Interface/AddOns/CraftSim/Data/SpecializationData/Dragonflight/Enchanting.lua: Lua error: ...tSim/Data/SpecializationData/Dragonflight/Enchanting.lua:3: attempt to index field 'SPECIALIZATION_DATA' (a nil value)
stack traceback:
	(string):1: in main chunk
[Interface/AddOns/Blizzard_ScriptErrors/Blizzard_ScriptErrors.lua]:59: in function 'GetErrorData'
[Interface/AddOns/Blizzard_ScriptErrors/Blizzard_ScriptErrors.lua]:72: in function <[Interface/AddOns/Blizzard_ScriptErrors/Blizzard_ScriptErrors.lua]:71>

Lua error: @Interface/AddOns/CraftSim/Data/SpecializationData/Dragonflight/Leatherworking.lua: Lua error: .../Data/SpecializationData/Dragonflight/Leatherworking.lua:3: attempt to index field 'SPECIALIZATION_DATA' (a nil value)
stack traceback:
	(string):1: in main chunk
Lua error: Lua Error: @Interface/AddOns/CraftSim/Data/SpecializationData/Dragonflight/Leatherworking.lua: Lua error: .../Data/SpecializationData/Dragonflight/Leatherworking.lua:3: attempt to index field 'SPECIALIZATION_DATA' (a nil value)
stack traceback:
	(string):1: in main chunk
[Interface/AddOns/Blizzard_ScriptErrors/Blizzard_ScriptErrors.lua]:59: in function 'GetErrorData'
[Interface/AddOns/Blizzard_ScriptErrors/Blizzard_ScriptErrors.lua]:72: in function <[Interface/AddOns/Blizzard_ScriptErrors/Blizzard_ScriptErrors.lua]:71>

Lua error: @Interface/AddOns/CraftSim/Data/SpecializationData/Dragonflight/Engineering.lua: Lua error: ...Sim/Data/SpecializationData/Dragonflight/Engineering.lua:3: attempt to index field 'SPECIALIZATION_DATA' (a nil value)
stack traceback:
	(string):1: in main chunk
Lua error: Lua Error: @Interface/AddOns/CraftSim/Data/SpecializationData/Dragonflight/Engineering.lua: Lua error: ...Sim/Data/SpecializationData/Dragonflight/Engineering.lua:3: attempt to index field 'SPECIALIZATION_DATA' (a nil value)
stack traceback:
	(string):1: in main chunk
[Interface/AddOns/Blizzard_ScriptErrors/Blizzard_ScriptErrors.lua]:59: in function 'GetErrorData'
[Interface/AddOns/Blizzard_ScriptErrors/Blizzard_ScriptErrors.lua]:72: in function <[Interface/AddOns/Blizzard_ScriptErrors/Blizzard_ScriptErrors.lua]:71>

Lua error: @Interface/AddOns/CraftSim/Data/SpecializationData/The_War_Within/Blacksmithing.lua: Lua error: ...Data/SpecializationData/The_War_Within/Blacksmithing.lua:3: attempt to index field 'SPECIALIZATION_DATA' (a nil value)
stack traceback:
	(string):1: in main chunk
Lua error: Lua Error: @Interface/AddOns/CraftSim/Data/SpecializationData/The_War_Within/Blacksmithing.lua: Lua error: ...Data/SpecializationData/The_War_Within/Blacksmithing.lua:3: attempt to index field 'SPECIALIZATION_DATA' (a nil value)
stack traceback:
	(string):1: in main chunk
[Interface/AddOns/Blizzard_ScriptErrors/Blizzard_ScriptErrors.lua]:59: in function 'GetErrorData'
[Interface/AddOns/Blizzard_ScriptErrors/Blizzard_ScriptErrors.lua]:72: in function <[Interface/AddOns/Blizzard_ScriptErrors/Blizzard_ScriptErrors.lua]:71>

Lua error: @Interface/AddOns/CraftSim/Data/SpecializationData/The_War_Within/Inscription.lua: Lua error: ...m/Data/SpecializationData/The_War_Within/Inscription.lua:3: attempt to index field 'SPECIALIZATION_DATA' (a nil value)
stack traceback:
	(string):1: in main chunk
Lua error: Lua Error: @Interface/AddOns/CraftSim/Data/SpecializationData/The_War_Within/Inscription.lua: Lua error: ...m/Data/SpecializationData/The_War_Within/Inscription.lua:3: attempt to index field 'SPECIALIZATION_DATA' (a nil value)
stack traceback:
	(string):1: in main chunk
[Interface/AddOns/Blizzard_ScriptErrors/Blizzard_ScriptErrors.lua]:59: in function 'GetErrorData'
[Interface/AddOns/Blizzard_ScriptErrors/Blizzard_ScriptErrors.lua]:72: in function <[Interface/AddOns/Blizzard_ScriptErrors/Blizzard_ScriptErrors.lua]:71>

Lua error: @Interface/AddOns/CraftSim/Data/SpecializationData/The_War_Within/Jewelcrafting.lua: Lua error: ...Data/SpecializationData/The_War_Within/Jewelcrafting.lua:3: attempt to index field 'SPECIALIZATION_DATA' (a nil value)
stack traceback:
	(string):1: in main chunk
Lua error: Lua Error: @Interface/AddOns/CraftSim/Data/SpecializationData/The_War_Within/Jewelcrafting.lua: Lua error: ...Data/SpecializationData/The_War_Within/Jewelcrafting.lua:3: attempt to index field 'SPECIALIZATION_DATA' (a nil value)
stack traceback:
	(string):1: in main chunk
[Interface/AddOns/Blizzard_ScriptErrors/Blizzard_ScriptErrors.lua]:59: in function 'GetErrorData'
[Interface/AddOns/Blizzard_ScriptErrors/Blizzard_ScriptErrors.lua]:72: in function <[Interface/AddOns/Blizzard_ScriptErrors/Blizzard_ScriptErrors.lua]:71>

Lua error: @Interface/AddOns/CraftSim/Data/SpecializationData/The_War_Within/Engineering.lua: Lua error: ...m/Data/SpecializationData/The_War_Within/Engineering.lua:3: attempt to index field 'SPECIALIZATION_DATA' (a nil value)
stack traceback:
	(string):1: in main chunk
Lua error: Lua Error: @Interface/AddOns/CraftSim/Data/SpecializationData/The_War_Within/Engineering.lua: Lua error: ...m/Data/SpecializationData/The_War_Within/Engineering.lua:3: attempt to index field 'SPECIALIZATION_DATA' (a nil value)
stack traceback:
	(string):1: in main chunk
[Interface/AddOns/Blizzard_ScriptErrors/Blizzard_ScriptErrors.lua]:59: in function 'GetErrorData'
[Interface/AddOns/Blizzard_ScriptErrors/Blizzard_ScriptErrors.lua]:72: in function <[Interface/AddOns/Blizzard_ScriptErrors/Blizzard_ScriptErrors.lua]:71>

Lua error: @Interface/AddOns/CraftSim/Data/SpecializationData/Midnight/Alchemy.lua: Lua error: ...ns/CraftSim/Data/SpecializationData/Midnight/Alchemy.lua:3: attempt to index field 'SPECIALIZATION_DATA' (a nil value)
stack traceback:
	(string):1: in main chunk
Lua error: Lua Error: @Interface/AddOns/CraftSim/Data/SpecializationData/Midnight/Alchemy.lua: Lua error: ...ns/CraftSim/Data/SpecializationData/Midnight/Alchemy.lua:3: attempt to index field 'SPECIALIZATION_DATA' (a nil value)
stack traceback:
	(string):1: in main chunk
[Interface/AddOns/Blizzard_ScriptErrors/Blizzard_ScriptErrors.lua]:59: in function 'GetErrorData'
[Interface/AddOns/Blizzard_ScriptErrors/Blizzard_ScriptErrors.lua]:72: in function <[Interface/AddOns/Blizzard_ScriptErrors/Blizzard_ScriptErrors.lua]:71>

Lua error: @Interface/AddOns/CraftSim/Data/SpecializationData/Midnight/Enchanting.lua: Lua error: ...CraftSim/Data/SpecializationData/Midnight/Enchanting.lua:3: attempt to index field 'SPECIALIZATION_DATA' (a nil value)
stack traceback:
	(string):1: in main chunk
Lua error: Lua Error: @Interface/AddOns/CraftSim/Data/SpecializationData/Midnight/Enchanting.lua: Lua error: ...CraftSim/Data/SpecializationData/Midnight/Enchanting.lua:3: attempt to index field 'SPECIALIZATION_DATA' (a nil value)
stack traceback:
	(string):1: in main chunk
[Interface/AddOns/Blizzard_ScriptErrors/Blizzard_ScriptErrors.lua]:59: in function 'GetErrorData'
[Interface/AddOns/Blizzard_ScriptErrors/Blizzard_ScriptErrors.lua]:72: in function <[Interface/AddOns/Blizzard_ScriptErrors/Blizzard_ScriptErrors.lua]:71>

Lua error: @Interface/AddOns/CraftSim/Data/SpecializationData/Midnight/Jewelcrafting.lua: Lua error: ...ftSim/Data/SpecializationData/Midnight/Jewelcrafting.lua:3: attempt to index field 'SPECIALIZATION_DATA' (a nil value)
stack traceback:
	(string):1: in main chunk
Lua error: Lua Error: @Interface/AddOns/CraftSim/Data/SpecializationData/Midnight/Jewelcrafting.lua: Lua error: ...ftSim/Data/SpecializationData/Midnight/Jewelcrafting.lua:3: attempt to index field 'SPECIALIZATION_DATA' (a nil value)
stack traceback:
	(string):1: in main chunk
[Interface/AddOns/Blizzard_ScriptErrors/Blizzard_ScriptErrors.lua]:59: in function 'GetErrorData'
[Interface/AddOns/Blizzard_ScriptErrors/Blizzard_ScriptErrors.lua]:72: in function <[Interface/AddOns/Blizzard_ScriptErrors/Blizzard_ScriptErrors.lua]:71>

Lua error: @Interface/AddOns/CraftSim/Data/SpecializationData/Midnight/Tailoring.lua: Lua error: .../CraftSim/Data/SpecializationData/Midnight/Tailoring.lua:3: attempt to index field 'SPECIALIZATION_DATA' (a nil value)
stack traceback:
	(string):1: in main chunk
Lua error: Lua Error: @Interface/AddOns/CraftSim/Data/SpecializationData/Midnight/Tailoring.lua: Lua error: .../CraftSim/Data/SpecializationData/Midnight/Tailoring.lua:3: attempt to index field 'SPECIALIZATION_DATA' (a nil value)
stack traceback:
	(string):1: in main chunk
[Interface/AddOns/Blizzard_ScriptErrors/Blizzard_ScriptErrors.lua]:59: in function 'GetErrorData'
[Interface/AddOns/Blizzard_ScriptErrors/Blizzard_ScriptErrors.lua]:72: in function <[Interface/AddOns/Blizzard_ScriptErrors/Blizzard_ScriptErrors.lua]:71>

Lua error: @Interface/AddOns/CraftSim/Data/SpecializationData/Midnight/Engineering.lua: Lua error: ...raftSim/Data/SpecializationData/Midnight/Engineering.lua:3: attempt to index field 'SPECIALIZATION_DATA' (a nil value)
stack traceback:
	(string):1: in main chunk
Lua error: Lua Error: @Interface/AddOns/CraftSim/Data/SpecializationData/Midnight/Engineering.lua: Lua error: ...raftSim/Data/SpecializationData/Midnight/Engineering.lua:3: attempt to index field 'SPECIALIZATION_DATA' (a nil value)
stack traceback:
	(string):1: in main chunk
[Interface/AddOns/Blizzard_ScriptErrors/Blizzard_ScriptErrors.lua]:59: in function 'GetErrorData'
[Interface/AddOns/Blizzard_ScriptErrors/Blizzard_ScriptErrors.lua]:72: in function <[Interface/AddOns/Blizzard_ScriptErrors/Blizzard_ScriptErrors.lua]:71>

Lua error: @Interface/AddOns/CraftSim/Classes/OnCraftData.lua: Lua error: Interface/AddOns/CraftSim/Classes/OnCraftData.lua:8: attempt to index field 'CraftSimObject' (a nil value)
stack traceback:
	(string):1: in main chunk
Lua error: Lua Error: @Interface/AddOns/CraftSim/Classes/OnCraftData.lua: Lua error: Interface/AddOns/CraftSim/Classes/OnCraftData.lua:8: attempt to index field 'CraftSimObject' (a nil value)
stack traceback:
	(string):1: in main chunk
[Interface/AddOns/Blizzard_ScriptErrors/Blizzard_ScriptErrors.lua]:59: in function 'GetErrorData'
[Interface/AddOns/Blizzard_ScriptErrors/Blizzard_ScriptErrors.lua]:72: in function <[Interface/AddOns/Blizzard_ScriptErrors/Blizzard_ScriptErrors.lua]:71>

Lua error: @Interface/AddOns/CraftSim/Classes/ProfessionData.lua: Lua error: Interface/AddOns/CraftSim/Debug/Debug.lua:60: attempt to index upvalue 'LibLog' (a nil value)
stack traceback:
	(string):1: in main chunk
Lua error: Lua Error: @Interface/AddOns/CraftSim/Classes/ProfessionData.lua: Lua error: Interface/AddOns/CraftSim/Debug/Debug.lua:60: attempt to index upvalue 'LibLog' (a nil value)
stack traceback:
	(string):1: in main chunk
[Interface/AddOns/Blizzard_ScriptErrors/Blizzard_ScriptErrors.lua]:59: in function 'GetErrorData'
[Interface/AddOns/Blizzard_ScriptErrors/Blizzard_ScriptErrors.lua]:72: in function <[Interface/AddOns/Blizzard_ScriptErrors/Blizzard_ScriptErrors.lua]:71>

Lua error: @Interface/AddOns/CraftSim/Classes/RecipeData.lua: Lua error: Interface/AddOns/CraftSim/Debug/Debug.lua:60: attempt to index upvalue 'LibLog' (a nil value)
stack traceback:
	(string):1: in main chunk
Lua error: Lua Error: @Interface/AddOns/CraftSim/Classes/RecipeData.lua: Lua error: Interface/AddOns/CraftSim/Debug/Debug.lua:60: attempt to index upvalue 'LibLog' (a nil value)
stack traceback:
	(string):1: in main chunk
[Interface/AddOns/Blizzard_ScriptErrors/Blizzard_ScriptErrors.lua]:59: in function 'GetErrorData'
[Interface/AddOns/Blizzard_ScriptErrors/Blizzard_ScriptErrors.lua]:72: in function <[Interface/AddOns/Blizzard_ScriptErrors/Blizzard_ScriptErrors.lua]:71>

Lua error: @Interface/AddOns/CraftSim/Classes/ReagentItem.lua: Lua error: Interface/AddOns/CraftSim/Classes/ReagentItem.lua:7: attempt to index field 'CraftSimObject' (a nil value)
stack traceback:
	(string):1: in main chunk
Lua error: Lua Error: @Interface/AddOns/CraftSim/Classes/ReagentItem.lua: Lua error: Interface/AddOns/CraftSim/Classes/ReagentItem.lua:7: attempt to index field 'CraftSimObject' (a nil value)
stack traceback:
	(string):1: in main chunk
[Interface/AddOns/Blizzard_ScriptErrors/Blizzard_ScriptErrors.lua]:59: in function 'GetErrorData'
[Interface/AddOns/Blizzard_ScriptErrors/Blizzard_ScriptErrors.lua]:72: in function <[Interface/AddOns/Blizzard_ScriptErrors/Blizzard_ScriptErrors.lua]:71>

Lua error: @Interface/AddOns/CraftSim/Classes/ProfessionStats.lua: Lua error: Interface/AddOns/CraftSim/Classes/ProfessionStats.lua:6: attempt to index field 'CraftSimObject' (a nil value)
stack traceback:
	(string):1: in main chunk
Lua error: Lua Error: @Interface/AddOns/CraftSim/Classes/ProfessionStats.lua: Lua error: Interface/AddOns/CraftSim/Classes/ProfessionStats.lua:6: attempt to index field 'CraftSimObject' (a nil value)
stack traceback:
	(string):1: in main chunk
[Interface/AddOns/Blizzard_ScriptErrors/Blizzard_ScriptErrors.lua]:59: in function 'GetErrorData'
[Interface/AddOns/Blizzard_ScriptErrors/Blizzard_ScriptErrors.lua]:72: in function <[Interface/AddOns/Blizzard_ScriptErrors/Blizzard_ScriptErrors.lua]:71>

Lua error: @Interface/AddOns/CraftSim/Classes/ProfessionStat.lua: Lua error: Interface/AddOns/CraftSim/Classes/ProfessionStat.lua:7: attempt to index field 'CraftSimObject' (a nil value)
stack traceback:
	(string):1: in main chunk
Lua error: Lua Error: @Interface/AddOns/CraftSim/Classes/ProfessionStat.lua: Lua error: Interface/AddOns/CraftSim/Classes/ProfessionStat.lua:7: attempt to index field 'CraftSimObject' (a nil value)
stack traceback:
	(string):1: in main chunk
[Interface/AddOns/Blizzard_ScriptErrors/Blizzard_ScriptErrors.lua]:59: in function 'GetErrorData'
[Interface/AddOns/Blizzard_ScriptErrors/Blizzard_ScriptErrors.lua]:72: in function <[Interface/AddOns/Blizzard_ScriptErrors/Blizzard_ScriptErrors.lua]:71>

Lua error: @Interface/AddOns/CraftSim/Classes/ProfessionGearSet.lua: Lua error: Interface/AddOns/CraftSim/Classes/ProfessionGearSet.lua:6: attempt to index field 'CraftSimObject' (a nil value)
stack traceback:
	(string):1: in main chunk
Lua error: Lua Error: @Interface/AddOns/CraftSim/Classes/ProfessionGearSet.lua: Lua error: Interface/AddOns/CraftSim/Classes/ProfessionGearSet.lua:6: attempt to index field 'CraftSimObject' (a nil value)
stack traceback:
	(string):1: in main chunk
[Interface/AddOns/Blizzard_ScriptErrors/Blizzard_ScriptErrors.lua]:59: in function 'GetErrorData'
[Interface/AddOns/Blizzard_ScriptErrors/Blizzard_ScriptErrors.lua]:72: in function <[Interface/AddOns/Blizzard_ScriptErrors/Blizzard_ScriptErrors.lua]:71>

Lua error: @Interface/AddOns/CraftSim/Classes/ProfessionGear.lua: Lua error: Interface/AddOns/CraftSim/Classes/ProfessionGear.lua:8: attempt to index field 'CraftSimObject' (a nil value)
stack traceback:
	(string):1: in main chunk
Lua error: Lua Error: @Interface/AddOns/CraftSim/Classes/ProfessionGear.lua: Lua error: Interface/AddOns/CraftSim/Classes/ProfessionGear.lua:8: attempt to index field 'CraftSimObject' (a nil value)
stack traceback:
	(string):1: in main chunk
[Interface/AddOns/Blizzard_ScriptErrors/Blizzard_ScriptErrors.lua]:59: in function 'GetErrorData'
[Interface/AddOns/Blizzard_ScriptErrors/Blizzard_ScriptErrors.lua]:72: in function <[Interface/AddOns/Blizzard_ScriptErrors/Blizzard_ScriptErrors.lua]:71>

Lua error: @Interface/AddOns/CraftSim/Classes/ResultData.lua: Lua error: Interface/AddOns/CraftSim/Debug/Debug.lua:60: attempt to index upvalue 'LibLog' (a nil value)
stack traceback:
	(string):1: in main chunk
Lua error: Lua Error: @Interface/AddOns/CraftSim/Classes/ResultData.lua: Lua error: Interface/AddOns/CraftSim/Debug/Debug.lua:60: attempt to index upvalue 'LibLog' (a nil value)
stack traceback:
	(string):1: in main chunk
[Interface/AddOns/Blizzard_ScriptErrors/Blizzard_ScriptErrors.lua]:59: in function 'GetErrorData'
[Interface/AddOns/Blizzard_ScriptErrors/Blizzard_ScriptErrors.lua]:72: in function <[Interface/AddOns/Blizzard_ScriptErrors/Blizzard_ScriptErrors.lua]:71>

Lua error: @Interface/AddOns/CraftSim/Classes/SalvageReagentSlot.lua: Lua error: Interface/AddOns/CraftSim/Classes/SalvageReagentSlot.lua:8: attempt to index field 'CraftSimObject' (a nil value)
stack traceback:
	(string):1: in main chunk
Lua error: Lua Error: @Interface/AddOns/CraftSim/Classes/SalvageReagentSlot.lua: Lua error: Interface/AddOns/CraftSim/Classes/SalvageReagentSlot.lua:8: attempt to index field 'CraftSimObject' (a nil value)
stack traceback:
	(string):1: in main chunk
[Interface/AddOns/Blizzard_ScriptErrors/Blizzard_ScriptErrors.lua]:59: in function 'GetErrorData'
[Interface/AddOns/Blizzard_ScriptErrors/Blizzard_ScriptErrors.lua]:72: in function <[Interface/AddOns/Blizzard_ScriptErrors/Blizzard_ScriptErrors.lua]:71>

Lua error: @Interface/AddOns/CraftSim/Classes/SpecializationData.lua: Lua error: Interface/AddOns/CraftSim/Debug/Debug.lua:60: attempt to index upvalue 'LibLog' (a nil value)
stack traceback:
	(string):1: in main chunk
Lua error: Lua Error: @Interface/AddOns/CraftSim/Classes/SpecializationData.lua: Lua error: Interface/AddOns/CraftSim/Debug/Debug.lua:60: attempt to index upvalue 'LibLog' (a nil value)
stack traceback:
	(string):1: in main chunk
[Interface/AddOns/Blizzard_ScriptErrors/Blizzard_ScriptErrors.lua]:59: in function 'GetErrorData'
[Interface/AddOns/Blizzard_ScriptErrors/Blizzard_ScriptErrors.lua]:72: in function <[Interface/AddOns/Blizzard_ScriptErrors/Blizzard_ScriptErrors.lua]:71>

Lua error: @Interface/AddOns/CraftSim/Classes/NodeData.lua: Lua error: Interface/AddOns/CraftSim/Classes/NodeData.lua:6: attempt to index local 'GUTIL' (a nil value)
stack traceback:
	(string):1: in main chunk
Lua error: Lua Error: @Interface/AddOns/CraftSim/Classes/NodeData.lua: Lua error: Interface/AddOns/CraftSim/Classes/NodeData.lua:6: attempt to index local 'GUTIL' (a nil value)
stack traceback:
	(string):1: in main chunk
[Interface/AddOns/Blizzard_ScriptErrors/Blizzard_ScriptErrors.lua]:59: in function 'GetErrorData'
[Interface/AddOns/Blizzard_ScriptErrors/Blizzard_ScriptErrors.lua]:72: in function <[Interface/AddOns/Blizzard_ScriptErrors/Blizzard_ScriptErrors.lua]:71>

Lua error: @Interface/AddOns/CraftSim/Classes/PerkData.lua: Lua error: Interface/AddOns/CraftSim/Debug/Debug.lua:60: attempt to index upvalue 'LibLog' (a nil value)
stack traceback:
	(string):1: in main chunk
Lua error: Lua Error: @Interface/AddOns/CraftSim/Classes/PerkData.lua: Lua error: Interface/AddOns/CraftSim/Debug/Debug.lua:60: attempt to index upvalue 'LibLog' (a nil value)
stack traceback:
	(string):1: in main chunk
[Interface/AddOns/Blizzard_ScriptErrors/Blizzard_ScriptErrors.lua]:59: in function 'GetErrorData'
[Interface/AddOns/Blizzard_ScriptErrors/Blizzard_ScriptErrors.lua]:72: in function <[Interface/AddOns/Blizzard_ScriptErrors/Blizzard_ScriptErrors.lua]:71>

Lua error: @Interface/AddOns/CraftSim/Classes/CraftRecipeData.lua: Lua error: Interface/AddOns/CraftSim/Classes/CraftRecipeData.lua:65: attempt to index field 'CraftSimObject' (a nil value)
stack traceback:
	(string):1: in main chunk
Lua error: Lua Error: @Interface/AddOns/CraftSim/Classes/CraftRecipeData.lua: Lua error: Interface/AddOns/CraftSim/Classes/CraftRecipeData.lua:65: attempt to index field 'CraftSimObject' (a nil value)
stack traceback:
	(string):1: in main chunk
[Interface/AddOns/Blizzard_ScriptErrors/Blizzard_ScriptErrors.lua]:59: in function 'GetErrorData'
[Interface/AddOns/Blizzard_ScriptErrors/Blizzard_ScriptErrors.lua]:72: in function <[Interface/AddOns/Blizzard_ScriptErrors/Blizzard_ScriptErrors.lua]:71>

Lua error: @Interface/AddOns/CraftSim/Classes/JSONBuilder.lua: Lua error: Interface/AddOns/CraftSim/Classes/JSONBuilder.lua:7: attempt to index field 'CraftSimObject' (a nil value)
stack traceback:
	(string):1: in main chunk
Lua error: Lua Error: @Interface/AddOns/CraftSim/Classes/JSONBuilder.lua: Lua error: Interface/AddOns/CraftSim/Classes/JSONBuilder.lua:7: attempt to index field 'CraftSimObject' (a nil value)
stack traceback:
	(string):1: in main chunk
[Interface/AddOns/Blizzard_ScriptErrors/Blizzard_ScriptErrors.lua]:59: in function 'GetErrorData'
[Interface/AddOns/Blizzard_ScriptErrors/Blizzard_ScriptErrors.lua]:72: in function <[Interface/AddOns/Blizzard_ScriptErrors/Blizzard_ScriptErrors.lua]:71>

Lua error: @Interface/AddOns/CraftSim/Classes/Buff.lua: Lua error: Interface/AddOns/CraftSim/Debug/Debug.lua:60: attempt to index upvalue 'LibLog' (a nil value)
stack traceback:
	(string):1: in main chunk
Lua error: Lua Error: @Interface/AddOns/CraftSim/Classes/Buff.lua: Lua error: Interface/AddOns/CraftSim/Debug/Debug.lua:60: attempt to index upvalue 'LibLog' (a nil value)
stack traceback:
	(string):1: in main chunk
[Interface/AddOns/Blizzard_ScriptErrors/Blizzard_ScriptErrors.lua]:59: in function 'GetErrorData'
[Interface/AddOns/Blizzard_ScriptErrors/Blizzard_ScriptErrors.lua]:72: in function <[Interface/AddOns/Blizzard_ScriptErrors/Blizzard_ScriptErrors.lua]:71>

Lua error: @Interface/AddOns/CraftSim/Classes/CraftQueue.lua: Lua error: Interface/AddOns/CraftSim/Classes/CraftQueue.lua:7: attempt to index field 'CraftSimObject' (a nil value)
stack traceback:
	(string):1: in main chunk
Lua error: Lua Error: @Interface/AddOns/CraftSim/Classes/CraftQueue.lua: Lua error: Interface/AddOns/CraftSim/Classes/CraftQueue.lua:7: attempt to index field 'CraftSimObject' (a nil value)
stack traceback:
	(string):1: in main chunk
[Interface/AddOns/Blizzard_ScriptErrors/Blizzard_ScriptErrors.lua]:59: in function 'GetErrorData'
[Interface/AddOns/Blizzard_ScriptErrors/Blizzard_ScriptErrors.lua]:72: in function <[Interface/AddOns/Blizzard_ScriptErrors/Blizzard_ScriptErrors.lua]:71>

Lua error: @Interface/AddOns/CraftSim/Classes/CraftQueueItem.lua: Lua error: Interface/AddOns/CraftSim/Classes/CraftQueueItem.lua:8: attempt to index field 'CraftSimObject' (a nil value)
stack traceback:
	(string):1: in main chunk
Lua error: Lua Error: @Interface/AddOns/CraftSim/Classes/CraftQueueItem.lua: Lua error: Interface/AddOns/CraftSim/Classes/CraftQueueItem.lua:8: attempt to index field 'CraftSimObject' (a nil value)
stack traceback:
	(string):1: in main chunk
[Interface/AddOns/Blizzard_ScriptErrors/Blizzard_ScriptErrors.lua]:59: in function 'GetErrorData'
[Interface/AddOns/Blizzard_ScriptErrors/Blizzard_ScriptErrors.lua]:72: in function <[Interface/AddOns/Blizzard_ScriptErrors/Blizzard_ScriptErrors.lua]:71>

Lua error: IO error reading /syncthing/World of Warcraft/_retail_/Interface/AddOns/XIV_Databar_Continued/Libs/CallbackHandler-1.0/CallbackHandler-1.0.lua: No such file or directory (os error 2)
stack traceback:
	(string):1: in main chunk
Lua error: Lua Error: IO error reading /syncthing/World of Warcraft/_retail_/Interface/AddOns/XIV_Databar_Continued/Libs/CallbackHandler-1.0/CallbackHandler-1.0.lua: No such file or directory (os error 2)
stack traceback:
	(string):1: in main chunk
[Interface/AddOns/Blizzard_ScriptErrors/Blizzard_ScriptErrors.lua]:59: in function 'GetErrorData'
[Interface/AddOns/Blizzard_ScriptErrors/Blizzard_ScriptErrors.lua]:72: in function <[Interface/AddOns/Blizzard_ScriptErrors/Blizzard_ScriptErrors.lua]:71>

Lua error: Lua Error: IO error reading /syncthing/World of Warcraft/_retail_/Interface/AddOns/XIV_Databar_Continued/Libs/CallbackHandler-1.0/CallbackHandler-1.0.lua: No such file or directory (os error 2)
stack traceback:
	(string):1: in main chunk
[Interface/AddOns/Blizzard_ScriptErrors/Blizzard_ScriptErrors.lua]:59: in function 'GetErrorData'
[Interface/AddOns/Blizzard_ScriptErrors/Blizzard_ScriptErrors.lua]:72: in function <[Interface/AddOns/Blizzard_ScriptErrors/Blizzard_ScriptErrors.lua]:71>

Lua error: @Interface/AddOns/XIV_Databar_Continued/locales/enUS.lua: Lua error: Interface/AddOns/XIV_Databar_Continued/locales/enUS.lua:4: Cannot find a library instance of "AceLocale-3.0".
stack traceback:
	(string):1: in main chunk
Lua error: Lua Error: @Interface/AddOns/XIV_Databar_Continued/locales/enUS.lua: Lua error: Interface/AddOns/XIV_Databar_Continued/locales/enUS.lua:4: Cannot find a library instance of "AceLocale-3.0".
stack traceback:
	(string):1: in main chunk
[Interface/AddOns/Blizzard_ScriptErrors/Blizzard_ScriptErrors.lua]:59: in function 'GetErrorData'
[Interface/AddOns/Blizzard_ScriptErrors/Blizzard_ScriptErrors.lua]:72: in function <[Interface/AddOns/Blizzard_ScriptErrors/Blizzard_ScriptErrors.lua]:71>

Lua error: @Interface/AddOns/XIV_Databar_Continued/core.lua: Lua error: Interface/AddOns/XIV_Databar_Continued/core.lua:6: Cannot find a library instance of "AceAddon-3.0".
stack traceback:
	(string):1: in main chunk
Lua error: Lua Error: @Interface/AddOns/XIV_Databar_Continued/core.lua: Lua error: Interface/AddOns/XIV_Databar_Continued/core.lua:6: Cannot find a library instance of "AceAddon-3.0".
stack traceback:
	(string):1: in main chunk
[Interface/AddOns/Blizzard_ScriptErrors/Blizzard_ScriptErrors.lua]:59: in function 'GetErrorData'
[Interface/AddOns/Blizzard_ScriptErrors/Blizzard_ScriptErrors.lua]:72: in function <[Interface/AddOns/Blizzard_ScriptErrors/Blizzard_ScriptErrors.lua]:71>

Lua error: @Interface/AddOns/XIV_Databar_Continued/options.lua: Lua error: Interface/AddOns/XIV_Databar_Continued/options.lua:5: Cannot find a library instance of "AceConfig-3.0".
stack traceback:
	(string):1: in main chunk
Lua error: Lua Error: @Interface/AddOns/XIV_Databar_Continued/options.lua: Lua error: Interface/AddOns/XIV_Databar_Continued/options.lua:5: Cannot find a library instance of "AceConfig-3.0".
stack traceback:
	(string):1: in main chunk
[Interface/AddOns/Blizzard_ScriptErrors/Blizzard_ScriptErrors.lua]:59: in function 'GetErrorData'
[Interface/AddOns/Blizzard_ScriptErrors/Blizzard_ScriptErrors.lua]:72: in function <[Interface/AddOns/Blizzard_ScriptErrors/Blizzard_ScriptErrors.lua]:71>

Lua error: @Interface/AddOns/XIV_Databar_Continued/Core/utils/changelog/Old/v1/1.0.lua: Lua error: ...IV_Databar_Continued/Core/utils/changelog/Old/v1/1.0.lua:3: attempt to index field 'Changelog' (a nil value)
stack traceback:
	(string):1: in main chunk
Lua error: Lua Error: @Interface/AddOns/XIV_Databar_Continued/Core/utils/changelog/Old/v1/1.0.lua: Lua error: ...IV_Databar_Continued/Core/utils/changelog/Old/v1/1.0.lua:3: attempt to index field 'Changelog' (a nil value)
stack traceback:
	(string):1: in main chunk
[Interface/AddOns/Blizzard_ScriptErrors/Blizzard_ScriptErrors.lua]:59: in function 'GetErrorData'
[Interface/AddOns/Blizzard_ScriptErrors/Blizzard_ScriptErrors.lua]:72: in function <[Interface/AddOns/Blizzard_ScriptErrors/Blizzard_ScriptErrors.lua]:71>

Lua error: @Interface/AddOns/XIV_Databar_Continued/Core/utils/mythicteleports/expansions/classic.lua: Lua error: ...tinued/Core/utils/mythicteleports/expansions/classic.lua:6: attempt to index local 'L' (a nil value)
stack traceback:
	(string):1: in main chunk
Lua error: Lua Error: @Interface/AddOns/XIV_Databar_Continued/Core/utils/mythicteleports/expansions/classic.lua: Lua error: ...tinued/Core/utils/mythicteleports/expansions/classic.lua:6: attempt to index local 'L' (a nil value)
stack traceback:
	(string):1: in main chunk
[Interface/AddOns/Blizzard_ScriptErrors/Blizzard_ScriptErrors.lua]:59: in function 'GetErrorData'
[Interface/AddOns/Blizzard_ScriptErrors/Blizzard_ScriptErrors.lua]:72: in function <[Interface/AddOns/Blizzard_ScriptErrors/Blizzard_ScriptErrors.lua]:71>


=== Addon loading summary (before startup events) ===
Loaded: 28/47 addons
Failed during loading: 26
Load failures: 3
Loaded with Lua errors during loading: 23
Total: 204 Lua files, 11 XML files, 621 warnings
Total time: 844.11ms
  IO:         62.57ms (7.4%)
  XML parse:  14.71ms (1.7%)
  XML proc:   8.24ms (1.0%)
  XML frames: 2.26ms (0.3%, subset of XML proc)
    setup:  1.81ms  (code_build=13.03µs exec_lua=1.80ms props=5.62µs)
    finalize: 189.41µs  (layers=812.00ns anim=231.00ns button=3.81µs lifecycle=177.05µs)
    1 frames, 0 textures, 0 fontstrings, 1 lifecycle fires
  Lua exec:   758.58ms (89.9%)
    compile:  639.50ms (75.8%, subset of Lua exec)
    call:     119.08ms (14.1%, subset of Lua exec)
  SavedVars:  14.94µs (0.0%)
Bytecode cache: 0/429 hits (0%, lookup_miss=0 replay_fail=0 stored=0 store_fail=0)

Slowest addons:
  168.1ms  CraftSim (lua=154.2ms compile=120.3ms call=34.0ms sv=802.0ns xml=0.0ns)
  167.6ms  DandersFrames (lua=158.2ms compile=138.0ms call=20.2ms sv=250.0ns xml=0.0ns)
   56.4ms  BetterBlizzFrames (lua=53.3ms compile=49.8ms call=3.5ms sv=151.0ns xml=179.4µs)
   54.6ms  Leatrix_Maps (lua=50.3ms compile=49.4ms call=871.8µs sv=290.0ns xml=623.8µs)
   54.3ms  Leatrix_Plus (lua=52.3ms compile=50.8ms call=1.5ms sv=712.0ns xml=568.3µs)
   52.8ms  EnhanceQoL (lua=46.9ms compile=40.5ms call=6.4ms sv=250.0ns xml=1.9ms)
   40.2ms  ItemVersion (lua=38.7ms compile=35.4ms call=3.3ms sv=2.6µs xml=0.0ns)
   35.1ms  Plumber (lua=29.0ms compile=23.5ms call=5.6ms sv=281.0ns xml=3.6ms)
   32.9ms  BossHelper (lua=28.0ms compile=22.3ms call=5.7ms sv=230.0ns xml=0.0ns)
   24.3ms  SavedInstances (lua=22.6ms compile=19.2ms call=3.4ms sv=381.0ns xml=0.0ns)
[  4.803s] [Startup] end load third-party addons in 1.08s
[  4.803s] [Startup] begin sync addon names to Lua
[  4.803s] [Startup] end sync addon names to Lua in 501.44µs
[  4.803s] [Startup] applying post-load workarounds
[  4.803s] [Startup] apply_post_load_workarounds: begin
[  4.803s] [Workarounds] starting patch_edit_mode_manager
[  4.803s] [Workarounds] finished patch_edit_mode_manager in 532.21µs
[  4.803s] [Workarounds] starting init_edit_mode_layout
[  4.803s] [EditMode] starting setup_layout_info
[  4.809s] [EditMode] finished setup_layout_info in 5.97ms
[  4.809s] [EditMode] starting apply_system_anchors
[  4.997s] [EditMode] finished apply_system_anchors in 187.59ms
[  4.997s] [EditMode] starting finalize_action_bar_positions
[  4.999s] [EditMode] finished finalize_action_bar_positions in 2.21ms
[  4.999s] [EditMode] starting invoke_anchor_changed_hooks
[  5.003s] [EditMode] finished invoke_anchor_changed_hooks in 4.22ms
[  5.003s] [EditMode] starting fix_action_bar_nan_size
[  5.003s] [EditMode] finished fix_action_bar_nan_size in 65.26µs
[  5.003s] [EditMode] starting fix_action_bar_scale
[  5.003s] [EditMode] finished fix_action_bar_scale in 7.47µs
[  5.003s] [Workarounds] finished init_edit_mode_layout in 200.16ms
[  5.003s] [Workarounds] starting patch_ui_parent_panel_toggles
[  5.004s] [Workarounds] finished patch_ui_parent_panel_toggles in 224.36µs
[  5.004s] [Workarounds] starting patch_uiparent_onupdate_worklists
[  5.004s] [Workarounds] finished patch_uiparent_onupdate_worklists in 111.93µs
[  5.004s] [Workarounds] starting init_chat_type_colors
[  5.004s] [Workarounds] finished init_chat_type_colors in 130.50µs
[  5.004s] [Workarounds] starting patch_chat_voice_button_surface
[  5.004s] [Workarounds] finished patch_chat_voice_button_surface in 257.04µs
[  5.004s] [Workarounds] starting patch_item_socketing_tooltips
[  5.004s] [Workarounds] finished patch_item_socketing_tooltips in 63.45µs
[  5.004s] [Workarounds] starting patch_character_select_selected_name
[  5.004s] [Workarounds] finished patch_character_select_selected_name in 34.92µs
[  5.004s] [Workarounds] starting patch_character_create_defaults
[  5.005s] [Workarounds] finished patch_character_create_defaults in 229.48µs
[  5.005s] [Workarounds] starting patch_character_frame_title_refresh
[  5.012s] [Workarounds] finished patch_character_frame_title_refresh in 7.49ms
[  5.012s] [Workarounds] starting patch_vignette_pin_template
[  5.012s] [Workarounds] finished patch_vignette_pin_template in 142.84µs
[  5.012s] [Workarounds] starting patch_fog_of_war_pin_mixin
[  5.012s] [Workarounds] finished patch_fog_of_war_pin_mixin in 266.00µs
[  5.012s] [Workarounds] starting patch_map_exploration_pin_mixin
[  5.013s] [Workarounds] finished patch_map_exploration_pin_mixin in 316.69µs
[  5.013s] [Workarounds] starting patch_map_canvas_data_provider_attachment
[  5.013s] [Workarounds] finished patch_map_canvas_data_provider_attachment in 56.82µs
[  5.013s] [Workarounds] starting ensure_adventure_map_frame_surface
[  5.013s] [Workarounds] finished ensure_adventure_map_frame_surface in 143.21µs
[  5.013s] [Workarounds] starting patch_action_bar_button_event_fanout
[  5.013s] [Workarounds] finished patch_action_bar_button_event_fanout in 111.49µs
[  5.013s] [Workarounds] starting patch_paging_controls_page_text
[  5.013s] [Workarounds] finished patch_paging_controls_page_text in 34.72µs
[  5.013s] [Workarounds] starting patch_talent_edge_frame_level_sync
[  5.013s] [Workarounds] finished patch_talent_edge_frame_level_sync in 26.59µs
[  5.013s] [Workarounds] starting patch_catalog_shop_product_card_defaults
[  5.013s] [Workarounds] finished patch_catalog_shop_product_card_defaults in 57.58µs
[  5.013s] [Workarounds] starting patch_game_time_defaults
[  5.013s] [Workarounds] finished patch_game_time_defaults in 6.70µs
[  5.013s] [Workarounds] starting patch_tooltip_nineslice_surface
[  5.013s] [Workarounds] finished patch_tooltip_nineslice_surface in 44.29µs
[  5.013s] [Workarounds] starting patch_container_frame_token_tracker
[  5.013s] [Workarounds] finished patch_container_frame_token_tracker in 37.88µs
[  5.013s] [Workarounds] starting patch_achievement_display_set_achievements
[  5.013s] [Workarounds] finished patch_achievement_display_set_achievements in 8.70µs
[  5.013s] [Workarounds] starting patch_housing_dashboard_preload
[  5.014s] [Workarounds] finished patch_housing_dashboard_preload in 156.75µs
[  5.014s] [Workarounds] starting patch_lfg_lock_list
[  5.014s] [Workarounds] finished patch_lfg_lock_list in 7.24µs
[  5.014s] [Workarounds] starting patch_auction_house_browse_results_event
[  5.014s] [Workarounds] finished patch_auction_house_browse_results_event in 65.16µs
[  5.014s] [Workarounds] starting patch_auction_house_search_context_aliases
[  5.014s] [Workarounds] finished patch_auction_house_search_context_aliases in 31.98µs
[  5.014s] [Workarounds] starting patch_auth_challenge_frame_parent
[  5.014s] [Workarounds] finished patch_auth_challenge_frame_parent in 43.55µs
[  5.014s] [Workarounds] starting patch_settings_surface_defaults
[  5.014s] [Workarounds] finished patch_settings_surface_defaults in 316.89µs
[  5.014s] [Workarounds] starting patch_settings_canvas_layout_visibility
[  5.014s] [Workarounds] finished patch_settings_canvas_layout_visibility in 109.61µs
[  5.014s] [Startup] apply_post_load_workarounds: workarounds complete
[  5.104s] [Startup] apply_post_load_workarounds: globals restored
[  5.104s] [Startup] apply_post_load_workarounds: patch 12.1 compatibility restored
[  5.104s] [Startup] apply_post_load_workarounds: seterrorhandler restored
[  5.105s] [Startup] post-load workarounds complete in 301.52ms
[  5.105s] [Startup] restarting GC after bootstrap
[  5.351s] [Startup] GC restart complete in 246.83ms
=== Final observed Lua error summary ===
Status: FAILED
Lua errors: 495 unique, 509 occurrence(s)
Attributed owners: 27
  AdvancedInterfaceOptions: 6 occurrence(s)
  AstralKeys: 18 occurrence(s)
  BetterBlizzFrames: 12 occurrence(s)
  BlizzMove: 10 occurrence(s)
  BossHelper: 20 occurrence(s)
  BugSack: 2 occurrence(s)
  Chattynator: 28 occurrence(s)
  Clicked: 22 occurrence(s)
  Collectionator: 1 occurrence(s)
  CraftSim: 158 occurrence(s)
  CursorRing: 16 occurrence(s)
  DandersFrames: 12 occurrence(s)
  DeModal: 2 occurrence(s)
  Dejunk: 2 occurrence(s)
  DialogueUI: 22 occurrence(s)
  EXBOSS-LocaleBase: 1 occurrence(s)
  EllesmereUICooldownManager: 1 occurrence(s)
  EnhanceQoL: 32 occurrence(s)
  Falcon: 10 occurrence(s)
  InTime: 4 occurrence(s)
  ItemVersion: 12 occurrence(s)
  Leatrix_Plus: 4 occurrence(s)
  Plumber: 50 occurrence(s)
  SavedInstances: 24 occurrence(s)
  Simulationcraft: 6 occurrence(s)
  Syndicator: 16 occurrence(s)
  XIV_Databar_Continued: 14 occurrence(s)
Unattributed Lua errors: 4 occurrence(s)
[
  {
    "message": "@Interface/AddOns/AdvancedInterfaceOptions/cvars.lua: Lua error: Interface/AddOns/AdvancedInterfaceOptions/cvars.lua:1165: attempt to call local '(for state)' (a nil value)\nstack traceback:\n\t(string):1: in main chunk",
    "count": 1
  },
  {
    "message": "Lua Error: @Interface/AddOns/AdvancedInterfaceOptions/cvars.lua: Lua error: Interface/AddOns/AdvancedInterfaceOptions/cvars.lua:1165: attempt to call local '(for state)' (a nil value)\nstack traceback:\n\t(string):1: in main chunk\n[Interface/AddOns/Blizzard_ScriptErrors/Blizzard_ScriptErrors.lua]:59: in function 'GetErrorData'\n[Interface/AddOns/Blizzard_ScriptErrors/Blizzard_ScriptErrors.lua]:72: in function <[Interface/AddOns/Blizzard_ScriptErrors/Blizzard_ScriptErrors.lua]:71>",
    "count": 1
  },
  {
    "message": "@Interface/AddOns/AdvancedInterfaceOptions/browser.lua: Lua error: Interface/AddOns/AdvancedInterfaceOptions/browser.lua:2: attempt to call method 'Eve' (a nil value)\nstack traceback:\n\t(string):1: in main chunk",
    "count": 1
  },
  {
    "message": "Lua Error: @Interface/AddOns/AdvancedInterfaceOptions/browser.lua: Lua error: Interface/AddOns/AdvancedInterfaceOptions/browser.lua:2: attempt to call method 'Eve' (a nil value)\nstack traceback:\n\t(string):1: in main chunk\n[Interface/AddOns/Blizzard_ScriptErrors/Blizzard_ScriptErrors.lua]:59: in function 'GetErrorData'\n[Interface/AddOns/Blizzard_ScriptErrors/Blizzard_ScriptErrors.lua]:72: in function <[Interface/AddOns/Blizzard_ScriptErrors/Blizzard_ScriptErrors.lua]:71>",
    "count": 1
  },
  {
    "message": "@Interface/AddOns/AdvancedInterfaceOptions/basicOptions.lua: Lua error: Interface/AddOns/AdvancedInterfaceOptions/basicOptions.lua:2: attempt to call method 'Eve' (a nil value)\nstack traceback:\n\t(string):1: in main chunk",
    "count": 1
  },
  {
    "message": "Lua Error: @Interface/AddOns/AdvancedInterfaceOptions/basicOptions.lua: Lua error: Interface/AddOns/AdvancedInterfaceOptions/basicOptions.lua:2: attempt to call method 'Eve' (a nil value)\nstack traceback:\n\t(string):1: in main chunk\n[Interface/AddOns/Blizzard_ScriptErrors/Blizzard_ScriptErrors.lua]:59: in function 'GetErrorData'\n[Interface/AddOns/Blizzard_ScriptErrors/Blizzard_ScriptErrors.lua]:72: in function <[Interface/AddOns/Blizzard_ScriptErrors/Blizzard_ScriptErrors.lua]:71>",
    "count": 1
  },
  {
    "message": "IO error reading /syncthing/World of Warcraft/_retail_/Interface/AddOns/AstralKeys/Libs/LibStub/LibStub.lua: No such file or directory (os error 2)\nstack traceback:\n\t(string):1: in main chunk",
    "count": 1
  },
  {
    "message": "Lua Error: IO error reading /syncthing/World of Warcraft/_retail_/Interface/AddOns/AstralKeys/Libs/LibStub/LibStub.lua: No such file or directory (os error 2)\nstack traceback:\n\t(string):1: in main chunk\n[Interface/AddOns/Blizzard_ScriptErrors/Blizzard_ScriptErrors.lua]:59: in function 'GetErrorData'\n[Interface/AddOns/Blizzard_ScriptErrors/Blizzard_ScriptErrors.lua]:72: in function <[Interface/AddOns/Blizzard_ScriptErrors/Blizzard_ScriptErrors.lua]:71>",
    "count": 1
  },
  {
    "message": "@Interface/AddOns/AstralKeys/Dialog.lua: Lua error: Interface/AddOns/AstralKeys/Localization/Localization.lua:17: stack overflow\nstack traceback:\n\t(string):1: in main chunk",
    "count": 1
  },
  {
    "message": "Lua Error: @Interface/AddOns/AstralKeys/Dialog.lua: Lua error: Interface/AddOns/AstralKeys/Localization/Localization.lua:17: stack overflow\nstack traceback:\n\t(string):1: in main chunk\n[Interface/AddOns/Blizzard_ScriptErrors/Blizzard_ScriptErrors.lua]:59: in function 'GetErrorData'\n[Interface/AddOns/Blizzard_ScriptErrors/Blizzard_ScriptErrors.lua]:72: in function <[Interface/AddOns/Blizzard_ScriptErrors/Blizzard_ScriptErrors.lua]:71>",
    "count": 1
  },
  {
    "message": "@Interface/AddOns/AstralKeys/Communications.lua: Lua error: Interface/AddOns/AstralKeys/Communications.lua:252: attempt to index global 'AstralEvents' (a nil value)\nstack traceback:\n\t(string):1: in main chunk",
    "count": 1
  },
  {
    "message": "Lua Error: @Interface/AddOns/AstralKeys/Communications.lua: Lua error: Interface/AddOns/AstralKeys/Communications.lua:252: attempt to index global 'AstralEvents' (a nil value)\nstack traceback:\n\t(string):1: in main chunk\n[Interface/AddOns/Blizzard_ScriptErrors/Blizzard_ScriptErrors.lua]:59: in function 'GetErrorData'\n[Interface/AddOns/Blizzard_ScriptErrors/Blizzard_ScriptErrors.lua]:72: in function <[Interface/AddOns/Blizzard_ScriptErrors/Blizzard_ScriptErrors.lua]:71>",
    "count": 1
  },
  {
    "message": "@Interface/AddOns/AstralKeys/Lists/Friends.lua: Lua error: Interface/AddOns/AstralKeys/Lists/Friends.lua:75: attempt to index global 'AstralEvents' (a nil value)\nstack traceback:\n\t(string):1: in main chunk",
    "count": 1
  },
  {
    "message": "Lua Error: @Interface/AddOns/AstralKeys/Lists/Friends.lua: Lua error: Interface/AddOns/AstralKeys/Lists/Friends.lua:75: attempt to index global 'AstralEvents' (a nil value)\nstack traceback:\n\t(string):1: in main chunk\n[Interface/AddOns/Blizzard_ScriptErrors/Blizzard_ScriptErrors.lua]:59: in function 'GetErrorData'\n[Interface/AddOns/Blizzard_ScriptErrors/Blizzard_ScriptErrors.lua]:72: in function <[Interface/AddOns/Blizzard_ScriptErrors/Blizzard_ScriptErrors.lua]:71>",
    "count": 1
  },
  {
    "message": "@Interface/AddOns/AstralKeys/Lists/Guild.lua: Lua error: Interface/AddOns/AstralKeys/Lists/Guild.lua:19: attempt to index global 'AstralEvents' (a nil value)\nstack traceback:\n\t(string):1: in main chunk",
    "count": 1
  },
  {
    "message": "Lua Error: @Interface/AddOns/AstralKeys/Lists/Guild.lua: Lua error: Interface/AddOns/AstralKeys/Lists/Guild.lua:19: attempt to index global 'AstralEvents' (a nil value)\nstack traceback:\n\t(string):1: in main chunk\n[Interface/AddOns/Blizzard_ScriptErrors/Blizzard_ScriptErrors.lua]:59: in function 'GetErrorData'\n[Interface/AddOns/Blizzard_ScriptErrors/Blizzard_ScriptErrors.lua]:72: in function <[Interface/AddOns/Blizzard_ScriptErrors/Blizzard_ScriptErrors.lua]:71>",
    "count": 1
  },
  {
    "message": "@Interface/AddOns/AstralKeys/Dungeons.lua: Lua error: Interface/AddOns/AstralKeys/Localization/Localization.lua:17: stack overflow\nstack traceback:\n\t(string):1: in main chunk",
    "count": 1
  },
  {
    "message": "Lua Error: @Interface/AddOns/AstralKeys/Dungeons.lua: Lua error: Interface/AddOns/AstralKeys/Localization/Localization.lua:17: stack overflow\nstack traceback:\n\t(string):1: in main chunk\n[Interface/AddOns/Blizzard_ScriptErrors/Blizzard_ScriptErrors.lua]:59: in function 'GetErrorData'\n[Interface/AddOns/Blizzard_ScriptErrors/Blizzard_ScriptErrors.lua]:72: in function <[Interface/AddOns/Blizzard_ScriptErrors/Blizzard_ScriptErrors.lua]:71>",
    "count": 1
  },
  {
    "message": "@Interface/AddOns/AstralKeys/AstralKeys.lua: Lua error: Interface/AddOns/AstralKeys/AstralKeys.lua:93: attempt to index global 'AstralEvents' (a nil value)\nstack traceback:\n\t(string):1: in main chunk",
    "count": 1
  },
  {
    "message": "Lua Error: @Interface/AddOns/AstralKeys/AstralKeys.lua: Lua error: Interface/AddOns/AstralKeys/AstralKeys.lua:93: attempt to index global 'AstralEvents' (a nil value)\nstack traceback:\n\t(string):1: in main chunk\n[Interface/AddOns/Blizzard_ScriptErrors/Blizzard_ScriptErrors.lua]:59: in function 'GetErrorData'\n[Interface/AddOns/Blizzard_ScriptErrors/Blizzard_ScriptErrors.lua]:72: in function <[Interface/AddOns/Blizzard_ScriptErrors/Blizzard_ScriptErrors.lua]:71>",
    "count": 1
  },
  {
    "message": "IO error reading /syncthing/World of Warcraft/_retail_/Interface/AddOns/AstralKeys/Frame.lua: No such file or directory (os error 2)\nstack traceback:\n\t(string):1: in main chunk",
    "count": 1
  },
  {
    "message": "Lua Error: IO error reading /syncthing/World of Warcraft/_retail_/Interface/AddOns/AstralKeys/Frame.lua: No such file or directory (os error 2)\nstack traceback:\n\t(string):1: in main chunk\n[Interface/AddOns/Blizzard_ScriptErrors/Blizzard_ScriptErrors.lua]:59: in function 'GetErrorData'\n[Interface/AddOns/Blizzard_ScriptErrors/Blizzard_ScriptErrors.lua]:72: in function <[Interface/AddOns/Blizzard_ScriptErrors/Blizzard_ScriptErrors.lua]:71>",
    "count": 1
  },
  {
    "message": "@Interface/AddOns/AstralKeys/MinimapButton.lua: Lua error: Interface/AddOns/AstralKeys/MinimapButton.lua:4: attempt to call a nil value\nstack traceback:\n\t(string):1: in main chunk",
    "count": 1
  },
  {
    "message": "Lua Error: @Interface/AddOns/AstralKeys/MinimapButton.lua: Lua error: Interface/AddOns/AstralKeys/MinimapButton.lua:4: attempt to call a nil value\nstack traceback:\n\t(string):1: in main chunk\n[Interface/AddOns/Blizzard_ScriptErrors/Blizzard_ScriptErrors.lua]:59: in function 'GetErrorData'\n[Interface/AddOns/Blizzard_ScriptErrors/Blizzard_ScriptErrors.lua]:72: in function <[Interface/AddOns/Blizzard_ScriptErrors/Blizzard_ScriptErrors.lua]:71>",
    "count": 1
  },
  {
    "message": "IO error reading /syncthing/World of Warcraft/_retail_/Interface/AddOns/BetterBlizzFrames/libs/LibStub/LibStub.lua: No such file or directory (os error 2)\nstack traceback:\n\t(string):1: in main chunk",
    "count": 1
  },
  {
    "message": "Lua Error: IO error reading /syncthing/World of Warcraft/_retail_/Interface/AddOns/BetterBlizzFrames/libs/LibStub/LibStub.lua: No such file or directory (os error 2)\nstack traceback:\n\t(string):1: in main chunk\n[Interface/AddOns/Blizzard_ScriptErrors/Blizzard_ScriptErrors.lua]:59: in function 'GetErrorData'\n[Interface/AddOns/Blizzard_ScriptErrors/Blizzard_ScriptErrors.lua]:72: in function <[Interface/AddOns/Blizzard_ScriptErrors/Blizzard_ScriptErrors.lua]:71>",
    "count": 1
  },
  {
    "message": "@Interface/AddOns/BetterBlizzFrames/shared/functions.lua: Lua error: Interface/AddOns/BetterBlizzFrames/shared/functions.lua:329: attempt to call a nil value\nstack traceback:\n\t(string):1: in main chunk",
    "count": 1
  },
  {
    "message": "Lua Error: @Interface/AddOns/BetterBlizzFrames/shared/functions.lua: Lua error: Interface/AddOns/BetterBlizzFrames/shared/functions.lua:329: attempt to call a nil value\nstack traceback:\n\t(string):1: in main chunk\n[Interface/AddOns/Blizzard_ScriptErrors/Blizzard_ScriptErrors.lua]:59: in function 'GetErrorData'\n[Interface/AddOns/Blizzard_ScriptErrors/Blizzard_ScriptErrors.lua]:72: in function <[Interface/AddOns/Blizzard_ScriptErrors/Blizzard_ScriptErrors.lua]:71>",
    "count": 1
  },
  {
    "message": "@Interface/AddOns/BetterBlizzFrames/shared/ImportExport.lua: Lua error: Interface/AddOns/BetterBlizzFrames/shared/ImportExport.lua:2: attempt to call a nil value\nstack traceback:\n\t(string):1: in main chunk",
    "count": 1
  },
  {
    "message": "Lua Error: @Interface/AddOns/BetterBlizzFrames/shared/ImportExport.lua: Lua error: Interface/AddOns/BetterBlizzFrames/shared/ImportExport.lua:2: attempt to call a nil value\nstack traceback:\n\t(string):1: in main chunk\n[Interface/AddOns/Blizzard_ScriptErrors/Blizzard_ScriptErrors.lua]:59: in function 'GetErrorData'\n[Interface/AddOns/Blizzard_ScriptErrors/Blizzard_ScriptErrors.lua]:72: in function <[Interface/AddOns/Blizzard_ScriptErrors/Blizzard_ScriptErrors.lua]:71>",
    "count": 1
  },
  {
    "message": "@Interface/AddOns/BetterBlizzFrames/retail/modules/interruptIcon.lua: Lua error: ...ddOns/BetterBlizzFrames/retail/modules/interruptIcon.lua:333: attempt to call a nil value\nstack traceback:\n\t(string):1: in main chunk",
    "count": 1
  },
  {
    "message": "Lua Error: @Interface/AddOns/BetterBlizzFrames/retail/modules/interruptIcon.lua: Lua error: ...ddOns/BetterBlizzFrames/retail/modules/interruptIcon.lua:333: attempt to call a nil value\nstack traceback:\n\t(string):1: in main chunk\n[Interface/AddOns/Blizzard_ScriptErrors/Blizzard_ScriptErrors.lua]:59: in function 'GetErrorData'\n[Interface/AddOns/Blizzard_ScriptErrors/Blizzard_ScriptErrors.lua]:72: in function <[Interface/AddOns/Blizzard_ScriptErrors/Blizzard_ScriptErrors.lua]:71>",
    "count": 1
  },
  {
    "message": "@Interface/AddOns/BetterBlizzFrames/retail/modules/prd.lua: Lua error: Interface/AddOns/BetterBlizzFrames/retail/modules/prd.lua:1: attempt to call a nil value\nstack traceback:\n\t(string):1: in main chunk",
    "count": 1
  },
  {
    "message": "Lua Error: @Interface/AddOns/BetterBlizzFrames/retail/modules/prd.lua: Lua error: Interface/AddOns/BetterBlizzFrames/retail/modules/prd.lua:1: attempt to call a nil value\nstack traceback:\n\t(string):1: in main chunk\n[Interface/AddOns/Blizzard_ScriptErrors/Blizzard_ScriptErrors.lua]:59: in function 'GetErrorData'\n[Interface/AddOns/Blizzard_ScriptErrors/Blizzard_ScriptErrors.lua]:72: in function <[Interface/AddOns/Blizzard_ScriptErrors/Blizzard_ScriptErrors.lua]:71>",
    "count": 1
  },
  {
    "message": "@Interface/AddOns/BetterBlizzFrames/retail/gui.lua: Lua error: Interface/AddOns/BetterBlizzFrames/retail/gui.lua:2: attempt to index global 'LibStub' (a nil value)\nstack traceback:\n\t(string):1: in main chunk",
    "count": 1
  },
  {
    "message": "Lua Error: @Interface/AddOns/BetterBlizzFrames/retail/gui.lua: Lua error: Interface/AddOns/BetterBlizzFrames/retail/gui.lua:2: attempt to index global 'LibStub' (a nil value)\nstack traceback:\n\t(string):1: in main chunk\n[Interface/AddOns/Blizzard_ScriptErrors/Blizzard_ScriptErrors.lua]:59: in function 'GetErrorData'\n[Interface/AddOns/Blizzard_ScriptErrors/Blizzard_ScriptErrors.lua]:72: in function <[Interface/AddOns/Blizzard_ScriptErrors/Blizzard_ScriptErrors.lua]:71>",
    "count": 1
  },
  {
    "message": "IO error loading /syncthing/World of Warcraft/_retail_/Interface/AddOns/BlizzMove/Libs/CallbackHandler-1.0/CallbackHandler-1.0.xml: No such file or directory (os error 2)\nstack traceback:\n\t(string):1: in main chunk",
    "count": 1
  },
  {
    "message": "Lua Error: IO error loading /syncthing/World of Warcraft/_retail_/Interface/AddOns/BlizzMove/Libs/CallbackHandler-1.0/CallbackHandler-1.0.xml: No such file or directory (os error 2)\nstack traceback:\n\t(string):1: in main chunk\n[Interface/AddOns/Blizzard_ScriptErrors/Blizzard_ScriptErrors.lua]:59: in function 'GetErrorData'\n[Interface/AddOns/Blizzard_ScriptErrors/Blizzard_ScriptErrors.lua]:72: in function <[Interface/AddOns/Blizzard_ScriptErrors/Blizzard_ScriptErrors.lua]:71>",
    "count": 1
  },
  {
    "message": "XML error: IO error loading /syncthing/World of Warcraft/_retail_/Interface/AddOns/BlizzMove/Libs/CallbackHandler-1.0/CallbackHandler-1.0.xml: No such file or directory (os error 2)\nstack traceback:\n\t(string):1: in main chunk",
    "count": 1
  },
  {
    "message": "Lua Error: XML error: IO error loading /syncthing/World of Warcraft/_retail_/Interface/AddOns/BlizzMove/Libs/CallbackHandler-1.0/CallbackHandler-1.0.xml: No such file or directory (os error 2)\nstack traceback:\n\t(string):1: in main chunk\n[Interface/AddOns/Blizzard_ScriptErrors/Blizzard_ScriptErrors.lua]:59: in function 'GetErrorData'\n[Interface/AddOns/Blizzard_ScriptErrors/Blizzard_ScriptErrors.lua]:72: in function <[Interface/AddOns/Blizzard_ScriptErrors/Blizzard_ScriptErrors.lua]:71>",
    "count": 1
  },
  {
    "message": "IO error reading /syncthing/World of Warcraft/_retail_/Interface/AddOns/BlizzMove/Locale/enUS.lua: No such file or directory (os error 2)\nstack traceback:\n\t(string):1: in main chunk",
    "count": 1
  },
  {
    "message": "Lua Error: IO error reading /syncthing/World of Warcraft/_retail_/Interface/AddOns/BlizzMove/Locale/enUS.lua: No such file or directory (os error 2)\nstack traceback:\n\t(string):1: in main chunk\n[Interface/AddOns/Blizzard_ScriptErrors/Blizzard_ScriptErrors.lua]:59: in function 'GetErrorData'\n[Interface/AddOns/Blizzard_ScriptErrors/Blizzard_ScriptErrors.lua]:72: in function <[Interface/AddOns/Blizzard_ScriptErrors/Blizzard_ScriptErrors.lua]:71>",
    "count": 1
  },
  {
    "message": "@Interface/AddOns/BlizzMove/BlizzMove.lua: Lua error: Interface/AddOns/BlizzMove/BlizzMove.lua:34: Cannot find a library instance of \"AceAddon-3.0\".\nstack traceback:\n\t(string):1: in main chunk",
    "count": 1
  },
  {
    "message": "Lua Error: @Interface/AddOns/BlizzMove/BlizzMove.lua: Lua error: Interface/AddOns/BlizzMove/BlizzMove.lua:34: Cannot find a library instance of \"AceAddon-3.0\".\nstack traceback:\n\t(string):1: in main chunk\n[Interface/AddOns/Blizzard_ScriptErrors/Blizzard_ScriptErrors.lua]:59: in function 'GetErrorData'\n[Interface/AddOns/Blizzard_ScriptErrors/Blizzard_ScriptErrors.lua]:72: in function <[Interface/AddOns/Blizzard_ScriptErrors/Blizzard_ScriptErrors.lua]:71>",
    "count": 1
  },
  {
    "message": "@Interface/AddOns/BlizzMove/BlizzMoveConfig.lua: Lua error: Interface/AddOns/BlizzMove/BlizzMoveConfig.lua:13: Cannot find a library instance of \"AceAddon-3.0\".\nstack traceback:\n\t(string):1: in main chunk",
    "count": 1
  },
  {
    "message": "Lua Error: @Interface/AddOns/BlizzMove/BlizzMoveConfig.lua: Lua error: Interface/AddOns/BlizzMove/BlizzMoveConfig.lua:13: Cannot find a library instance of \"AceAddon-3.0\".\nstack traceback:\n\t(string):1: in main chunk\n[Interface/AddOns/Blizzard_ScriptErrors/Blizzard_ScriptErrors.lua]:59: in function 'GetErrorData'\n[Interface/AddOns/Blizzard_ScriptErrors/Blizzard_ScriptErrors.lua]:72: in function <[Interface/AddOns/Blizzard_ScriptErrors/Blizzard_ScriptErrors.lua]:71>",
    "count": 1
  },
  {
    "message": "@Interface/AddOns/BossHelper/Core/BossData.lua: Lua error: Interface/AddOns/BossHelper/Core/BossData.lua:37: attempt to index global 'BossHelper' (a nil value)\nstack traceback:\n\t(string):1: in main chunk",
    "count": 1
  },
  {
    "message": "Lua Error: @Interface/AddOns/BossHelper/Core/BossData.lua: Lua error: Interface/AddOns/BossHelper/Core/BossData.lua:37: attempt to index global 'BossHelper' (a nil value)\nstack traceback:\n\t(string):1: in main chunk\n[Interface/AddOns/Blizzard_ScriptErrors/Blizzard_ScriptErrors.lua]:59: in function 'GetErrorData'\n[Interface/AddOns/Blizzard_ScriptErrors/Blizzard_ScriptErrors.lua]:72: in function <[Interface/AddOns/Blizzard_ScriptErrors/Blizzard_ScriptErrors.lua]:71>",
    "count": 1
  },
  {
    "message": "@Interface/AddOns/BossHelper/Core/AffixData.lua: Lua error: Interface/AddOns/BossHelper/Core/AffixData.lua:8: attempt to index global 'BossHelper' (a nil value)\nstack traceback:\n\t(string):1: in main chunk",
    "count": 1
  },
  {
    "message": "Lua Error: @Interface/AddOns/BossHelper/Core/AffixData.lua: Lua error: Interface/AddOns/BossHelper/Core/AffixData.lua:8: attempt to index global 'BossHelper' (a nil value)\nstack traceback:\n\t(string):1: in main chunk\n[Interface/AddOns/Blizzard_ScriptErrors/Blizzard_ScriptErrors.lua]:59: in function 'GetErrorData'\n[Interface/AddOns/Blizzard_ScriptErrors/Blizzard_ScriptErrors.lua]:72: in function <[Interface/AddOns/Blizzard_ScriptErrors/Blizzard_ScriptErrors.lua]:71>",
    "count": 1
  },
  {
    "message": "@Interface/AddOns/BossHelper/Core/Functions.lua: Lua error: Interface/AddOns/BossHelper/Core/Functions.lua:10: attempt to index global 'BossHelper' (a nil value)\nstack traceback:\n\t(string):1: in main chunk",
    "count": 1
  },
  {
    "message": "Lua Error: @Interface/AddOns/BossHelper/Core/Functions.lua: Lua error: Interface/AddOns/BossHelper/Core/Functions.lua:10: attempt to index global 'BossHelper' (a nil value)\nstack traceback:\n\t(string):1: in main chunk\n[Interface/AddOns/Blizzard_ScriptErrors/Blizzard_ScriptErrors.lua]:59: in function 'GetErrorData'\n[Interface/AddOns/Blizzard_ScriptErrors/Blizzard_ScriptErrors.lua]:72: in function <[Interface/AddOns/Blizzard_ScriptErrors/Blizzard_ScriptErrors.lua]:71>",
    "count": 1
  },
  {
    "message": "@Interface/AddOns/BossHelper/Core/EditModeLogic.lua: Lua error: Interface/AddOns/BossHelper/Core/EditModeLogic.lua:3: attempt to index global 'BossHelper' (a nil value)\nstack traceback:\n\t(string):1: in main chunk",
    "count": 1
  },
  {
    "message": "Lua Error: @Interface/AddOns/BossHelper/Core/EditModeLogic.lua: Lua error: Interface/AddOns/BossHelper/Core/EditModeLogic.lua:3: attempt to index global 'BossHelper' (a nil value)\nstack traceback:\n\t(string):1: in main chunk\n[Interface/AddOns/Blizzard_ScriptErrors/Blizzard_ScriptErrors.lua]:59: in function 'GetErrorData'\n[Interface/AddOns/Blizzard_ScriptErrors/Blizzard_ScriptErrors.lua]:72: in function <[Interface/AddOns/Blizzard_ScriptErrors/Blizzard_ScriptErrors.lua]:71>",
    "count": 1
  },
  {
    "message": "@Interface/AddOns/BossHelper/UI/StartPage.lua: Lua error: Interface/AddOns/BossHelper/UI/StartPage.lua:12: attempt to index field 'UI' (a nil value)\nstack traceback:\n\t(string):1: in main chunk",
    "count": 1
  },
  {
    "message": "Lua Error: @Interface/AddOns/BossHelper/UI/StartPage.lua: Lua error: Interface/AddOns/BossHelper/UI/StartPage.lua:12: attempt to index field 'UI' (a nil value)\nstack traceback:\n\t(string):1: in main chunk\n[Interface/AddOns/Blizzard_ScriptErrors/Blizzard_ScriptErrors.lua]:59: in function 'GetErrorData'\n[Interface/AddOns/Blizzard_ScriptErrors/Blizzard_ScriptErrors.lua]:72: in function <[Interface/AddOns/Blizzard_ScriptErrors/Blizzard_ScriptErrors.lua]:71>",
    "count": 1
  },
  {
    "message": "@Interface/AddOns/BossHelper/UI/Settings.lua: Lua error: Interface/AddOns/BossHelper/UI/Settings.lua:40: attempt to index field 'UI' (a nil value)\nstack traceback:\n\t(string):1: in main chunk",
    "count": 1
  },
  {
    "message": "Lua Error: @Interface/AddOns/BossHelper/UI/Settings.lua: Lua error: Interface/AddOns/BossHelper/UI/Settings.lua:40: attempt to index field 'UI' (a nil value)\nstack traceback:\n\t(string):1: in main chunk\n[Interface/AddOns/Blizzard_ScriptErrors/Blizzard_ScriptErrors.lua]:59: in function 'GetErrorData'\n[Interface/AddOns/Blizzard_ScriptErrors/Blizzard_ScriptErrors.lua]:72: in function <[Interface/AddOns/Blizzard_ScriptErrors/Blizzard_ScriptErrors.lua]:71>",
    "count": 1
  },
  {
    "message": "@Interface/AddOns/BossHelper/UI/EditTactics.lua: Lua error: Interface/AddOns/BossHelper/UI/EditTactics.lua:28: attempt to index field 'UI' (a nil value)\nstack traceback:\n\t(string):1: in main chunk",
    "count": 1
  },
  {
    "message": "Lua Error: @Interface/AddOns/BossHelper/UI/EditTactics.lua: Lua error: Interface/AddOns/BossHelper/UI/EditTactics.lua:28: attempt to index field 'UI' (a nil value)\nstack traceback:\n\t(string):1: in main chunk\n[Interface/AddOns/Blizzard_ScriptErrors/Blizzard_ScriptErrors.lua]:59: in function 'GetErrorData'\n[Interface/AddOns/Blizzard_ScriptErrors/Blizzard_ScriptErrors.lua]:72: in function <[Interface/AddOns/Blizzard_ScriptErrors/Blizzard_ScriptErrors.lua]:71>",
    "count": 1
  },
  {
    "message": "@Interface/AddOns/BossHelper/UI/Affixes.lua: Lua error: Interface/AddOns/BossHelper/UI/Affixes.lua:10: attempt to index field 'AffixData' (a nil value)\nstack traceback:\n\t(string):1: in main chunk",
    "count": 1
  },
  {
    "message": "Lua Error: @Interface/AddOns/BossHelper/UI/Affixes.lua: Lua error: Interface/AddOns/BossHelper/UI/Affixes.lua:10: attempt to index field 'AffixData' (a nil value)\nstack traceback:\n\t(string):1: in main chunk\n[Interface/AddOns/Blizzard_ScriptErrors/Blizzard_ScriptErrors.lua]:59: in function 'GetErrorData'\n[Interface/AddOns/Blizzard_ScriptErrors/Blizzard_ScriptErrors.lua]:72: in function <[Interface/AddOns/Blizzard_ScriptErrors/Blizzard_ScriptErrors.lua]:71>",
    "count": 1
  },
  {
    "message": "@Interface/AddOns/BossHelper/UI/QuickStart.lua: Lua error: Interface/AddOns/BossHelper/UI/QuickStart.lua:11: attempt to index field 'UI' (a nil value)\nstack traceback:\n\t(string):1: in main chunk",
    "count": 1
  },
  {
    "message": "Lua Error: @Interface/AddOns/BossHelper/UI/QuickStart.lua: Lua error: Interface/AddOns/BossHelper/UI/QuickStart.lua:11: attempt to index field 'UI' (a nil value)\nstack traceback:\n\t(string):1: in main chunk\n[Interface/AddOns/Blizzard_ScriptErrors/Blizzard_ScriptErrors.lua]:59: in function 'GetErrorData'\n[Interface/AddOns/Blizzard_ScriptErrors/Blizzard_ScriptErrors.lua]:72: in function <[Interface/AddOns/Blizzard_ScriptErrors/Blizzard_ScriptErrors.lua]:71>",
    "count": 1
  },
  {
    "message": "@Interface/AddOns/BossHelper/Modules/MiniWindow.lua: Lua error: Interface/AddOns/BossHelper/Modules/MiniWindow.lua:97: attempt to index field 'UI' (a nil value)\nstack traceback:\n\t(string):1: in main chunk",
    "count": 1
  },
  {
    "message": "Lua Error: @Interface/AddOns/BossHelper/Modules/MiniWindow.lua: Lua error: Interface/AddOns/BossHelper/Modules/MiniWindow.lua:97: attempt to index field 'UI' (a nil value)\nstack traceback:\n\t(string):1: in main chunk\n[Interface/AddOns/Blizzard_ScriptErrors/Blizzard_ScriptErrors.lua]:59: in function 'GetErrorData'\n[Interface/AddOns/Blizzard_ScriptErrors/Blizzard_ScriptErrors.lua]:72: in function <[Interface/AddOns/Blizzard_ScriptErrors/Blizzard_ScriptErrors.lua]:71>",
    "count": 1
  },
  {
    "message": "IO error reading /syncthing/World of Warcraft/_retail_/Interface/AddOns/BugSack/Libs/LibStub/LibStub.lua: No such file or directory (os error 2)\nstack traceback:\n\t(string):1: in main chunk",
    "count": 1
  },
  {
    "message": "Lua Error: IO error reading /syncthing/World of Warcraft/_retail_/Interface/AddOns/BugSack/Libs/LibStub/LibStub.lua: No such file or directory (os error 2)\nstack traceback:\n\t(string):1: in main chunk\n[Interface/AddOns/Blizzard_ScriptErrors/Blizzard_ScriptErrors.lua]:59: in function 'GetErrorData'\n[Interface/AddOns/Blizzard_ScriptErrors/Blizzard_ScriptErrors.lua]:72: in function <[Interface/AddOns/Blizzard_ScriptErrors/Blizzard_ScriptErrors.lua]:71>",
    "count": 1
  },
  {
    "message": "IO error reading /syncthing/World of Warcraft/_retail_/Interface/AddOns/Chattynator/Libs/LibSharedMedia-3.0/LibSharedMedia-3.0.lua: No such file or directory (os error 2)\nstack traceback:\n\t(string):1: in main chunk",
    "count": 1
  },
  {
    "message": "Lua Error: IO error reading /syncthing/World of Warcraft/_retail_/Interface/AddOns/Chattynator/Libs/LibSharedMedia-3.0/LibSharedMedia-3.0.lua: No such file or directory (os error 2)\nstack traceback:\n\t(string):1: in main chunk\n[Interface/AddOns/Blizzard_ScriptErrors/Blizzard_ScriptErrors.lua]:59: in function 'GetErrorData'\n[Interface/AddOns/Blizzard_ScriptErrors/Blizzard_ScriptErrors.lua]:72: in function <[Interface/AddOns/Blizzard_ScriptErrors/Blizzard_ScriptErrors.lua]:71>",
    "count": 1
  },
  {
    "message": "@Interface/AddOns/Chattynator/Core/Config.lua: Lua error: Interface/AddOns/Chattynator/Core/Config.lua:77: attempt to index field 'Constants' (a nil value)\nstack traceback:\n\t(string):1: in main chunk",
    "count": 1
  },
  {
    "message": "Lua Error: @Interface/AddOns/Chattynator/Core/Config.lua: Lua error: Interface/AddOns/Chattynator/Core/Config.lua:77: attempt to index field 'Constants' (a nil value)\nstack traceback:\n\t(string):1: in main chunk\n[Interface/AddOns/Blizzard_ScriptErrors/Blizzard_ScriptErrors.lua]:59: in function 'GetErrorData'\n[Interface/AddOns/Blizzard_ScriptErrors/Blizzard_ScriptErrors.lua]:72: in function <[Interface/AddOns/Blizzard_ScriptErrors/Blizzard_ScriptErrors.lua]:71>",
    "count": 1
  },
  {
    "message": "@Interface/AddOns/Chattynator/Core/Utilities.lua: Lua error: Interface/AddOns/Chattynator/Core/Utilities.lua:4: attempt to index field 'Utilities' (a nil value)\nstack traceback:\n\t(string):1: in main chunk",
    "count": 1
  },
  {
    "message": "Lua Error: @Interface/AddOns/Chattynator/Core/Utilities.lua: Lua error: Interface/AddOns/Chattynator/Core/Utilities.lua:4: attempt to index field 'Utilities' (a nil value)\nstack traceback:\n\t(string):1: in main chunk\n[Interface/AddOns/Blizzard_ScriptErrors/Blizzard_ScriptErrors.lua]:59: in function 'GetErrorData'\n[Interface/AddOns/Blizzard_ScriptErrors/Blizzard_ScriptErrors.lua]:72: in function <[Interface/AddOns/Blizzard_ScriptErrors/Blizzard_ScriptErrors.lua]:71>",
    "count": 1
  },
  {
    "message": "@Interface/AddOns/Chattynator/Core/Fonts.lua: Lua error: Interface/AddOns/Chattynator/Core/Fonts.lua:4: Cannot find a library instance of \"LibSharedMedia-3.0\".\nstack traceback:\n\t(string):1: in main chunk",
    "count": 1
  },
  {
    "message": "Lua Error: @Interface/AddOns/Chattynator/Core/Fonts.lua: Lua error: Interface/AddOns/Chattynator/Core/Fonts.lua:4: Cannot find a library instance of \"LibSharedMedia-3.0\".\nstack traceback:\n\t(string):1: in main chunk\n[Interface/AddOns/Blizzard_ScriptErrors/Blizzard_ScriptErrors.lua]:59: in function 'GetErrorData'\n[Interface/AddOns/Blizzard_ScriptErrors/Blizzard_ScriptErrors.lua]:72: in function <[Interface/AddOns/Blizzard_ScriptErrors/Blizzard_ScriptErrors.lua]:71>",
    "count": 1
  },
  {
    "message": "@Interface/AddOns/Chattynator/Core/Overrides.lua: Lua error: Interface/AddOns/Chattynator/Core/Overrides.lua:4: attempt to index field 'Core' (a nil value)\nstack traceback:\n\t(string):1: in main chunk",
    "count": 1
  },
  {
    "message": "Lua Error: @Interface/AddOns/Chattynator/Core/Overrides.lua: Lua error: Interface/AddOns/Chattynator/Core/Overrides.lua:4: attempt to index field 'Core' (a nil value)\nstack traceback:\n\t(string):1: in main chunk\n[Interface/AddOns/Blizzard_ScriptErrors/Blizzard_ScriptErrors.lua]:59: in function 'GetErrorData'\n[Interface/AddOns/Blizzard_ScriptErrors/Blizzard_ScriptErrors.lua]:72: in function <[Interface/AddOns/Blizzard_ScriptErrors/Blizzard_ScriptErrors.lua]:71>",
    "count": 1
  },
  {
    "message": "@Interface/AddOns/Chattynator/Core/Initialize.lua: Lua error: Interface/AddOns/Chattynator/Core/Initialize.lua:6: attempt to index field 'Constants' (a nil value)\nstack traceback:\n\t(string):1: in main chunk",
    "count": 1
  },
  {
    "message": "Lua Error: @Interface/AddOns/Chattynator/Core/Initialize.lua: Lua error: Interface/AddOns/Chattynator/Core/Initialize.lua:6: attempt to index field 'Constants' (a nil value)\nstack traceback:\n\t(string):1: in main chunk\n[Interface/AddOns/Blizzard_ScriptErrors/Blizzard_ScriptErrors.lua]:59: in function 'GetErrorData'\n[Interface/AddOns/Blizzard_ScriptErrors/Blizzard_ScriptErrors.lua]:72: in function <[Interface/AddOns/Blizzard_ScriptErrors/Blizzard_ScriptErrors.lua]:71>",
    "count": 1
  },
  {
    "message": "@Interface/AddOns/Chattynator/Display/Tabs.lua: Lua error: Interface/AddOns/Chattynator/Display/Tabs.lua:23: attempt to index field 'Display' (a nil value)\nstack traceback:\n\t(string):1: in main chunk",
    "count": 1
  },
  {
    "message": "Lua Error: @Interface/AddOns/Chattynator/Display/Tabs.lua: Lua error: Interface/AddOns/Chattynator/Display/Tabs.lua:23: attempt to index field 'Display' (a nil value)\nstack traceback:\n\t(string):1: in main chunk\n[Interface/AddOns/Blizzard_ScriptErrors/Blizzard_ScriptErrors.lua]:59: in function 'GetErrorData'\n[Interface/AddOns/Blizzard_ScriptErrors/Blizzard_ScriptErrors.lua]:72: in function <[Interface/AddOns/Blizzard_ScriptErrors/Blizzard_ScriptErrors.lua]:71>",
    "count": 1
  },
  {
    "message": "@Interface/AddOns/Chattynator/Modifiers/URLs.lua: Lua error: Interface/AddOns/Chattynator/Modifiers/URLs.lua:23: attempt to index field 'Modifiers' (a nil value)\nstack traceback:\n\t(string):1: in main chunk",
    "count": 1
  },
  {
    "message": "Lua Error: @Interface/AddOns/Chattynator/Modifiers/URLs.lua: Lua error: Interface/AddOns/Chattynator/Modifiers/URLs.lua:23: attempt to index field 'Modifiers' (a nil value)\nstack traceback:\n\t(string):1: in main chunk\n[Interface/AddOns/Blizzard_ScriptErrors/Blizzard_ScriptErrors.lua]:59: in function 'GetErrorData'\n[Interface/AddOns/Blizzard_ScriptErrors/Blizzard_ScriptErrors.lua]:72: in function <[Interface/AddOns/Blizzard_ScriptErrors/Blizzard_ScriptErrors.lua]:71>",
    "count": 1
  },
  {
    "message": "@Interface/AddOns/Chattynator/Modifiers/RedundantText.lua: Lua error: Interface/AddOns/Chattynator/Modifiers/RedundantText.lua:37: attempt to index field 'Modifiers' (a nil value)\nstack traceback:\n\t(string):1: in main chunk",
    "count": 1
  },
  {
    "message": "Lua Error: @Interface/AddOns/Chattynator/Modifiers/RedundantText.lua: Lua error: Interface/AddOns/Chattynator/Modifiers/RedundantText.lua:37: attempt to index field 'Modifiers' (a nil value)\nstack traceback:\n\t(string):1: in main chunk\n[Interface/AddOns/Blizzard_ScriptErrors/Blizzard_ScriptErrors.lua]:59: in function 'GetErrorData'\n[Interface/AddOns/Blizzard_ScriptErrors/Blizzard_ScriptErrors.lua]:72: in function <[Interface/AddOns/Blizzard_ScriptErrors/Blizzard_ScriptErrors.lua]:71>",
    "count": 1
  },
  {
    "message": "@Interface/AddOns/Chattynator/Skins/Main.lua: Lua error: Interface/AddOns/Chattynator/Skins/Main.lua:4: attempt to index field 'Skins' (a nil value)\nstack traceback:\n\t(string):1: in main chunk",
    "count": 1
  },
  {
    "message": "Lua Error: @Interface/AddOns/Chattynator/Skins/Main.lua: Lua error: Interface/AddOns/Chattynator/Skins/Main.lua:4: attempt to index field 'Skins' (a nil value)\nstack traceback:\n\t(string):1: in main chunk\n[Interface/AddOns/Blizzard_ScriptErrors/Blizzard_ScriptErrors.lua]:59: in function 'GetErrorData'\n[Interface/AddOns/Blizzard_ScriptErrors/Blizzard_ScriptErrors.lua]:72: in function <[Interface/AddOns/Blizzard_ScriptErrors/Blizzard_ScriptErrors.lua]:71>",
    "count": 1
  },
  {
    "message": "@Interface/AddOns/Chattynator/Skins/Blizzard.lua: Lua error: Interface/AddOns/Chattynator/Skins/Blizzard.lua:294: attempt to index field 'Skins' (a nil value)\nstack traceback:\n\t(string):1: in main chunk",
    "count": 1
  },
  {
    "message": "Lua Error: @Interface/AddOns/Chattynator/Skins/Blizzard.lua: Lua error: Interface/AddOns/Chattynator/Skins/Blizzard.lua:294: attempt to index field 'Skins' (a nil value)\nstack traceback:\n\t(string):1: in main chunk\n[Interface/AddOns/Blizzard_ScriptErrors/Blizzard_ScriptErrors.lua]:59: in function 'GetErrorData'\n[Interface/AddOns/Blizzard_ScriptErrors/Blizzard_ScriptErrors.lua]:72: in function <[Interface/AddOns/Blizzard_ScriptErrors/Blizzard_ScriptErrors.lua]:71>",
    "count": 1
  },
  {
    "message": "@Interface/AddOns/Chattynator/Skins/Dark.lua: Lua error: Interface/AddOns/Chattynator/Skins/Dark.lua:457: attempt to index field 'Skins' (a nil value)\nstack traceback:\n\t(string):1: in main chunk",
    "count": 1
  },
  {
    "message": "Lua Error: @Interface/AddOns/Chattynator/Skins/Dark.lua: Lua error: Interface/AddOns/Chattynator/Skins/Dark.lua:457: attempt to index field 'Skins' (a nil value)\nstack traceback:\n\t(string):1: in main chunk\n[Interface/AddOns/Blizzard_ScriptErrors/Blizzard_ScriptErrors.lua]:59: in function 'GetErrorData'\n[Interface/AddOns/Blizzard_ScriptErrors/Blizzard_ScriptErrors.lua]:72: in function <[Interface/AddOns/Blizzard_ScriptErrors/Blizzard_ScriptErrors.lua]:71>",
    "count": 1
  },
  {
    "message": "@Interface/AddOns/Chattynator/CustomiseDialog/Initialize.lua: Lua error: Interface/AddOns/Chattynator/CustomiseDialog/Initialize.lua:5: attempt to index field 'CustomiseDialog' (a nil value)\nstack traceback:\n\t(string):1: in main chunk",
    "count": 1
  },
  {
    "message": "Lua Error: @Interface/AddOns/Chattynator/CustomiseDialog/Initialize.lua: Lua error: Interface/AddOns/Chattynator/CustomiseDialog/Initialize.lua:5: attempt to index field 'CustomiseDialog' (a nil value)\nstack traceback:\n\t(string):1: in main chunk\n[Interface/AddOns/Blizzard_ScriptErrors/Blizzard_ScriptErrors.lua]:59: in function 'GetErrorData'\n[Interface/AddOns/Blizzard_ScriptErrors/Blizzard_ScriptErrors.lua]:72: in function <[Interface/AddOns/Blizzard_ScriptErrors/Blizzard_ScriptErrors.lua]:71>",
    "count": 1
  },
  {
    "message": "@Interface/AddOns/Chattynator/CustomiseDialog/Filtering.lua: Lua error: Interface/AddOns/Chattynator/CustomiseDialog/Filtering.lua:4: attempt to index field 'CustomiseDialog' (a nil value)\nstack traceback:\n\t(string):1: in main chunk",
    "count": 1
  },
  {
    "message": "Lua Error: @Interface/AddOns/Chattynator/CustomiseDialog/Filtering.lua: Lua error: Interface/AddOns/Chattynator/CustomiseDialog/Filtering.lua:4: attempt to index field 'CustomiseDialog' (a nil value)\nstack traceback:\n\t(string):1: in main chunk\n[Interface/AddOns/Blizzard_ScriptErrors/Blizzard_ScriptErrors.lua]:59: in function 'GetErrorData'\n[Interface/AddOns/Blizzard_ScriptErrors/Blizzard_ScriptErrors.lua]:72: in function <[Interface/AddOns/Blizzard_ScriptErrors/Blizzard_ScriptErrors.lua]:71>",
    "count": 1
  },
  {
    "message": "IO error reading /syncthing/World of Warcraft/_retail_/Interface/AddOns/Clicked/Libs/LibStub/LibStub.lua: No such file or directory (os error 2)\nstack traceback:\n\t(string):1: in main chunk",
    "count": 1
  },
  {
    "message": "Lua Error: IO error reading /syncthing/World of Warcraft/_retail_/Interface/AddOns/Clicked/Libs/LibStub/LibStub.lua: No such file or directory (os error 2)\nstack traceback:\n\t(string):1: in main chunk\n[Interface/AddOns/Blizzard_ScriptErrors/Blizzard_ScriptErrors.lua]:59: in function 'GetErrorData'\n[Interface/AddOns/Blizzard_ScriptErrors/Blizzard_ScriptErrors.lua]:72: in function <[Interface/AddOns/Blizzard_ScriptErrors/Blizzard_ScriptErrors.lua]:71>",
    "count": 1
  },
  {
    "message": "IO error reading /syncthing/World of Warcraft/_retail_/Interface/AddOns/Clicked/Widgets/AceGUIContainer-ClickedTreeGroup.lua: No such file or directory (os error 2)\nstack traceback:\n\t(string):1: in main chunk",
    "count": 1
  },
  {
    "message": "Lua Error: IO error reading /syncthing/World of Warcraft/_retail_/Interface/AddOns/Clicked/Widgets/AceGUIContainer-ClickedTreeGroup.lua: No such file or directory (os error 2)\nstack traceback:\n\t(string):1: in main chunk\n[Interface/AddOns/Blizzard_ScriptErrors/Blizzard_ScriptErrors.lua]:59: in function 'GetErrorData'\n[Interface/AddOns/Blizzard_ScriptErrors/Blizzard_ScriptErrors.lua]:72: in function <[Interface/AddOns/Blizzard_ScriptErrors/Blizzard_ScriptErrors.lua]:71>",
    "count": 1
  },
  {
    "message": "@Interface/AddOns/Clicked/Core/BindingProcessor.lua: Lua error: Interface/AddOns/Clicked/Core/BindingProcessor.lua:24: attempt to index global 'Clicked' (a nil value)\nstack traceback:\n\t(string):1: in main chunk",
    "count": 1
  },
  {
    "message": "Lua Error: @Interface/AddOns/Clicked/Core/BindingProcessor.lua: Lua error: Interface/AddOns/Clicked/Core/BindingProcessor.lua:24: attempt to index global 'Clicked' (a nil value)\nstack traceback:\n\t(string):1: in main chunk\n[Interface/AddOns/Blizzard_ScriptErrors/Blizzard_ScriptErrors.lua]:59: in function 'GetErrorData'\n[Interface/AddOns/Blizzard_ScriptErrors/Blizzard_ScriptErrors.lua]:72: in function <[Interface/AddOns/Blizzard_ScriptErrors/Blizzard_ScriptErrors.lua]:71>",
    "count": 1
  },
  {
    "message": "@Interface/AddOns/Clicked/Core/LocaleUtils.lua: Lua error: Interface/AddOns/Clicked/Core/LocaleUtils.lua:23: Cannot find a library instance of \"LibTalentInfo-1.0\".\nstack traceback:\n\t(string):1: in main chunk",
    "count": 1
  },
  {
    "message": "Lua Error: @Interface/AddOns/Clicked/Core/LocaleUtils.lua: Lua error: Interface/AddOns/Clicked/Core/LocaleUtils.lua:23: Cannot find a library instance of \"LibTalentInfo-1.0\".\nstack traceback:\n\t(string):1: in main chunk\n[Interface/AddOns/Blizzard_ScriptErrors/Blizzard_ScriptErrors.lua]:59: in function 'GetErrorData'\n[Interface/AddOns/Blizzard_ScriptErrors/Blizzard_ScriptErrors.lua]:72: in function <[Interface/AddOns/Blizzard_ScriptErrors/Blizzard_ScriptErrors.lua]:71>",
    "count": 1
  },
  {
    "message": "@Interface/AddOns/Clicked/Conditions/ConditionUtils.lua: Lua error: Interface/AddOns/Clicked/Conditions/ConditionUtils.lua:37: Cannot find a library instance of \"LibTalentInfo-1.0\".\nstack traceback:\n\t(string):1: in main chunk",
    "count": 1
  },
  {
    "message": "Lua Error: @Interface/AddOns/Clicked/Conditions/ConditionUtils.lua: Lua error: Interface/AddOns/Clicked/Conditions/ConditionUtils.lua:37: Cannot find a library instance of \"LibTalentInfo-1.0\".\nstack traceback:\n\t(string):1: in main chunk\n[Interface/AddOns/Blizzard_ScriptErrors/Blizzard_ScriptErrors.lua]:59: in function 'GetErrorData'\n[Interface/AddOns/Blizzard_ScriptErrors/Blizzard_ScriptErrors.lua]:72: in function <[Interface/AddOns/Blizzard_ScriptErrors/Blizzard_ScriptErrors.lua]:71>",
    "count": 1
  },
  {
    "message": "@Interface/AddOns/Clicked/Conditions/LoadConditions.lua: Lua error: Interface/AddOns/Clicked/Conditions/LoadConditions.lua:47: attempt to call method 'IsForever' (a nil value)\nstack traceback:\n\t(string):1: in main chunk",
    "count": 1
  },
  {
    "message": "Lua Error: @Interface/AddOns/Clicked/Conditions/LoadConditions.lua: Lua error: Interface/AddOns/Clicked/Conditions/LoadConditions.lua:47: attempt to call method 'IsForever' (a nil value)\nstack traceback:\n\t(string):1: in main chunk\n[Interface/AddOns/Blizzard_ScriptErrors/Blizzard_ScriptErrors.lua]:59: in function 'GetErrorData'\n[Interface/AddOns/Blizzard_ScriptErrors/Blizzard_ScriptErrors.lua]:72: in function <[Interface/AddOns/Blizzard_ScriptErrors/Blizzard_ScriptErrors.lua]:71>",
    "count": 1
  },
  {
    "message": "@Interface/AddOns/Clicked/Config/Profile.lua: Lua error: Interface/AddOns/Clicked/Config/Profile.lua:17: Cannot find a library instance of \"AceConfig-3.0\".\nstack traceback:\n\t(string):1: in main chunk",
    "count": 1
  },
  {
    "message": "Lua Error: @Interface/AddOns/Clicked/Config/Profile.lua: Lua error: Interface/AddOns/Clicked/Config/Profile.lua:17: Cannot find a library instance of \"AceConfig-3.0\".\nstack traceback:\n\t(string):1: in main chunk\n[Interface/AddOns/Blizzard_ScriptErrors/Blizzard_ScriptErrors.lua]:59: in function 'GetErrorData'\n[Interface/AddOns/Blizzard_ScriptErrors/Blizzard_ScriptErrors.lua]:72: in function <[Interface/AddOns/Blizzard_ScriptErrors/Blizzard_ScriptErrors.lua]:71>",
    "count": 1
  },
  {
    "message": "@Interface/AddOns/Clicked/Config/KeyVisualizer.lua: Lua error: Interface/AddOns/Clicked/Config/KeyVisualizer.lua:17: Cannot find a library instance of \"AceGUI-3.0\".\nstack traceback:\n\t(string):1: in main chunk",
    "count": 1
  },
  {
    "message": "Lua Error: @Interface/AddOns/Clicked/Config/KeyVisualizer.lua: Lua error: Interface/AddOns/Clicked/Config/KeyVisualizer.lua:17: Cannot find a library instance of \"AceGUI-3.0\".\nstack traceback:\n\t(string):1: in main chunk\n[Interface/AddOns/Blizzard_ScriptErrors/Blizzard_ScriptErrors.lua]:59: in function 'GetErrorData'\n[Interface/AddOns/Blizzard_ScriptErrors/Blizzard_ScriptErrors.lua]:72: in function <[Interface/AddOns/Blizzard_ScriptErrors/Blizzard_ScriptErrors.lua]:71>",
    "count": 1
  },
  {
    "message": "@Interface/AddOns/Clicked/Debug/StatusOutput.lua: Lua error: Interface/AddOns/Clicked/Debug/StatusOutput.lua:17: Cannot find a library instance of \"AceGUI-3.0\".\nstack traceback:\n\t(string):1: in main chunk",
    "count": 1
  },
  {
    "message": "Lua Error: @Interface/AddOns/Clicked/Debug/StatusOutput.lua: Lua error: Interface/AddOns/Clicked/Debug/StatusOutput.lua:17: Cannot find a library instance of \"AceGUI-3.0\".\nstack traceback:\n\t(string):1: in main chunk\n[Interface/AddOns/Blizzard_ScriptErrors/Blizzard_ScriptErrors.lua]:59: in function 'GetErrorData'\n[Interface/AddOns/Blizzard_ScriptErrors/Blizzard_ScriptErrors.lua]:72: in function <[Interface/AddOns/Blizzard_ScriptErrors/Blizzard_ScriptErrors.lua]:71>",
    "count": 1
  },
  {
    "message": "IO error reading /syncthing/World of Warcraft/_retail_/Interface/AddOns/Clicked/BindingConfig/Tabs/Action.lua: No such file or directory (os error 2)\nstack traceback:\n\t(string):1: in main chunk",
    "count": 1
  },
  {
    "message": "Lua Error: IO error reading /syncthing/World of Warcraft/_retail_/Interface/AddOns/Clicked/BindingConfig/Tabs/Action.lua: No such file or directory (os error 2)\nstack traceback:\n\t(string):1: in main chunk\n[Interface/AddOns/Blizzard_ScriptErrors/Blizzard_ScriptErrors.lua]:59: in function 'GetErrorData'\n[Interface/AddOns/Blizzard_ScriptErrors/Blizzard_ScriptErrors.lua]:72: in function <[Interface/AddOns/Blizzard_ScriptErrors/Blizzard_ScriptErrors.lua]:71>",
    "count": 1
  },
  {
    "message": "@Interface/AddOns/Clicked/BindingConfig/BindingConfig.lua: Lua error: Interface/AddOns/Clicked/BindingConfig/BindingConfig.lua:31: Cannot find a library instance of \"AceGUI-3.0\".\nstack traceback:\n\t(string):1: in main chunk",
    "count": 1
  },
  {
    "message": "Lua Error: @Interface/AddOns/Clicked/BindingConfig/BindingConfig.lua: Lua error: Interface/AddOns/Clicked/BindingConfig/BindingConfig.lua:31: Cannot find a library instance of \"AceGUI-3.0\".\nstack traceback:\n\t(string):1: in main chunk\n[Interface/AddOns/Blizzard_ScriptErrors/Blizzard_ScriptErrors.lua]:59: in function 'GetErrorData'\n[Interface/AddOns/Blizzard_ScriptErrors/Blizzard_ScriptErrors.lua]:72: in function <[Interface/AddOns/Blizzard_ScriptErrors/Blizzard_ScriptErrors.lua]:71>",
    "count": 1
  },
  {
    "message": "Collectionator missing required TOC dependencies: Auctionator",
    "count": 1
  },
  {
    "message": "@Interface/AddOns/CursorRing/Locales/enUS.lua: Lua error: Interface/AddOns/CursorRing/Locales/enUS.lua:2: attempt to call field 'NewLocale' (a nil value)\nstack traceback:\n\t(string):1: in main chunk",
    "count": 1
  },
  {
    "message": "Lua Error: @Interface/AddOns/CursorRing/Locales/enUS.lua: Lua error: Interface/AddOns/CursorRing/Locales/enUS.lua:2: attempt to call field 'NewLocale' (a nil value)\nstack traceback:\n\t(string):1: in main chunk\n[Interface/AddOns/Blizzard_ScriptErrors/Blizzard_ScriptErrors.lua]:59: in function 'GetErrorData'\n[Interface/AddOns/Blizzard_ScriptErrors/Blizzard_ScriptErrors.lua]:72: in function <[Interface/AddOns/Blizzard_ScriptErrors/Blizzard_ScriptErrors.lua]:71>",
    "count": 1
  },
  {
    "message": "@Interface/AddOns/CursorRing/Locales/deDE.lua: Lua error: Interface/AddOns/CursorRing/Locales/deDE.lua:2: attempt to call field 'NewLocale' (a nil value)\nstack traceback:\n\t(string):1: in main chunk",
    "count": 1
  },
  {
    "message": "Lua Error: @Interface/AddOns/CursorRing/Locales/deDE.lua: Lua error: Interface/AddOns/CursorRing/Locales/deDE.lua:2: attempt to call field 'NewLocale' (a nil value)\nstack traceback:\n\t(string):1: in main chunk\n[Interface/AddOns/Blizzard_ScriptErrors/Blizzard_ScriptErrors.lua]:59: in function 'GetErrorData'\n[Interface/AddOns/Blizzard_ScriptErrors/Blizzard_ScriptErrors.lua]:72: in function <[Interface/AddOns/Blizzard_ScriptErrors/Blizzard_ScriptErrors.lua]:71>",
    "count": 1
  },
  {
    "message": "@Interface/AddOns/CursorRing/Locales/zhCN.lua: Lua error: Interface/AddOns/CursorRing/Locales/zhCN.lua:2: attempt to call field 'NewLocale' (a nil value)\nstack traceback:\n\t(string):1: in main chunk",
    "count": 1
  },
  {
    "message": "Lua Error: @Interface/AddOns/CursorRing/Locales/zhCN.lua: Lua error: Interface/AddOns/CursorRing/Locales/zhCN.lua:2: attempt to call field 'NewLocale' (a nil value)\nstack traceback:\n\t(string):1: in main chunk\n[Interface/AddOns/Blizzard_ScriptErrors/Blizzard_ScriptErrors.lua]:59: in function 'GetErrorData'\n[Interface/AddOns/Blizzard_ScriptErrors/Blizzard_ScriptErrors.lua]:72: in function <[Interface/AddOns/Blizzard_ScriptErrors/Blizzard_ScriptErrors.lua]:71>",
    "count": 1
  },
  {
    "message": "@Interface/AddOns/CursorRing/Modules/Resources/Druid.lua: Lua error: Interface/AddOns/CursorRing/Modules/Resources/Druid.lua:5: attempt to call field 'RegisterResourceModule' (a nil value)\nstack traceback:\n\t(string):1: in main chunk",
    "count": 1
  },
  {
    "message": "Lua Error: @Interface/AddOns/CursorRing/Modules/Resources/Druid.lua: Lua error: Interface/AddOns/CursorRing/Modules/Resources/Druid.lua:5: attempt to call field 'RegisterResourceModule' (a nil value)\nstack traceback:\n\t(string):1: in main chunk\n[Interface/AddOns/Blizzard_ScriptErrors/Blizzard_ScriptErrors.lua]:59: in function 'GetErrorData'\n[Interface/AddOns/Blizzard_ScriptErrors/Blizzard_ScriptErrors.lua]:72: in function <[Interface/AddOns/Blizzard_ScriptErrors/Blizzard_ScriptErrors.lua]:71>",
    "count": 1
  },
  {
    "message": "@Interface/AddOns/CursorRing/Modules/Resources/Paladin.lua: Lua error: Interface/AddOns/CursorRing/Modules/Resources/Paladin.lua:5: attempt to call field 'RegisterResourceModule' (a nil value)\nstack traceback:\n\t(string):1: in main chunk",
    "count": 1
  },
  {
    "message": "Lua Error: @Interface/AddOns/CursorRing/Modules/Resources/Paladin.lua: Lua error: Interface/AddOns/CursorRing/Modules/Resources/Paladin.lua:5: attempt to call field 'RegisterResourceModule' (a nil value)\nstack traceback:\n\t(string):1: in main chunk\n[Interface/AddOns/Blizzard_ScriptErrors/Blizzard_ScriptErrors.lua]:59: in function 'GetErrorData'\n[Interface/AddOns/Blizzard_ScriptErrors/Blizzard_ScriptErrors.lua]:72: in function <[Interface/AddOns/Blizzard_ScriptErrors/Blizzard_ScriptErrors.lua]:71>",
    "count": 1
  },
  {
    "message": "@Interface/AddOns/CursorRing/Modules/Resources/Monk.lua: Lua error: Interface/AddOns/CursorRing/Modules/Resources/Monk.lua:5: attempt to call field 'RegisterResourceModule' (a nil value)\nstack traceback:\n\t(string):1: in main chunk",
    "count": 1
  },
  {
    "message": "Lua Error: @Interface/AddOns/CursorRing/Modules/Resources/Monk.lua: Lua error: Interface/AddOns/CursorRing/Modules/Resources/Monk.lua:5: attempt to call field 'RegisterResourceModule' (a nil value)\nstack traceback:\n\t(string):1: in main chunk\n[Interface/AddOns/Blizzard_ScriptErrors/Blizzard_ScriptErrors.lua]:59: in function 'GetErrorData'\n[Interface/AddOns/Blizzard_ScriptErrors/Blizzard_ScriptErrors.lua]:72: in function <[Interface/AddOns/Blizzard_ScriptErrors/Blizzard_ScriptErrors.lua]:71>",
    "count": 1
  },
  {
    "message": "@Interface/AddOns/CursorRing/Modules/Resources/Warlock.lua: Lua error: Interface/AddOns/CursorRing/Modules/Resources/Warlock.lua:30: attempt to call field 'RegisterResourceModule' (a nil value)\nstack traceback:\n\t(string):1: in main chunk",
    "count": 1
  },
  {
    "message": "Lua Error: @Interface/AddOns/CursorRing/Modules/Resources/Warlock.lua: Lua error: Interface/AddOns/CursorRing/Modules/Resources/Warlock.lua:30: attempt to call field 'RegisterResourceModule' (a nil value)\nstack traceback:\n\t(string):1: in main chunk\n[Interface/AddOns/Blizzard_ScriptErrors/Blizzard_ScriptErrors.lua]:59: in function 'GetErrorData'\n[Interface/AddOns/Blizzard_ScriptErrors/Blizzard_ScriptErrors.lua]:72: in function <[Interface/AddOns/Blizzard_ScriptErrors/Blizzard_ScriptErrors.lua]:71>",
    "count": 1
  },
  {
    "message": "@Interface/AddOns/CursorRing/Modules/Resources/Evoker.lua: Lua error: Interface/AddOns/CursorRing/Modules/Resources/Evoker.lua:18: attempt to call field 'RegisterResourceModule' (a nil value)\nstack traceback:\n\t(string):1: in main chunk",
    "count": 1
  },
  {
    "message": "Lua Error: @Interface/AddOns/CursorRing/Modules/Resources/Evoker.lua: Lua error: Interface/AddOns/CursorRing/Modules/Resources/Evoker.lua:18: attempt to call field 'RegisterResourceModule' (a nil value)\nstack traceback:\n\t(string):1: in main chunk\n[Interface/AddOns/Blizzard_ScriptErrors/Blizzard_ScriptErrors.lua]:59: in function 'GetErrorData'\n[Interface/AddOns/Blizzard_ScriptErrors/Blizzard_ScriptErrors.lua]:72: in function <[Interface/AddOns/Blizzard_ScriptErrors/Blizzard_ScriptErrors.lua]:71>",
    "count": 1
  },
  {
    "message": "@Interface/AddOns/DandersFrames/Core/AutoProfiles.lua: Lua error: Interface/AddOns/DandersFrames/Core/AutoProfiles.lua:97: attempt to index upvalue 'L' (a nil value)\nstack traceback:\n\t(string):1: in main chunk",
    "count": 1
  },
  {
    "message": "Lua Error: @Interface/AddOns/DandersFrames/Core/AutoProfiles.lua: Lua error: Interface/AddOns/DandersFrames/Core/AutoProfiles.lua:97: attempt to index upvalue 'L' (a nil value)\nstack traceback:\n\t(string):1: in main chunk\n[Interface/AddOns/Blizzard_ScriptErrors/Blizzard_ScriptErrors.lua]:59: in function 'GetErrorData'\n[Interface/AddOns/Blizzard_ScriptErrors/Blizzard_ScriptErrors.lua]:72: in function <[Interface/AddOns/Blizzard_ScriptErrors/Blizzard_ScriptErrors.lua]:71>",
    "count": 1
  },
  {
    "message": "@Interface/AddOns/DandersFrames/Frames/Headers.lua: Lua error: Interface/AddOns/DandersFrames/Frames/Headers.lua:506: attempt to call method 'RegisterDebugSlash' (a nil value)\nstack traceback:\n\t(string):1: in main chunk",
    "count": 1
  },
  {
    "message": "Lua Error: @Interface/AddOns/DandersFrames/Frames/Headers.lua: Lua error: Interface/AddOns/DandersFrames/Frames/Headers.lua:506: attempt to call method 'RegisterDebugSlash' (a nil value)\nstack traceback:\n\t(string):1: in main chunk\n[Interface/AddOns/Blizzard_ScriptErrors/Blizzard_ScriptErrors.lua]:59: in function 'GetErrorData'\n[Interface/AddOns/Blizzard_ScriptErrors/Blizzard_ScriptErrors.lua]:72: in function <[Interface/AddOns/Blizzard_ScriptErrors/Blizzard_ScriptErrors.lua]:71>",
    "count": 1
  },
  {
    "message": "@Interface/AddOns/DandersFrames/Frames/Position.lua: Lua error: Interface/AddOns/DandersFrames/Frames/Position.lua:72: attempt to index local 'L' (a nil value)\nstack traceback:\n\t(string):1: in main chunk",
    "count": 1
  },
  {
    "message": "Lua Error: @Interface/AddOns/DandersFrames/Frames/Position.lua: Lua error: Interface/AddOns/DandersFrames/Frames/Position.lua:72: attempt to index local 'L' (a nil value)\nstack traceback:\n\t(string):1: in main chunk\n[Interface/AddOns/Blizzard_ScriptErrors/Blizzard_ScriptErrors.lua]:59: in function 'GetErrorData'\n[Interface/AddOns/Blizzard_ScriptErrors/Blizzard_ScriptErrors.lua]:72: in function <[Interface/AddOns/Blizzard_ScriptErrors/Blizzard_ScriptErrors.lua]:71>",
    "count": 1
  },
  {
    "message": "@Interface/AddOns/DandersFrames/Features/Range.lua: Lua error: Interface/AddOns/DandersFrames/Features/Range.lua:984: attempt to call method 'RegisterRosterUnitEvent' (a nil value)\nstack traceback:\n\t(string):1: in main chunk",
    "count": 1
  },
  {
    "message": "Lua Error: @Interface/AddOns/DandersFrames/Features/Range.lua: Lua error: Interface/AddOns/DandersFrames/Features/Range.lua:984: attempt to call method 'RegisterRosterUnitEvent' (a nil value)\nstack traceback:\n\t(string):1: in main chunk\n[Interface/AddOns/Blizzard_ScriptErrors/Blizzard_ScriptErrors.lua]:59: in function 'GetErrorData'\n[Interface/AddOns/Blizzard_ScriptErrors/Blizzard_ScriptErrors.lua]:72: in function <[Interface/AddOns/Blizzard_ScriptErrors/Blizzard_ScriptErrors.lua]:71>",
    "count": 1
  },
  {
    "message": "@Interface/AddOns/DandersFrames/Features/Dispel.lua: Lua error: Interface/AddOns/DandersFrames/Features/Dispel.lua:3133: attempt to call method 'RegisterDebugSlash' (a nil value)\nstack traceback:\n\t(string):1: in main chunk",
    "count": 1
  },
  {
    "message": "Lua Error: @Interface/AddOns/DandersFrames/Features/Dispel.lua: Lua error: Interface/AddOns/DandersFrames/Features/Dispel.lua:3133: attempt to call method 'RegisterDebugSlash' (a nil value)\nstack traceback:\n\t(string):1: in main chunk\n[Interface/AddOns/Blizzard_ScriptErrors/Blizzard_ScriptErrors.lua]:59: in function 'GetErrorData'\n[Interface/AddOns/Blizzard_ScriptErrors/Blizzard_ScriptErrors.lua]:72: in function <[Interface/AddOns/Blizzard_ScriptErrors/Blizzard_ScriptErrors.lua]:71>",
    "count": 1
  },
  {
    "message": "@Interface/AddOns/DeModal/DeModal.lua: Lua error: Interface/AddOns/DeModal/DeModal.lua:9: attempt to call field 'LoadSlashCommands' (a nil value)\nstack traceback:\n\t(string):1: in main chunk",
    "count": 1
  },
  {
    "message": "Lua Error: @Interface/AddOns/DeModal/DeModal.lua: Lua error: Interface/AddOns/DeModal/DeModal.lua:9: attempt to call field 'LoadSlashCommands' (a nil value)\nstack traceback:\n\t(string):1: in main chunk\n[Interface/AddOns/Blizzard_ScriptErrors/Blizzard_ScriptErrors.lua]:59: in function 'GetErrorData'\n[Interface/AddOns/Blizzard_ScriptErrors/Blizzard_ScriptErrors.lua]:72: in function <[Interface/AddOns/Blizzard_ScriptErrors/Blizzard_ScriptErrors.lua]:71>",
    "count": 1
  },
  {
    "message": "IO error reading /syncthing/World of Warcraft/_retail_/Interface/AddOns/Dejunk/src/addon.lua: No such file or directory (os error 2)\nstack traceback:\n\t(string):1: in main chunk",
    "count": 1
  },
  {
    "message": "Lua Error: IO error reading /syncthing/World of Warcraft/_retail_/Interface/AddOns/Dejunk/src/addon.lua: No such file or directory (os error 2)\nstack traceback:\n\t(string):1: in main chunk\n[Interface/AddOns/Blizzard_ScriptErrors/Blizzard_ScriptErrors.lua]:59: in function 'GetErrorData'\n[Interface/AddOns/Blizzard_ScriptErrors/Blizzard_ScriptErrors.lua]:72: in function <[Interface/AddOns/Blizzard_ScriptErrors/Blizzard_ScriptErrors.lua]:71>",
    "count": 1
  },
  {
    "message": "IO error reading /syncthing/World of Warcraft/_retail_/Interface/AddOns/DialogueUI/Code/Utility/FontUtil.lua: No such file or directory (os error 2)\nstack traceback:\n\t(string):1: in main chunk",
    "count": 1
  },
  {
    "message": "Lua Error: IO error reading /syncthing/World of Warcraft/_retail_/Interface/AddOns/DialogueUI/Code/Utility/FontUtil.lua: No such file or directory (os error 2)\nstack traceback:\n\t(string):1: in main chunk\n[Interface/AddOns/Blizzard_ScriptErrors/Blizzard_ScriptErrors.lua]:59: in function 'GetErrorData'\n[Interface/AddOns/Blizzard_ScriptErrors/Blizzard_ScriptErrors.lua]:72: in function <[Interface/AddOns/Blizzard_ScriptErrors/Blizzard_ScriptErrors.lua]:71>",
    "count": 1
  },
  {
    "message": "@Interface/AddOns/DialogueUI/Code/Sound.lua: Lua error: Interface/AddOns/DialogueUI/Code/Sound.lua:78: attempt to index field 'CallbackRegistry' (a nil value)\nstack traceback:\n\t(string):1: in main chunk",
    "count": 1
  },
  {
    "message": "Lua Error: @Interface/AddOns/DialogueUI/Code/Sound.lua: Lua error: Interface/AddOns/DialogueUI/Code/Sound.lua:78: attempt to index field 'CallbackRegistry' (a nil value)\nstack traceback:\n\t(string):1: in main chunk\n[Interface/AddOns/Blizzard_ScriptErrors/Blizzard_ScriptErrors.lua]:59: in function 'GetErrorData'\n[Interface/AddOns/Blizzard_ScriptErrors/Blizzard_ScriptErrors.lua]:72: in function <[Interface/AddOns/Blizzard_ScriptErrors/Blizzard_ScriptErrors.lua]:71>",
    "count": 1
  },
  {
    "message": "IO error reading /syncthing/World of Warcraft/_retail_/Interface/AddOns/DialogueUI/Code/Scroll/Scroll_Swipe.lua: No such file or directory (os error 2)\nstack traceback:\n\t(string):1: in main chunk",
    "count": 1
  },
  {
    "message": "Lua Error: IO error reading /syncthing/World of Warcraft/_retail_/Interface/AddOns/DialogueUI/Code/Scroll/Scroll_Swipe.lua: No such file or directory (os error 2)\nstack traceback:\n\t(string):1: in main chunk\n[Interface/AddOns/Blizzard_ScriptErrors/Blizzard_ScriptErrors.lua]:59: in function 'GetErrorData'\n[Interface/AddOns/Blizzard_ScriptErrors/Blizzard_ScriptErrors.lua]:72: in function <[Interface/AddOns/Blizzard_ScriptErrors/Blizzard_ScriptErrors.lua]:71>",
    "count": 1
  },
  {
    "message": "IO error reading /syncthing/World of Warcraft/_retail_/Interface/AddOns/DialogueUI/Code/Settings/Settings_Definitions.lua: No such file or directory (os error 2)\nstack traceback:\n\t(string):1: in main chunk",
    "count": 1
  },
  {
    "message": "Lua Error: IO error reading /syncthing/World of Warcraft/_retail_/Interface/AddOns/DialogueUI/Code/Settings/Settings_Definitions.lua: No such file or directory (os error 2)\nstack traceback:\n\t(string):1: in main chunk\n[Interface/AddOns/Blizzard_ScriptErrors/Blizzard_ScriptErrors.lua]:59: in function 'GetErrorData'\n[Interface/AddOns/Blizzard_ScriptErrors/Blizzard_ScriptErrors.lua]:72: in function <[Interface/AddOns/Blizzard_ScriptErrors/Blizzard_ScriptErrors.lua]:71>",
    "count": 1
  },
  {
    "message": "@Interface/AddOns/DialogueUI/Code/NameplateGossip.lua: Lua error: Interface/AddOns/DialogueUI/Code/NameplateGossip.lua:260: attempt to index field 'CallbackRegistry' (a nil value)\nstack traceback:\n\t(string):1: in main chunk",
    "count": 1
  },
  {
    "message": "Lua Error: @Interface/AddOns/DialogueUI/Code/NameplateGossip.lua: Lua error: Interface/AddOns/DialogueUI/Code/NameplateGossip.lua:260: attempt to index field 'CallbackRegistry' (a nil value)\nstack traceback:\n\t(string):1: in main chunk\n[Interface/AddOns/Blizzard_ScriptErrors/Blizzard_ScriptErrors.lua]:59: in function 'GetErrorData'\n[Interface/AddOns/Blizzard_ScriptErrors/Blizzard_ScriptErrors.lua]:72: in function <[Interface/AddOns/Blizzard_ScriptErrors/Blizzard_ScriptErrors.lua]:71>",
    "count": 1
  },
  {
    "message": "IO error reading /syncthing/World of Warcraft/_retail_/Interface/AddOns/DialogueUI/Code/Dialogue/Clipboard.lua: No such file or directory (os error 2)\nstack traceback:\n\t(string):1: in main chunk",
    "count": 1
  },
  {
    "message": "Lua Error: IO error reading /syncthing/World of Warcraft/_retail_/Interface/AddOns/DialogueUI/Code/Dialogue/Clipboard.lua: No such file or directory (os error 2)\nstack traceback:\n\t(string):1: in main chunk\n[Interface/AddOns/Blizzard_ScriptErrors/Blizzard_ScriptErrors.lua]:59: in function 'GetErrorData'\n[Interface/AddOns/Blizzard_ScriptErrors/Blizzard_ScriptErrors.lua]:72: in function <[Interface/AddOns/Blizzard_ScriptErrors/Blizzard_ScriptErrors.lua]:71>",
    "count": 1
  },
  {
    "message": "@Interface/AddOns/DialogueUI/Code/Book/BookUI_Component.lua: Lua error: Interface/AddOns/DialogueUI/Code/Book/BookUI_Component.lua:440: attempt to index field 'TooltipAPI' (a nil value)\nstack traceback:\n\t(string):1: in main chunk",
    "count": 1
  },
  {
    "message": "Lua Error: @Interface/AddOns/DialogueUI/Code/Book/BookUI_Component.lua: Lua error: Interface/AddOns/DialogueUI/Code/Book/BookUI_Component.lua:440: attempt to index field 'TooltipAPI' (a nil value)\nstack traceback:\n\t(string):1: in main chunk\n[Interface/AddOns/Blizzard_ScriptErrors/Blizzard_ScriptErrors.lua]:59: in function 'GetErrorData'\n[Interface/AddOns/Blizzard_ScriptErrors/Blizzard_ScriptErrors.lua]:72: in function <[Interface/AddOns/Blizzard_ScriptErrors/Blizzard_ScriptErrors.lua]:71>",
    "count": 1
  },
  {
    "message": "IO error reading /syncthing/World of Warcraft/_retail_/Interface/AddOns/DialogueUI/Code/Widget/WidgetManager.lua: No such file or directory (os error 2)\nstack traceback:\n\t(string):1: in main chunk",
    "count": 1
  },
  {
    "message": "Lua Error: IO error reading /syncthing/World of Warcraft/_retail_/Interface/AddOns/DialogueUI/Code/Widget/WidgetManager.lua: No such file or directory (os error 2)\nstack traceback:\n\t(string):1: in main chunk\n[Interface/AddOns/Blizzard_ScriptErrors/Blizzard_ScriptErrors.lua]:59: in function 'GetErrorData'\n[Interface/AddOns/Blizzard_ScriptErrors/Blizzard_ScriptErrors.lua]:72: in function <[Interface/AddOns/Blizzard_ScriptErrors/Blizzard_ScriptErrors.lua]:71>",
    "count": 1
  },
  {
    "message": "@Interface/AddOns/DialogueUI/Code/Core.lua: Lua error: Interface/AddOns/DialogueUI/Code/Core.lua:74: attempt to call field 'AddCustomLinkType' (a nil value)\nstack traceback:\n\t(string):1: in main chunk",
    "count": 1
  },
  {
    "message": "Lua Error: @Interface/AddOns/DialogueUI/Code/Core.lua: Lua error: Interface/AddOns/DialogueUI/Code/Core.lua:74: attempt to call field 'AddCustomLinkType' (a nil value)\nstack traceback:\n\t(string):1: in main chunk\n[Interface/AddOns/Blizzard_ScriptErrors/Blizzard_ScriptErrors.lua]:59: in function 'GetErrorData'\n[Interface/AddOns/Blizzard_ScriptErrors/Blizzard_ScriptErrors.lua]:72: in function <[Interface/AddOns/Blizzard_ScriptErrors/Blizzard_ScriptErrors.lua]:71>",
    "count": 1
  },
  {
    "message": "[OnEvent] frame=#48564 addon=DialogueUI source=@Interface/AddOns/DialogueUI/Initialization.lua:204: Interface/AddOns/DialogueUI/Initialization.lua:137: attempt to index field 'CallbackRegistry' (a nil value)\nstack traceback:\n\t(string):12: in function <(string):12>\n\t[C]: in function 'native_xpcall'\n\t(string):11: in function <(string):10>\n\tInterface/AddOns/DialogueUI/Initialization.lua:137: in function 'SetDBValue'\n\tInterface/AddOns/DialogueUI/Initialization.lua:177: in function 'LoadDatabase'\n\tInterface/AddOns/DialogueUI/Initialization.lua:209: in function <Interface/AddOns/DialogueUI/Initialization.lua:204>\n\t(tail call): ?\n\t(tail call): ?\n\t[C]: in function 'native_xpcall'\n\t(string):8: in function <(string):5>\n\t(tail call): ?",
    "count": 2
  },
  {
    "message": "Lua Error: [OnEvent] frame=#48564 addon=DialogueUI source=@Interface/AddOns/DialogueUI/Initialization.lua:204: Interface/AddOns/DialogueUI/Initialization.lua:137: attempt to index field 'CallbackRegistry' (a nil value)\nstack traceback:\n\t(string):12: in function <(string):12>\n\t[C]: in function 'native_xpcall'\n\t(string):11: in function <(string):10>\n\tInterface/AddOns/DialogueUI/Initialization.lua:137: in function 'SetDBValue'\n\tInterface/AddOns/DialogueUI/Initialization.lua:177: in function 'LoadDatabase'\n\tInterface/AddOns/DialogueUI/Initialization.lua:209: in function <Interface/AddOns/DialogueUI/Initialization.lua:204>\n\t(tail call): ?\n\t(tail call): ?\n\t[C]: in function 'native_xpcall'\n\t(string):8: in function <(string):5>\n\t(tail call): ?\n[Interface/AddOns/Blizzard_ScriptErrors/Blizzard_ScriptErrors.lua]:59: in function 'GetErrorData'\n[Interface/AddOns/Blizzard_ScriptErrors/Blizzard_ScriptErrors.lua]:72: in function <[Interface/AddOns/Blizzard_ScriptErrors/Blizzard_ScriptErrors.lua]:71>",
    "count": 2
  },
  {
    "message": "EXBOSS-LocaleBase missing required TOC dependencies: ExwindCore, EXBossData",
    "count": 1
  },
  {
    "message": "EllesmereUICooldownManager missing required TOC dependencies: EllesmereUI",
    "count": 1
  },
  {
    "message": "IO error reading /syncthing/World of Warcraft/_retail_/Interface/AddOns/EnhanceQoL/libs/AceLocale-3.0/AceLocale-3.0.lua: No such file or directory (os error 2)\nstack traceback:\n\t(string):1: in main chunk",
    "count": 1
  },
  {
    "message": "Lua Error: IO error reading /syncthing/World of Warcraft/_retail_/Interface/AddOns/EnhanceQoL/libs/AceLocale-3.0/AceLocale-3.0.lua: No such file or directory (os error 2)\nstack traceback:\n\t(string):1: in main chunk\n[Interface/AddOns/Blizzard_ScriptErrors/Blizzard_ScriptErrors.lua]:59: in function 'GetErrorData'\n[Interface/AddOns/Blizzard_ScriptErrors/Blizzard_ScriptErrors.lua]:72: in function <[Interface/AddOns/Blizzard_ScriptErrors/Blizzard_ScriptErrors.lua]:71>",
    "count": 1
  },
  {
    "message": "@Interface/AddOns/EnhanceQoL/Init.lua: Lua error: Interface/AddOns/EnhanceQoL/Init.lua:70: Cannot find a library instance of \"AceLocale-3.0\".\nstack traceback:\n\t(string):1: in main chunk",
    "count": 1
  },
  {
    "message": "Lua Error: @Interface/AddOns/EnhanceQoL/Init.lua: Lua error: Interface/AddOns/EnhanceQoL/Init.lua:70: Cannot find a library instance of \"AceLocale-3.0\".\nstack traceback:\n\t(string):1: in main chunk\n[Interface/AddOns/Blizzard_ScriptErrors/Blizzard_ScriptErrors.lua]:59: in function 'GetErrorData'\n[Interface/AddOns/Blizzard_ScriptErrors/Blizzard_ScriptErrors.lua]:72: in function <[Interface/AddOns/Blizzard_ScriptErrors/Blizzard_ScriptErrors.lua]:71>",
    "count": 1
  },
  {
    "message": "IO error reading /syncthing/World of Warcraft/_retail_/Interface/AddOns/EnhanceQoL/libs/LibDeflate/LibDeflate.lua: No such file or directory (os error 2)\nstack traceback:\n\t(string):1: in main chunk",
    "count": 1
  },
  {
    "message": "Lua Error: IO error reading /syncthing/World of Warcraft/_retail_/Interface/AddOns/EnhanceQoL/libs/LibDeflate/LibDeflate.lua: No such file or directory (os error 2)\nstack traceback:\n\t(string):1: in main chunk\n[Interface/AddOns/Blizzard_ScriptErrors/Blizzard_ScriptErrors.lua]:59: in function 'GetErrorData'\n[Interface/AddOns/Blizzard_ScriptErrors/Blizzard_ScriptErrors.lua]:72: in function <[Interface/AddOns/Blizzard_ScriptErrors/Blizzard_ScriptErrors.lua]:71>",
    "count": 1
  },
  {
    "message": "IO error reading /syncthing/World of Warcraft/_retail_/Interface/AddOns/EnhanceQoL/libs/LibSettingsDesigner/LibSettingsDesignerUI.lua: No such file or directory (os error 2)\nstack traceback:\n\t(string):1: in main chunk",
    "count": 1
  },
  {
    "message": "Lua Error: IO error reading /syncthing/World of Warcraft/_retail_/Interface/AddOns/EnhanceQoL/libs/LibSettingsDesigner/LibSettingsDesignerUI.lua: No such file or directory (os error 2)\nstack traceback:\n\t(string):1: in main chunk\n[Interface/AddOns/Blizzard_ScriptErrors/Blizzard_ScriptErrors.lua]:59: in function 'GetErrorData'\n[Interface/AddOns/Blizzard_ScriptErrors/Blizzard_ScriptErrors.lua]:72: in function <[Interface/AddOns/Blizzard_ScriptErrors/Blizzard_ScriptErrors.lua]:71>",
    "count": 1
  },
  {
    "message": "@Interface/AddOns/EnhanceQoL/Core/EditMode.lua: Lua error: EnhanceQoL Edit Mode integration is not loaded\nstack traceback:\n\t(string):1: in main chunk",
    "count": 1
  },
  {
    "message": "Lua Error: @Interface/AddOns/EnhanceQoL/Core/EditMode.lua: Lua error: EnhanceQoL Edit Mode integration is not loaded\nstack traceback:\n\t(string):1: in main chunk\n[Interface/AddOns/Blizzard_ScriptErrors/Blizzard_ScriptErrors.lua]:59: in function 'GetErrorData'\n[Interface/AddOns/Blizzard_ScriptErrors/Blizzard_ScriptErrors.lua]:72: in function <[Interface/AddOns/Blizzard_ScriptErrors/Blizzard_ScriptErrors.lua]:71>",
    "count": 1
  },
  {
    "message": "@Interface/AddOns/EnhanceQoL/Core/SharedAnchors.lua: Lua error: Interface/AddOns/EnhanceQoL/Core/SharedAnchors.lua:14: Cannot find a library instance of \"AceLocale-3.0\".\nstack traceback:\n\t(string):1: in main chunk",
    "count": 1
  },
  {
    "message": "Lua Error: @Interface/AddOns/EnhanceQoL/Core/SharedAnchors.lua: Lua error: Interface/AddOns/EnhanceQoL/Core/SharedAnchors.lua:14: Cannot find a library instance of \"AceLocale-3.0\".\nstack traceback:\n\t(string):1: in main chunk\n[Interface/AddOns/Blizzard_ScriptErrors/Blizzard_ScriptErrors.lua]:59: in function 'GetErrorData'\n[Interface/AddOns/Blizzard_ScriptErrors/Blizzard_ScriptErrors.lua]:72: in function <[Interface/AddOns/Blizzard_ScriptErrors/Blizzard_ScriptErrors.lua]:71>",
    "count": 1
  },
  {
    "message": "@Interface/AddOns/EnhanceQoL/Core/EditModeAnchors.lua: Lua error: Interface/AddOns/EnhanceQoL/Core/EditModeAnchors.lua:8: Cannot find a library instance of \"AceLocale-3.0\".\nstack traceback:\n\t(string):1: in main chunk",
    "count": 1
  },
  {
    "message": "Lua Error: @Interface/AddOns/EnhanceQoL/Core/EditModeAnchors.lua: Lua error: Interface/AddOns/EnhanceQoL/Core/EditModeAnchors.lua:8: Cannot find a library instance of \"AceLocale-3.0\".\nstack traceback:\n\t(string):1: in main chunk\n[Interface/AddOns/Blizzard_ScriptErrors/Blizzard_ScriptErrors.lua]:59: in function 'GetErrorData'\n[Interface/AddOns/Blizzard_ScriptErrors/Blizzard_ScriptErrors.lua]:72: in function <[Interface/AddOns/Blizzard_ScriptErrors/Blizzard_ScriptErrors.lua]:71>",
    "count": 1
  },
  {
    "message": "@Interface/AddOns/EnhanceQoL/Core/EditModeAnchorUI.lua: Lua error: Interface/AddOns/EnhanceQoL/Core/EditModeAnchorUI.lua:6: Cannot find a library instance of \"AceLocale-3.0\".\nstack traceback:\n\t(string):1: in main chunk",
    "count": 1
  },
  {
    "message": "Lua Error: @Interface/AddOns/EnhanceQoL/Core/EditModeAnchorUI.lua: Lua error: Interface/AddOns/EnhanceQoL/Core/EditModeAnchorUI.lua:6: Cannot find a library instance of \"AceLocale-3.0\".\nstack traceback:\n\t(string):1: in main chunk\n[Interface/AddOns/Blizzard_ScriptErrors/Blizzard_ScriptErrors.lua]:59: in function 'GetErrorData'\n[Interface/AddOns/Blizzard_ScriptErrors/Blizzard_ScriptErrors.lua]:72: in function <[Interface/AddOns/Blizzard_ScriptErrors/Blizzard_ScriptErrors.lua]:71>",
    "count": 1
  },
  {
    "message": "@Interface/AddOns/EnhanceQoL/Core/Streams/Stream_Currency.lua: Lua error: ...rface/AddOns/EnhanceQoL/Core/Streams/Stream_Currency.lua:18: attempt to index local 'L' (a nil value)\nstack traceback:\n\t(string):1: in main chunk",
    "count": 1
  },
  {
    "message": "Lua Error: @Interface/AddOns/EnhanceQoL/Core/Streams/Stream_Currency.lua: Lua error: ...rface/AddOns/EnhanceQoL/Core/Streams/Stream_Currency.lua:18: attempt to index local 'L' (a nil value)\nstack traceback:\n\t(string):1: in main chunk\n[Interface/AddOns/Blizzard_ScriptErrors/Blizzard_ScriptErrors.lua]:59: in function 'GetErrorData'\n[Interface/AddOns/Blizzard_ScriptErrors/Blizzard_ScriptErrors.lua]:72: in function <[Interface/AddOns/Blizzard_ScriptErrors/Blizzard_ScriptErrors.lua]:71>",
    "count": 1
  },
  {
    "message": "@Interface/AddOns/EnhanceQoL/Submodules/GemHelper.lua: Lua error: Interface/AddOns/EnhanceQoL/Submodules/GemHelper.lua:3: Cannot find a library instance of \"AceLocale-3.0\".\nstack traceback:\n\t(string):1: in main chunk",
    "count": 1
  },
  {
    "message": "Lua Error: @Interface/AddOns/EnhanceQoL/Submodules/GemHelper.lua: Lua error: Interface/AddOns/EnhanceQoL/Submodules/GemHelper.lua:3: Cannot find a library instance of \"AceLocale-3.0\".\nstack traceback:\n\t(string):1: in main chunk\n[Interface/AddOns/Blizzard_ScriptErrors/Blizzard_ScriptErrors.lua]:59: in function 'GetErrorData'\n[Interface/AddOns/Blizzard_ScriptErrors/Blizzard_ScriptErrors.lua]:72: in function <[Interface/AddOns/Blizzard_ScriptErrors/Blizzard_ScriptErrors.lua]:71>",
    "count": 1
  },
  {
    "message": "@Interface/AddOns/EnhanceQoL/Submodules/MountActions.lua: Lua error: Interface/AddOns/EnhanceQoL/Submodules/MountActions.lua:9: Cannot find a library instance of \"AceLocale-3.0\".\nstack traceback:\n\t(string):1: in main chunk",
    "count": 1
  },
  {
    "message": "Lua Error: @Interface/AddOns/EnhanceQoL/Submodules/MountActions.lua: Lua error: Interface/AddOns/EnhanceQoL/Submodules/MountActions.lua:9: Cannot find a library instance of \"AceLocale-3.0\".\nstack traceback:\n\t(string):1: in main chunk\n[Interface/AddOns/Blizzard_ScriptErrors/Blizzard_ScriptErrors.lua]:59: in function 'GetErrorData'\n[Interface/AddOns/Blizzard_ScriptErrors/Blizzard_ScriptErrors.lua]:72: in function <[Interface/AddOns/Blizzard_ScriptErrors/Blizzard_ScriptErrors.lua]:71>",
    "count": 1
  },
  {
    "message": "@Interface/AddOns/EnhanceQoL/Submodules/ActionTracker.lua: Lua error: Interface/AddOns/EnhanceQoL/Submodules/ActionTracker.lua:13: Cannot find a library instance of \"AceLocale-3.0\".\nstack traceback:\n\t(string):1: in main chunk",
    "count": 1
  },
  {
    "message": "Lua Error: @Interface/AddOns/EnhanceQoL/Submodules/ActionTracker.lua: Lua error: Interface/AddOns/EnhanceQoL/Submodules/ActionTracker.lua:13: Cannot find a library instance of \"AceLocale-3.0\".\nstack traceback:\n\t(string):1: in main chunk\n[Interface/AddOns/Blizzard_ScriptErrors/Blizzard_ScriptErrors.lua]:59: in function 'GetErrorData'\n[Interface/AddOns/Blizzard_ScriptErrors/Blizzard_ScriptErrors.lua]:72: in function <[Interface/AddOns/Blizzard_ScriptErrors/Blizzard_ScriptErrors.lua]:71>",
    "count": 1
  },
  {
    "message": "@Interface/AddOns/EnhanceQoL/Submodules/GroupTools.lua: Lua error: Interface/AddOns/EnhanceQoL/Submodules/GroupTools.lua:14: Cannot find a library instance of \"AceLocale-3.0\".\nstack traceback:\n\t(string):1: in main chunk",
    "count": 1
  },
  {
    "message": "Lua Error: @Interface/AddOns/EnhanceQoL/Submodules/GroupTools.lua: Lua error: Interface/AddOns/EnhanceQoL/Submodules/GroupTools.lua:14: Cannot find a library instance of \"AceLocale-3.0\".\nstack traceback:\n\t(string):1: in main chunk\n[Interface/AddOns/Blizzard_ScriptErrors/Blizzard_ScriptErrors.lua]:59: in function 'GetErrorData'\n[Interface/AddOns/Blizzard_ScriptErrors/Blizzard_ScriptErrors.lua]:72: in function <[Interface/AddOns/Blizzard_ScriptErrors/Blizzard_ScriptErrors.lua]:71>",
    "count": 1
  },
  {
    "message": "IO error reading /syncthing/World of Warcraft/_retail_/Interface/AddOns/EnhanceQoL/Settings/SettingsUI.lua: No such file or directory (os error 2)\nstack traceback:\n\t(string):1: in main chunk",
    "count": 1
  },
  {
    "message": "Lua Error: IO error reading /syncthing/World of Warcraft/_retail_/Interface/AddOns/EnhanceQoL/Settings/SettingsUI.lua: No such file or directory (os error 2)\nstack traceback:\n\t(string):1: in main chunk\n[Interface/AddOns/Blizzard_ScriptErrors/Blizzard_ScriptErrors.lua]:59: in function 'GetErrorData'\n[Interface/AddOns/Blizzard_ScriptErrors/Blizzard_ScriptErrors.lua]:72: in function <[Interface/AddOns/Blizzard_ScriptErrors/Blizzard_ScriptErrors.lua]:71>",
    "count": 1
  },
  {
    "message": "@Interface/AddOns/EnhanceQoL/Modules/Mouse/Mouse.lua: Lua error: Interface/AddOns/EnhanceQoL/Modules/Mouse/Mouse.lua:10: Cannot find a library instance of \"AceLocale-3.0\".\nstack traceback:\n\t(string):1: in main chunk",
    "count": 1
  },
  {
    "message": "Lua Error: @Interface/AddOns/EnhanceQoL/Modules/Mouse/Mouse.lua: Lua error: Interface/AddOns/EnhanceQoL/Modules/Mouse/Mouse.lua:10: Cannot find a library instance of \"AceLocale-3.0\".\nstack traceback:\n\t(string):1: in main chunk\n[Interface/AddOns/Blizzard_ScriptErrors/Blizzard_ScriptErrors.lua]:59: in function 'GetErrorData'\n[Interface/AddOns/Blizzard_ScriptErrors/Blizzard_ScriptErrors.lua]:72: in function <[Interface/AddOns/Blizzard_ScriptErrors/Blizzard_ScriptErrors.lua]:71>",
    "count": 1
  },
  {
    "message": "IO error reading /syncthing/World of Warcraft/_retail_/Interface/AddOns/EnhanceQoL/Modules/Food/Drinks.lua: No such file or directory (os error 2)\nstack traceback:\n\t(string):1: in main chunk",
    "count": 1
  },
  {
    "message": "Lua Error: IO error reading /syncthing/World of Warcraft/_retail_/Interface/AddOns/EnhanceQoL/Modules/Food/Drinks.lua: No such file or directory (os error 2)\nstack traceback:\n\t(string):1: in main chunk\n[Interface/AddOns/Blizzard_ScriptErrors/Blizzard_ScriptErrors.lua]:59: in function 'GetErrorData'\n[Interface/AddOns/Blizzard_ScriptErrors/Blizzard_ScriptErrors.lua]:72: in function <[Interface/AddOns/Blizzard_ScriptErrors/Blizzard_ScriptErrors.lua]:71>",
    "count": 1
  },
  {
    "message": "@Interface/AddOns/InTime/InTime_UI.lua: Lua error: Interface/AddOns/InTime/InTime_UI.lua:131: attempt to index local 'L' (a nil value)\nstack traceback:\n\t(string):1: in main chunk",
    "count": 1
  },
  {
    "message": "Lua Error: @Interface/AddOns/InTime/InTime_UI.lua: Lua error: Interface/AddOns/InTime/InTime_UI.lua:131: attempt to index local 'L' (a nil value)\nstack traceback:\n\t(string):1: in main chunk\n[Interface/AddOns/Blizzard_ScriptErrors/Blizzard_ScriptErrors.lua]:59: in function 'GetErrorData'\n[Interface/AddOns/Blizzard_ScriptErrors/Blizzard_ScriptErrors.lua]:72: in function <[Interface/AddOns/Blizzard_ScriptErrors/Blizzard_ScriptErrors.lua]:71>",
    "count": 1
  },
  {
    "message": "@Interface/AddOns/InTime/InTime_Core.lua: Lua error: Interface/AddOns/InTime/InTime_Core.lua:20: attempt to index local 'L' (a nil value)\nstack traceback:\n\t(string):1: in main chunk",
    "count": 1
  },
  {
    "message": "Lua Error: @Interface/AddOns/InTime/InTime_Core.lua: Lua error: Interface/AddOns/InTime/InTime_Core.lua:20: attempt to index local 'L' (a nil value)\nstack traceback:\n\t(string):1: in main chunk\n[Interface/AddOns/Blizzard_ScriptErrors/Blizzard_ScriptErrors.lua]:59: in function 'GetErrorData'\n[Interface/AddOns/Blizzard_ScriptErrors/Blizzard_ScriptErrors.lua]:72: in function <[Interface/AddOns/Blizzard_ScriptErrors/Blizzard_ScriptErrors.lua]:71>",
    "count": 1
  },
  {
    "message": "@Interface/AddOns/ItemVersion/Locales/enUS.lua: Lua error: Interface/AddOns/ItemVersion/Locales/enUS.lua:6: Cannot find a library instance of \"AceLocale-3.0\".\nstack traceback:\n\t(string):1: in main chunk",
    "count": 1
  },
  {
    "message": "Lua Error: @Interface/AddOns/ItemVersion/Locales/enUS.lua: Lua error: Interface/AddOns/ItemVersion/Locales/enUS.lua:6: Cannot find a library instance of \"AceLocale-3.0\".\nstack traceback:\n\t(string):1: in main chunk\n[Interface/AddOns/Blizzard_ScriptErrors/Blizzard_ScriptErrors.lua]:59: in function 'GetErrorData'\n[Interface/AddOns/Blizzard_ScriptErrors/Blizzard_ScriptErrors.lua]:72: in function <[Interface/AddOns/Blizzard_ScriptErrors/Blizzard_ScriptErrors.lua]:71>",
    "count": 1
  },
  {
    "message": "@Interface/AddOns/ItemVersion/Locales/zhCN.lua: Lua error: Interface/AddOns/ItemVersion/Locales/zhCN.lua:6: Cannot find a library instance of \"AceLocale-3.0\".\nstack traceback:\n\t(string):1: in main chunk",
    "count": 1
  },
  {
    "message": "Lua Error: @Interface/AddOns/ItemVersion/Locales/zhCN.lua: Lua error: Interface/AddOns/ItemVersion/Locales/zhCN.lua:6: Cannot find a library instance of \"AceLocale-3.0\".\nstack traceback:\n\t(string):1: in main chunk\n[Interface/AddOns/Blizzard_ScriptErrors/Blizzard_ScriptErrors.lua]:59: in function 'GetErrorData'\n[Interface/AddOns/Blizzard_ScriptErrors/Blizzard_ScriptErrors.lua]:72: in function <[Interface/AddOns/Blizzard_ScriptErrors/Blizzard_ScriptErrors.lua]:71>",
    "count": 1
  },
  {
    "message": "@Interface/AddOns/ItemVersion/Profile.lua: Lua error: Interface/AddOns/ItemVersion/Profile.lua:3: Cannot find a library instance of \"AceLocale-3.0\".\nstack traceback:\n\t(string):1: in main chunk",
    "count": 1
  },
  {
    "message": "Lua Error: @Interface/AddOns/ItemVersion/Profile.lua: Lua error: Interface/AddOns/ItemVersion/Profile.lua:3: Cannot find a library instance of \"AceLocale-3.0\".\nstack traceback:\n\t(string):1: in main chunk\n[Interface/AddOns/Blizzard_ScriptErrors/Blizzard_ScriptErrors.lua]:59: in function 'GetErrorData'\n[Interface/AddOns/Blizzard_ScriptErrors/Blizzard_ScriptErrors.lua]:72: in function <[Interface/AddOns/Blizzard_ScriptErrors/Blizzard_ScriptErrors.lua]:71>",
    "count": 1
  },
  {
    "message": "@Interface/AddOns/ItemVersion/Expansion.lua: Lua error: Interface/AddOns/ItemVersion/Expansion.lua:3: Cannot find a library instance of \"AceLocale-3.0\".\nstack traceback:\n\t(string):1: in main chunk",
    "count": 1
  },
  {
    "message": "Lua Error: @Interface/AddOns/ItemVersion/Expansion.lua: Lua error: Interface/AddOns/ItemVersion/Expansion.lua:3: Cannot find a library instance of \"AceLocale-3.0\".\nstack traceback:\n\t(string):1: in main chunk\n[Interface/AddOns/Blizzard_ScriptErrors/Blizzard_ScriptErrors.lua]:59: in function 'GetErrorData'\n[Interface/AddOns/Blizzard_ScriptErrors/Blizzard_ScriptErrors.lua]:72: in function <[Interface/AddOns/Blizzard_ScriptErrors/Blizzard_ScriptErrors.lua]:71>",
    "count": 1
  },
  {
    "message": "@Interface/AddOns/ItemVersion/Options.lua: Lua error: Interface/AddOns/ItemVersion/Options.lua:3: Cannot find a library instance of \"AceLocale-3.0\".\nstack traceback:\n\t(string):1: in main chunk",
    "count": 1
  },
  {
    "message": "Lua Error: @Interface/AddOns/ItemVersion/Options.lua: Lua error: Interface/AddOns/ItemVersion/Options.lua:3: Cannot find a library instance of \"AceLocale-3.0\".\nstack traceback:\n\t(string):1: in main chunk\n[Interface/AddOns/Blizzard_ScriptErrors/Blizzard_ScriptErrors.lua]:59: in function 'GetErrorData'\n[Interface/AddOns/Blizzard_ScriptErrors/Blizzard_ScriptErrors.lua]:72: in function <[Interface/AddOns/Blizzard_ScriptErrors/Blizzard_ScriptErrors.lua]:71>",
    "count": 1
  },
  {
    "message": "@Interface/AddOns/ItemVersion/SlashCommands.lua: Lua error: Interface/AddOns/ItemVersion/SlashCommands.lua:3: Cannot find a library instance of \"AceLocale-3.0\".\nstack traceback:\n\t(string):1: in main chunk",
    "count": 1
  },
  {
    "message": "Lua Error: @Interface/AddOns/ItemVersion/SlashCommands.lua: Lua error: Interface/AddOns/ItemVersion/SlashCommands.lua:3: Cannot find a library instance of \"AceLocale-3.0\".\nstack traceback:\n\t(string):1: in main chunk\n[Interface/AddOns/Blizzard_ScriptErrors/Blizzard_ScriptErrors.lua]:59: in function 'GetErrorData'\n[Interface/AddOns/Blizzard_ScriptErrors/Blizzard_ScriptErrors.lua]:72: in function <[Interface/AddOns/Blizzard_ScriptErrors/Blizzard_ScriptErrors.lua]:71>",
    "count": 1
  },
  {
    "message": "@Interface/AddOns/Leatrix_Plus/Leatrix_Plus_Media.lua: Lua error: Interface/AddOns/Leatrix_Plus/Leatrix_Plus_Media.lua:10: attempt to index local 'L' (a nil value)\nstack traceback:\n\t(string):1: in main chunk",
    "count": 1
  },
  {
    "message": "Lua Error: @Interface/AddOns/Leatrix_Plus/Leatrix_Plus_Media.lua: Lua error: Interface/AddOns/Leatrix_Plus/Leatrix_Plus_Media.lua:10: attempt to index local 'L' (a nil value)\nstack traceback:\n\t(string):1: in main chunk\n[Interface/AddOns/Blizzard_ScriptErrors/Blizzard_ScriptErrors.lua]:59: in function 'GetErrorData'\n[Interface/AddOns/Blizzard_ScriptErrors/Blizzard_ScriptErrors.lua]:72: in function <[Interface/AddOns/Blizzard_ScriptErrors/Blizzard_ScriptErrors.lua]:71>",
    "count": 1
  },
  {
    "message": "@Interface/AddOns/Leatrix_Plus/Leatrix_Plus.lua: Lua error: Interface/AddOns/Leatrix_Plus/Leatrix_Plus.lua:61: attempt to index local 'L' (a nil value)\nstack traceback:\n\t(string):1: in main chunk",
    "count": 1
  },
  {
    "message": "Lua Error: @Interface/AddOns/Leatrix_Plus/Leatrix_Plus.lua: Lua error: Interface/AddOns/Leatrix_Plus/Leatrix_Plus.lua:61: attempt to index local 'L' (a nil value)\nstack traceback:\n\t(string):1: in main chunk\n[Interface/AddOns/Blizzard_ScriptErrors/Blizzard_ScriptErrors.lua]:59: in function 'GetErrorData'\n[Interface/AddOns/Blizzard_ScriptErrors/Blizzard_ScriptErrors.lua]:72: in function <[Interface/AddOns/Blizzard_ScriptErrors/Blizzard_ScriptErrors.lua]:71>",
    "count": 1
  },
  {
    "message": "@Interface/AddOns/Plumber/Locales/enUS.lua: Lua error: Interface/AddOns/Plumber/Locales/enUS.lua:17: attempt to index local 'L' (a nil value)\nstack traceback:\n\t(string):1: in main chunk",
    "count": 1
  },
  {
    "message": "Lua Error: @Interface/AddOns/Plumber/Locales/enUS.lua: Lua error: Interface/AddOns/Plumber/Locales/enUS.lua:17: attempt to index local 'L' (a nil value)\nstack traceback:\n\t(string):1: in main chunk\n[Interface/AddOns/Blizzard_ScriptErrors/Blizzard_ScriptErrors.lua]:59: in function 'GetErrorData'\n[Interface/AddOns/Blizzard_ScriptErrors/Blizzard_ScriptErrors.lua]:72: in function <[Interface/AddOns/Blizzard_ScriptErrors/Blizzard_ScriptErrors.lua]:71>",
    "count": 1
  },
  {
    "message": "@Interface/AddOns/Plumber/Modules/Shared/SharedData.lua: Lua error: Interface/AddOns/Plumber/Modules/Shared/SharedData.lua:51: attempt to index local 'L' (a nil value)\nstack traceback:\n\t(string):1: in main chunk",
    "count": 1
  },
  {
    "message": "Lua Error: @Interface/AddOns/Plumber/Modules/Shared/SharedData.lua: Lua error: Interface/AddOns/Plumber/Modules/Shared/SharedData.lua:51: attempt to index local 'L' (a nil value)\nstack traceback:\n\t(string):1: in main chunk\n[Interface/AddOns/Blizzard_ScriptErrors/Blizzard_ScriptErrors.lua]:59: in function 'GetErrorData'\n[Interface/AddOns/Blizzard_ScriptErrors/Blizzard_ScriptErrors.lua]:72: in function <[Interface/AddOns/Blizzard_ScriptErrors/Blizzard_ScriptErrors.lua]:71>",
    "count": 1
  },
  {
    "message": "IO error loading /syncthing/World of Warcraft/_retail_/Interface/AddOns/Plumber/Modules/Shared/SharedWidgets.xml: No such file or directory (os error 2)\nstack traceback:\n\t(string):1: in main chunk",
    "count": 1
  },
  {
    "message": "Lua Error: IO error loading /syncthing/World of Warcraft/_retail_/Interface/AddOns/Plumber/Modules/Shared/SharedWidgets.xml: No such file or directory (os error 2)\nstack traceback:\n\t(string):1: in main chunk\n[Interface/AddOns/Blizzard_ScriptErrors/Blizzard_ScriptErrors.lua]:59: in function 'GetErrorData'\n[Interface/AddOns/Blizzard_ScriptErrors/Blizzard_ScriptErrors.lua]:72: in function <[Interface/AddOns/Blizzard_ScriptErrors/Blizzard_ScriptErrors.lua]:71>",
    "count": 1
  },
  {
    "message": "XML error: IO error loading /syncthing/World of Warcraft/_retail_/Interface/AddOns/Plumber/Modules/Shared/SharedWidgets.xml: No such file or directory (os error 2)\nstack traceback:\n\t(string):1: in main chunk",
    "count": 1
  },
  {
    "message": "Lua Error: XML error: IO error loading /syncthing/World of Warcraft/_retail_/Interface/AddOns/Plumber/Modules/Shared/SharedWidgets.xml: No such file or directory (os error 2)\nstack traceback:\n\t(string):1: in main chunk\n[Interface/AddOns/Blizzard_ScriptErrors/Blizzard_ScriptErrors.lua]:59: in function 'GetErrorData'\n[Interface/AddOns/Blizzard_ScriptErrors/Blizzard_ScriptErrors.lua]:72: in function <[Interface/AddOns/Blizzard_ScriptErrors/Blizzard_ScriptErrors.lua]:71>",
    "count": 1
  },
  {
    "message": "@Interface/AddOns/Plumber/Modules/ScenarioTracker.lua: Lua error: Interface/AddOns/Plumber/Modules/ScenarioTracker.lua:150: attempt to index local 'API' (a nil value)\nstack traceback:\n\t(string):1: in main chunk",
    "count": 1
  },
  {
    "message": "Lua Error: @Interface/AddOns/Plumber/Modules/ScenarioTracker.lua: Lua error: Interface/AddOns/Plumber/Modules/ScenarioTracker.lua:150: attempt to index local 'API' (a nil value)\nstack traceback:\n\t(string):1: in main chunk\n[Interface/AddOns/Blizzard_ScriptErrors/Blizzard_ScriptErrors.lua]:59: in function 'GetErrorData'\n[Interface/AddOns/Blizzard_ScriptErrors/Blizzard_ScriptErrors.lua]:72: in function <[Interface/AddOns/Blizzard_ScriptErrors/Blizzard_ScriptErrors.lua]:71>",
    "count": 1
  },
  {
    "message": "IO error reading /syncthing/World of Warcraft/_retail_/Interface/AddOns/Plumber/Modules/ControlCenter/Preload.lua: No such file or directory (os error 2)\nstack traceback:\n\t(string):1: in main chunk",
    "count": 1
  },
  {
    "message": "Lua Error: IO error reading /syncthing/World of Warcraft/_retail_/Interface/AddOns/Plumber/Modules/ControlCenter/Preload.lua: No such file or directory (os error 2)\nstack traceback:\n\t(string):1: in main chunk\n[Interface/AddOns/Blizzard_ScriptErrors/Blizzard_ScriptErrors.lua]:59: in function 'GetErrorData'\n[Interface/AddOns/Blizzard_ScriptErrors/Blizzard_ScriptErrors.lua]:72: in function <[Interface/AddOns/Blizzard_ScriptErrors/Blizzard_ScriptErrors.lua]:71>",
    "count": 1
  },
  {
    "message": "@Interface/AddOns/Plumber/Modules/Macros.lua: Lua error: Interface/AddOns/Plumber/Modules/Macros.lua:47: attempt to index local 'API' (a nil value)\nstack traceback:\n\t(string):1: in main chunk",
    "count": 1
  },
  {
    "message": "Lua Error: @Interface/AddOns/Plumber/Modules/Macros.lua: Lua error: Interface/AddOns/Plumber/Modules/Macros.lua:47: attempt to index local 'API' (a nil value)\nstack traceback:\n\t(string):1: in main chunk\n[Interface/AddOns/Blizzard_ScriptErrors/Blizzard_ScriptErrors.lua]:59: in function 'GetErrorData'\n[Interface/AddOns/Blizzard_ScriptErrors/Blizzard_ScriptErrors.lua]:72: in function <[Interface/AddOns/Blizzard_ScriptErrors/Blizzard_ScriptErrors.lua]:71>",
    "count": 1
  },
  {
    "message": "@Interface/AddOns/Plumber/Modules/BackpackItemTracker.lua: Lua error: Interface/AddOns/Plumber/Modules/BackpackItemTracker.lua:20: attempt to index local 'API' (a nil value)\nstack traceback:\n\t(string):1: in main chunk",
    "count": 1
  },
  {
    "message": "Lua Error: @Interface/AddOns/Plumber/Modules/BackpackItemTracker.lua: Lua error: Interface/AddOns/Plumber/Modules/BackpackItemTracker.lua:20: attempt to index local 'API' (a nil value)\nstack traceback:\n\t(string):1: in main chunk\n[Interface/AddOns/Blizzard_ScriptErrors/Blizzard_ScriptErrors.lua]:59: in function 'GetErrorData'\n[Interface/AddOns/Blizzard_ScriptErrors/Blizzard_ScriptErrors.lua]:72: in function <[Interface/AddOns/Blizzard_ScriptErrors/Blizzard_ScriptErrors.lua]:71>",
    "count": 1
  },
  {
    "message": "@Interface/AddOns/Plumber/Modules/AutoJoinEvents.lua: Lua error: Interface/AddOns/Plumber/Modules/AutoJoinEvents.lua:7: attempt to index field 'API' (a nil value)\nstack traceback:\n\t(string):1: in main chunk",
    "count": 1
  },
  {
    "message": "Lua Error: @Interface/AddOns/Plumber/Modules/AutoJoinEvents.lua: Lua error: Interface/AddOns/Plumber/Modules/AutoJoinEvents.lua:7: attempt to index field 'API' (a nil value)\nstack traceback:\n\t(string):1: in main chunk\n[Interface/AddOns/Blizzard_ScriptErrors/Blizzard_ScriptErrors.lua]:59: in function 'GetErrorData'\n[Interface/AddOns/Blizzard_ScriptErrors/Blizzard_ScriptErrors.lua]:72: in function <[Interface/AddOns/Blizzard_ScriptErrors/Blizzard_ScriptErrors.lua]:71>",
    "count": 1
  },
  {
    "message": "@Interface/AddOns/Plumber/Modules/PlayerChoiceFrameToken.lua: Lua error: Interface/AddOns/Plumber/Modules/PlayerChoiceFrameToken.lua:5: attempt to index field 'API' (a nil value)\nstack traceback:\n\t(string):1: in main chunk",
    "count": 1
  },
  {
    "message": "Lua Error: @Interface/AddOns/Plumber/Modules/PlayerChoiceFrameToken.lua: Lua error: Interface/AddOns/Plumber/Modules/PlayerChoiceFrameToken.lua:5: attempt to index field 'API' (a nil value)\nstack traceback:\n\t(string):1: in main chunk\n[Interface/AddOns/Blizzard_ScriptErrors/Blizzard_ScriptErrors.lua]:59: in function 'GetErrorData'\n[Interface/AddOns/Blizzard_ScriptErrors/Blizzard_ScriptErrors.lua]:72: in function <[Interface/AddOns/Blizzard_ScriptErrors/Blizzard_ScriptErrors.lua]:71>",
    "count": 1
  },
  {
    "message": "@Interface/AddOns/Plumber/Modules/QuickSlot.lua: Lua error: Interface/AddOns/Plumber/Modules/QuickSlot.lua:4: attempt to index local 'API' (a nil value)\nstack traceback:\n\t(string):1: in main chunk",
    "count": 1
  },
  {
    "message": "Lua Error: @Interface/AddOns/Plumber/Modules/QuickSlot.lua: Lua error: Interface/AddOns/Plumber/Modules/QuickSlot.lua:4: attempt to index local 'API' (a nil value)\nstack traceback:\n\t(string):1: in main chunk\n[Interface/AddOns/Blizzard_ScriptErrors/Blizzard_ScriptErrors.lua]:59: in function 'GetErrorData'\n[Interface/AddOns/Blizzard_ScriptErrors/Blizzard_ScriptErrors.lua]:72: in function <[Interface/AddOns/Blizzard_ScriptErrors/Blizzard_ScriptErrors.lua]:71>",
    "count": 1
  },
  {
    "message": "@Interface/AddOns/Plumber/Modules/RareAnnouncement.lua: Lua error: Interface/AddOns/Plumber/Modules/RareAnnouncement.lua:6: attempt to index local 'API' (a nil value)\nstack traceback:\n\t(string):1: in main chunk",
    "count": 1
  },
  {
    "message": "Lua Error: @Interface/AddOns/Plumber/Modules/RareAnnouncement.lua: Lua error: Interface/AddOns/Plumber/Modules/RareAnnouncement.lua:6: attempt to index local 'API' (a nil value)\nstack traceback:\n\t(string):1: in main chunk\n[Interface/AddOns/Blizzard_ScriptErrors/Blizzard_ScriptErrors.lua]:59: in function 'GetErrorData'\n[Interface/AddOns/Blizzard_ScriptErrors/Blizzard_ScriptErrors.lua]:72: in function <[Interface/AddOns/Blizzard_ScriptErrors/Blizzard_ScriptErrors.lua]:71>",
    "count": 1
  },
  {
    "message": "@Interface/AddOns/Plumber/Modules/MerchantPrice.lua: Lua error: Interface/AddOns/Plumber/Modules/MerchantPrice.lua:27: attempt to index local 'API' (a nil value)\nstack traceback:\n\t(string):1: in main chunk",
    "count": 1
  },
  {
    "message": "Lua Error: @Interface/AddOns/Plumber/Modules/MerchantPrice.lua: Lua error: Interface/AddOns/Plumber/Modules/MerchantPrice.lua:27: attempt to index local 'API' (a nil value)\nstack traceback:\n\t(string):1: in main chunk\n[Interface/AddOns/Blizzard_ScriptErrors/Blizzard_ScriptErrors.lua]:59: in function 'GetErrorData'\n[Interface/AddOns/Blizzard_ScriptErrors/Blizzard_ScriptErrors.lua]:72: in function <[Interface/AddOns/Blizzard_ScriptErrors/Blizzard_ScriptErrors.lua]:71>",
    "count": 1
  },
  {
    "message": "@Interface/AddOns/Plumber/Modules/DelvesAutomation.lua: Lua error: Interface/AddOns/Plumber/Modules/DelvesAutomation.lua:75: attempt to index field 'L' (a nil value)\nstack traceback:\n\t(string):1: in main chunk",
    "count": 1
  },
  {
    "message": "Lua Error: @Interface/AddOns/Plumber/Modules/DelvesAutomation.lua: Lua error: Interface/AddOns/Plumber/Modules/DelvesAutomation.lua:75: attempt to index field 'L' (a nil value)\nstack traceback:\n\t(string):1: in main chunk\n[Interface/AddOns/Blizzard_ScriptErrors/Blizzard_ScriptErrors.lua]:59: in function 'GetErrorData'\n[Interface/AddOns/Blizzard_ScriptErrors/Blizzard_ScriptErrors.lua]:72: in function <[Interface/AddOns/Blizzard_ScriptErrors/Blizzard_ScriptErrors.lua]:71>",
    "count": 1
  },
  {
    "message": "IO error reading /syncthing/World of Warcraft/_retail_/Interface/AddOns/Plumber/Modules/GameTooltip_Core.lua: No such file or directory (os error 2)\nstack traceback:\n\t(string):1: in main chunk",
    "count": 1
  },
  {
    "message": "Lua Error: IO error reading /syncthing/World of Warcraft/_retail_/Interface/AddOns/Plumber/Modules/GameTooltip_Core.lua: No such file or directory (os error 2)\nstack traceback:\n\t(string):1: in main chunk\n[Interface/AddOns/Blizzard_ScriptErrors/Blizzard_ScriptErrors.lua]:59: in function 'GetErrorData'\n[Interface/AddOns/Blizzard_ScriptErrors/Blizzard_ScriptErrors.lua]:72: in function <[Interface/AddOns/Blizzard_ScriptErrors/Blizzard_ScriptErrors.lua]:71>",
    "count": 1
  },
  {
    "message": "@Interface/AddOns/Plumber/Modules/UnderlightAngler.lua: Lua error: Interface/AddOns/Plumber/Modules/UnderlightAngler.lua:69: attempt to index field 'L' (a nil value)\nstack traceback:\n\t(string):1: in main chunk",
    "count": 1
  },
  {
    "message": "Lua Error: @Interface/AddOns/Plumber/Modules/UnderlightAngler.lua: Lua error: Interface/AddOns/Plumber/Modules/UnderlightAngler.lua:69: attempt to index field 'L' (a nil value)\nstack traceback:\n\t(string):1: in main chunk\n[Interface/AddOns/Blizzard_ScriptErrors/Blizzard_ScriptErrors.lua]:59: in function 'GetErrorData'\n[Interface/AddOns/Blizzard_ScriptErrors/Blizzard_ScriptErrors.lua]:72: in function <[Interface/AddOns/Blizzard_ScriptErrors/Blizzard_ScriptErrors.lua]:71>",
    "count": 1
  },
  {
    "message": "@Interface/AddOns/Plumber/Modules/ChatOptions.lua: Lua error: Interface/AddOns/Plumber/Modules/ChatOptions.lua:205: attempt to index local 'API' (a nil value)\nstack traceback:\n\t(string):1: in main chunk",
    "count": 1
  },
  {
    "message": "Lua Error: @Interface/AddOns/Plumber/Modules/ChatOptions.lua: Lua error: Interface/AddOns/Plumber/Modules/ChatOptions.lua:205: attempt to index local 'API' (a nil value)\nstack traceback:\n\t(string):1: in main chunk\n[Interface/AddOns/Blizzard_ScriptErrors/Blizzard_ScriptErrors.lua]:59: in function 'GetErrorData'\n[Interface/AddOns/Blizzard_ScriptErrors/Blizzard_ScriptErrors.lua]:72: in function <[Interface/AddOns/Blizzard_ScriptErrors/Blizzard_ScriptErrors.lua]:71>",
    "count": 1
  },
  {
    "message": "IO error reading /syncthing/World of Warcraft/_retail_/Interface/AddOns/Plumber/Modules/StaticPopup_QuestItemDestroyAlert.lua: No such file or directory (os error 2)\nstack traceback:\n\t(string):1: in main chunk",
    "count": 1
  },
  {
    "message": "Lua Error: IO error reading /syncthing/World of Warcraft/_retail_/Interface/AddOns/Plumber/Modules/StaticPopup_QuestItemDestroyAlert.lua: No such file or directory (os error 2)\nstack traceback:\n\t(string):1: in main chunk\n[Interface/AddOns/Blizzard_ScriptErrors/Blizzard_ScriptErrors.lua]:59: in function 'GetErrorData'\n[Interface/AddOns/Blizzard_ScriptErrors/Blizzard_ScriptErrors.lua]:72: in function <[Interface/AddOns/Blizzard_ScriptErrors/Blizzard_ScriptErrors.lua]:71>",
    "count": 1
  },
  {
    "message": "@Interface/AddOns/Plumber/Modules/ProfessionsBook.lua: Lua error: Interface/AddOns/Plumber/Modules/ProfessionsBook.lua:7: attempt to index field 'GameTooltipManager' (a nil value)\nstack traceback:\n\t(string):1: in main chunk",
    "count": 1
  },
  {
    "message": "Lua Error: @Interface/AddOns/Plumber/Modules/ProfessionsBook.lua: Lua error: Interface/AddOns/Plumber/Modules/ProfessionsBook.lua:7: attempt to index field 'GameTooltipManager' (a nil value)\nstack traceback:\n\t(string):1: in main chunk\n[Interface/AddOns/Blizzard_ScriptErrors/Blizzard_ScriptErrors.lua]:59: in function 'GetErrorData'\n[Interface/AddOns/Blizzard_ScriptErrors/Blizzard_ScriptErrors.lua]:72: in function <[Interface/AddOns/Blizzard_ScriptErrors/Blizzard_ScriptErrors.lua]:71>",
    "count": 1
  },
  {
    "message": "@Interface/AddOns/Plumber/Modules/HolidayDungeon.lua: Lua error: Interface/AddOns/Plumber/Modules/HolidayDungeon.lua:90: attempt to index field 'L' (a nil value)\nstack traceback:\n\t(string):1: in main chunk",
    "count": 1
  },
  {
    "message": "Lua Error: @Interface/AddOns/Plumber/Modules/HolidayDungeon.lua: Lua error: Interface/AddOns/Plumber/Modules/HolidayDungeon.lua:90: attempt to index field 'L' (a nil value)\nstack traceback:\n\t(string):1: in main chunk\n[Interface/AddOns/Blizzard_ScriptErrors/Blizzard_ScriptErrors.lua]:59: in function 'GetErrorData'\n[Interface/AddOns/Blizzard_ScriptErrors/Blizzard_ScriptErrors.lua]:72: in function <[Interface/AddOns/Blizzard_ScriptErrors/Blizzard_ScriptErrors.lua]:71>",
    "count": 1
  },
  {
    "message": "@Interface/AddOns/Plumber/Modules/SourceAchievementLink.lua: Lua error: Interface/AddOns/Plumber/Modules/SourceAchievementLink.lua:6: attempt to index local 'API' (a nil value)\nstack traceback:\n\t(string):1: in main chunk",
    "count": 1
  },
  {
    "message": "Lua Error: @Interface/AddOns/Plumber/Modules/SourceAchievementLink.lua: Lua error: Interface/AddOns/Plumber/Modules/SourceAchievementLink.lua:6: attempt to index local 'API' (a nil value)\nstack traceback:\n\t(string):1: in main chunk\n[Interface/AddOns/Blizzard_ScriptErrors/Blizzard_ScriptErrors.lua]:59: in function 'GetErrorData'\n[Interface/AddOns/Blizzard_ScriptErrors/Blizzard_ScriptErrors.lua]:72: in function <[Interface/AddOns/Blizzard_ScriptErrors/Blizzard_ScriptErrors.lua]:71>",
    "count": 1
  },
  {
    "message": "@Interface/AddOns/Plumber/Modules/OutfitSelect.lua: Lua error: Interface/AddOns/Plumber/Modules/OutfitSelect.lua:4: attempt to index field 'CooldownUtil' (a nil value)\nstack traceback:\n\t(string):1: in main chunk",
    "count": 1
  },
  {
    "message": "Lua Error: @Interface/AddOns/Plumber/Modules/OutfitSelect.lua: Lua error: Interface/AddOns/Plumber/Modules/OutfitSelect.lua:4: attempt to index field 'CooldownUtil' (a nil value)\nstack traceback:\n\t(string):1: in main chunk\n[Interface/AddOns/Blizzard_ScriptErrors/Blizzard_ScriptErrors.lua]:59: in function 'GetErrorData'\n[Interface/AddOns/Blizzard_ScriptErrors/Blizzard_ScriptErrors.lua]:72: in function <[Interface/AddOns/Blizzard_ScriptErrors/Blizzard_ScriptErrors.lua]:71>",
    "count": 1
  },
  {
    "message": "@Interface/AddOns/Plumber/Modules/CatalystUI.lua: Lua error: Interface/AddOns/Plumber/Modules/CatalystUI.lua:178: attempt to index field 'L' (a nil value)\nstack traceback:\n\t(string):1: in main chunk",
    "count": 1
  },
  {
    "message": "Lua Error: @Interface/AddOns/Plumber/Modules/CatalystUI.lua: Lua error: Interface/AddOns/Plumber/Modules/CatalystUI.lua:178: attempt to index field 'L' (a nil value)\nstack traceback:\n\t(string):1: in main chunk\n[Interface/AddOns/Blizzard_ScriptErrors/Blizzard_ScriptErrors.lua]:59: in function 'GetErrorData'\n[Interface/AddOns/Blizzard_ScriptErrors/Blizzard_ScriptErrors.lua]:72: in function <[Interface/AddOns/Blizzard_ScriptErrors/Blizzard_ScriptErrors.lua]:71>",
    "count": 1
  },
  {
    "message": "@Interface/AddOns/Plumber/Modules/HuntTable.lua: Lua error: Interface/AddOns/Plumber/Modules/HuntTable.lua:3: attempt to index field 'API' (a nil value)\nstack traceback:\n\t(string):1: in main chunk",
    "count": 1
  },
  {
    "message": "Lua Error: @Interface/AddOns/Plumber/Modules/HuntTable.lua: Lua error: Interface/AddOns/Plumber/Modules/HuntTable.lua:3: attempt to index field 'API' (a nil value)\nstack traceback:\n\t(string):1: in main chunk\n[Interface/AddOns/Blizzard_ScriptErrors/Blizzard_ScriptErrors.lua]:59: in function 'GetErrorData'\n[Interface/AddOns/Blizzard_ScriptErrors/Blizzard_ScriptErrors.lua]:72: in function <[Interface/AddOns/Blizzard_ScriptErrors/Blizzard_ScriptErrors.lua]:71>",
    "count": 1
  },
  {
    "message": "@Interface/AddOns/Plumber/Modules/TransmogRestorePending.lua: Lua error: Interface/AddOns/Plumber/Modules/TransmogRestorePending.lua:840: attempt to index local 'L' (a nil value)\nstack traceback:\n\t(string):1: in main chunk",
    "count": 1
  },
  {
    "message": "Lua Error: @Interface/AddOns/Plumber/Modules/TransmogRestorePending.lua: Lua error: Interface/AddOns/Plumber/Modules/TransmogRestorePending.lua:840: attempt to index local 'L' (a nil value)\nstack traceback:\n\t(string):1: in main chunk\n[Interface/AddOns/Blizzard_ScriptErrors/Blizzard_ScriptErrors.lua]:59: in function 'GetErrorData'\n[Interface/AddOns/Blizzard_ScriptErrors/Blizzard_ScriptErrors.lua]:72: in function <[Interface/AddOns/Blizzard_ScriptErrors/Blizzard_ScriptErrors.lua]:71>",
    "count": 1
  },
  {
    "message": "@Interface/AddOns/SavedInstances/Init.lua: Lua error: Interface/AddOns/SavedInstances/Init.lua:2: Cannot find a library instance of \"AceAddon-3.0\".\nstack traceback:\n\t(string):1: in main chunk",
    "count": 1
  },
  {
    "message": "Lua Error: @Interface/AddOns/SavedInstances/Init.lua: Lua error: Interface/AddOns/SavedInstances/Init.lua:2: Cannot find a library instance of \"AceAddon-3.0\".\nstack traceback:\n\t(string):1: in main chunk\n[Interface/AddOns/Blizzard_ScriptErrors/Blizzard_ScriptErrors.lua]:59: in function 'GetErrorData'\n[Interface/AddOns/Blizzard_ScriptErrors/Blizzard_ScriptErrors.lua]:72: in function <[Interface/AddOns/Blizzard_ScriptErrors/Blizzard_ScriptErrors.lua]:71>",
    "count": 1
  },
  {
    "message": "@Interface/AddOns/SavedInstances/Locales/Locale.lua: Lua error: bad argument #1 to 'setmetatable' (table expected)\nstack traceback:\n\t(string):1: in main chunk",
    "count": 1
  },
  {
    "message": "Lua Error: @Interface/AddOns/SavedInstances/Locales/Locale.lua: Lua error: bad argument #1 to 'setmetatable' (table expected)\nstack traceback:\n\t(string):1: in main chunk\n[Interface/AddOns/Blizzard_ScriptErrors/Blizzard_ScriptErrors.lua]:59: in function 'GetErrorData'\n[Interface/AddOns/Blizzard_ScriptErrors/Blizzard_ScriptErrors.lua]:72: in function <[Interface/AddOns/Blizzard_ScriptErrors/Blizzard_ScriptErrors.lua]:71>",
    "count": 1
  },
  {
    "message": "@Interface/AddOns/SavedInstances/Core/Tooltip.lua: Lua error: Interface/AddOns/SavedInstances/Core/Tooltip.lua:2: attempt to index local 'SI' (a nil value)\nstack traceback:\n\t(string):1: in main chunk",
    "count": 1
  },
  {
    "message": "Lua Error: @Interface/AddOns/SavedInstances/Core/Tooltip.lua: Lua error: Interface/AddOns/SavedInstances/Core/Tooltip.lua:2: attempt to index local 'SI' (a nil value)\nstack traceback:\n\t(string):1: in main chunk\n[Interface/AddOns/Blizzard_ScriptErrors/Blizzard_ScriptErrors.lua]:59: in function 'GetErrorData'\n[Interface/AddOns/Blizzard_ScriptErrors/Blizzard_ScriptErrors.lua]:72: in function <[Interface/AddOns/Blizzard_ScriptErrors/Blizzard_ScriptErrors.lua]:71>",
    "count": 1
  },
  {
    "message": "@Interface/AddOns/SavedInstances/Core/Debug.lua: Lua error: Interface/AddOns/SavedInstances/Core/Debug.lua:18: attempt to index local 'SI' (a nil value)\nstack traceback:\n\t(string):1: in main chunk",
    "count": 1
  },
  {
    "message": "Lua Error: @Interface/AddOns/SavedInstances/Core/Debug.lua: Lua error: Interface/AddOns/SavedInstances/Core/Debug.lua:18: attempt to index local 'SI' (a nil value)\nstack traceback:\n\t(string):1: in main chunk\n[Interface/AddOns/Blizzard_ScriptErrors/Blizzard_ScriptErrors.lua]:59: in function 'GetErrorData'\n[Interface/AddOns/Blizzard_ScriptErrors/Blizzard_ScriptErrors.lua]:72: in function <[Interface/AddOns/Blizzard_ScriptErrors/Blizzard_ScriptErrors.lua]:71>",
    "count": 1
  },
  {
    "message": "@Interface/AddOns/SavedInstances/Modules/BonusRoll.lua: Lua error: Interface/AddOns/SavedInstances/Modules/BonusRoll.lua:2: attempt to index local 'SI' (a nil value)\nstack traceback:\n\t(string):1: in main chunk",
    "count": 1
  },
  {
    "message": "Lua Error: @Interface/AddOns/SavedInstances/Modules/BonusRoll.lua: Lua error: Interface/AddOns/SavedInstances/Modules/BonusRoll.lua:2: attempt to index local 'SI' (a nil value)\nstack traceback:\n\t(string):1: in main chunk\n[Interface/AddOns/Blizzard_ScriptErrors/Blizzard_ScriptErrors.lua]:59: in function 'GetErrorData'\n[Interface/AddOns/Blizzard_ScriptErrors/Blizzard_ScriptErrors.lua]:72: in function <[Interface/AddOns/Blizzard_ScriptErrors/Blizzard_ScriptErrors.lua]:71>",
    "count": 1
  },
  {
    "message": "@Interface/AddOns/SavedInstances/Modules/Calling.lua: Lua error: Interface/AddOns/SavedInstances/Modules/Calling.lua:2: attempt to index local 'SI' (a nil value)\nstack traceback:\n\t(string):1: in main chunk",
    "count": 1
  },
  {
    "message": "Lua Error: @Interface/AddOns/SavedInstances/Modules/Calling.lua: Lua error: Interface/AddOns/SavedInstances/Modules/Calling.lua:2: attempt to index local 'SI' (a nil value)\nstack traceback:\n\t(string):1: in main chunk\n[Interface/AddOns/Blizzard_ScriptErrors/Blizzard_ScriptErrors.lua]:59: in function 'GetErrorData'\n[Interface/AddOns/Blizzard_ScriptErrors/Blizzard_ScriptErrors.lua]:72: in function <[Interface/AddOns/Blizzard_ScriptErrors/Blizzard_ScriptErrors.lua]:71>",
    "count": 1
  },
  {
    "message": "@Interface/AddOns/SavedInstances/Modules/Emissary.lua: Lua error: Interface/AddOns/SavedInstances/Modules/Emissary.lua:2: attempt to index local 'SI' (a nil value)\nstack traceback:\n\t(string):1: in main chunk",
    "count": 1
  },
  {
    "message": "Lua Error: @Interface/AddOns/SavedInstances/Modules/Emissary.lua: Lua error: Interface/AddOns/SavedInstances/Modules/Emissary.lua:2: attempt to index local 'SI' (a nil value)\nstack traceback:\n\t(string):1: in main chunk\n[Interface/AddOns/Blizzard_ScriptErrors/Blizzard_ScriptErrors.lua]:59: in function 'GetErrorData'\n[Interface/AddOns/Blizzard_ScriptErrors/Blizzard_ScriptErrors.lua]:72: in function <[Interface/AddOns/Blizzard_ScriptErrors/Blizzard_ScriptErrors.lua]:71>",
    "count": 1
  },
  {
    "message": "@Interface/AddOns/SavedInstances/Modules/MythicPlus.lua: Lua error: Interface/AddOns/SavedInstances/Modules/MythicPlus.lua:2: attempt to index local 'SI' (a nil value)\nstack traceback:\n\t(string):1: in main chunk",
    "count": 1
  },
  {
    "message": "Lua Error: @Interface/AddOns/SavedInstances/Modules/MythicPlus.lua: Lua error: Interface/AddOns/SavedInstances/Modules/MythicPlus.lua:2: attempt to index local 'SI' (a nil value)\nstack traceback:\n\t(string):1: in main chunk\n[Interface/AddOns/Blizzard_ScriptErrors/Blizzard_ScriptErrors.lua]:59: in function 'GetErrorData'\n[Interface/AddOns/Blizzard_ScriptErrors/Blizzard_ScriptErrors.lua]:72: in function <[Interface/AddOns/Blizzard_ScriptErrors/Blizzard_ScriptErrors.lua]:71>",
    "count": 1
  },
  {
    "message": "@Interface/AddOns/SavedInstances/Modules/Paragon.lua: Lua error: Interface/AddOns/SavedInstances/Modules/Paragon.lua:2: attempt to index local 'SI' (a nil value)\nstack traceback:\n\t(string):1: in main chunk",
    "count": 1
  },
  {
    "message": "Lua Error: @Interface/AddOns/SavedInstances/Modules/Paragon.lua: Lua error: Interface/AddOns/SavedInstances/Modules/Paragon.lua:2: attempt to index local 'SI' (a nil value)\nstack traceback:\n\t(string):1: in main chunk\n[Interface/AddOns/Blizzard_ScriptErrors/Blizzard_ScriptErrors.lua]:59: in function 'GetErrorData'\n[Interface/AddOns/Blizzard_ScriptErrors/Blizzard_ScriptErrors.lua]:72: in function <[Interface/AddOns/Blizzard_ScriptErrors/Blizzard_ScriptErrors.lua]:71>",
    "count": 1
  },
  {
    "message": "@Interface/AddOns/SavedInstances/Modules/Progress.lua: Lua error: Interface/AddOns/SavedInstances/Modules/Progress.lua:2: attempt to index local 'SI' (a nil value)\nstack traceback:\n\t(string):1: in main chunk",
    "count": 1
  },
  {
    "message": "Lua Error: @Interface/AddOns/SavedInstances/Modules/Progress.lua: Lua error: Interface/AddOns/SavedInstances/Modules/Progress.lua:2: attempt to index local 'SI' (a nil value)\nstack traceback:\n\t(string):1: in main chunk\n[Interface/AddOns/Blizzard_ScriptErrors/Blizzard_ScriptErrors.lua]:59: in function 'GetErrorData'\n[Interface/AddOns/Blizzard_ScriptErrors/Blizzard_ScriptErrors.lua]:72: in function <[Interface/AddOns/Blizzard_ScriptErrors/Blizzard_ScriptErrors.lua]:71>",
    "count": 1
  },
  {
    "message": "@Interface/AddOns/SavedInstances/Modules/TradeSkill.lua: Lua error: Interface/AddOns/SavedInstances/Modules/TradeSkill.lua:2: attempt to index local 'SI' (a nil value)\nstack traceback:\n\t(string):1: in main chunk",
    "count": 1
  },
  {
    "message": "Lua Error: @Interface/AddOns/SavedInstances/Modules/TradeSkill.lua: Lua error: Interface/AddOns/SavedInstances/Modules/TradeSkill.lua:2: attempt to index local 'SI' (a nil value)\nstack traceback:\n\t(string):1: in main chunk\n[Interface/AddOns/Blizzard_ScriptErrors/Blizzard_ScriptErrors.lua]:59: in function 'GetErrorData'\n[Interface/AddOns/Blizzard_ScriptErrors/Blizzard_ScriptErrors.lua]:72: in function <[Interface/AddOns/Blizzard_ScriptErrors/Blizzard_ScriptErrors.lua]:71>",
    "count": 1
  },
  {
    "message": "@Interface/AddOns/SavedInstances/Modules/WorldBoss.lua: Lua error: Interface/AddOns/SavedInstances/Modules/WorldBoss.lua:2: attempt to index local 'SI' (a nil value)\nstack traceback:\n\t(string):1: in main chunk",
    "count": 1
  },
  {
    "message": "Lua Error: @Interface/AddOns/SavedInstances/Modules/WorldBoss.lua: Lua error: Interface/AddOns/SavedInstances/Modules/WorldBoss.lua:2: attempt to index local 'SI' (a nil value)\nstack traceback:\n\t(string):1: in main chunk\n[Interface/AddOns/Blizzard_ScriptErrors/Blizzard_ScriptErrors.lua]:59: in function 'GetErrorData'\n[Interface/AddOns/Blizzard_ScriptErrors/Blizzard_ScriptErrors.lua]:72: in function <[Interface/AddOns/Blizzard_ScriptErrors/Blizzard_ScriptErrors.lua]:71>",
    "count": 1
  },
  {
    "message": "IO error reading /syncthing/World of Warcraft/_retail_/Interface/AddOns/Simulationcraft/libs/AceDB-3.0/AceDB-3.0.lua: No such file or directory (os error 2)\nstack traceback:\n\t(string):1: in main chunk",
    "count": 1
  },
  {
    "message": "Lua Error: IO error reading /syncthing/World of Warcraft/_retail_/Interface/AddOns/Simulationcraft/libs/AceDB-3.0/AceDB-3.0.lua: No such file or directory (os error 2)\nstack traceback:\n\t(string):1: in main chunk\n[Interface/AddOns/Blizzard_ScriptErrors/Blizzard_ScriptErrors.lua]:59: in function 'GetErrorData'\n[Interface/AddOns/Blizzard_ScriptErrors/Blizzard_ScriptErrors.lua]:72: in function <[Interface/AddOns/Blizzard_ScriptErrors/Blizzard_ScriptErrors.lua]:71>",
    "count": 1
  },
  {
    "message": "IO error reading /syncthing/World of Warcraft/_retail_/Interface/AddOns/Simulationcraft/libs/LibDBIcon-1.0/LibDBIcon-1.0.lua: No such file or directory (os error 2)\nstack traceback:\n\t(string):1: in main chunk",
    "count": 1
  },
  {
    "message": "Lua Error: IO error reading /syncthing/World of Warcraft/_retail_/Interface/AddOns/Simulationcraft/libs/LibDBIcon-1.0/LibDBIcon-1.0.lua: No such file or directory (os error 2)\nstack traceback:\n\t(string):1: in main chunk\n[Interface/AddOns/Blizzard_ScriptErrors/Blizzard_ScriptErrors.lua]:59: in function 'GetErrorData'\n[Interface/AddOns/Blizzard_ScriptErrors/Blizzard_ScriptErrors.lua]:72: in function <[Interface/AddOns/Blizzard_ScriptErrors/Blizzard_ScriptErrors.lua]:71>",
    "count": 1
  },
  {
    "message": "@Interface/AddOns/Simulationcraft/core.lua: Lua error: Interface/AddOns/Simulationcraft/core.lua:6: Cannot find a library instance of \"AceAddon-3.0\".\nstack traceback:\n\t(string):1: in main chunk",
    "count": 1
  },
  {
    "message": "Lua Error: @Interface/AddOns/Simulationcraft/core.lua: Lua error: Interface/AddOns/Simulationcraft/core.lua:6: Cannot find a library instance of \"AceAddon-3.0\".\nstack traceback:\n\t(string):1: in main chunk\n[Interface/AddOns/Blizzard_ScriptErrors/Blizzard_ScriptErrors.lua]:59: in function 'GetErrorData'\n[Interface/AddOns/Blizzard_ScriptErrors/Blizzard_ScriptErrors.lua]:72: in function <[Interface/AddOns/Blizzard_ScriptErrors/Blizzard_ScriptErrors.lua]:71>",
    "count": 1
  },
  {
    "message": "IO error reading /syncthing/World of Warcraft/_retail_/Interface/AddOns/Syndicator/Libs/LibBattlePetTooltipLine/LibBattlePetTooltipLine.lua: No such file or directory (os error 2)\nstack traceback:\n\t(string):1: in main chunk",
    "count": 1
  },
  {
    "message": "Lua Error: IO error reading /syncthing/World of Warcraft/_retail_/Interface/AddOns/Syndicator/Libs/LibBattlePetTooltipLine/LibBattlePetTooltipLine.lua: No such file or directory (os error 2)\nstack traceback:\n\t(string):1: in main chunk\n[Interface/AddOns/Blizzard_ScriptErrors/Blizzard_ScriptErrors.lua]:59: in function 'GetErrorData'\n[Interface/AddOns/Blizzard_ScriptErrors/Blizzard_ScriptErrors.lua]:72: in function <[Interface/AddOns/Blizzard_ScriptErrors/Blizzard_ScriptErrors.lua]:71>",
    "count": 1
  },
  {
    "message": "@Interface/AddOns/Syndicator/Core/Utilities.lua: Lua error: Interface/AddOns/Syndicator/Core/Utilities.lua:66: attempt to index field 'Constants' (a nil value)\nstack traceback:\n\t(string):1: in main chunk",
    "count": 1
  },
  {
    "message": "Lua Error: @Interface/AddOns/Syndicator/Core/Utilities.lua: Lua error: Interface/AddOns/Syndicator/Core/Utilities.lua:66: attempt to index field 'Constants' (a nil value)\nstack traceback:\n\t(string):1: in main chunk\n[Interface/AddOns/Blizzard_ScriptErrors/Blizzard_ScriptErrors.lua]:59: in function 'GetErrorData'\n[Interface/AddOns/Blizzard_ScriptErrors/Blizzard_ScriptErrors.lua]:72: in function <[Interface/AddOns/Blizzard_ScriptErrors/Blizzard_ScriptErrors.lua]:71>",
    "count": 1
  },
  {
    "message": "@Interface/AddOns/Syndicator/Core/Initialize.lua: Lua error: Interface/AddOns/Syndicator/Core/Initialize.lua:6: attempt to index field 'Constants' (a nil value)\nstack traceback:\n\t(string):1: in main chunk",
    "count": 1
  },
  {
    "message": "Lua Error: @Interface/AddOns/Syndicator/Core/Initialize.lua: Lua error: Interface/AddOns/Syndicator/Core/Initialize.lua:6: attempt to index field 'Constants' (a nil value)\nstack traceback:\n\t(string):1: in main chunk\n[Interface/AddOns/Blizzard_ScriptErrors/Blizzard_ScriptErrors.lua]:59: in function 'GetErrorData'\n[Interface/AddOns/Blizzard_ScriptErrors/Blizzard_ScriptErrors.lua]:72: in function <[Interface/AddOns/Blizzard_ScriptErrors/Blizzard_ScriptErrors.lua]:71>",
    "count": 1
  },
  {
    "message": "@Interface/AddOns/Syndicator/Tracking/BagCache.lua: Lua error: Interface/AddOns/Syndicator/Tracking/BagCache.lua:10: attempt to index local '(for state)' (a nil value)\nstack traceback:\n\t(string):1: in main chunk",
    "count": 1
  },
  {
    "message": "Lua Error: @Interface/AddOns/Syndicator/Tracking/BagCache.lua: Lua error: Interface/AddOns/Syndicator/Tracking/BagCache.lua:10: attempt to index local '(for state)' (a nil value)\nstack traceback:\n\t(string):1: in main chunk\n[Interface/AddOns/Blizzard_ScriptErrors/Blizzard_ScriptErrors.lua]:59: in function 'GetErrorData'\n[Interface/AddOns/Blizzard_ScriptErrors/Blizzard_ScriptErrors.lua]:72: in function <[Interface/AddOns/Blizzard_ScriptErrors/Blizzard_ScriptErrors.lua]:71>",
    "count": 1
  },
  {
    "message": "@Interface/AddOns/Syndicator/Tracking/Tooltips.lua: Lua error: Interface/AddOns/Syndicator/Tracking/Tooltips.lua:6: Cannot find a library instance of \"LibBattlePetTooltipLine-1-0\".\nstack traceback:\n\t(string):1: in main chunk",
    "count": 1
  },
  {
    "message": "Lua Error: @Interface/AddOns/Syndicator/Tracking/Tooltips.lua: Lua error: Interface/AddOns/Syndicator/Tracking/Tooltips.lua:6: Cannot find a library instance of \"LibBattlePetTooltipLine-1-0\".\nstack traceback:\n\t(string):1: in main chunk\n[Interface/AddOns/Blizzard_ScriptErrors/Blizzard_ScriptErrors.lua]:59: in function 'GetErrorData'\n[Interface/AddOns/Blizzard_ScriptErrors/Blizzard_ScriptErrors.lua]:72: in function <[Interface/AddOns/Blizzard_ScriptErrors/Blizzard_ScriptErrors.lua]:71>",
    "count": 1
  },
  {
    "message": "@Interface/AddOns/Syndicator/Search/CheckItem.lua: Lua error: Interface/AddOns/Syndicator/Search/CheckItem.lua:25: attempt to index field 'Constants' (a nil value)\nstack traceback:\n\t(string):1: in main chunk",
    "count": 1
  },
  {
    "message": "Lua Error: @Interface/AddOns/Syndicator/Search/CheckItem.lua: Lua error: Interface/AddOns/Syndicator/Search/CheckItem.lua:25: attempt to index field 'Constants' (a nil value)\nstack traceback:\n\t(string):1: in main chunk\n[Interface/AddOns/Blizzard_ScriptErrors/Blizzard_ScriptErrors.lua]:59: in function 'GetErrorData'\n[Interface/AddOns/Blizzard_ScriptErrors/Blizzard_ScriptErrors.lua]:72: in function <[Interface/AddOns/Blizzard_ScriptErrors/Blizzard_ScriptErrors.lua]:71>",
    "count": 1
  },
  {
    "message": "@Interface/AddOns/Syndicator/Search/UI/Builder.lua: Lua error: Interface/AddOns/Syndicator/Search/UI/Builder.lua:283: attempt to index field 'Locales' (a nil value)\nstack traceback:\n\t(string):1: in main chunk",
    "count": 1
  },
  {
    "message": "Lua Error: @Interface/AddOns/Syndicator/Search/UI/Builder.lua: Lua error: Interface/AddOns/Syndicator/Search/UI/Builder.lua:283: attempt to index field 'Locales' (a nil value)\nstack traceback:\n\t(string):1: in main chunk\n[Interface/AddOns/Blizzard_ScriptErrors/Blizzard_ScriptErrors.lua]:59: in function 'GetErrorData'\n[Interface/AddOns/Blizzard_ScriptErrors/Blizzard_ScriptErrors.lua]:72: in function <[Interface/AddOns/Blizzard_ScriptErrors/Blizzard_ScriptErrors.lua]:71>",
    "count": 1
  },
  {
    "message": "@Interface/AddOns/Syndicator/Search/Utilities.lua: Lua error: Interface/AddOns/Syndicator/Search/Utilities.lua:47: attempt to index field 'Constants' (a nil value)\nstack traceback:\n\t(string):1: in main chunk",
    "count": 1
  },
  {
    "message": "Lua Error: @Interface/AddOns/Syndicator/Search/Utilities.lua: Lua error: Interface/AddOns/Syndicator/Search/Utilities.lua:47: attempt to index field 'Constants' (a nil value)\nstack traceback:\n\t(string):1: in main chunk\n[Interface/AddOns/Blizzard_ScriptErrors/Blizzard_ScriptErrors.lua]:59: in function 'GetErrorData'\n[Interface/AddOns/Blizzard_ScriptErrors/Blizzard_ScriptErrors.lua]:72: in function <[Interface/AddOns/Blizzard_ScriptErrors/Blizzard_ScriptErrors.lua]:71>",
    "count": 1
  },
  {
    "message": "@Interface/AddOns/CraftSim/Init/GLibs.lua: Lua error: Interface/AddOns/CraftSim/Init/GLibs.lua:6: Cannot find a library instance of \"GGUI-2.1\".\nstack traceback:\n\t(string):1: in main chunk",
    "count": 1
  },
  {
    "message": "Lua Error: @Interface/AddOns/CraftSim/Init/GLibs.lua: Lua error: Interface/AddOns/CraftSim/Init/GLibs.lua:6: Cannot find a library instance of \"GGUI-2.1\".\nstack traceback:\n\t(string):1: in main chunk\n[Interface/AddOns/Blizzard_ScriptErrors/Blizzard_ScriptErrors.lua]:59: in function 'GetErrorData'\n[Interface/AddOns/Blizzard_ScriptErrors/Blizzard_ScriptErrors.lua]:72: in function <[Interface/AddOns/Blizzard_ScriptErrors/Blizzard_ScriptErrors.lua]:71>",
    "count": 1
  },
  {
    "message": "@Interface/AddOns/CraftSim/Locals/enUS.lua: Lua error: Interface/AddOns/CraftSim/Locals/enUS.lua:5: attempt to index local 'GUTIL' (a nil value)\nstack traceback:\n\t(string):1: in main chunk",
    "count": 1
  },
  {
    "message": "Lua Error: @Interface/AddOns/CraftSim/Locals/enUS.lua: Lua error: Interface/AddOns/CraftSim/Locals/enUS.lua:5: attempt to index local 'GUTIL' (a nil value)\nstack traceback:\n\t(string):1: in main chunk\n[Interface/AddOns/Blizzard_ScriptErrors/Blizzard_ScriptErrors.lua]:59: in function 'GetErrorData'\n[Interface/AddOns/Blizzard_ScriptErrors/Blizzard_ScriptErrors.lua]:72: in function <[Interface/AddOns/Blizzard_ScriptErrors/Blizzard_ScriptErrors.lua]:71>",
    "count": 1
  },
  {
    "message": "@Interface/AddOns/CraftSim/Locals/Localization.lua: Lua error: Interface/AddOns/CraftSim/Locals/Localization.lua:24: attempt to index field 'LOCAL_EN' (a nil value)\nstack traceback:\n\t(string):1: in main chunk",
    "count": 1
  },
  {
    "message": "Lua Error: @Interface/AddOns/CraftSim/Locals/Localization.lua: Lua error: Interface/AddOns/CraftSim/Locals/Localization.lua:24: attempt to index field 'LOCAL_EN' (a nil value)\nstack traceback:\n\t(string):1: in main chunk\n[Interface/AddOns/Blizzard_ScriptErrors/Blizzard_ScriptErrors.lua]:59: in function 'GetErrorData'\n[Interface/AddOns/Blizzard_ScriptErrors/Blizzard_ScriptErrors.lua]:72: in function <[Interface/AddOns/Blizzard_ScriptErrors/Blizzard_ScriptErrors.lua]:71>",
    "count": 1
  },
  {
    "message": "@Interface/AddOns/CraftSim/Debug/Debug.lua: Lua error: Interface/AddOns/CraftSim/Debug/Debug.lua:60: attempt to index upvalue 'LibLog' (a nil value)\nstack traceback:\n\t(string):1: in main chunk",
    "count": 1
  },
  {
    "message": "Lua Error: @Interface/AddOns/CraftSim/Debug/Debug.lua: Lua error: Interface/AddOns/CraftSim/Debug/Debug.lua:60: attempt to index upvalue 'LibLog' (a nil value)\nstack traceback:\n\t(string):1: in main chunk\n[Interface/AddOns/Blizzard_ScriptErrors/Blizzard_ScriptErrors.lua]:59: in function 'GetErrorData'\n[Interface/AddOns/Blizzard_ScriptErrors/Blizzard_ScriptErrors.lua]:72: in function <[Interface/AddOns/Blizzard_ScriptErrors/Blizzard_ScriptErrors.lua]:71>",
    "count": 1
  },
  {
    "message": "@Interface/AddOns/CraftSim/Util/Util.lua: Lua error: Interface/AddOns/CraftSim/Util/Util.lua:7: attempt to index local 'GUTIL' (a nil value)\nstack traceback:\n\t(string):1: in main chunk",
    "count": 1
  },
  {
    "message": "Lua Error: @Interface/AddOns/CraftSim/Util/Util.lua: Lua error: Interface/AddOns/CraftSim/Util/Util.lua:7: attempt to index local 'GUTIL' (a nil value)\nstack traceback:\n\t(string):1: in main chunk\n[Interface/AddOns/Blizzard_ScriptErrors/Blizzard_ScriptErrors.lua]:59: in function 'GetErrorData'\n[Interface/AddOns/Blizzard_ScriptErrors/Blizzard_ScriptErrors.lua]:72: in function <[Interface/AddOns/Blizzard_ScriptErrors/Blizzard_ScriptErrors.lua]:71>",
    "count": 1
  },
  {
    "message": "@Interface/AddOns/CraftSim/Util/RecipeAcquisition.lua: Lua error: Interface/AddOns/CraftSim/Util/RecipeAcquisition.lua:10: attempt to index local 'GUTIL' (a nil value)\nstack traceback:\n\t(string):1: in main chunk",
    "count": 1
  },
  {
    "message": "Lua Error: @Interface/AddOns/CraftSim/Util/RecipeAcquisition.lua: Lua error: Interface/AddOns/CraftSim/Util/RecipeAcquisition.lua:10: attempt to index local 'GUTIL' (a nil value)\nstack traceback:\n\t(string):1: in main chunk\n[Interface/AddOns/Blizzard_ScriptErrors/Blizzard_ScriptErrors.lua]:59: in function 'GetErrorData'\n[Interface/AddOns/Blizzard_ScriptErrors/Blizzard_ScriptErrors.lua]:72: in function <[Interface/AddOns/Blizzard_ScriptErrors/Blizzard_ScriptErrors.lua]:71>",
    "count": 1
  },
  {
    "message": "@Interface/AddOns/CraftSim/DB/DB.lua: Lua error: Interface/AddOns/CraftSim/DB/DB.lua:6: attempt to index local 'GUTIL' (a nil value)\nstack traceback:\n\t(string):1: in main chunk",
    "count": 1
  },
  {
    "message": "Lua Error: @Interface/AddOns/CraftSim/DB/DB.lua: Lua error: Interface/AddOns/CraftSim/DB/DB.lua:6: attempt to index local 'GUTIL' (a nil value)\nstack traceback:\n\t(string):1: in main chunk\n[Interface/AddOns/Blizzard_ScriptErrors/Blizzard_ScriptErrors.lua]:59: in function 'GetErrorData'\n[Interface/AddOns/Blizzard_ScriptErrors/Blizzard_ScriptErrors.lua]:72: in function <[Interface/AddOns/Blizzard_ScriptErrors/Blizzard_ScriptErrors.lua]:71>",
    "count": 1
  },
  {
    "message": "@Interface/AddOns/CraftSim/DB/patronMoxieValuesDB.lua: Lua error: Interface/AddOns/CraftSim/DB/patronMoxieValuesDB.lua:9: attempt to index field 'DB' (a nil value)\nstack traceback:\n\t(string):1: in main chunk",
    "count": 1
  },
  {
    "message": "Lua Error: @Interface/AddOns/CraftSim/DB/patronMoxieValuesDB.lua: Lua error: Interface/AddOns/CraftSim/DB/patronMoxieValuesDB.lua:9: attempt to index field 'DB' (a nil value)\nstack traceback:\n\t(string):1: in main chunk\n[Interface/AddOns/Blizzard_ScriptErrors/Blizzard_ScriptErrors.lua]:59: in function 'GetErrorData'\n[Interface/AddOns/Blizzard_ScriptErrors/Blizzard_ScriptErrors.lua]:72: in function <[Interface/AddOns/Blizzard_ScriptErrors/Blizzard_ScriptErrors.lua]:71>",
    "count": 1
  },
  {
    "message": "@Interface/AddOns/CraftSim/DB/ItemCountDB.lua: Lua error: Interface/AddOns/CraftSim/Debug/Debug.lua:60: attempt to index upvalue 'LibLog' (a nil value)\nstack traceback:\n\t(string):1: in main chunk",
    "count": 1
  },
  {
    "message": "Lua Error: @Interface/AddOns/CraftSim/DB/ItemCountDB.lua: Lua error: Interface/AddOns/CraftSim/Debug/Debug.lua:60: attempt to index upvalue 'LibLog' (a nil value)\nstack traceback:\n\t(string):1: in main chunk\n[Interface/AddOns/Blizzard_ScriptErrors/Blizzard_ScriptErrors.lua]:59: in function 'GetErrorData'\n[Interface/AddOns/Blizzard_ScriptErrors/Blizzard_ScriptErrors.lua]:72: in function <[Interface/AddOns/Blizzard_ScriptErrors/Blizzard_ScriptErrors.lua]:71>",
    "count": 1
  },
  {
    "message": "@Interface/AddOns/CraftSim/DB/craftQueueDB.lua: Lua error: Interface/AddOns/CraftSim/DB/craftQueueDB.lua:10: attempt to index field 'DB' (a nil value)\nstack traceback:\n\t(string):1: in main chunk",
    "count": 1
  },
  {
    "message": "Lua Error: @Interface/AddOns/CraftSim/DB/craftQueueDB.lua: Lua error: Interface/AddOns/CraftSim/DB/craftQueueDB.lua:10: attempt to index field 'DB' (a nil value)\nstack traceback:\n\t(string):1: in main chunk\n[Interface/AddOns/Blizzard_ScriptErrors/Blizzard_ScriptErrors.lua]:59: in function 'GetErrorData'\n[Interface/AddOns/Blizzard_ScriptErrors/Blizzard_ScriptErrors.lua]:72: in function <[Interface/AddOns/Blizzard_ScriptErrors/Blizzard_ScriptErrors.lua]:71>",
    "count": 1
  },
  {
    "message": "@Interface/AddOns/CraftSim/DB/multicraftPreloadDB.lua: Lua error: Interface/AddOns/CraftSim/DB/multicraftPreloadDB.lua:10: attempt to index field 'DB' (a nil value)\nstack traceback:\n\t(string):1: in main chunk",
    "count": 1
  },
  {
    "message": "Lua Error: @Interface/AddOns/CraftSim/DB/multicraftPreloadDB.lua: Lua error: Interface/AddOns/CraftSim/DB/multicraftPreloadDB.lua:10: attempt to index field 'DB' (a nil value)\nstack traceback:\n\t(string):1: in main chunk\n[Interface/AddOns/Blizzard_ScriptErrors/Blizzard_ScriptErrors.lua]:59: in function 'GetErrorData'\n[Interface/AddOns/Blizzard_ScriptErrors/Blizzard_ScriptErrors.lua]:72: in function <[Interface/AddOns/Blizzard_ScriptErrors/Blizzard_ScriptErrors.lua]:71>",
    "count": 1
  },
  {
    "message": "@Interface/AddOns/CraftSim/Util/Widgets/QualityMeter.lua: Lua error: Interface/AddOns/CraftSim/Util/Widgets/QualityMeter.lua:8: attempt to index local 'GUTIL' (a nil value)\nstack traceback:\n\t(string):1: in main chunk",
    "count": 1
  },
  {
    "message": "Lua Error: @Interface/AddOns/CraftSim/Util/Widgets/QualityMeter.lua: Lua error: Interface/AddOns/CraftSim/Util/Widgets/QualityMeter.lua:8: attempt to index local 'GUTIL' (a nil value)\nstack traceback:\n\t(string):1: in main chunk\n[Interface/AddOns/Blizzard_ScriptErrors/Blizzard_ScriptErrors.lua]:59: in function 'GetErrorData'\n[Interface/AddOns/Blizzard_ScriptErrors/Blizzard_ScriptErrors.lua]:72: in function <[Interface/AddOns/Blizzard_ScriptErrors/Blizzard_ScriptErrors.lua]:71>",
    "count": 1
  },
  {
    "message": "@Interface/AddOns/CraftSim/Pricing/ProfitCalculation.lua: Lua error: Interface/AddOns/CraftSim/Debug/Debug.lua:60: attempt to index upvalue 'LibLog' (a nil value)\nstack traceback:\n\t(string):1: in main chunk",
    "count": 1
  },
  {
    "message": "Lua Error: @Interface/AddOns/CraftSim/Pricing/ProfitCalculation.lua: Lua error: Interface/AddOns/CraftSim/Debug/Debug.lua:60: attempt to index upvalue 'LibLog' (a nil value)\nstack traceback:\n\t(string):1: in main chunk\n[Interface/AddOns/Blizzard_ScriptErrors/Blizzard_ScriptErrors.lua]:59: in function 'GetErrorData'\n[Interface/AddOns/Blizzard_ScriptErrors/Blizzard_ScriptErrors.lua]:72: in function <[Interface/AddOns/Blizzard_ScriptErrors/Blizzard_ScriptErrors.lua]:71>",
    "count": 1
  },
  {
    "message": "@Interface/AddOns/CraftSim/DataSource/PriceSource.lua: Lua error: Interface/AddOns/CraftSim/Debug/Debug.lua:60: attempt to index upvalue 'LibLog' (a nil value)\nstack traceback:\n\t(string):1: in main chunk",
    "count": 1
  },
  {
    "message": "Lua Error: @Interface/AddOns/CraftSim/DataSource/PriceSource.lua: Lua error: Interface/AddOns/CraftSim/Debug/Debug.lua:60: attempt to index upvalue 'LibLog' (a nil value)\nstack traceback:\n\t(string):1: in main chunk\n[Interface/AddOns/Blizzard_ScriptErrors/Blizzard_ScriptErrors.lua]:59: in function 'GetErrorData'\n[Interface/AddOns/Blizzard_ScriptErrors/Blizzard_ScriptErrors.lua]:72: in function <[Interface/AddOns/Blizzard_ScriptErrors/Blizzard_ScriptErrors.lua]:71>",
    "count": 1
  },
  {
    "message": "@Interface/AddOns/CraftSim/DataSource/InventorySource.lua: Lua error: Interface/AddOns/CraftSim/Debug/Debug.lua:60: attempt to index upvalue 'LibLog' (a nil value)\nstack traceback:\n\t(string):1: in main chunk",
    "count": 1
  },
  {
    "message": "Lua Error: @Interface/AddOns/CraftSim/DataSource/InventorySource.lua: Lua error: Interface/AddOns/CraftSim/Debug/Debug.lua:60: attempt to index upvalue 'LibLog' (a nil value)\nstack traceback:\n\t(string):1: in main chunk\n[Interface/AddOns/Blizzard_ScriptErrors/Blizzard_ScriptErrors.lua]:59: in function 'GetErrorData'\n[Interface/AddOns/Blizzard_ScriptErrors/Blizzard_ScriptErrors.lua]:72: in function <[Interface/AddOns/Blizzard_ScriptErrors/Blizzard_ScriptErrors.lua]:71>",
    "count": 1
  },
  {
    "message": "@Interface/AddOns/CraftSim/Modules/Modules.lua: Lua error: Interface/AddOns/CraftSim/Modules/Modules.lua:63: attempt to index local 'GUTIL' (a nil value)\nstack traceback:\n\t(string):1: in main chunk",
    "count": 1
  },
  {
    "message": "Lua Error: @Interface/AddOns/CraftSim/Modules/Modules.lua: Lua error: Interface/AddOns/CraftSim/Modules/Modules.lua:63: attempt to index local 'GUTIL' (a nil value)\nstack traceback:\n\t(string):1: in main chunk\n[Interface/AddOns/Blizzard_ScriptErrors/Blizzard_ScriptErrors.lua]:59: in function 'GetErrorData'\n[Interface/AddOns/Blizzard_ScriptErrors/Blizzard_ScriptErrors.lua]:72: in function <[Interface/AddOns/Blizzard_ScriptErrors/Blizzard_ScriptErrors.lua]:71>",
    "count": 1
  },
  {
    "message": "@Interface/AddOns/CraftSim/Modules/ControlPanel/ControlPanel.lua: Lua error: ...ce/AddOns/CraftSim/Modules/ControlPanel/ControlPanel.lua:9: attempt to call method 'RegisterModule' (a nil value)\nstack traceback:\n\t(string):1: in main chunk",
    "count": 1
  },
  {
    "message": "Lua Error: @Interface/AddOns/CraftSim/Modules/ControlPanel/ControlPanel.lua: Lua error: ...ce/AddOns/CraftSim/Modules/ControlPanel/ControlPanel.lua:9: attempt to call method 'RegisterModule' (a nil value)\nstack traceback:\n\t(string):1: in main chunk\n[Interface/AddOns/Blizzard_ScriptErrors/Blizzard_ScriptErrors.lua]:59: in function 'GetErrorData'\n[Interface/AddOns/Blizzard_ScriptErrors/Blizzard_ScriptErrors.lua]:72: in function <[Interface/AddOns/Blizzard_ScriptErrors/Blizzard_ScriptErrors.lua]:71>",
    "count": 1
  },
  {
    "message": "@Interface/AddOns/CraftSim/Modules/ItemCount/ItemCount.lua: Lua error: Interface/AddOns/CraftSim/Debug/Debug.lua:60: attempt to index upvalue 'LibLog' (a nil value)\nstack traceback:\n\t(string):1: in main chunk",
    "count": 1
  },
  {
    "message": "Lua Error: @Interface/AddOns/CraftSim/Modules/ItemCount/ItemCount.lua: Lua error: Interface/AddOns/CraftSim/Debug/Debug.lua:60: attempt to index upvalue 'LibLog' (a nil value)\nstack traceback:\n\t(string):1: in main chunk\n[Interface/AddOns/Blizzard_ScriptErrors/Blizzard_ScriptErrors.lua]:59: in function 'GetErrorData'\n[Interface/AddOns/Blizzard_ScriptErrors/Blizzard_ScriptErrors.lua]:72: in function <[Interface/AddOns/Blizzard_ScriptErrors/Blizzard_ScriptErrors.lua]:71>",
    "count": 1
  },
  {
    "message": "@Interface/AddOns/CraftSim/Modules/Disenchant/UI.lua: Lua error: Interface/AddOns/CraftSim/Modules/Disenchant/UI.lua:8: attempt to index field 'DISENCHANT' (a nil value)\nstack traceback:\n\t(string):1: in main chunk",
    "count": 1
  },
  {
    "message": "Lua Error: @Interface/AddOns/CraftSim/Modules/Disenchant/UI.lua: Lua error: Interface/AddOns/CraftSim/Modules/Disenchant/UI.lua:8: attempt to index field 'DISENCHANT' (a nil value)\nstack traceback:\n\t(string):1: in main chunk\n[Interface/AddOns/Blizzard_ScriptErrors/Blizzard_ScriptErrors.lua]:59: in function 'GetErrorData'\n[Interface/AddOns/Blizzard_ScriptErrors/Blizzard_ScriptErrors.lua]:72: in function <[Interface/AddOns/Blizzard_ScriptErrors/Blizzard_ScriptErrors.lua]:71>",
    "count": 1
  },
  {
    "message": "@Interface/AddOns/CraftSim/Modules/Explanations/Explanations.lua: Lua error: ...ce/AddOns/CraftSim/Modules/Explanations/Explanations.lua:9: attempt to call method 'RegisterModule' (a nil value)\nstack traceback:\n\t(string):1: in main chunk",
    "count": 1
  },
  {
    "message": "Lua Error: @Interface/AddOns/CraftSim/Modules/Explanations/Explanations.lua: Lua error: ...ce/AddOns/CraftSim/Modules/Explanations/Explanations.lua:9: attempt to call method 'RegisterModule' (a nil value)\nstack traceback:\n\t(string):1: in main chunk\n[Interface/AddOns/Blizzard_ScriptErrors/Blizzard_ScriptErrors.lua]:59: in function 'GetErrorData'\n[Interface/AddOns/Blizzard_ScriptErrors/Blizzard_ScriptErrors.lua]:72: in function <[Interface/AddOns/Blizzard_ScriptErrors/Blizzard_ScriptErrors.lua]:71>",
    "count": 1
  },
  {
    "message": "@Interface/AddOns/CraftSim/Modules/CraftQueue/CraftQueue.lua: Lua error: Interface/AddOns/CraftSim/Modules/CraftQueue/CraftQueue.lua:8: attempt to index local 'GUTIL' (a nil value)\nstack traceback:\n\t(string):1: in main chunk",
    "count": 1
  },
  {
    "message": "Lua Error: @Interface/AddOns/CraftSim/Modules/CraftQueue/CraftQueue.lua: Lua error: Interface/AddOns/CraftSim/Modules/CraftQueue/CraftQueue.lua:8: attempt to index local 'GUTIL' (a nil value)\nstack traceback:\n\t(string):1: in main chunk\n[Interface/AddOns/Blizzard_ScriptErrors/Blizzard_ScriptErrors.lua]:59: in function 'GetErrorData'\n[Interface/AddOns/Blizzard_ScriptErrors/Blizzard_ScriptErrors.lua]:72: in function <[Interface/AddOns/Blizzard_ScriptErrors/Blizzard_ScriptErrors.lua]:71>",
    "count": 1
  },
  {
    "message": "@Interface/AddOns/CraftSim/Modules/CraftQueue/CraftLists.lua: Lua error: Interface/AddOns/CraftSim/Modules/CraftQueue/CraftLists.lua:8: attempt to index local 'GUTIL' (a nil value)\nstack traceback:\n\t(string):1: in main chunk",
    "count": 1
  },
  {
    "message": "Lua Error: @Interface/AddOns/CraftSim/Modules/CraftQueue/CraftLists.lua: Lua error: Interface/AddOns/CraftSim/Modules/CraftQueue/CraftLists.lua:8: attempt to index local 'GUTIL' (a nil value)\nstack traceback:\n\t(string):1: in main chunk\n[Interface/AddOns/Blizzard_ScriptErrors/Blizzard_ScriptErrors.lua]:59: in function 'GetErrorData'\n[Interface/AddOns/Blizzard_ScriptErrors/Blizzard_ScriptErrors.lua]:72: in function <[Interface/AddOns/Blizzard_ScriptErrors/Blizzard_ScriptErrors.lua]:71>",
    "count": 1
  },
  {
    "message": "@Interface/AddOns/CraftSim/Modules/CraftQueue/EditRecipe.lua: Lua error: Interface/AddOns/CraftSim/Modules/CraftQueue/EditRecipe.lua:8: attempt to index local 'GUTIL' (a nil value)\nstack traceback:\n\t(string):1: in main chunk",
    "count": 1
  },
  {
    "message": "Lua Error: @Interface/AddOns/CraftSim/Modules/CraftQueue/EditRecipe.lua: Lua error: Interface/AddOns/CraftSim/Modules/CraftQueue/EditRecipe.lua:8: attempt to index local 'GUTIL' (a nil value)\nstack traceback:\n\t(string):1: in main chunk\n[Interface/AddOns/Blizzard_ScriptErrors/Blizzard_ScriptErrors.lua]:59: in function 'GetErrorData'\n[Interface/AddOns/Blizzard_ScriptErrors/Blizzard_ScriptErrors.lua]:72: in function <[Interface/AddOns/Blizzard_ScriptErrors/Blizzard_ScriptErrors.lua]:71>",
    "count": 1
  },
  {
    "message": "@Interface/AddOns/CraftSim/Modules/Cooldowns/Cooldowns.lua: Lua error: Interface/AddOns/CraftSim/Modules/Cooldowns/Cooldowns.lua:8: attempt to index local 'GUTIL' (a nil value)\nstack traceback:\n\t(string):1: in main chunk",
    "count": 1
  },
  {
    "message": "Lua Error: @Interface/AddOns/CraftSim/Modules/Cooldowns/Cooldowns.lua: Lua error: Interface/AddOns/CraftSim/Modules/Cooldowns/Cooldowns.lua:8: attempt to index local 'GUTIL' (a nil value)\nstack traceback:\n\t(string):1: in main chunk\n[Interface/AddOns/Blizzard_ScriptErrors/Blizzard_ScriptErrors.lua]:59: in function 'GetErrorData'\n[Interface/AddOns/Blizzard_ScriptErrors/Blizzard_ScriptErrors.lua]:72: in function <[Interface/AddOns/Blizzard_ScriptErrors/Blizzard_ScriptErrors.lua]:71>",
    "count": 1
  },
  {
    "message": "@Interface/AddOns/CraftSim/Modules/Cooldowns/UI.lua: Lua error: Interface/AddOns/CraftSim/Modules/Cooldowns/UI.lua:8: attempt to index field 'COOLDOWNS' (a nil value)\nstack traceback:\n\t(string):1: in main chunk",
    "count": 1
  },
  {
    "message": "Lua Error: @Interface/AddOns/CraftSim/Modules/Cooldowns/UI.lua: Lua error: Interface/AddOns/CraftSim/Modules/Cooldowns/UI.lua:8: attempt to index field 'COOLDOWNS' (a nil value)\nstack traceback:\n\t(string):1: in main chunk\n[Interface/AddOns/Blizzard_ScriptErrors/Blizzard_ScriptErrors.lua]:59: in function 'GetErrorData'\n[Interface/AddOns/Blizzard_ScriptErrors/Blizzard_ScriptErrors.lua]:72: in function <[Interface/AddOns/Blizzard_ScriptErrors/Blizzard_ScriptErrors.lua]:71>",
    "count": 1
  },
  {
    "message": "@Interface/AddOns/CraftSim/Modules/CustomerHistory/CustomerHistory.lua: Lua error: ...Ons/CraftSim/Modules/CustomerHistory/CustomerHistory.lua:10: attempt to index local 'GUTIL' (a nil value)\nstack traceback:\n\t(string):1: in main chunk",
    "count": 1
  },
  {
    "message": "Lua Error: @Interface/AddOns/CraftSim/Modules/CustomerHistory/CustomerHistory.lua: Lua error: ...Ons/CraftSim/Modules/CustomerHistory/CustomerHistory.lua:10: attempt to index local 'GUTIL' (a nil value)\nstack traceback:\n\t(string):1: in main chunk\n[Interface/AddOns/Blizzard_ScriptErrors/Blizzard_ScriptErrors.lua]:59: in function 'GetErrorData'\n[Interface/AddOns/Blizzard_ScriptErrors/Blizzard_ScriptErrors.lua]:72: in function <[Interface/AddOns/Blizzard_ScriptErrors/Blizzard_ScriptErrors.lua]:71>",
    "count": 1
  },
  {
    "message": "@Interface/AddOns/CraftSim/Modules/Statistics/Statistics.lua: Lua error: Interface/AddOns/CraftSim/Modules/Statistics/Statistics.lua:10: attempt to call method 'RegisterModule' (a nil value)\nstack traceback:\n\t(string):1: in main chunk",
    "count": 1
  },
  {
    "message": "Lua Error: @Interface/AddOns/CraftSim/Modules/Statistics/Statistics.lua: Lua error: Interface/AddOns/CraftSim/Modules/Statistics/Statistics.lua:10: attempt to call method 'RegisterModule' (a nil value)\nstack traceback:\n\t(string):1: in main chunk\n[Interface/AddOns/Blizzard_ScriptErrors/Blizzard_ScriptErrors.lua]:59: in function 'GetErrorData'\n[Interface/AddOns/Blizzard_ScriptErrors/Blizzard_ScriptErrors.lua]:72: in function <[Interface/AddOns/Blizzard_ScriptErrors/Blizzard_ScriptErrors.lua]:71>",
    "count": 1
  },
  {
    "message": "@Interface/AddOns/CraftSim/Modules/Statistics/UI.lua: Lua error: Interface/AddOns/CraftSim/Modules/Statistics/UI.lua:8: attempt to index local 'GUTIL' (a nil value)\nstack traceback:\n\t(string):1: in main chunk",
    "count": 1
  },
  {
    "message": "Lua Error: @Interface/AddOns/CraftSim/Modules/Statistics/UI.lua: Lua error: Interface/AddOns/CraftSim/Modules/Statistics/UI.lua:8: attempt to index local 'GUTIL' (a nil value)\nstack traceback:\n\t(string):1: in main chunk\n[Interface/AddOns/Blizzard_ScriptErrors/Blizzard_ScriptErrors.lua]:59: in function 'GetErrorData'\n[Interface/AddOns/Blizzard_ScriptErrors/Blizzard_ScriptErrors.lua]:72: in function <[Interface/AddOns/Blizzard_ScriptErrors/Blizzard_ScriptErrors.lua]:71>",
    "count": 1
  },
  {
    "message": "@Interface/AddOns/CraftSim/Modules/CraftLog/UI.lua: Lua error: Interface/AddOns/CraftSim/Modules/CraftLog/UI.lua:8: attempt to index local 'GUTIL' (a nil value)\nstack traceback:\n\t(string):1: in main chunk",
    "count": 1
  },
  {
    "message": "Lua Error: @Interface/AddOns/CraftSim/Modules/CraftLog/UI.lua: Lua error: Interface/AddOns/CraftSim/Modules/CraftLog/UI.lua:8: attempt to index local 'GUTIL' (a nil value)\nstack traceback:\n\t(string):1: in main chunk\n[Interface/AddOns/Blizzard_ScriptErrors/Blizzard_ScriptErrors.lua]:59: in function 'GetErrorData'\n[Interface/AddOns/Blizzard_ScriptErrors/Blizzard_ScriptErrors.lua]:72: in function <[Interface/AddOns/Blizzard_ScriptErrors/Blizzard_ScriptErrors.lua]:71>",
    "count": 1
  },
  {
    "message": "@Interface/AddOns/CraftSim/Modules/Pricing/Pricing.lua: Lua error: Interface/AddOns/CraftSim/Modules/Pricing/Pricing.lua:10: attempt to call method 'RegisterModule' (a nil value)\nstack traceback:\n\t(string):1: in main chunk",
    "count": 1
  },
  {
    "message": "Lua Error: @Interface/AddOns/CraftSim/Modules/Pricing/Pricing.lua: Lua error: Interface/AddOns/CraftSim/Modules/Pricing/Pricing.lua:10: attempt to call method 'RegisterModule' (a nil value)\nstack traceback:\n\t(string):1: in main chunk\n[Interface/AddOns/Blizzard_ScriptErrors/Blizzard_ScriptErrors.lua]:59: in function 'GetErrorData'\n[Interface/AddOns/Blizzard_ScriptErrors/Blizzard_ScriptErrors.lua]:72: in function <[Interface/AddOns/Blizzard_ScriptErrors/Blizzard_ScriptErrors.lua]:71>",
    "count": 1
  },
  {
    "message": "@Interface/AddOns/CraftSim/Modules/Pricing/UI.lua: Lua error: Interface/AddOns/CraftSim/Debug/Debug.lua:60: attempt to index upvalue 'LibLog' (a nil value)\nstack traceback:\n\t(string):1: in main chunk",
    "count": 1
  },
  {
    "message": "Lua Error: @Interface/AddOns/CraftSim/Modules/Pricing/UI.lua: Lua error: Interface/AddOns/CraftSim/Debug/Debug.lua:60: attempt to index upvalue 'LibLog' (a nil value)\nstack traceback:\n\t(string):1: in main chunk\n[Interface/AddOns/Blizzard_ScriptErrors/Blizzard_ScriptErrors.lua]:59: in function 'GetErrorData'\n[Interface/AddOns/Blizzard_ScriptErrors/Blizzard_ScriptErrors.lua]:72: in function <[Interface/AddOns/Blizzard_ScriptErrors/Blizzard_ScriptErrors.lua]:71>",
    "count": 1
  },
  {
    "message": "@Interface/AddOns/CraftSim/Modules/SpecializationInfo/UI.lua: Lua error: Interface/AddOns/CraftSim/Modules/SpecializationInfo/UI.lua:7: attempt to index local 'GUTIL' (a nil value)\nstack traceback:\n\t(string):1: in main chunk",
    "count": 1
  },
  {
    "message": "Lua Error: @Interface/AddOns/CraftSim/Modules/SpecializationInfo/UI.lua: Lua error: Interface/AddOns/CraftSim/Modules/SpecializationInfo/UI.lua:7: attempt to index local 'GUTIL' (a nil value)\nstack traceback:\n\t(string):1: in main chunk\n[Interface/AddOns/Blizzard_ScriptErrors/Blizzard_ScriptErrors.lua]:59: in function 'GetErrorData'\n[Interface/AddOns/Blizzard_ScriptErrors/Blizzard_ScriptErrors.lua]:72: in function <[Interface/AddOns/Blizzard_ScriptErrors/Blizzard_ScriptErrors.lua]:71>",
    "count": 1
  },
  {
    "message": "@Interface/AddOns/CraftSim/Modules/SimulationMode/Debug.lua: Lua error: Interface/AddOns/CraftSim/Modules/SimulationMode/Debug.lua:6: attempt to index local 'GUTIL' (a nil value)\nstack traceback:\n\t(string):1: in main chunk",
    "count": 1
  },
  {
    "message": "Lua Error: @Interface/AddOns/CraftSim/Modules/SimulationMode/Debug.lua: Lua error: Interface/AddOns/CraftSim/Modules/SimulationMode/Debug.lua:6: attempt to index local 'GUTIL' (a nil value)\nstack traceback:\n\t(string):1: in main chunk\n[Interface/AddOns/Blizzard_ScriptErrors/Blizzard_ScriptErrors.lua]:59: in function 'GetErrorData'\n[Interface/AddOns/Blizzard_ScriptErrors/Blizzard_ScriptErrors.lua]:72: in function <[Interface/AddOns/Blizzard_ScriptErrors/Blizzard_ScriptErrors.lua]:71>",
    "count": 1
  },
  {
    "message": "@Interface/AddOns/CraftSim/Modules/SimulationMode/UI.lua: Lua error: Interface/AddOns/CraftSim/Modules/SimulationMode/UI.lua:7: attempt to index local 'GUTIL' (a nil value)\nstack traceback:\n\t(string):1: in main chunk",
    "count": 1
  },
  {
    "message": "Lua Error: @Interface/AddOns/CraftSim/Modules/SimulationMode/UI.lua: Lua error: Interface/AddOns/CraftSim/Modules/SimulationMode/UI.lua:7: attempt to index local 'GUTIL' (a nil value)\nstack traceback:\n\t(string):1: in main chunk\n[Interface/AddOns/Blizzard_ScriptErrors/Blizzard_ScriptErrors.lua]:59: in function 'GetErrorData'\n[Interface/AddOns/Blizzard_ScriptErrors/Blizzard_ScriptErrors.lua]:72: in function <[Interface/AddOns/Blizzard_ScriptErrors/Blizzard_ScriptErrors.lua]:71>",
    "count": 1
  },
  {
    "message": "@Interface/AddOns/CraftSim/Modules/ReagentOptimization/ReagentOptimization.lua: Lua error: ...tSim/Modules/ReagentOptimization/ReagentOptimization.lua:87: attempt to call method 'RegisterModule' (a nil value)\nstack traceback:\n\t(string):1: in main chunk",
    "count": 1
  },
  {
    "message": "Lua Error: @Interface/AddOns/CraftSim/Modules/ReagentOptimization/ReagentOptimization.lua: Lua error: ...tSim/Modules/ReagentOptimization/ReagentOptimization.lua:87: attempt to call method 'RegisterModule' (a nil value)\nstack traceback:\n\t(string):1: in main chunk\n[Interface/AddOns/Blizzard_ScriptErrors/Blizzard_ScriptErrors.lua]:59: in function 'GetErrorData'\n[Interface/AddOns/Blizzard_ScriptErrors/Blizzard_ScriptErrors.lua]:72: in function <[Interface/AddOns/Blizzard_ScriptErrors/Blizzard_ScriptErrors.lua]:71>",
    "count": 1
  },
  {
    "message": "@Interface/AddOns/CraftSim/Modules/ReagentOptimization/UI.lua: Lua error: ...rface/AddOns/CraftSim/Modules/ReagentOptimization/UI.lua:6: attempt to index local 'GUTIL' (a nil value)\nstack traceback:\n\t(string):1: in main chunk",
    "count": 1
  },
  {
    "message": "Lua Error: @Interface/AddOns/CraftSim/Modules/ReagentOptimization/UI.lua: Lua error: ...rface/AddOns/CraftSim/Modules/ReagentOptimization/UI.lua:6: attempt to index local 'GUTIL' (a nil value)\nstack traceback:\n\t(string):1: in main chunk\n[Interface/AddOns/Blizzard_ScriptErrors/Blizzard_ScriptErrors.lua]:59: in function 'GetErrorData'\n[Interface/AddOns/Blizzard_ScriptErrors/Blizzard_ScriptErrors.lua]:72: in function <[Interface/AddOns/Blizzard_ScriptErrors/Blizzard_ScriptErrors.lua]:71>",
    "count": 1
  },
  {
    "message": "@Interface/AddOns/CraftSim/Modules/TopGear/TopGear.lua: Lua error: Interface/AddOns/CraftSim/Debug/Debug.lua:60: attempt to index upvalue 'LibLog' (a nil value)\nstack traceback:\n\t(string):1: in main chunk",
    "count": 1
  },
  {
    "message": "Lua Error: @Interface/AddOns/CraftSim/Modules/TopGear/TopGear.lua: Lua error: Interface/AddOns/CraftSim/Debug/Debug.lua:60: attempt to index upvalue 'LibLog' (a nil value)\nstack traceback:\n\t(string):1: in main chunk\n[Interface/AddOns/Blizzard_ScriptErrors/Blizzard_ScriptErrors.lua]:59: in function 'GetErrorData'\n[Interface/AddOns/Blizzard_ScriptErrors/Blizzard_ScriptErrors.lua]:72: in function <[Interface/AddOns/Blizzard_ScriptErrors/Blizzard_ScriptErrors.lua]:71>",
    "count": 1
  },
  {
    "message": "@Interface/AddOns/CraftSim/Modules/TopGear/UI.lua: Lua error: Interface/AddOns/CraftSim/Debug/Debug.lua:60: attempt to index upvalue 'LibLog' (a nil value)\nstack traceback:\n\t(string):1: in main chunk",
    "count": 1
  },
  {
    "message": "Lua Error: @Interface/AddOns/CraftSim/Modules/TopGear/UI.lua: Lua error: Interface/AddOns/CraftSim/Debug/Debug.lua:60: attempt to index upvalue 'LibLog' (a nil value)\nstack traceback:\n\t(string):1: in main chunk\n[Interface/AddOns/Blizzard_ScriptErrors/Blizzard_ScriptErrors.lua]:59: in function 'GetErrorData'\n[Interface/AddOns/Blizzard_ScriptErrors/Blizzard_ScriptErrors.lua]:72: in function <[Interface/AddOns/Blizzard_ScriptErrors/Blizzard_ScriptErrors.lua]:71>",
    "count": 1
  },
  {
    "message": "@Interface/AddOns/CraftSim/Modules/RecipeScan/RecipeScan.lua: Lua error: Interface/AddOns/CraftSim/Modules/RecipeScan/RecipeScan.lua:11: attempt to call method 'RegisterModule' (a nil value)\nstack traceback:\n\t(string):1: in main chunk",
    "count": 1
  },
  {
    "message": "Lua Error: @Interface/AddOns/CraftSim/Modules/RecipeScan/RecipeScan.lua: Lua error: Interface/AddOns/CraftSim/Modules/RecipeScan/RecipeScan.lua:11: attempt to call method 'RegisterModule' (a nil value)\nstack traceback:\n\t(string):1: in main chunk\n[Interface/AddOns/Blizzard_ScriptErrors/Blizzard_ScriptErrors.lua]:59: in function 'GetErrorData'\n[Interface/AddOns/Blizzard_ScriptErrors/Blizzard_ScriptErrors.lua]:72: in function <[Interface/AddOns/Blizzard_ScriptErrors/Blizzard_ScriptErrors.lua]:71>",
    "count": 1
  },
  {
    "message": "@Interface/AddOns/CraftSim/Modules/RecipeScan/UI.lua: Lua error: Interface/AddOns/CraftSim/Modules/RecipeScan/UI.lua:7: attempt to index field 'GUTIL' (a nil value)\nstack traceback:\n\t(string):1: in main chunk",
    "count": 1
  },
  {
    "message": "Lua Error: @Interface/AddOns/CraftSim/Modules/RecipeScan/UI.lua: Lua error: Interface/AddOns/CraftSim/Modules/RecipeScan/UI.lua:7: attempt to index field 'GUTIL' (a nil value)\nstack traceback:\n\t(string):1: in main chunk\n[Interface/AddOns/Blizzard_ScriptErrors/Blizzard_ScriptErrors.lua]:59: in function 'GetErrorData'\n[Interface/AddOns/Blizzard_ScriptErrors/Blizzard_ScriptErrors.lua]:72: in function <[Interface/AddOns/Blizzard_ScriptErrors/Blizzard_ScriptErrors.lua]:71>",
    "count": 1
  },
  {
    "message": "@Interface/AddOns/CraftSim/Modules/Supporters/Supporters.lua: Lua error: Interface/AddOns/CraftSim/Modules/Supporters/Supporters.lua:6: attempt to index local 'GUTIL' (a nil value)\nstack traceback:\n\t(string):1: in main chunk",
    "count": 1
  },
  {
    "message": "Lua Error: @Interface/AddOns/CraftSim/Modules/Supporters/Supporters.lua: Lua error: Interface/AddOns/CraftSim/Modules/Supporters/Supporters.lua:6: attempt to index local 'GUTIL' (a nil value)\nstack traceback:\n\t(string):1: in main chunk\n[Interface/AddOns/Blizzard_ScriptErrors/Blizzard_ScriptErrors.lua]:59: in function 'GetErrorData'\n[Interface/AddOns/Blizzard_ScriptErrors/Blizzard_ScriptErrors.lua]:72: in function <[Interface/AddOns/Blizzard_ScriptErrors/Blizzard_ScriptErrors.lua]:71>",
    "count": 1
  },
  {
    "message": "@Interface/AddOns/CraftSim/Modules/Supporters/UI.lua: Lua error: Interface/AddOns/CraftSim/Modules/Supporters/UI.lua:6: attempt to index local 'GUTIL' (a nil value)\nstack traceback:\n\t(string):1: in main chunk",
    "count": 1
  },
  {
    "message": "Lua Error: @Interface/AddOns/CraftSim/Modules/Supporters/UI.lua: Lua error: Interface/AddOns/CraftSim/Modules/Supporters/UI.lua:6: attempt to index local 'GUTIL' (a nil value)\nstack traceback:\n\t(string):1: in main chunk\n[Interface/AddOns/Blizzard_ScriptErrors/Blizzard_ScriptErrors.lua]:59: in function 'GetErrorData'\n[Interface/AddOns/Blizzard_ScriptErrors/Blizzard_ScriptErrors.lua]:72: in function <[Interface/AddOns/Blizzard_ScriptErrors/Blizzard_ScriptErrors.lua]:71>",
    "count": 1
  },
  {
    "message": "@Interface/AddOns/CraftSim/Modules/CraftBuffs/CraftBuffs.lua: Lua error: Interface/AddOns/CraftSim/Debug/Debug.lua:60: attempt to index upvalue 'LibLog' (a nil value)\nstack traceback:\n\t(string):1: in main chunk",
    "count": 1
  },
  {
    "message": "Lua Error: @Interface/AddOns/CraftSim/Modules/CraftBuffs/CraftBuffs.lua: Lua error: Interface/AddOns/CraftSim/Debug/Debug.lua:60: attempt to index upvalue 'LibLog' (a nil value)\nstack traceback:\n\t(string):1: in main chunk\n[Interface/AddOns/Blizzard_ScriptErrors/Blizzard_ScriptErrors.lua]:59: in function 'GetErrorData'\n[Interface/AddOns/Blizzard_ScriptErrors/Blizzard_ScriptErrors.lua]:72: in function <[Interface/AddOns/Blizzard_ScriptErrors/Blizzard_ScriptErrors.lua]:71>",
    "count": 1
  },
  {
    "message": "@Interface/AddOns/CraftSim/Modules/CraftBuffs/UI.lua: Lua error: Interface/AddOns/CraftSim/Modules/CraftBuffs/UI.lua:11: attempt to index field 'CRAFT_BUFFS' (a nil value)\nstack traceback:\n\t(string):1: in main chunk",
    "count": 1
  },
  {
    "message": "Lua Error: @Interface/AddOns/CraftSim/Modules/CraftBuffs/UI.lua: Lua error: Interface/AddOns/CraftSim/Modules/CraftBuffs/UI.lua:11: attempt to index field 'CRAFT_BUFFS' (a nil value)\nstack traceback:\n\t(string):1: in main chunk\n[Interface/AddOns/Blizzard_ScriptErrors/Blizzard_ScriptErrors.lua]:59: in function 'GetErrorData'\n[Interface/AddOns/Blizzard_ScriptErrors/Blizzard_ScriptErrors.lua]:72: in function <[Interface/AddOns/Blizzard_ScriptErrors/Blizzard_ScriptErrors.lua]:71>",
    "count": 1
  },
  {
    "message": "@Interface/AddOns/CraftSim/Modules/ConcentrationTracker/ConcentrationTracker.lua: Lua error: ...im/Modules/ConcentrationTracker/ConcentrationTracker.lua:5: attempt to index local 'GUTIL' (a nil value)\nstack traceback:\n\t(string):1: in main chunk",
    "count": 1
  },
  {
    "message": "Lua Error: @Interface/AddOns/CraftSim/Modules/ConcentrationTracker/ConcentrationTracker.lua: Lua error: ...im/Modules/ConcentrationTracker/ConcentrationTracker.lua:5: attempt to index local 'GUTIL' (a nil value)\nstack traceback:\n\t(string):1: in main chunk\n[Interface/AddOns/Blizzard_ScriptErrors/Blizzard_ScriptErrors.lua]:59: in function 'GetErrorData'\n[Interface/AddOns/Blizzard_ScriptErrors/Blizzard_ScriptErrors.lua]:72: in function <[Interface/AddOns/Blizzard_ScriptErrors/Blizzard_ScriptErrors.lua]:71>",
    "count": 1
  },
  {
    "message": "@Interface/AddOns/CraftSim/Modules/ConcentrationTracker/UI.lua: Lua error: ...face/AddOns/CraftSim/Modules/ConcentrationTracker/UI.lua:11: attempt to index field 'CONCENTRATION_TRACKER' (a nil value)\nstack traceback:\n\t(string):1: in main chunk",
    "count": 1
  },
  {
    "message": "Lua Error: @Interface/AddOns/CraftSim/Modules/ConcentrationTracker/UI.lua: Lua error: ...face/AddOns/CraftSim/Modules/ConcentrationTracker/UI.lua:11: attempt to index field 'CONCENTRATION_TRACKER' (a nil value)\nstack traceback:\n\t(string):1: in main chunk\n[Interface/AddOns/Blizzard_ScriptErrors/Blizzard_ScriptErrors.lua]:59: in function 'GetErrorData'\n[Interface/AddOns/Blizzard_ScriptErrors/Blizzard_ScriptErrors.lua]:72: in function <[Interface/AddOns/Blizzard_ScriptErrors/Blizzard_ScriptErrors.lua]:71>",
    "count": 1
  },
  {
    "message": "@Interface/AddOns/CraftSim/Modules/WorkOrderTracker/WorkOrderTracker.lua: Lua error: ...s/CraftSim/Modules/WorkOrderTracker/WorkOrderTracker.lua:8: attempt to index local 'GUTIL' (a nil value)\nstack traceback:\n\t(string):1: in main chunk",
    "count": 1
  },
  {
    "message": "Lua Error: @Interface/AddOns/CraftSim/Modules/WorkOrderTracker/WorkOrderTracker.lua: Lua error: ...s/CraftSim/Modules/WorkOrderTracker/WorkOrderTracker.lua:8: attempt to index local 'GUTIL' (a nil value)\nstack traceback:\n\t(string):1: in main chunk\n[Interface/AddOns/Blizzard_ScriptErrors/Blizzard_ScriptErrors.lua]:59: in function 'GetErrorData'\n[Interface/AddOns/Blizzard_ScriptErrors/Blizzard_ScriptErrors.lua]:72: in function <[Interface/AddOns/Blizzard_ScriptErrors/Blizzard_ScriptErrors.lua]:71>",
    "count": 1
  },
  {
    "message": "@Interface/AddOns/CraftSim/Modules/WorkOrderTracker/UI.lua: Lua error: Interface/AddOns/CraftSim/Modules/WorkOrderTracker/UI.lua:8: attempt to index field 'WORK_ORDER_TRACKER' (a nil value)\nstack traceback:\n\t(string):1: in main chunk",
    "count": 1
  },
  {
    "message": "Lua Error: @Interface/AddOns/CraftSim/Modules/WorkOrderTracker/UI.lua: Lua error: Interface/AddOns/CraftSim/Modules/WorkOrderTracker/UI.lua:8: attempt to index field 'WORK_ORDER_TRACKER' (a nil value)\nstack traceback:\n\t(string):1: in main chunk\n[Interface/AddOns/Blizzard_ScriptErrors/Blizzard_ScriptErrors.lua]:59: in function 'GetErrorData'\n[Interface/AddOns/Blizzard_ScriptErrors/Blizzard_ScriptErrors.lua]:72: in function <[Interface/AddOns/Blizzard_ScriptErrors/Blizzard_ScriptErrors.lua]:71>",
    "count": 1
  },
  {
    "message": "@Interface/AddOns/CraftSim/Data/SpecializationData/Dragonflight/Blacksmithing.lua: Lua error: ...m/Data/SpecializationData/Dragonflight/Blacksmithing.lua:3: attempt to index field 'SPECIALIZATION_DATA' (a nil value)\nstack traceback:\n\t(string):1: in main chunk",
    "count": 1
  },
  {
    "message": "Lua Error: @Interface/AddOns/CraftSim/Data/SpecializationData/Dragonflight/Blacksmithing.lua: Lua error: ...m/Data/SpecializationData/Dragonflight/Blacksmithing.lua:3: attempt to index field 'SPECIALIZATION_DATA' (a nil value)\nstack traceback:\n\t(string):1: in main chunk\n[Interface/AddOns/Blizzard_ScriptErrors/Blizzard_ScriptErrors.lua]:59: in function 'GetErrorData'\n[Interface/AddOns/Blizzard_ScriptErrors/Blizzard_ScriptErrors.lua]:72: in function <[Interface/AddOns/Blizzard_ScriptErrors/Blizzard_ScriptErrors.lua]:71>",
    "count": 1
  },
  {
    "message": "@Interface/AddOns/CraftSim/Data/SpecializationData/Dragonflight/Enchanting.lua: Lua error: ...tSim/Data/SpecializationData/Dragonflight/Enchanting.lua:3: attempt to index field 'SPECIALIZATION_DATA' (a nil value)\nstack traceback:\n\t(string):1: in main chunk",
    "count": 1
  },
  {
    "message": "Lua Error: @Interface/AddOns/CraftSim/Data/SpecializationData/Dragonflight/Enchanting.lua: Lua error: ...tSim/Data/SpecializationData/Dragonflight/Enchanting.lua:3: attempt to index field 'SPECIALIZATION_DATA' (a nil value)\nstack traceback:\n\t(string):1: in main chunk\n[Interface/AddOns/Blizzard_ScriptErrors/Blizzard_ScriptErrors.lua]:59: in function 'GetErrorData'\n[Interface/AddOns/Blizzard_ScriptErrors/Blizzard_ScriptErrors.lua]:72: in function <[Interface/AddOns/Blizzard_ScriptErrors/Blizzard_ScriptErrors.lua]:71>",
    "count": 1
  },
  {
    "message": "@Interface/AddOns/CraftSim/Data/SpecializationData/Dragonflight/Leatherworking.lua: Lua error: .../Data/SpecializationData/Dragonflight/Leatherworking.lua:3: attempt to index field 'SPECIALIZATION_DATA' (a nil value)\nstack traceback:\n\t(string):1: in main chunk",
    "count": 1
  },
  {
    "message": "Lua Error: @Interface/AddOns/CraftSim/Data/SpecializationData/Dragonflight/Leatherworking.lua: Lua error: .../Data/SpecializationData/Dragonflight/Leatherworking.lua:3: attempt to index field 'SPECIALIZATION_DATA' (a nil value)\nstack traceback:\n\t(string):1: in main chunk\n[Interface/AddOns/Blizzard_ScriptErrors/Blizzard_ScriptErrors.lua]:59: in function 'GetErrorData'\n[Interface/AddOns/Blizzard_ScriptErrors/Blizzard_ScriptErrors.lua]:72: in function <[Interface/AddOns/Blizzard_ScriptErrors/Blizzard_ScriptErrors.lua]:71>",
    "count": 1
  },
  {
    "message": "@Interface/AddOns/CraftSim/Data/SpecializationData/Dragonflight/Engineering.lua: Lua error: ...Sim/Data/SpecializationData/Dragonflight/Engineering.lua:3: attempt to index field 'SPECIALIZATION_DATA' (a nil value)\nstack traceback:\n\t(string):1: in main chunk",
    "count": 1
  },
  {
    "message": "Lua Error: @Interface/AddOns/CraftSim/Data/SpecializationData/Dragonflight/Engineering.lua: Lua error: ...Sim/Data/SpecializationData/Dragonflight/Engineering.lua:3: attempt to index field 'SPECIALIZATION_DATA' (a nil value)\nstack traceback:\n\t(string):1: in main chunk\n[Interface/AddOns/Blizzard_ScriptErrors/Blizzard_ScriptErrors.lua]:59: in function 'GetErrorData'\n[Interface/AddOns/Blizzard_ScriptErrors/Blizzard_ScriptErrors.lua]:72: in function <[Interface/AddOns/Blizzard_ScriptErrors/Blizzard_ScriptErrors.lua]:71>",
    "count": 1
  },
  {
    "message": "@Interface/AddOns/CraftSim/Data/SpecializationData/The_War_Within/Blacksmithing.lua: Lua error: ...Data/SpecializationData/The_War_Within/Blacksmithing.lua:3: attempt to index field 'SPECIALIZATION_DATA' (a nil value)\nstack traceback:\n\t(string):1: in main chunk",
    "count": 1
  },
  {
    "message": "Lua Error: @Interface/AddOns/CraftSim/Data/SpecializationData/The_War_Within/Blacksmithing.lua: Lua error: ...Data/SpecializationData/The_War_Within/Blacksmithing.lua:3: attempt to index field 'SPECIALIZATION_DATA' (a nil value)\nstack traceback:\n\t(string):1: in main chunk\n[Interface/AddOns/Blizzard_ScriptErrors/Blizzard_ScriptErrors.lua]:59: in function 'GetErrorData'\n[Interface/AddOns/Blizzard_ScriptErrors/Blizzard_ScriptErrors.lua]:72: in function <[Interface/AddOns/Blizzard_ScriptErrors/Blizzard_ScriptErrors.lua]:71>",
    "count": 1
  },
  {
    "message": "@Interface/AddOns/CraftSim/Data/SpecializationData/The_War_Within/Inscription.lua: Lua error: ...m/Data/SpecializationData/The_War_Within/Inscription.lua:3: attempt to index field 'SPECIALIZATION_DATA' (a nil value)\nstack traceback:\n\t(string):1: in main chunk",
    "count": 1
  },
  {
    "message": "Lua Error: @Interface/AddOns/CraftSim/Data/SpecializationData/The_War_Within/Inscription.lua: Lua error: ...m/Data/SpecializationData/The_War_Within/Inscription.lua:3: attempt to index field 'SPECIALIZATION_DATA' (a nil value)\nstack traceback:\n\t(string):1: in main chunk\n[Interface/AddOns/Blizzard_ScriptErrors/Blizzard_ScriptErrors.lua]:59: in function 'GetErrorData'\n[Interface/AddOns/Blizzard_ScriptErrors/Blizzard_ScriptErrors.lua]:72: in function <[Interface/AddOns/Blizzard_ScriptErrors/Blizzard_ScriptErrors.lua]:71>",
    "count": 1
  },
  {
    "message": "@Interface/AddOns/CraftSim/Data/SpecializationData/The_War_Within/Jewelcrafting.lua: Lua error: ...Data/SpecializationData/The_War_Within/Jewelcrafting.lua:3: attempt to index field 'SPECIALIZATION_DATA' (a nil value)\nstack traceback:\n\t(string):1: in main chunk",
    "count": 1
  },
  {
    "message": "Lua Error: @Interface/AddOns/CraftSim/Data/SpecializationData/The_War_Within/Jewelcrafting.lua: Lua error: ...Data/SpecializationData/The_War_Within/Jewelcrafting.lua:3: attempt to index field 'SPECIALIZATION_DATA' (a nil value)\nstack traceback:\n\t(string):1: in main chunk\n[Interface/AddOns/Blizzard_ScriptErrors/Blizzard_ScriptErrors.lua]:59: in function 'GetErrorData'\n[Interface/AddOns/Blizzard_ScriptErrors/Blizzard_ScriptErrors.lua]:72: in function <[Interface/AddOns/Blizzard_ScriptErrors/Blizzard_ScriptErrors.lua]:71>",
    "count": 1
  },
  {
    "message": "@Interface/AddOns/CraftSim/Data/SpecializationData/The_War_Within/Engineering.lua: Lua error: ...m/Data/SpecializationData/The_War_Within/Engineering.lua:3: attempt to index field 'SPECIALIZATION_DATA' (a nil value)\nstack traceback:\n\t(string):1: in main chunk",
    "count": 1
  },
  {
    "message": "Lua Error: @Interface/AddOns/CraftSim/Data/SpecializationData/The_War_Within/Engineering.lua: Lua error: ...m/Data/SpecializationData/The_War_Within/Engineering.lua:3: attempt to index field 'SPECIALIZATION_DATA' (a nil value)\nstack traceback:\n\t(string):1: in main chunk\n[Interface/AddOns/Blizzard_ScriptErrors/Blizzard_ScriptErrors.lua]:59: in function 'GetErrorData'\n[Interface/AddOns/Blizzard_ScriptErrors/Blizzard_ScriptErrors.lua]:72: in function <[Interface/AddOns/Blizzard_ScriptErrors/Blizzard_ScriptErrors.lua]:71>",
    "count": 1
  },
  {
    "message": "@Interface/AddOns/CraftSim/Data/SpecializationData/Midnight/Alchemy.lua: Lua error: ...ns/CraftSim/Data/SpecializationData/Midnight/Alchemy.lua:3: attempt to index field 'SPECIALIZATION_DATA' (a nil value)\nstack traceback:\n\t(string):1: in main chunk",
    "count": 1
  },
  {
    "message": "Lua Error: @Interface/AddOns/CraftSim/Data/SpecializationData/Midnight/Alchemy.lua: Lua error: ...ns/CraftSim/Data/SpecializationData/Midnight/Alchemy.lua:3: attempt to index field 'SPECIALIZATION_DATA' (a nil value)\nstack traceback:\n\t(string):1: in main chunk\n[Interface/AddOns/Blizzard_ScriptErrors/Blizzard_ScriptErrors.lua]:59: in function 'GetErrorData'\n[Interface/AddOns/Blizzard_ScriptErrors/Blizzard_ScriptErrors.lua]:72: in function <[Interface/AddOns/Blizzard_ScriptErrors/Blizzard_ScriptErrors.lua]:71>",
    "count": 1
  },
  {
    "message": "@Interface/AddOns/CraftSim/Data/SpecializationData/Midnight/Enchanting.lua: Lua error: ...CraftSim/Data/SpecializationData/Midnight/Enchanting.lua:3: attempt to index field 'SPECIALIZATION_DATA' (a nil value)\nstack traceback:\n\t(string):1: in main chunk",
    "count": 1
  },
  {
    "message": "Lua Error: @Interface/AddOns/CraftSim/Data/SpecializationData/Midnight/Enchanting.lua: Lua error: ...CraftSim/Data/SpecializationData/Midnight/Enchanting.lua:3: attempt to index field 'SPECIALIZATION_DATA' (a nil value)\nstack traceback:\n\t(string):1: in main chunk\n[Interface/AddOns/Blizzard_ScriptErrors/Blizzard_ScriptErrors.lua]:59: in function 'GetErrorData'\n[Interface/AddOns/Blizzard_ScriptErrors/Blizzard_ScriptErrors.lua]:72: in function <[Interface/AddOns/Blizzard_ScriptErrors/Blizzard_ScriptErrors.lua]:71>",
    "count": 1
  },
  {
    "message": "@Interface/AddOns/CraftSim/Data/SpecializationData/Midnight/Jewelcrafting.lua: Lua error: ...ftSim/Data/SpecializationData/Midnight/Jewelcrafting.lua:3: attempt to index field 'SPECIALIZATION_DATA' (a nil value)\nstack traceback:\n\t(string):1: in main chunk",
    "count": 1
  },
  {
    "message": "Lua Error: @Interface/AddOns/CraftSim/Data/SpecializationData/Midnight/Jewelcrafting.lua: Lua error: ...ftSim/Data/SpecializationData/Midnight/Jewelcrafting.lua:3: attempt to index field 'SPECIALIZATION_DATA' (a nil value)\nstack traceback:\n\t(string):1: in main chunk\n[Interface/AddOns/Blizzard_ScriptErrors/Blizzard_ScriptErrors.lua]:59: in function 'GetErrorData'\n[Interface/AddOns/Blizzard_ScriptErrors/Blizzard_ScriptErrors.lua]:72: in function <[Interface/AddOns/Blizzard_ScriptErrors/Blizzard_ScriptErrors.lua]:71>",
    "count": 1
  },
  {
    "message": "@Interface/AddOns/CraftSim/Data/SpecializationData/Midnight/Tailoring.lua: Lua error: .../CraftSim/Data/SpecializationData/Midnight/Tailoring.lua:3: attempt to index field 'SPECIALIZATION_DATA' (a nil value)\nstack traceback:\n\t(string):1: in main chunk",
    "count": 1
  },
  {
    "message": "Lua Error: @Interface/AddOns/CraftSim/Data/SpecializationData/Midnight/Tailoring.lua: Lua error: .../CraftSim/Data/SpecializationData/Midnight/Tailoring.lua:3: attempt to index field 'SPECIALIZATION_DATA' (a nil value)\nstack traceback:\n\t(string):1: in main chunk\n[Interface/AddOns/Blizzard_ScriptErrors/Blizzard_ScriptErrors.lua]:59: in function 'GetErrorData'\n[Interface/AddOns/Blizzard_ScriptErrors/Blizzard_ScriptErrors.lua]:72: in function <[Interface/AddOns/Blizzard_ScriptErrors/Blizzard_ScriptErrors.lua]:71>",
    "count": 1
  },
  {
    "message": "@Interface/AddOns/CraftSim/Data/SpecializationData/Midnight/Engineering.lua: Lua error: ...raftSim/Data/SpecializationData/Midnight/Engineering.lua:3: attempt to index field 'SPECIALIZATION_DATA' (a nil value)\nstack traceback:\n\t(string):1: in main chunk",
    "count": 1
  },
  {
    "message": "Lua Error: @Interface/AddOns/CraftSim/Data/SpecializationData/Midnight/Engineering.lua: Lua error: ...raftSim/Data/SpecializationData/Midnight/Engineering.lua:3: attempt to index field 'SPECIALIZATION_DATA' (a nil value)\nstack traceback:\n\t(string):1: in main chunk\n[Interface/AddOns/Blizzard_ScriptErrors/Blizzard_ScriptErrors.lua]:59: in function 'GetErrorData'\n[Interface/AddOns/Blizzard_ScriptErrors/Blizzard_ScriptErrors.lua]:72: in function <[Interface/AddOns/Blizzard_ScriptErrors/Blizzard_ScriptErrors.lua]:71>",
    "count": 1
  },
  {
    "message": "@Interface/AddOns/CraftSim/Classes/OnCraftData.lua: Lua error: Interface/AddOns/CraftSim/Classes/OnCraftData.lua:8: attempt to index field 'CraftSimObject' (a nil value)\nstack traceback:\n\t(string):1: in main chunk",
    "count": 1
  },
  {
    "message": "Lua Error: @Interface/AddOns/CraftSim/Classes/OnCraftData.lua: Lua error: Interface/AddOns/CraftSim/Classes/OnCraftData.lua:8: attempt to index field 'CraftSimObject' (a nil value)\nstack traceback:\n\t(string):1: in main chunk\n[Interface/AddOns/Blizzard_ScriptErrors/Blizzard_ScriptErrors.lua]:59: in function 'GetErrorData'\n[Interface/AddOns/Blizzard_ScriptErrors/Blizzard_ScriptErrors.lua]:72: in function <[Interface/AddOns/Blizzard_ScriptErrors/Blizzard_ScriptErrors.lua]:71>",
    "count": 1
  },
  {
    "message": "@Interface/AddOns/CraftSim/Classes/ProfessionData.lua: Lua error: Interface/AddOns/CraftSim/Debug/Debug.lua:60: attempt to index upvalue 'LibLog' (a nil value)\nstack traceback:\n\t(string):1: in main chunk",
    "count": 1
  },
  {
    "message": "Lua Error: @Interface/AddOns/CraftSim/Classes/ProfessionData.lua: Lua error: Interface/AddOns/CraftSim/Debug/Debug.lua:60: attempt to index upvalue 'LibLog' (a nil value)\nstack traceback:\n\t(string):1: in main chunk\n[Interface/AddOns/Blizzard_ScriptErrors/Blizzard_ScriptErrors.lua]:59: in function 'GetErrorData'\n[Interface/AddOns/Blizzard_ScriptErrors/Blizzard_ScriptErrors.lua]:72: in function <[Interface/AddOns/Blizzard_ScriptErrors/Blizzard_ScriptErrors.lua]:71>",
    "count": 1
  },
  {
    "message": "@Interface/AddOns/CraftSim/Classes/RecipeData.lua: Lua error: Interface/AddOns/CraftSim/Debug/Debug.lua:60: attempt to index upvalue 'LibLog' (a nil value)\nstack traceback:\n\t(string):1: in main chunk",
    "count": 1
  },
  {
    "message": "Lua Error: @Interface/AddOns/CraftSim/Classes/RecipeData.lua: Lua error: Interface/AddOns/CraftSim/Debug/Debug.lua:60: attempt to index upvalue 'LibLog' (a nil value)\nstack traceback:\n\t(string):1: in main chunk\n[Interface/AddOns/Blizzard_ScriptErrors/Blizzard_ScriptErrors.lua]:59: in function 'GetErrorData'\n[Interface/AddOns/Blizzard_ScriptErrors/Blizzard_ScriptErrors.lua]:72: in function <[Interface/AddOns/Blizzard_ScriptErrors/Blizzard_ScriptErrors.lua]:71>",
    "count": 1
  },
  {
    "message": "@Interface/AddOns/CraftSim/Classes/ReagentItem.lua: Lua error: Interface/AddOns/CraftSim/Classes/ReagentItem.lua:7: attempt to index field 'CraftSimObject' (a nil value)\nstack traceback:\n\t(string):1: in main chunk",
    "count": 1
  },
  {
    "message": "Lua Error: @Interface/AddOns/CraftSim/Classes/ReagentItem.lua: Lua error: Interface/AddOns/CraftSim/Classes/ReagentItem.lua:7: attempt to index field 'CraftSimObject' (a nil value)\nstack traceback:\n\t(string):1: in main chunk\n[Interface/AddOns/Blizzard_ScriptErrors/Blizzard_ScriptErrors.lua]:59: in function 'GetErrorData'\n[Interface/AddOns/Blizzard_ScriptErrors/Blizzard_ScriptErrors.lua]:72: in function <[Interface/AddOns/Blizzard_ScriptErrors/Blizzard_ScriptErrors.lua]:71>",
    "count": 1
  },
  {
    "message": "@Interface/AddOns/CraftSim/Classes/ProfessionStats.lua: Lua error: Interface/AddOns/CraftSim/Classes/ProfessionStats.lua:6: attempt to index field 'CraftSimObject' (a nil value)\nstack traceback:\n\t(string):1: in main chunk",
    "count": 1
  },
  {
    "message": "Lua Error: @Interface/AddOns/CraftSim/Classes/ProfessionStats.lua: Lua error: Interface/AddOns/CraftSim/Classes/ProfessionStats.lua:6: attempt to index field 'CraftSimObject' (a nil value)\nstack traceback:\n\t(string):1: in main chunk\n[Interface/AddOns/Blizzard_ScriptErrors/Blizzard_ScriptErrors.lua]:59: in function 'GetErrorData'\n[Interface/AddOns/Blizzard_ScriptErrors/Blizzard_ScriptErrors.lua]:72: in function <[Interface/AddOns/Blizzard_ScriptErrors/Blizzard_ScriptErrors.lua]:71>",
    "count": 1
  },
  {
    "message": "@Interface/AddOns/CraftSim/Classes/ProfessionStat.lua: Lua error: Interface/AddOns/CraftSim/Classes/ProfessionStat.lua:7: attempt to index field 'CraftSimObject' (a nil value)\nstack traceback:\n\t(string):1: in main chunk",
    "count": 1
  },
  {
    "message": "Lua Error: @Interface/AddOns/CraftSim/Classes/ProfessionStat.lua: Lua error: Interface/AddOns/CraftSim/Classes/ProfessionStat.lua:7: attempt to index field 'CraftSimObject' (a nil value)\nstack traceback:\n\t(string):1: in main chunk\n[Interface/AddOns/Blizzard_ScriptErrors/Blizzard_ScriptErrors.lua]:59: in function 'GetErrorData'\n[Interface/AddOns/Blizzard_ScriptErrors/Blizzard_ScriptErrors.lua]:72: in function <[Interface/AddOns/Blizzard_ScriptErrors/Blizzard_ScriptErrors.lua]:71>",
    "count": 1
  },
  {
    "message": "@Interface/AddOns/CraftSim/Classes/ProfessionGearSet.lua: Lua error: Interface/AddOns/CraftSim/Classes/ProfessionGearSet.lua:6: attempt to index field 'CraftSimObject' (a nil value)\nstack traceback:\n\t(string):1: in main chunk",
    "count": 1
  },
  {
    "message": "Lua Error: @Interface/AddOns/CraftSim/Classes/ProfessionGearSet.lua: Lua error: Interface/AddOns/CraftSim/Classes/ProfessionGearSet.lua:6: attempt to index field 'CraftSimObject' (a nil value)\nstack traceback:\n\t(string):1: in main chunk\n[Interface/AddOns/Blizzard_ScriptErrors/Blizzard_ScriptErrors.lua]:59: in function 'GetErrorData'\n[Interface/AddOns/Blizzard_ScriptErrors/Blizzard_ScriptErrors.lua]:72: in function <[Interface/AddOns/Blizzard_ScriptErrors/Blizzard_ScriptErrors.lua]:71>",
    "count": 1
  },
  {
    "message": "@Interface/AddOns/CraftSim/Classes/ProfessionGear.lua: Lua error: Interface/AddOns/CraftSim/Classes/ProfessionGear.lua:8: attempt to index field 'CraftSimObject' (a nil value)\nstack traceback:\n\t(string):1: in main chunk",
    "count": 1
  },
  {
    "message": "Lua Error: @Interface/AddOns/CraftSim/Classes/ProfessionGear.lua: Lua error: Interface/AddOns/CraftSim/Classes/ProfessionGear.lua:8: attempt to index field 'CraftSimObject' (a nil value)\nstack traceback:\n\t(string):1: in main chunk\n[Interface/AddOns/Blizzard_ScriptErrors/Blizzard_ScriptErrors.lua]:59: in function 'GetErrorData'\n[Interface/AddOns/Blizzard_ScriptErrors/Blizzard_ScriptErrors.lua]:72: in function <[Interface/AddOns/Blizzard_ScriptErrors/Blizzard_ScriptErrors.lua]:71>",
    "count": 1
  },
  {
    "message": "@Interface/AddOns/CraftSim/Classes/ResultData.lua: Lua error: Interface/AddOns/CraftSim/Debug/Debug.lua:60: attempt to index upvalue 'LibLog' (a nil value)\nstack traceback:\n\t(string):1: in main chunk",
    "count": 1
  },
  {
    "message": "Lua Error: @Interface/AddOns/CraftSim/Classes/ResultData.lua: Lua error: Interface/AddOns/CraftSim/Debug/Debug.lua:60: attempt to index upvalue 'LibLog' (a nil value)\nstack traceback:\n\t(string):1: in main chunk\n[Interface/AddOns/Blizzard_ScriptErrors/Blizzard_ScriptErrors.lua]:59: in function 'GetErrorData'\n[Interface/AddOns/Blizzard_ScriptErrors/Blizzard_ScriptErrors.lua]:72: in function <[Interface/AddOns/Blizzard_ScriptErrors/Blizzard_ScriptErrors.lua]:71>",
    "count": 1
  },
  {
    "message": "@Interface/AddOns/CraftSim/Classes/SalvageReagentSlot.lua: Lua error: Interface/AddOns/CraftSim/Classes/SalvageReagentSlot.lua:8: attempt to index field 'CraftSimObject' (a nil value)\nstack traceback:\n\t(string):1: in main chunk",
    "count": 1
  },
  {
    "message": "Lua Error: @Interface/AddOns/CraftSim/Classes/SalvageReagentSlot.lua: Lua error: Interface/AddOns/CraftSim/Classes/SalvageReagentSlot.lua:8: attempt to index field 'CraftSimObject' (a nil value)\nstack traceback:\n\t(string):1: in main chunk\n[Interface/AddOns/Blizzard_ScriptErrors/Blizzard_ScriptErrors.lua]:59: in function 'GetErrorData'\n[Interface/AddOns/Blizzard_ScriptErrors/Blizzard_ScriptErrors.lua]:72: in function <[Interface/AddOns/Blizzard_ScriptErrors/Blizzard_ScriptErrors.lua]:71>",
    "count": 1
  },
  {
    "message": "@Interface/AddOns/CraftSim/Classes/SpecializationData.lua: Lua error: Interface/AddOns/CraftSim/Debug/Debug.lua:60: attempt to index upvalue 'LibLog' (a nil value)\nstack traceback:\n\t(string):1: in main chunk",
    "count": 1
  },
  {
    "message": "Lua Error: @Interface/AddOns/CraftSim/Classes/SpecializationData.lua: Lua error: Interface/AddOns/CraftSim/Debug/Debug.lua:60: attempt to index upvalue 'LibLog' (a nil value)\nstack traceback:\n\t(string):1: in main chunk\n[Interface/AddOns/Blizzard_ScriptErrors/Blizzard_ScriptErrors.lua]:59: in function 'GetErrorData'\n[Interface/AddOns/Blizzard_ScriptErrors/Blizzard_ScriptErrors.lua]:72: in function <[Interface/AddOns/Blizzard_ScriptErrors/Blizzard_ScriptErrors.lua]:71>",
    "count": 1
  },
  {
    "message": "@Interface/AddOns/CraftSim/Classes/NodeData.lua: Lua error: Interface/AddOns/CraftSim/Classes/NodeData.lua:6: attempt to index local 'GUTIL' (a nil value)\nstack traceback:\n\t(string):1: in main chunk",
    "count": 1
  },
  {
    "message": "Lua Error: @Interface/AddOns/CraftSim/Classes/NodeData.lua: Lua error: Interface/AddOns/CraftSim/Classes/NodeData.lua:6: attempt to index local 'GUTIL' (a nil value)\nstack traceback:\n\t(string):1: in main chunk\n[Interface/AddOns/Blizzard_ScriptErrors/Blizzard_ScriptErrors.lua]:59: in function 'GetErrorData'\n[Interface/AddOns/Blizzard_ScriptErrors/Blizzard_ScriptErrors.lua]:72: in function <[Interface/AddOns/Blizzard_ScriptErrors/Blizzard_ScriptErrors.lua]:71>",
    "count": 1
  },
  {
    "message": "@Interface/AddOns/CraftSim/Classes/PerkData.lua: Lua error: Interface/AddOns/CraftSim/Debug/Debug.lua:60: attempt to index upvalue 'LibLog' (a nil value)\nstack traceback:\n\t(string):1: in main chunk",
    "count": 1
  },
  {
    "message": "Lua Error: @Interface/AddOns/CraftSim/Classes/PerkData.lua: Lua error: Interface/AddOns/CraftSim/Debug/Debug.lua:60: attempt to index upvalue 'LibLog' (a nil value)\nstack traceback:\n\t(string):1: in main chunk\n[Interface/AddOns/Blizzard_ScriptErrors/Blizzard_ScriptErrors.lua]:59: in function 'GetErrorData'\n[Interface/AddOns/Blizzard_ScriptErrors/Blizzard_ScriptErrors.lua]:72: in function <[Interface/AddOns/Blizzard_ScriptErrors/Blizzard_ScriptErrors.lua]:71>",
    "count": 1
  },
  {
    "message": "@Interface/AddOns/CraftSim/Classes/CraftRecipeData.lua: Lua error: Interface/AddOns/CraftSim/Classes/CraftRecipeData.lua:65: attempt to index field 'CraftSimObject' (a nil value)\nstack traceback:\n\t(string):1: in main chunk",
    "count": 1
  },
  {
    "message": "Lua Error: @Interface/AddOns/CraftSim/Classes/CraftRecipeData.lua: Lua error: Interface/AddOns/CraftSim/Classes/CraftRecipeData.lua:65: attempt to index field 'CraftSimObject' (a nil value)\nstack traceback:\n\t(string):1: in main chunk\n[Interface/AddOns/Blizzard_ScriptErrors/Blizzard_ScriptErrors.lua]:59: in function 'GetErrorData'\n[Interface/AddOns/Blizzard_ScriptErrors/Blizzard_ScriptErrors.lua]:72: in function <[Interface/AddOns/Blizzard_ScriptErrors/Blizzard_ScriptErrors.lua]:71>",
    "count": 1
  },
  {
    "message": "@Interface/AddOns/CraftSim/Classes/JSONBuilder.lua: Lua error: Interface/AddOns/CraftSim/Classes/JSONBuilder.lua:7: attempt to index field 'CraftSimObject' (a nil value)\nstack traceback:\n\t(string):1: in main chunk",
    "count": 1
  },
  {
    "message": "Lua Error: @Interface/AddOns/CraftSim/Classes/JSONBuilder.lua: Lua error: Interface/AddOns/CraftSim/Classes/JSONBuilder.lua:7: attempt to index field 'CraftSimObject' (a nil value)\nstack traceback:\n\t(string):1: in main chunk\n[Interface/AddOns/Blizzard_ScriptErrors/Blizzard_ScriptErrors.lua]:59: in function 'GetErrorData'\n[Interface/AddOns/Blizzard_ScriptErrors/Blizzard_ScriptErrors.lua]:72: in function <[Interface/AddOns/Blizzard_ScriptErrors/Blizzard_ScriptErrors.lua]:71>",
    "count": 1
  },
  {
    "message": "@Interface/AddOns/CraftSim/Classes/Buff.lua: Lua error: Interface/AddOns/CraftSim/Debug/Debug.lua:60: attempt to index upvalue 'LibLog' (a nil value)\nstack traceback:\n\t(string):1: in main chunk",
    "count": 1
  },
  {
    "message": "Lua Error: @Interface/AddOns/CraftSim/Classes/Buff.lua: Lua error: Interface/AddOns/CraftSim/Debug/Debug.lua:60: attempt to index upvalue 'LibLog' (a nil value)\nstack traceback:\n\t(string):1: in main chunk\n[Interface/AddOns/Blizzard_ScriptErrors/Blizzard_ScriptErrors.lua]:59: in function 'GetErrorData'\n[Interface/AddOns/Blizzard_ScriptErrors/Blizzard_ScriptErrors.lua]:72: in function <[Interface/AddOns/Blizzard_ScriptErrors/Blizzard_ScriptErrors.lua]:71>",
    "count": 1
  },
  {
    "message": "@Interface/AddOns/CraftSim/Classes/CraftQueue.lua: Lua error: Interface/AddOns/CraftSim/Classes/CraftQueue.lua:7: attempt to index field 'CraftSimObject' (a nil value)\nstack traceback:\n\t(string):1: in main chunk",
    "count": 1
  },
  {
    "message": "Lua Error: @Interface/AddOns/CraftSim/Classes/CraftQueue.lua: Lua error: Interface/AddOns/CraftSim/Classes/CraftQueue.lua:7: attempt to index field 'CraftSimObject' (a nil value)\nstack traceback:\n\t(string):1: in main chunk\n[Interface/AddOns/Blizzard_ScriptErrors/Blizzard_ScriptErrors.lua]:59: in function 'GetErrorData'\n[Interface/AddOns/Blizzard_ScriptErrors/Blizzard_ScriptErrors.lua]:72: in function <[Interface/AddOns/Blizzard_ScriptErrors/Blizzard_ScriptErrors.lua]:71>",
    "count": 1
  },
  {
    "message": "@Interface/AddOns/CraftSim/Classes/CraftQueueItem.lua: Lua error: Interface/AddOns/CraftSim/Classes/CraftQueueItem.lua:8: attempt to index field 'CraftSimObject' (a nil value)\nstack traceback:\n\t(string):1: in main chunk",
    "count": 1
  },
  {
    "message": "Lua Error: @Interface/AddOns/CraftSim/Classes/CraftQueueItem.lua: Lua error: Interface/AddOns/CraftSim/Classes/CraftQueueItem.lua:8: attempt to index field 'CraftSimObject' (a nil value)\nstack traceback:\n\t(string):1: in main chunk\n[Interface/AddOns/Blizzard_ScriptErrors/Blizzard_ScriptErrors.lua]:59: in function 'GetErrorData'\n[Interface/AddOns/Blizzard_ScriptErrors/Blizzard_ScriptErrors.lua]:72: in function <[Interface/AddOns/Blizzard_ScriptErrors/Blizzard_ScriptErrors.lua]:71>",
    "count": 1
  },
  {
    "message": "IO error reading /syncthing/World of Warcraft/_retail_/Interface/AddOns/XIV_Databar_Continued/Libs/CallbackHandler-1.0/CallbackHandler-1.0.lua: No such file or directory (os error 2)\nstack traceback:\n\t(string):1: in main chunk",
    "count": 2
  },
  {
    "message": "Lua Error: IO error reading /syncthing/World of Warcraft/_retail_/Interface/AddOns/XIV_Databar_Continued/Libs/CallbackHandler-1.0/CallbackHandler-1.0.lua: No such file or directory (os error 2)\nstack traceback:\n\t(string):1: in main chunk\n[Interface/AddOns/Blizzard_ScriptErrors/Blizzard_ScriptErrors.lua]:59: in function 'GetErrorData'\n[Interface/AddOns/Blizzard_ScriptErrors/Blizzard_ScriptErrors.lua]:72: in function <[Interface/AddOns/Blizzard_ScriptErrors/Blizzard_ScriptErrors.lua]:71>",
    "count": 2
  },
  {
    "message": "@Interface/AddOns/XIV_Databar_Continued/locales/enUS.lua: Lua error: Interface/AddOns/XIV_Databar_Continued/locales/enUS.lua:4: Cannot find a library instance of \"AceLocale-3.0\".\nstack traceback:\n\t(string):1: in main chunk",
    "count": 1
  },
  {
    "message": "Lua Error: @Interface/AddOns/XIV_Databar_Continued/locales/enUS.lua: Lua error: Interface/AddOns/XIV_Databar_Continued/locales/enUS.lua:4: Cannot find a library instance of \"AceLocale-3.0\".\nstack traceback:\n\t(string):1: in main chunk\n[Interface/AddOns/Blizzard_ScriptErrors/Blizzard_ScriptErrors.lua]:59: in function 'GetErrorData'\n[Interface/AddOns/Blizzard_ScriptErrors/Blizzard_ScriptErrors.lua]:72: in function <[Interface/AddOns/Blizzard_ScriptErrors/Blizzard_ScriptErrors.lua]:71>",
    "count": 1
  },
  {
    "message": "@Interface/AddOns/XIV_Databar_Continued/core.lua: Lua error: Interface/AddOns/XIV_Databar_Continued/core.lua:6: Cannot find a library instance of \"AceAddon-3.0\".\nstack traceback:\n\t(string):1: in main chunk",
    "count": 1
  },
  {
    "message": "Lua Error: @Interface/AddOns/XIV_Databar_Continued/core.lua: Lua error: Interface/AddOns/XIV_Databar_Continued/core.lua:6: Cannot find a library instance of \"AceAddon-3.0\".\nstack traceback:\n\t(string):1: in main chunk\n[Interface/AddOns/Blizzard_ScriptErrors/Blizzard_ScriptErrors.lua]:59: in function 'GetErrorData'\n[Interface/AddOns/Blizzard_ScriptErrors/Blizzard_ScriptErrors.lua]:72: in function <[Interface/AddOns/Blizzard_ScriptErrors/Blizzard_ScriptErrors.lua]:71>",
    "count": 1
  },
  {
    "message": "@Interface/AddOns/XIV_Databar_Continued/options.lua: Lua error: Interface/AddOns/XIV_Databar_Continued/options.lua:5: Cannot find a library instance of \"AceConfig-3.0\".\nstack traceback:\n\t(string):1: in main chunk",
    "count": 1
  },
  {
    "message": "Lua Error: @Interface/AddOns/XIV_Databar_Continued/options.lua: Lua error: Interface/AddOns/XIV_Databar_Continued/options.lua:5: Cannot find a library instance of \"AceConfig-3.0\".\nstack traceback:\n\t(string):1: in main chunk\n[Interface/AddOns/Blizzard_ScriptErrors/Blizzard_ScriptErrors.lua]:59: in function 'GetErrorData'\n[Interface/AddOns/Blizzard_ScriptErrors/Blizzard_ScriptErrors.lua]:72: in function <[Interface/AddOns/Blizzard_ScriptErrors/Blizzard_ScriptErrors.lua]:71>",
    "count": 1
  },
  {
    "message": "@Interface/AddOns/XIV_Databar_Continued/Core/utils/changelog/Old/v1/1.0.lua: Lua error: ...IV_Databar_Continued/Core/utils/changelog/Old/v1/1.0.lua:3: attempt to index field 'Changelog' (a nil value)\nstack traceback:\n\t(string):1: in main chunk",
    "count": 1
  },
  {
    "message": "Lua Error: @Interface/AddOns/XIV_Databar_Continued/Core/utils/changelog/Old/v1/1.0.lua: Lua error: ...IV_Databar_Continued/Core/utils/changelog/Old/v1/1.0.lua:3: attempt to index field 'Changelog' (a nil value)\nstack traceback:\n\t(string):1: in main chunk\n[Interface/AddOns/Blizzard_ScriptErrors/Blizzard_ScriptErrors.lua]:59: in function 'GetErrorData'\n[Interface/AddOns/Blizzard_ScriptErrors/Blizzard_ScriptErrors.lua]:72: in function <[Interface/AddOns/Blizzard_ScriptErrors/Blizzard_ScriptErrors.lua]:71>",
    "count": 1
  },
  {
    "message": "@Interface/AddOns/XIV_Databar_Continued/Core/utils/mythicteleports/expansions/classic.lua: Lua error: ...tinued/Core/utils/mythicteleports/expansions/classic.lua:6: attempt to index local 'L' (a nil value)\nstack traceback:\n\t(string):1: in main chunk",
    "count": 1
  },
  {
    "message": "Lua Error: @Interface/AddOns/XIV_Databar_Continued/Core/utils/mythicteleports/expansions/classic.lua: Lua error: ...tinued/Core/utils/mythicteleports/expansions/classic.lua:6: attempt to index local 'L' (a nil value)\nstack traceback:\n\t(string):1: in main chunk\n[Interface/AddOns/Blizzard_ScriptErrors/Blizzard_ScriptErrors.lua]:59: in function 'GetErrorData'\n[Interface/AddOns/Blizzard_ScriptErrors/Blizzard_ScriptErrors.lua]:72: in function <[Interface/AddOns/Blizzard_ScriptErrors/Blizzard_ScriptErrors.lua]:71>",
    "count": 1
  },
  {
    "message": "[OnEvent] frame=#48513 addon=DandersFrames source=@Interface/AddOns/DandersFrames/ClickCasting/Events.lua:569: Interface/AddOns/DandersFrames/ClickCasting/Frames.lua:333: attempt to call method 'CreateHovercastButton' (a nil value)\nstack traceback:\n\t(string):12: in function <(string):12>\n\t[C]: in function 'native_xpcall'\n\t(string):11: in function 'CreateHovercastButton'\n\tInterface/AddOns/DandersFrames/ClickCasting/Frames.lua:333: in function 'InitializeSecureFrames'\n\tInterface/AddOns/DandersFrames/ClickCasting/Frames.lua:49: in function 'Initialize'\n\tInterface/AddOns/DandersFrames/ClickCasting/Events.lua:572: in function <Interface/AddOns/DandersFrames/ClickCasting/Events.lua:569>\n\t(tail call): ?\n\t(tail call): ?\n\t[C]: in function 'native_xpcall'\n\t(string):8: in function <(string):5>\n\t(tail call): ?",
    "count": 1
  },
  {
    "message": "Lua Error: [OnEvent] frame=#48513 addon=DandersFrames source=@Interface/AddOns/DandersFrames/ClickCasting/Events.lua:569: Interface/AddOns/DandersFrames/ClickCasting/Frames.lua:333: attempt to call method 'CreateHovercastButton' (a nil value)\nstack traceback:\n\t(string):12: in function <(string):12>\n\t[C]: in function 'native_xpcall'\n\t(string):11: in function 'CreateHovercastButton'\n\tInterface/AddOns/DandersFrames/ClickCasting/Frames.lua:333: in function 'InitializeSecureFrames'\n\tInterface/AddOns/DandersFrames/ClickCasting/Frames.lua:49: in function 'Initialize'\n\tInterface/AddOns/DandersFrames/ClickCasting/Events.lua:572: in function <Interface/AddOns/DandersFrames/ClickCasting/Events.lua:569>\n\t(tail call): ?\n\t(tail call): ?\n\t[C]: in function 'native_xpcall'\n\t(string):8: in function <(string):5>\n\t(tail call): ?\n[Interface/AddOns/Blizzard_ScriptErrors/Blizzard_ScriptErrors.lua]:59: in function 'GetErrorData'\n[Interface/AddOns/Blizzard_ScriptErrors/Blizzard_ScriptErrors.lua]:72: in function <[Interface/AddOns/Blizzard_ScriptErrors/Blizzard_ScriptErrors.lua]:71>",
    "count": 1
  },
  {
    "message": "[OnEvent] frame=FalconAddOnFrame addon=Falcon source=@Interface/AddOns/Falcon/Falcon.lua:333: Interface/AddOns/Falcon/Falcon.lua:334: attempt to call method 'IsInEditMode' (a nil value)\nstack traceback:\n\t(string):12: in function <(string):12>\n\t[C]: in function 'native_xpcall'\n\t(string):11: in function 'IsInEditMode'\n\tInterface/AddOns/Falcon/Falcon.lua:334: in function <Interface/AddOns/Falcon/Falcon.lua:333>\n\t(tail call): ?\n\t(tail call): ?\n\t[C]: in function 'native_xpcall'\n\t(string):8: in function <(string):5>\n\t(tail call): ?",
    "count": 5
  },
  {
    "message": "Lua Error: [OnEvent] frame=FalconAddOnFrame addon=Falcon source=@Interface/AddOns/Falcon/Falcon.lua:333: Interface/AddOns/Falcon/Falcon.lua:334: attempt to call method 'IsInEditMode' (a nil value)\nstack traceback:\n\t(string):12: in function <(string):12>\n\t[C]: in function 'native_xpcall'\n\t(string):11: in function 'IsInEditMode'\n\tInterface/AddOns/Falcon/Falcon.lua:334: in function <Interface/AddOns/Falcon/Falcon.lua:333>\n\t(tail call): ?\n\t(tail call): ?\n\t[C]: in function 'native_xpcall'\n\t(string):8: in function <(string):5>\n\t(tail call): ?\n[Interface/AddOns/Blizzard_ScriptErrors/Blizzard_ScriptErrors.lua]:59: in function 'GetErrorData'\n[Interface/AddOns/Blizzard_ScriptErrors/Blizzard_ScriptErrors.lua]:72: in function <[Interface/AddOns/Blizzard_ScriptErrors/Blizzard_ScriptErrors.lua]:71>",
    "count": 5
  },
  {
    "message": "...face/AddOns/BetterBlizzFrames/retail/modules/castbar.lua:1688: attempt to perform arithmetic on local 'w' (a nil value)\nstack traceback:\n\t(string):1: in main chunk",
    "count": 2
  },
  {
    "message": "Lua Error: ...face/AddOns/BetterBlizzFrames/retail/modules/castbar.lua:1688: attempt to perform arithmetic on local 'w' (a nil value)\nstack traceback:\n\t(string):1: in main chunk\n[Interface/AddOns/Blizzard_ScriptErrors/Blizzard_ScriptErrors.lua]:59: in function 'GetErrorData'\n[Interface/AddOns/Blizzard_ScriptErrors/Blizzard_ScriptErrors.lua]:72: in function <[Interface/AddOns/Blizzard_ScriptErrors/Blizzard_ScriptErrors.lua]:71>",
    "count": 2
  }
]
