[  0.000s] [startup] wow-sim process started pid=93462
[  0.000s] Resource limits: 2 CPU core(s)
[  0.000s] [Startup] WowLuaEnv::new begin
[  0.003s] [Startup] SimState::default complete in 2.77ms
[  0.003s] [Startup] rilua VM created in 155.07µs
[  0.003s] [Startup] builtin frames initialized in 93.58µs
[  0.003s] [Startup] template registry cleared in 7.57µs
[  0.003s] [Startup] intrinsic templates registered in 8.10µs
[  0.003s] [Startup] initial app_data lua handle installed in 481.00ns
[  0.201s] [Startup] init_lua_state complete in 198.19ms
[  0.202s] [Startup] final app_data lua handle installed in 671.00ns
[  0.202s] [Startup] initial screen globals installed in 193.20µs
[  0.202s] [Startup] WowLuaEnv::new complete
[  0.202s] [Startup] screen size set to 1600x1200 in 91.31µs
[  0.202s] [Startup] WowFontSystem::new begin casc=false
[  0.212s] [Startup] font system fallback loaded in 9.99ms
[  0.212s] [Startup] cosmic font system built in 21.12µs
[  0.212s] [Startup] swash cache created in 5.57µs
[  0.212s] [Startup] WowFontSystem::new complete in 10.06ms
[  0.212s] [Startup] font system created in 10.07ms
ALSA lib confmisc.c:855:(parse_card) [error.core] cannot find card '0'
ALSA lib conf.c:5211:(_snd_config_evaluate) [error.core] function snd_func_card_inum returned error: No such file or directory
ALSA lib confmisc.c:422:(snd_func_concat) [error.core] error evaluating strings
ALSA lib conf.c:5211:(_snd_config_evaluate) [error.core] function snd_func_concat returned error: No such file or directory
ALSA lib confmisc.c:1342:(snd_func_refer) [error.core] error evaluating name
ALSA lib conf.c:5211:(_snd_config_evaluate) [error.core] function snd_func_refer returned error: No such file or directory
ALSA lib conf.c:5734:(snd_config_expand) [error.core] Evaluate error: No such file or directory
ALSA lib pcm.c:2722:(snd_pcm_open_noupdate) [error.pcm] Unknown PCM default
[  0.213s] Sound: no audio device available
[  0.213s] [Startup] begin stop GC
[  0.213s] [Startup] end stop GC in 291.00ns
[  0.213s] [Startup] begin configure saved variables
[  0.213s] SavedVariables loading disabled
[  0.213s] [Startup] end configure saved variables in 1.06µs
[  0.213s] [Startup] begin load keybindings
[  0.213s] [Startup] end load keybindings in 150.00ns
[  0.213s] [Startup] begin configure edit mode cache
[  0.213s] EditMode cache source (read-only): 50868465#2 @ Burning Blade/Haky
[  0.213s] [Startup] end configure edit mode cache in 36.17µs
[  0.213s] [Startup] begin read ServerSnapshot edit mode layout
[  0.213s] [Startup] end read ServerSnapshot edit mode layout in 30.00ns
[  0.213s] [Startup] begin load edit mode cache
[  0.213s] Loaded EditMode layout cache from WTF
[  0.213s] [Startup] end load edit mode cache in 60.20µs
[  0.213s] [Startup] begin load ServerSnapshot character state
[  0.213s] [Startup] end load ServerSnapshot character state in 40.00ns
[  0.213s] [Startup] begin load Blizzard addons
[  0.222s] Loading 291 Blizzard addons...
[  3.591s] Blizzard addons loaded in 3.38s (io=7.90ms xml=178.06ms xmlproc=2.28s frames⊂xmlproc=2.27s lua=628.32ms [compile=520.49ms call=107.84ms] gc=deferred, bytecode cache: 0/1569 hits (0%, lookup_miss=0 replay_fail=0 stored=0 store_fail=0))
  frame breakdown: setup=1.11s finalize=2.64s (2482 frames)
  setup: code_build=12.20ms exec_lua=1.10s props=9.55ms
  finalize: layers=85.80ms (1151 tex, 689 fs) anim=24.83ms button=49.88ms lifecycle=954.29ms (1761 fires)
[  3.591s] [Startup] end load Blizzard addons in 3.38s
[  3.591s] [Startup] begin prepare chat frame for third-party addons
[  3.592s] [Startup] end prepare chat frame for third-party addons in 623.36µs
[  3.592s] [Startup] begin apply post-Blizzard load workarounds
[  3.592s] [Startup] applying post-load workarounds
[  3.592s] [Startup] apply_post_load_workarounds: begin
[  3.592s] [Workarounds] starting patch_edit_mode_manager
[  3.592s] [Workarounds] finished patch_edit_mode_manager in 290.11µs
[  3.592s] [Workarounds] starting init_edit_mode_layout
[  3.592s] [EditMode] starting setup_layout_info
[  3.596s] [EditMode] finished setup_layout_info in 4.10ms
[  3.596s] [EditMode] starting apply_system_anchors
[  3.746s] [EditMode] finished apply_system_anchors in 150.24ms
[  3.746s] [EditMode] starting finalize_action_bar_positions
[  3.748s] [EditMode] finished finalize_action_bar_positions in 1.91ms
[  3.748s] [EditMode] starting invoke_anchor_changed_hooks
[  3.749s] [EditMode] finished invoke_anchor_changed_hooks in 399.29µs
[  3.749s] [EditMode] starting fix_action_bar_nan_size
[  3.749s] [EditMode] finished fix_action_bar_nan_size in 46.09µs
[  3.749s] [EditMode] starting fix_action_bar_scale
[  3.749s] [EditMode] finished fix_action_bar_scale in 4.62µs
[  3.749s] [Workarounds] finished init_edit_mode_layout in 156.75ms
[  3.749s] [Workarounds] starting patch_ui_parent_panel_toggles
[  3.749s] [Workarounds] finished patch_ui_parent_panel_toggles in 224.16µs
[  3.749s] [Workarounds] starting patch_uiparent_onupdate_worklists
[  3.749s] [Workarounds] finished patch_uiparent_onupdate_worklists in 91.39µs
[  3.749s] [Workarounds] starting init_chat_type_colors
[  3.749s] [Workarounds] finished init_chat_type_colors in 114.85µs
[  3.749s] [Workarounds] starting patch_chat_voice_button_surface
[  3.749s] [Workarounds] finished patch_chat_voice_button_surface in 116.92µs
[  3.749s] [Workarounds] starting patch_item_socketing_tooltips
[  3.749s] [Workarounds] finished patch_item_socketing_tooltips in 56.26µs
[  3.749s] [Workarounds] starting patch_character_select_selected_name
[  3.749s] [Workarounds] finished patch_character_select_selected_name in 28.27µs
[  3.749s] [Workarounds] starting patch_character_create_defaults
[  3.750s] [Workarounds] finished patch_character_create_defaults in 206.62µs
[  3.750s] [Workarounds] starting patch_character_frame_title_refresh
[  3.755s] [Workarounds] finished patch_character_frame_title_refresh in 5.69ms
[  3.755s] [Workarounds] starting patch_vignette_pin_template
[  3.755s] [Workarounds] finished patch_vignette_pin_template in 126.40µs
[  3.755s] [Workarounds] starting patch_fog_of_war_pin_mixin
[  3.756s] [Workarounds] finished patch_fog_of_war_pin_mixin in 276.11µs
[  3.756s] [Workarounds] starting patch_map_exploration_pin_mixin
[  3.761s] [Workarounds] finished patch_map_exploration_pin_mixin in 5.55ms
[  3.761s] [Workarounds] starting patch_map_canvas_data_provider_attachment
[  3.761s] [Workarounds] finished patch_map_canvas_data_provider_attachment in 79.80µs
[  3.761s] [Workarounds] starting ensure_adventure_map_frame_surface
[  3.762s] [Workarounds] finished ensure_adventure_map_frame_surface in 481.43µs
[  3.762s] [Workarounds] starting patch_action_bar_button_event_fanout
[  3.762s] [Workarounds] finished patch_action_bar_button_event_fanout in 108.38µs
[  3.762s] [Workarounds] starting patch_paging_controls_page_text
[  3.762s] [Workarounds] finished patch_paging_controls_page_text in 37.72µs
[  3.762s] [Workarounds] starting patch_talent_edge_frame_level_sync
[  3.762s] [Workarounds] finished patch_talent_edge_frame_level_sync in 28.10µs
[  3.762s] [Workarounds] starting patch_catalog_shop_product_card_defaults
[  3.762s] [Workarounds] finished patch_catalog_shop_product_card_defaults in 59.65µs
[  3.762s] [Workarounds] starting patch_game_time_defaults
[  3.762s] [Workarounds] finished patch_game_time_defaults in 7.00µs
[  3.762s] [Workarounds] starting patch_tooltip_nineslice_surface
[  3.762s] [Workarounds] finished patch_tooltip_nineslice_surface in 42.48µs
[  3.762s] [Workarounds] starting patch_container_frame_token_tracker
[  3.762s] [Workarounds] finished patch_container_frame_token_tracker in 38.13µs
[  3.762s] [Workarounds] starting patch_achievement_display_set_achievements
[  3.762s] [Workarounds] finished patch_achievement_display_set_achievements in 7.27µs
[  3.762s] [Workarounds] starting patch_housing_dashboard_preload
[  3.762s] [Workarounds] finished patch_housing_dashboard_preload in 155.78µs
[  3.762s] [Workarounds] starting patch_lfg_lock_list
[  3.762s] [Workarounds] finished patch_lfg_lock_list in 36.25µs
[  3.762s] [Workarounds] starting patch_auction_house_browse_results_event
[  3.762s] [Workarounds] finished patch_auction_house_browse_results_event in 61.48µs
[  3.762s] [Workarounds] starting patch_auction_house_search_context_aliases
[  3.763s] [Workarounds] finished patch_auction_house_search_context_aliases in 26.99µs
[  3.763s] [Workarounds] starting patch_auth_challenge_frame_parent
[  3.763s] [Workarounds] finished patch_auth_challenge_frame_parent in 70.13µs
[  3.763s] [Workarounds] starting patch_settings_surface_defaults
[  3.763s] [Workarounds] finished patch_settings_surface_defaults in 351.37µs
[  3.763s] [Workarounds] starting patch_settings_canvas_layout_visibility
[  3.763s] [Workarounds] finished patch_settings_canvas_layout_visibility in 104.86µs
[  3.763s] [Startup] apply_post_load_workarounds: workarounds complete
[  3.838s] [Startup] apply_post_load_workarounds: globals restored
[  3.839s] [Startup] apply_post_load_workarounds: patch 12.1 compatibility restored
[  3.839s] [Startup] apply_post_load_workarounds: seterrorhandler restored
[  3.839s] [Startup] post-load workarounds complete in 246.97ms
[  3.839s] [Startup] end apply post-Blizzard load workarounds in 246.97ms
[  3.839s] [Startup] begin load third-party addons
[  3.867s] Loading 9 Blizzard addon dependencies for third-party addons...
[  4.020s] Loading 47 addons...
Lua error: @/home/osso/.worktrees/wow-ui-sim-p510-page/data/patch-api/evidence/5.1.0-session-2026-10-08/addon-snapshot/AdvancedInterfaceOptions/cvars.lua: Lua error: ...-10-08/addon-snapshot/AdvancedInterfaceOptions/cvars.lua:1165: attempt to call local '(for state)' (a nil value)
stack traceback:
	(string):1: in main chunk
Lua error: Lua Error: @/home/osso/.worktrees/wow-ui-sim-p510-page/data/patch-api/evidence/5.1.0-session-2026-10-08/addon-snapshot/AdvancedInterfaceOptions/cvars.lua: Lua error: ...-10-08/addon-snapshot/AdvancedInterfaceOptions/cvars.lua:1165: attempt to call local '(for state)' (a nil value)
stack traceback:
	(string):1: in main chunk
[Interface/AddOns/Blizzard_ScriptErrors/Blizzard_ScriptErrors.lua]:59: in function 'GetErrorData'
[Interface/AddOns/Blizzard_ScriptErrors/Blizzard_ScriptErrors.lua]:72: in function <[Interface/AddOns/Blizzard_ScriptErrors/Blizzard_ScriptErrors.lua]:71>

Lua error: @/home/osso/.worktrees/wow-ui-sim-p510-page/data/patch-api/evidence/5.1.0-session-2026-10-08/addon-snapshot/AdvancedInterfaceOptions/browser.lua: Lua error: ...0-08/addon-snapshot/AdvancedInterfaceOptions/browser.lua:2: attempt to call method 'Eve' (a nil value)
stack traceback:
	(string):1: in main chunk
Lua error: Lua Error: @/home/osso/.worktrees/wow-ui-sim-p510-page/data/patch-api/evidence/5.1.0-session-2026-10-08/addon-snapshot/AdvancedInterfaceOptions/browser.lua: Lua error: ...0-08/addon-snapshot/AdvancedInterfaceOptions/browser.lua:2: attempt to call method 'Eve' (a nil value)
stack traceback:
	(string):1: in main chunk
[Interface/AddOns/Blizzard_ScriptErrors/Blizzard_ScriptErrors.lua]:59: in function 'GetErrorData'
[Interface/AddOns/Blizzard_ScriptErrors/Blizzard_ScriptErrors.lua]:72: in function <[Interface/AddOns/Blizzard_ScriptErrors/Blizzard_ScriptErrors.lua]:71>

Lua error: @/home/osso/.worktrees/wow-ui-sim-p510-page/data/patch-api/evidence/5.1.0-session-2026-10-08/addon-snapshot/AdvancedInterfaceOptions/basicOptions.lua: Lua error: ...addon-snapshot/AdvancedInterfaceOptions/basicOptions.lua:2: attempt to call method 'Eve' (a nil value)
stack traceback:
	(string):1: in main chunk
Lua error: Lua Error: @/home/osso/.worktrees/wow-ui-sim-p510-page/data/patch-api/evidence/5.1.0-session-2026-10-08/addon-snapshot/AdvancedInterfaceOptions/basicOptions.lua: Lua error: ...addon-snapshot/AdvancedInterfaceOptions/basicOptions.lua:2: attempt to call method 'Eve' (a nil value)
stack traceback:
	(string):1: in main chunk
[Interface/AddOns/Blizzard_ScriptErrors/Blizzard_ScriptErrors.lua]:59: in function 'GetErrorData'
[Interface/AddOns/Blizzard_ScriptErrors/Blizzard_ScriptErrors.lua]:72: in function <[Interface/AddOns/Blizzard_ScriptErrors/Blizzard_ScriptErrors.lua]:71>

Lua error: IO error reading /home/osso/.worktrees/wow-ui-sim-p510-page/data/patch-api/evidence/5.1.0-session-2026-10-08/addon-snapshot/AstralKeys/Libs/LibStub/LibStub.lua: No such file or directory (os error 2)
stack traceback:
	(string):1: in main chunk
Lua error: Lua Error: IO error reading /home/osso/.worktrees/wow-ui-sim-p510-page/data/patch-api/evidence/5.1.0-session-2026-10-08/addon-snapshot/AstralKeys/Libs/LibStub/LibStub.lua: No such file or directory (os error 2)
stack traceback:
	(string):1: in main chunk
[Interface/AddOns/Blizzard_ScriptErrors/Blizzard_ScriptErrors.lua]:59: in function 'GetErrorData'
[Interface/AddOns/Blizzard_ScriptErrors/Blizzard_ScriptErrors.lua]:72: in function <[Interface/AddOns/Blizzard_ScriptErrors/Blizzard_ScriptErrors.lua]:71>

Lua error: @/home/osso/.worktrees/wow-ui-sim-p510-page/data/patch-api/evidence/5.1.0-session-2026-10-08/addon-snapshot/AstralKeys/Dialog.lua: Lua error: .../addon-snapshot/AstralKeys/Localization/Localization.lua:17: stack overflow
stack traceback:
	(string):1: in main chunk
Lua error: Lua Error: @/home/osso/.worktrees/wow-ui-sim-p510-page/data/patch-api/evidence/5.1.0-session-2026-10-08/addon-snapshot/AstralKeys/Dialog.lua: Lua error: .../addon-snapshot/AstralKeys/Localization/Localization.lua:17: stack overflow
stack traceback:
	(string):1: in main chunk
[Interface/AddOns/Blizzard_ScriptErrors/Blizzard_ScriptErrors.lua]:59: in function 'GetErrorData'
[Interface/AddOns/Blizzard_ScriptErrors/Blizzard_ScriptErrors.lua]:72: in function <[Interface/AddOns/Blizzard_ScriptErrors/Blizzard_ScriptErrors.lua]:71>

Lua error: @/home/osso/.worktrees/wow-ui-sim-p510-page/data/patch-api/evidence/5.1.0-session-2026-10-08/addon-snapshot/AstralKeys/Communications.lua: Lua error: ...-2026-10-08/addon-snapshot/AstralKeys/Communications.lua:252: attempt to index global 'AstralEvents' (a nil value)
stack traceback:
	(string):1: in main chunk
Lua error: Lua Error: @/home/osso/.worktrees/wow-ui-sim-p510-page/data/patch-api/evidence/5.1.0-session-2026-10-08/addon-snapshot/AstralKeys/Communications.lua: Lua error: ...-2026-10-08/addon-snapshot/AstralKeys/Communications.lua:252: attempt to index global 'AstralEvents' (a nil value)
stack traceback:
	(string):1: in main chunk
[Interface/AddOns/Blizzard_ScriptErrors/Blizzard_ScriptErrors.lua]:59: in function 'GetErrorData'
[Interface/AddOns/Blizzard_ScriptErrors/Blizzard_ScriptErrors.lua]:72: in function <[Interface/AddOns/Blizzard_ScriptErrors/Blizzard_ScriptErrors.lua]:71>

Lua error: @/home/osso/.worktrees/wow-ui-sim-p510-page/data/patch-api/evidence/5.1.0-session-2026-10-08/addon-snapshot/AstralKeys/Lists/Friends.lua: Lua error: ...n-2026-10-08/addon-snapshot/AstralKeys/Lists/Friends.lua:75: attempt to index global 'AstralEvents' (a nil value)
stack traceback:
	(string):1: in main chunk
Lua error: Lua Error: @/home/osso/.worktrees/wow-ui-sim-p510-page/data/patch-api/evidence/5.1.0-session-2026-10-08/addon-snapshot/AstralKeys/Lists/Friends.lua: Lua error: ...n-2026-10-08/addon-snapshot/AstralKeys/Lists/Friends.lua:75: attempt to index global 'AstralEvents' (a nil value)
stack traceback:
	(string):1: in main chunk
[Interface/AddOns/Blizzard_ScriptErrors/Blizzard_ScriptErrors.lua]:59: in function 'GetErrorData'
[Interface/AddOns/Blizzard_ScriptErrors/Blizzard_ScriptErrors.lua]:72: in function <[Interface/AddOns/Blizzard_ScriptErrors/Blizzard_ScriptErrors.lua]:71>

Lua error: @/home/osso/.worktrees/wow-ui-sim-p510-page/data/patch-api/evidence/5.1.0-session-2026-10-08/addon-snapshot/AstralKeys/Lists/Guild.lua: Lua error: ...ion-2026-10-08/addon-snapshot/AstralKeys/Lists/Guild.lua:19: attempt to index global 'AstralEvents' (a nil value)
stack traceback:
	(string):1: in main chunk
Lua error: Lua Error: @/home/osso/.worktrees/wow-ui-sim-p510-page/data/patch-api/evidence/5.1.0-session-2026-10-08/addon-snapshot/AstralKeys/Lists/Guild.lua: Lua error: ...ion-2026-10-08/addon-snapshot/AstralKeys/Lists/Guild.lua:19: attempt to index global 'AstralEvents' (a nil value)
stack traceback:
	(string):1: in main chunk
[Interface/AddOns/Blizzard_ScriptErrors/Blizzard_ScriptErrors.lua]:59: in function 'GetErrorData'
[Interface/AddOns/Blizzard_ScriptErrors/Blizzard_ScriptErrors.lua]:72: in function <[Interface/AddOns/Blizzard_ScriptErrors/Blizzard_ScriptErrors.lua]:71>

Lua error: @/home/osso/.worktrees/wow-ui-sim-p510-page/data/patch-api/evidence/5.1.0-session-2026-10-08/addon-snapshot/AstralKeys/Dungeons.lua: Lua error: .../addon-snapshot/AstralKeys/Localization/Localization.lua:17: stack overflow
stack traceback:
	(string):1: in main chunk
Lua error: Lua Error: @/home/osso/.worktrees/wow-ui-sim-p510-page/data/patch-api/evidence/5.1.0-session-2026-10-08/addon-snapshot/AstralKeys/Dungeons.lua: Lua error: .../addon-snapshot/AstralKeys/Localization/Localization.lua:17: stack overflow
stack traceback:
	(string):1: in main chunk
[Interface/AddOns/Blizzard_ScriptErrors/Blizzard_ScriptErrors.lua]:59: in function 'GetErrorData'
[Interface/AddOns/Blizzard_ScriptErrors/Blizzard_ScriptErrors.lua]:72: in function <[Interface/AddOns/Blizzard_ScriptErrors/Blizzard_ScriptErrors.lua]:71>

Lua error: @/home/osso/.worktrees/wow-ui-sim-p510-page/data/patch-api/evidence/5.1.0-session-2026-10-08/addon-snapshot/AstralKeys/AstralKeys.lua: Lua error: ...sion-2026-10-08/addon-snapshot/AstralKeys/AstralKeys.lua:93: attempt to index global 'AstralEvents' (a nil value)
stack traceback:
	(string):1: in main chunk
Lua error: Lua Error: @/home/osso/.worktrees/wow-ui-sim-p510-page/data/patch-api/evidence/5.1.0-session-2026-10-08/addon-snapshot/AstralKeys/AstralKeys.lua: Lua error: ...sion-2026-10-08/addon-snapshot/AstralKeys/AstralKeys.lua:93: attempt to index global 'AstralEvents' (a nil value)
stack traceback:
	(string):1: in main chunk
[Interface/AddOns/Blizzard_ScriptErrors/Blizzard_ScriptErrors.lua]:59: in function 'GetErrorData'
[Interface/AddOns/Blizzard_ScriptErrors/Blizzard_ScriptErrors.lua]:72: in function <[Interface/AddOns/Blizzard_ScriptErrors/Blizzard_ScriptErrors.lua]:71>

Lua error: IO error reading /home/osso/.worktrees/wow-ui-sim-p510-page/data/patch-api/evidence/5.1.0-session-2026-10-08/addon-snapshot/AstralKeys/Frame.lua: No such file or directory (os error 2)
stack traceback:
	(string):1: in main chunk
Lua error: Lua Error: IO error reading /home/osso/.worktrees/wow-ui-sim-p510-page/data/patch-api/evidence/5.1.0-session-2026-10-08/addon-snapshot/AstralKeys/Frame.lua: No such file or directory (os error 2)
stack traceback:
	(string):1: in main chunk
[Interface/AddOns/Blizzard_ScriptErrors/Blizzard_ScriptErrors.lua]:59: in function 'GetErrorData'
[Interface/AddOns/Blizzard_ScriptErrors/Blizzard_ScriptErrors.lua]:72: in function <[Interface/AddOns/Blizzard_ScriptErrors/Blizzard_ScriptErrors.lua]:71>

Lua error: @/home/osso/.worktrees/wow-ui-sim-p510-page/data/patch-api/evidence/5.1.0-session-2026-10-08/addon-snapshot/AstralKeys/MinimapButton.lua: Lua error: ...n-2026-10-08/addon-snapshot/AstralKeys/MinimapButton.lua:4: attempt to call a nil value
stack traceback:
	(string):1: in main chunk
Lua error: Lua Error: @/home/osso/.worktrees/wow-ui-sim-p510-page/data/patch-api/evidence/5.1.0-session-2026-10-08/addon-snapshot/AstralKeys/MinimapButton.lua: Lua error: ...n-2026-10-08/addon-snapshot/AstralKeys/MinimapButton.lua:4: attempt to call a nil value
stack traceback:
	(string):1: in main chunk
[Interface/AddOns/Blizzard_ScriptErrors/Blizzard_ScriptErrors.lua]:59: in function 'GetErrorData'
[Interface/AddOns/Blizzard_ScriptErrors/Blizzard_ScriptErrors.lua]:72: in function <[Interface/AddOns/Blizzard_ScriptErrors/Blizzard_ScriptErrors.lua]:71>

Lua error: IO error reading /home/osso/.worktrees/wow-ui-sim-p510-page/data/patch-api/evidence/5.1.0-session-2026-10-08/addon-snapshot/BetterBlizzFrames/libs/LibStub/LibStub.lua: No such file or directory (os error 2)
stack traceback:
	(string):1: in main chunk
Lua error: Lua Error: IO error reading /home/osso/.worktrees/wow-ui-sim-p510-page/data/patch-api/evidence/5.1.0-session-2026-10-08/addon-snapshot/BetterBlizzFrames/libs/LibStub/LibStub.lua: No such file or directory (os error 2)
stack traceback:
	(string):1: in main chunk
[Interface/AddOns/Blizzard_ScriptErrors/Blizzard_ScriptErrors.lua]:59: in function 'GetErrorData'
[Interface/AddOns/Blizzard_ScriptErrors/Blizzard_ScriptErrors.lua]:72: in function <[Interface/AddOns/Blizzard_ScriptErrors/Blizzard_ScriptErrors.lua]:71>

Lua error: @/home/osso/.worktrees/wow-ui-sim-p510-page/data/patch-api/evidence/5.1.0-session-2026-10-08/addon-snapshot/BetterBlizzFrames/shared/functions.lua: Lua error: ...08/addon-snapshot/BetterBlizzFrames/shared/functions.lua:329: attempt to call a nil value
stack traceback:
	(string):1: in main chunk
Lua error: Lua Error: @/home/osso/.worktrees/wow-ui-sim-p510-page/data/patch-api/evidence/5.1.0-session-2026-10-08/addon-snapshot/BetterBlizzFrames/shared/functions.lua: Lua error: ...08/addon-snapshot/BetterBlizzFrames/shared/functions.lua:329: attempt to call a nil value
stack traceback:
	(string):1: in main chunk
[Interface/AddOns/Blizzard_ScriptErrors/Blizzard_ScriptErrors.lua]:59: in function 'GetErrorData'
[Interface/AddOns/Blizzard_ScriptErrors/Blizzard_ScriptErrors.lua]:72: in function <[Interface/AddOns/Blizzard_ScriptErrors/Blizzard_ScriptErrors.lua]:71>

Lua error: @/home/osso/.worktrees/wow-ui-sim-p510-page/data/patch-api/evidence/5.1.0-session-2026-10-08/addon-snapshot/BetterBlizzFrames/shared/ImportExport.lua: Lua error: ...addon-snapshot/BetterBlizzFrames/shared/ImportExport.lua:2: attempt to call a nil value
stack traceback:
	(string):1: in main chunk
Lua error: Lua Error: @/home/osso/.worktrees/wow-ui-sim-p510-page/data/patch-api/evidence/5.1.0-session-2026-10-08/addon-snapshot/BetterBlizzFrames/shared/ImportExport.lua: Lua error: ...addon-snapshot/BetterBlizzFrames/shared/ImportExport.lua:2: attempt to call a nil value
stack traceback:
	(string):1: in main chunk
[Interface/AddOns/Blizzard_ScriptErrors/Blizzard_ScriptErrors.lua]:59: in function 'GetErrorData'
[Interface/AddOns/Blizzard_ScriptErrors/Blizzard_ScriptErrors.lua]:72: in function <[Interface/AddOns/Blizzard_ScriptErrors/Blizzard_ScriptErrors.lua]:71>

Lua error: @/home/osso/.worktrees/wow-ui-sim-p510-page/data/patch-api/evidence/5.1.0-session-2026-10-08/addon-snapshot/BetterBlizzFrames/retail/modules/interruptIcon.lua: Lua error: ...pshot/BetterBlizzFrames/retail/modules/interruptIcon.lua:333: attempt to call a nil value
stack traceback:
	(string):1: in main chunk
Lua error: Lua Error: @/home/osso/.worktrees/wow-ui-sim-p510-page/data/patch-api/evidence/5.1.0-session-2026-10-08/addon-snapshot/BetterBlizzFrames/retail/modules/interruptIcon.lua: Lua error: ...pshot/BetterBlizzFrames/retail/modules/interruptIcon.lua:333: attempt to call a nil value
stack traceback:
	(string):1: in main chunk
[Interface/AddOns/Blizzard_ScriptErrors/Blizzard_ScriptErrors.lua]:59: in function 'GetErrorData'
[Interface/AddOns/Blizzard_ScriptErrors/Blizzard_ScriptErrors.lua]:72: in function <[Interface/AddOns/Blizzard_ScriptErrors/Blizzard_ScriptErrors.lua]:71>

Lua error: @/home/osso/.worktrees/wow-ui-sim-p510-page/data/patch-api/evidence/5.1.0-session-2026-10-08/addon-snapshot/BetterBlizzFrames/retail/modules/prd.lua: Lua error: .../addon-snapshot/BetterBlizzFrames/retail/modules/prd.lua:1: attempt to call a nil value
stack traceback:
	(string):1: in main chunk
Lua error: Lua Error: @/home/osso/.worktrees/wow-ui-sim-p510-page/data/patch-api/evidence/5.1.0-session-2026-10-08/addon-snapshot/BetterBlizzFrames/retail/modules/prd.lua: Lua error: .../addon-snapshot/BetterBlizzFrames/retail/modules/prd.lua:1: attempt to call a nil value
stack traceback:
	(string):1: in main chunk
[Interface/AddOns/Blizzard_ScriptErrors/Blizzard_ScriptErrors.lua]:59: in function 'GetErrorData'
[Interface/AddOns/Blizzard_ScriptErrors/Blizzard_ScriptErrors.lua]:72: in function <[Interface/AddOns/Blizzard_ScriptErrors/Blizzard_ScriptErrors.lua]:71>

Lua error: @/home/osso/.worktrees/wow-ui-sim-p510-page/data/patch-api/evidence/5.1.0-session-2026-10-08/addon-snapshot/BetterBlizzFrames/retail/gui.lua: Lua error: ...26-10-08/addon-snapshot/BetterBlizzFrames/retail/gui.lua:2: attempt to index global 'LibStub' (a nil value)
stack traceback:
	(string):1: in main chunk
Lua error: Lua Error: @/home/osso/.worktrees/wow-ui-sim-p510-page/data/patch-api/evidence/5.1.0-session-2026-10-08/addon-snapshot/BetterBlizzFrames/retail/gui.lua: Lua error: ...26-10-08/addon-snapshot/BetterBlizzFrames/retail/gui.lua:2: attempt to index global 'LibStub' (a nil value)
stack traceback:
	(string):1: in main chunk
[Interface/AddOns/Blizzard_ScriptErrors/Blizzard_ScriptErrors.lua]:59: in function 'GetErrorData'
[Interface/AddOns/Blizzard_ScriptErrors/Blizzard_ScriptErrors.lua]:72: in function <[Interface/AddOns/Blizzard_ScriptErrors/Blizzard_ScriptErrors.lua]:71>

Lua error: IO error loading /home/osso/.worktrees/wow-ui-sim-p510-page/data/patch-api/evidence/5.1.0-session-2026-10-08/addon-snapshot/BlizzMove/Libs/CallbackHandler-1.0/CallbackHandler-1.0.xml: No such file or directory (os error 2)
stack traceback:
	(string):1: in main chunk
Lua error: Lua Error: IO error loading /home/osso/.worktrees/wow-ui-sim-p510-page/data/patch-api/evidence/5.1.0-session-2026-10-08/addon-snapshot/BlizzMove/Libs/CallbackHandler-1.0/CallbackHandler-1.0.xml: No such file or directory (os error 2)
stack traceback:
	(string):1: in main chunk
[Interface/AddOns/Blizzard_ScriptErrors/Blizzard_ScriptErrors.lua]:59: in function 'GetErrorData'
[Interface/AddOns/Blizzard_ScriptErrors/Blizzard_ScriptErrors.lua]:72: in function <[Interface/AddOns/Blizzard_ScriptErrors/Blizzard_ScriptErrors.lua]:71>

Lua error: XML error: IO error loading /home/osso/.worktrees/wow-ui-sim-p510-page/data/patch-api/evidence/5.1.0-session-2026-10-08/addon-snapshot/BlizzMove/Libs/CallbackHandler-1.0/CallbackHandler-1.0.xml: No such file or directory (os error 2)
stack traceback:
	(string):1: in main chunk
Lua error: Lua Error: XML error: IO error loading /home/osso/.worktrees/wow-ui-sim-p510-page/data/patch-api/evidence/5.1.0-session-2026-10-08/addon-snapshot/BlizzMove/Libs/CallbackHandler-1.0/CallbackHandler-1.0.xml: No such file or directory (os error 2)
stack traceback:
	(string):1: in main chunk
[Interface/AddOns/Blizzard_ScriptErrors/Blizzard_ScriptErrors.lua]:59: in function 'GetErrorData'
[Interface/AddOns/Blizzard_ScriptErrors/Blizzard_ScriptErrors.lua]:72: in function <[Interface/AddOns/Blizzard_ScriptErrors/Blizzard_ScriptErrors.lua]:71>

Lua error: IO error reading /home/osso/.worktrees/wow-ui-sim-p510-page/data/patch-api/evidence/5.1.0-session-2026-10-08/addon-snapshot/BlizzMove/Locale/enUS.lua: No such file or directory (os error 2)
stack traceback:
	(string):1: in main chunk
Lua error: Lua Error: IO error reading /home/osso/.worktrees/wow-ui-sim-p510-page/data/patch-api/evidence/5.1.0-session-2026-10-08/addon-snapshot/BlizzMove/Locale/enUS.lua: No such file or directory (os error 2)
stack traceback:
	(string):1: in main chunk
[Interface/AddOns/Blizzard_ScriptErrors/Blizzard_ScriptErrors.lua]:59: in function 'GetErrorData'
[Interface/AddOns/Blizzard_ScriptErrors/Blizzard_ScriptErrors.lua]:72: in function <[Interface/AddOns/Blizzard_ScriptErrors/Blizzard_ScriptErrors.lua]:71>

Lua error: @/home/osso/.worktrees/wow-ui-sim-p510-page/data/patch-api/evidence/5.1.0-session-2026-10-08/addon-snapshot/BlizzMove/BlizzMove.lua: Lua error: ...ession-2026-10-08/addon-snapshot/BlizzMove/BlizzMove.lua:34: Cannot find a library instance of "AceAddon-3.0".
stack traceback:
	(string):1: in main chunk
Lua error: Lua Error: @/home/osso/.worktrees/wow-ui-sim-p510-page/data/patch-api/evidence/5.1.0-session-2026-10-08/addon-snapshot/BlizzMove/BlizzMove.lua: Lua error: ...ession-2026-10-08/addon-snapshot/BlizzMove/BlizzMove.lua:34: Cannot find a library instance of "AceAddon-3.0".
stack traceback:
	(string):1: in main chunk
[Interface/AddOns/Blizzard_ScriptErrors/Blizzard_ScriptErrors.lua]:59: in function 'GetErrorData'
[Interface/AddOns/Blizzard_ScriptErrors/Blizzard_ScriptErrors.lua]:72: in function <[Interface/AddOns/Blizzard_ScriptErrors/Blizzard_ScriptErrors.lua]:71>

Lua error: @/home/osso/.worktrees/wow-ui-sim-p510-page/data/patch-api/evidence/5.1.0-session-2026-10-08/addon-snapshot/BlizzMove/BlizzMoveConfig.lua: Lua error: ...-2026-10-08/addon-snapshot/BlizzMove/BlizzMoveConfig.lua:13: Cannot find a library instance of "AceAddon-3.0".
stack traceback:
	(string):1: in main chunk
Lua error: Lua Error: @/home/osso/.worktrees/wow-ui-sim-p510-page/data/patch-api/evidence/5.1.0-session-2026-10-08/addon-snapshot/BlizzMove/BlizzMoveConfig.lua: Lua error: ...-2026-10-08/addon-snapshot/BlizzMove/BlizzMoveConfig.lua:13: Cannot find a library instance of "AceAddon-3.0".
stack traceback:
	(string):1: in main chunk
[Interface/AddOns/Blizzard_ScriptErrors/Blizzard_ScriptErrors.lua]:59: in function 'GetErrorData'
[Interface/AddOns/Blizzard_ScriptErrors/Blizzard_ScriptErrors.lua]:72: in function <[Interface/AddOns/Blizzard_ScriptErrors/Blizzard_ScriptErrors.lua]:71>

Lua error: @/home/osso/.worktrees/wow-ui-sim-p510-page/data/patch-api/evidence/5.1.0-session-2026-10-08/addon-snapshot/BossHelper/Core/BossData.lua: Lua error: ...n-2026-10-08/addon-snapshot/BossHelper/Core/BossData.lua:37: attempt to index global 'BossHelper' (a nil value)
stack traceback:
	(string):1: in main chunk
Lua error: Lua Error: @/home/osso/.worktrees/wow-ui-sim-p510-page/data/patch-api/evidence/5.1.0-session-2026-10-08/addon-snapshot/BossHelper/Core/BossData.lua: Lua error: ...n-2026-10-08/addon-snapshot/BossHelper/Core/BossData.lua:37: attempt to index global 'BossHelper' (a nil value)
stack traceback:
	(string):1: in main chunk
[Interface/AddOns/Blizzard_ScriptErrors/Blizzard_ScriptErrors.lua]:59: in function 'GetErrorData'
[Interface/AddOns/Blizzard_ScriptErrors/Blizzard_ScriptErrors.lua]:72: in function <[Interface/AddOns/Blizzard_ScriptErrors/Blizzard_ScriptErrors.lua]:71>

Lua error: @/home/osso/.worktrees/wow-ui-sim-p510-page/data/patch-api/evidence/5.1.0-session-2026-10-08/addon-snapshot/BossHelper/Core/AffixData.lua: Lua error: ...-2026-10-08/addon-snapshot/BossHelper/Core/AffixData.lua:8: attempt to index global 'BossHelper' (a nil value)
stack traceback:
	(string):1: in main chunk
Lua error: Lua Error: @/home/osso/.worktrees/wow-ui-sim-p510-page/data/patch-api/evidence/5.1.0-session-2026-10-08/addon-snapshot/BossHelper/Core/AffixData.lua: Lua error: ...-2026-10-08/addon-snapshot/BossHelper/Core/AffixData.lua:8: attempt to index global 'BossHelper' (a nil value)
stack traceback:
	(string):1: in main chunk
[Interface/AddOns/Blizzard_ScriptErrors/Blizzard_ScriptErrors.lua]:59: in function 'GetErrorData'
[Interface/AddOns/Blizzard_ScriptErrors/Blizzard_ScriptErrors.lua]:72: in function <[Interface/AddOns/Blizzard_ScriptErrors/Blizzard_ScriptErrors.lua]:71>

Lua error: @/home/osso/.worktrees/wow-ui-sim-p510-page/data/patch-api/evidence/5.1.0-session-2026-10-08/addon-snapshot/BossHelper/Core/Functions.lua: Lua error: ...-2026-10-08/addon-snapshot/BossHelper/Core/Functions.lua:10: attempt to index global 'BossHelper' (a nil value)
stack traceback:
	(string):1: in main chunk
Lua error: Lua Error: @/home/osso/.worktrees/wow-ui-sim-p510-page/data/patch-api/evidence/5.1.0-session-2026-10-08/addon-snapshot/BossHelper/Core/Functions.lua: Lua error: ...-2026-10-08/addon-snapshot/BossHelper/Core/Functions.lua:10: attempt to index global 'BossHelper' (a nil value)
stack traceback:
	(string):1: in main chunk
[Interface/AddOns/Blizzard_ScriptErrors/Blizzard_ScriptErrors.lua]:59: in function 'GetErrorData'
[Interface/AddOns/Blizzard_ScriptErrors/Blizzard_ScriptErrors.lua]:72: in function <[Interface/AddOns/Blizzard_ScriptErrors/Blizzard_ScriptErrors.lua]:71>

Lua error: @/home/osso/.worktrees/wow-ui-sim-p510-page/data/patch-api/evidence/5.1.0-session-2026-10-08/addon-snapshot/BossHelper/Core/EditModeLogic.lua: Lua error: ...6-10-08/addon-snapshot/BossHelper/Core/EditModeLogic.lua:3: attempt to index global 'BossHelper' (a nil value)
stack traceback:
	(string):1: in main chunk
Lua error: Lua Error: @/home/osso/.worktrees/wow-ui-sim-p510-page/data/patch-api/evidence/5.1.0-session-2026-10-08/addon-snapshot/BossHelper/Core/EditModeLogic.lua: Lua error: ...6-10-08/addon-snapshot/BossHelper/Core/EditModeLogic.lua:3: attempt to index global 'BossHelper' (a nil value)
stack traceback:
	(string):1: in main chunk
[Interface/AddOns/Blizzard_ScriptErrors/Blizzard_ScriptErrors.lua]:59: in function 'GetErrorData'
[Interface/AddOns/Blizzard_ScriptErrors/Blizzard_ScriptErrors.lua]:72: in function <[Interface/AddOns/Blizzard_ScriptErrors/Blizzard_ScriptErrors.lua]:71>

Lua error: @/home/osso/.worktrees/wow-ui-sim-p510-page/data/patch-api/evidence/5.1.0-session-2026-10-08/addon-snapshot/BossHelper/UI/StartPage.lua: Lua error: ...on-2026-10-08/addon-snapshot/BossHelper/UI/StartPage.lua:12: attempt to index field 'UI' (a nil value)
stack traceback:
	(string):1: in main chunk
Lua error: Lua Error: @/home/osso/.worktrees/wow-ui-sim-p510-page/data/patch-api/evidence/5.1.0-session-2026-10-08/addon-snapshot/BossHelper/UI/StartPage.lua: Lua error: ...on-2026-10-08/addon-snapshot/BossHelper/UI/StartPage.lua:12: attempt to index field 'UI' (a nil value)
stack traceback:
	(string):1: in main chunk
[Interface/AddOns/Blizzard_ScriptErrors/Blizzard_ScriptErrors.lua]:59: in function 'GetErrorData'
[Interface/AddOns/Blizzard_ScriptErrors/Blizzard_ScriptErrors.lua]:72: in function <[Interface/AddOns/Blizzard_ScriptErrors/Blizzard_ScriptErrors.lua]:71>

Lua error: @/home/osso/.worktrees/wow-ui-sim-p510-page/data/patch-api/evidence/5.1.0-session-2026-10-08/addon-snapshot/BossHelper/UI/Settings.lua: Lua error: ...ion-2026-10-08/addon-snapshot/BossHelper/UI/Settings.lua:40: attempt to index field 'UI' (a nil value)
stack traceback:
	(string):1: in main chunk
Lua error: Lua Error: @/home/osso/.worktrees/wow-ui-sim-p510-page/data/patch-api/evidence/5.1.0-session-2026-10-08/addon-snapshot/BossHelper/UI/Settings.lua: Lua error: ...ion-2026-10-08/addon-snapshot/BossHelper/UI/Settings.lua:40: attempt to index field 'UI' (a nil value)
stack traceback:
	(string):1: in main chunk
[Interface/AddOns/Blizzard_ScriptErrors/Blizzard_ScriptErrors.lua]:59: in function 'GetErrorData'
[Interface/AddOns/Blizzard_ScriptErrors/Blizzard_ScriptErrors.lua]:72: in function <[Interface/AddOns/Blizzard_ScriptErrors/Blizzard_ScriptErrors.lua]:71>

Lua error: @/home/osso/.worktrees/wow-ui-sim-p510-page/data/patch-api/evidence/5.1.0-session-2026-10-08/addon-snapshot/BossHelper/UI/EditTactics.lua: Lua error: ...-2026-10-08/addon-snapshot/BossHelper/UI/EditTactics.lua:28: attempt to index field 'UI' (a nil value)
stack traceback:
	(string):1: in main chunk
Lua error: Lua Error: @/home/osso/.worktrees/wow-ui-sim-p510-page/data/patch-api/evidence/5.1.0-session-2026-10-08/addon-snapshot/BossHelper/UI/EditTactics.lua: Lua error: ...-2026-10-08/addon-snapshot/BossHelper/UI/EditTactics.lua:28: attempt to index field 'UI' (a nil value)
stack traceback:
	(string):1: in main chunk
[Interface/AddOns/Blizzard_ScriptErrors/Blizzard_ScriptErrors.lua]:59: in function 'GetErrorData'
[Interface/AddOns/Blizzard_ScriptErrors/Blizzard_ScriptErrors.lua]:72: in function <[Interface/AddOns/Blizzard_ScriptErrors/Blizzard_ScriptErrors.lua]:71>

Lua error: @/home/osso/.worktrees/wow-ui-sim-p510-page/data/patch-api/evidence/5.1.0-session-2026-10-08/addon-snapshot/BossHelper/UI/Affixes.lua: Lua error: ...sion-2026-10-08/addon-snapshot/BossHelper/UI/Affixes.lua:10: attempt to index field 'AffixData' (a nil value)
stack traceback:
	(string):1: in main chunk
Lua error: Lua Error: @/home/osso/.worktrees/wow-ui-sim-p510-page/data/patch-api/evidence/5.1.0-session-2026-10-08/addon-snapshot/BossHelper/UI/Affixes.lua: Lua error: ...sion-2026-10-08/addon-snapshot/BossHelper/UI/Affixes.lua:10: attempt to index field 'AffixData' (a nil value)
stack traceback:
	(string):1: in main chunk
[Interface/AddOns/Blizzard_ScriptErrors/Blizzard_ScriptErrors.lua]:59: in function 'GetErrorData'
[Interface/AddOns/Blizzard_ScriptErrors/Blizzard_ScriptErrors.lua]:72: in function <[Interface/AddOns/Blizzard_ScriptErrors/Blizzard_ScriptErrors.lua]:71>

Lua error: @/home/osso/.worktrees/wow-ui-sim-p510-page/data/patch-api/evidence/5.1.0-session-2026-10-08/addon-snapshot/BossHelper/UI/QuickStart.lua: Lua error: ...n-2026-10-08/addon-snapshot/BossHelper/UI/QuickStart.lua:11: attempt to index field 'UI' (a nil value)
stack traceback:
	(string):1: in main chunk
Lua error: Lua Error: @/home/osso/.worktrees/wow-ui-sim-p510-page/data/patch-api/evidence/5.1.0-session-2026-10-08/addon-snapshot/BossHelper/UI/QuickStart.lua: Lua error: ...n-2026-10-08/addon-snapshot/BossHelper/UI/QuickStart.lua:11: attempt to index field 'UI' (a nil value)
stack traceback:
	(string):1: in main chunk
[Interface/AddOns/Blizzard_ScriptErrors/Blizzard_ScriptErrors.lua]:59: in function 'GetErrorData'
[Interface/AddOns/Blizzard_ScriptErrors/Blizzard_ScriptErrors.lua]:72: in function <[Interface/AddOns/Blizzard_ScriptErrors/Blizzard_ScriptErrors.lua]:71>

Lua error: @/home/osso/.worktrees/wow-ui-sim-p510-page/data/patch-api/evidence/5.1.0-session-2026-10-08/addon-snapshot/BossHelper/Modules/MiniWindow.lua: Lua error: ...6-10-08/addon-snapshot/BossHelper/Modules/MiniWindow.lua:97: attempt to index field 'UI' (a nil value)
stack traceback:
	(string):1: in main chunk
Lua error: Lua Error: @/home/osso/.worktrees/wow-ui-sim-p510-page/data/patch-api/evidence/5.1.0-session-2026-10-08/addon-snapshot/BossHelper/Modules/MiniWindow.lua: Lua error: ...6-10-08/addon-snapshot/BossHelper/Modules/MiniWindow.lua:97: attempt to index field 'UI' (a nil value)
stack traceback:
	(string):1: in main chunk
[Interface/AddOns/Blizzard_ScriptErrors/Blizzard_ScriptErrors.lua]:59: in function 'GetErrorData'
[Interface/AddOns/Blizzard_ScriptErrors/Blizzard_ScriptErrors.lua]:72: in function <[Interface/AddOns/Blizzard_ScriptErrors/Blizzard_ScriptErrors.lua]:71>

Lua error: IO error reading /home/osso/.worktrees/wow-ui-sim-p510-page/data/patch-api/evidence/5.1.0-session-2026-10-08/addon-snapshot/BugSack/Libs/LibStub/LibStub.lua: No such file or directory (os error 2)
stack traceback:
	(string):1: in main chunk
Lua error: Lua Error: IO error reading /home/osso/.worktrees/wow-ui-sim-p510-page/data/patch-api/evidence/5.1.0-session-2026-10-08/addon-snapshot/BugSack/Libs/LibStub/LibStub.lua: No such file or directory (os error 2)
stack traceback:
	(string):1: in main chunk
[Interface/AddOns/Blizzard_ScriptErrors/Blizzard_ScriptErrors.lua]:59: in function 'GetErrorData'
[Interface/AddOns/Blizzard_ScriptErrors/Blizzard_ScriptErrors.lua]:72: in function <[Interface/AddOns/Blizzard_ScriptErrors/Blizzard_ScriptErrors.lua]:71>

Lua error: IO error reading /home/osso/.worktrees/wow-ui-sim-p510-page/data/patch-api/evidence/5.1.0-session-2026-10-08/addon-snapshot/Chattynator/Libs/LibSharedMedia-3.0/LibSharedMedia-3.0.lua: No such file or directory (os error 2)
stack traceback:
	(string):1: in main chunk
Lua error: Lua Error: IO error reading /home/osso/.worktrees/wow-ui-sim-p510-page/data/patch-api/evidence/5.1.0-session-2026-10-08/addon-snapshot/Chattynator/Libs/LibSharedMedia-3.0/LibSharedMedia-3.0.lua: No such file or directory (os error 2)
stack traceback:
	(string):1: in main chunk
[Interface/AddOns/Blizzard_ScriptErrors/Blizzard_ScriptErrors.lua]:59: in function 'GetErrorData'
[Interface/AddOns/Blizzard_ScriptErrors/Blizzard_ScriptErrors.lua]:72: in function <[Interface/AddOns/Blizzard_ScriptErrors/Blizzard_ScriptErrors.lua]:71>

Lua error: @/home/osso/.worktrees/wow-ui-sim-p510-page/data/patch-api/evidence/5.1.0-session-2026-10-08/addon-snapshot/Chattynator/Core/Config.lua: Lua error: ...on-2026-10-08/addon-snapshot/Chattynator/Core/Config.lua:77: attempt to index field 'Constants' (a nil value)
stack traceback:
	(string):1: in main chunk
Lua error: Lua Error: @/home/osso/.worktrees/wow-ui-sim-p510-page/data/patch-api/evidence/5.1.0-session-2026-10-08/addon-snapshot/Chattynator/Core/Config.lua: Lua error: ...on-2026-10-08/addon-snapshot/Chattynator/Core/Config.lua:77: attempt to index field 'Constants' (a nil value)
stack traceback:
	(string):1: in main chunk
[Interface/AddOns/Blizzard_ScriptErrors/Blizzard_ScriptErrors.lua]:59: in function 'GetErrorData'
[Interface/AddOns/Blizzard_ScriptErrors/Blizzard_ScriptErrors.lua]:72: in function <[Interface/AddOns/Blizzard_ScriptErrors/Blizzard_ScriptErrors.lua]:71>

Lua error: @/home/osso/.worktrees/wow-ui-sim-p510-page/data/patch-api/evidence/5.1.0-session-2026-10-08/addon-snapshot/Chattynator/Core/Utilities.lua: Lua error: ...2026-10-08/addon-snapshot/Chattynator/Core/Utilities.lua:4: attempt to index field 'Utilities' (a nil value)
stack traceback:
	(string):1: in main chunk
Lua error: Lua Error: @/home/osso/.worktrees/wow-ui-sim-p510-page/data/patch-api/evidence/5.1.0-session-2026-10-08/addon-snapshot/Chattynator/Core/Utilities.lua: Lua error: ...2026-10-08/addon-snapshot/Chattynator/Core/Utilities.lua:4: attempt to index field 'Utilities' (a nil value)
stack traceback:
	(string):1: in main chunk
[Interface/AddOns/Blizzard_ScriptErrors/Blizzard_ScriptErrors.lua]:59: in function 'GetErrorData'
[Interface/AddOns/Blizzard_ScriptErrors/Blizzard_ScriptErrors.lua]:72: in function <[Interface/AddOns/Blizzard_ScriptErrors/Blizzard_ScriptErrors.lua]:71>

Lua error: @/home/osso/.worktrees/wow-ui-sim-p510-page/data/patch-api/evidence/5.1.0-session-2026-10-08/addon-snapshot/Chattynator/Core/Fonts.lua: Lua error: ...ion-2026-10-08/addon-snapshot/Chattynator/Core/Fonts.lua:4: Cannot find a library instance of "LibSharedMedia-3.0".
stack traceback:
	(string):1: in main chunk
Lua error: Lua Error: @/home/osso/.worktrees/wow-ui-sim-p510-page/data/patch-api/evidence/5.1.0-session-2026-10-08/addon-snapshot/Chattynator/Core/Fonts.lua: Lua error: ...ion-2026-10-08/addon-snapshot/Chattynator/Core/Fonts.lua:4: Cannot find a library instance of "LibSharedMedia-3.0".
stack traceback:
	(string):1: in main chunk
[Interface/AddOns/Blizzard_ScriptErrors/Blizzard_ScriptErrors.lua]:59: in function 'GetErrorData'
[Interface/AddOns/Blizzard_ScriptErrors/Blizzard_ScriptErrors.lua]:72: in function <[Interface/AddOns/Blizzard_ScriptErrors/Blizzard_ScriptErrors.lua]:71>

Lua error: @/home/osso/.worktrees/wow-ui-sim-p510-page/data/patch-api/evidence/5.1.0-session-2026-10-08/addon-snapshot/Chattynator/Core/Overrides.lua: Lua error: ...2026-10-08/addon-snapshot/Chattynator/Core/Overrides.lua:4: attempt to index field 'Core' (a nil value)
stack traceback:
	(string):1: in main chunk
Lua error: Lua Error: @/home/osso/.worktrees/wow-ui-sim-p510-page/data/patch-api/evidence/5.1.0-session-2026-10-08/addon-snapshot/Chattynator/Core/Overrides.lua: Lua error: ...2026-10-08/addon-snapshot/Chattynator/Core/Overrides.lua:4: attempt to index field 'Core' (a nil value)
stack traceback:
	(string):1: in main chunk
[Interface/AddOns/Blizzard_ScriptErrors/Blizzard_ScriptErrors.lua]:59: in function 'GetErrorData'
[Interface/AddOns/Blizzard_ScriptErrors/Blizzard_ScriptErrors.lua]:72: in function <[Interface/AddOns/Blizzard_ScriptErrors/Blizzard_ScriptErrors.lua]:71>

Lua error: @/home/osso/.worktrees/wow-ui-sim-p510-page/data/patch-api/evidence/5.1.0-session-2026-10-08/addon-snapshot/Chattynator/Core/Initialize.lua: Lua error: ...026-10-08/addon-snapshot/Chattynator/Core/Initialize.lua:6: attempt to index field 'Constants' (a nil value)
stack traceback:
	(string):1: in main chunk
Lua error: Lua Error: @/home/osso/.worktrees/wow-ui-sim-p510-page/data/patch-api/evidence/5.1.0-session-2026-10-08/addon-snapshot/Chattynator/Core/Initialize.lua: Lua error: ...026-10-08/addon-snapshot/Chattynator/Core/Initialize.lua:6: attempt to index field 'Constants' (a nil value)
stack traceback:
	(string):1: in main chunk
[Interface/AddOns/Blizzard_ScriptErrors/Blizzard_ScriptErrors.lua]:59: in function 'GetErrorData'
[Interface/AddOns/Blizzard_ScriptErrors/Blizzard_ScriptErrors.lua]:72: in function <[Interface/AddOns/Blizzard_ScriptErrors/Blizzard_ScriptErrors.lua]:71>

Lua error: @/home/osso/.worktrees/wow-ui-sim-p510-page/data/patch-api/evidence/5.1.0-session-2026-10-08/addon-snapshot/Chattynator/Display/Tabs.lua: Lua error: ...n-2026-10-08/addon-snapshot/Chattynator/Display/Tabs.lua:23: attempt to index field 'Display' (a nil value)
stack traceback:
	(string):1: in main chunk
Lua error: Lua Error: @/home/osso/.worktrees/wow-ui-sim-p510-page/data/patch-api/evidence/5.1.0-session-2026-10-08/addon-snapshot/Chattynator/Display/Tabs.lua: Lua error: ...n-2026-10-08/addon-snapshot/Chattynator/Display/Tabs.lua:23: attempt to index field 'Display' (a nil value)
stack traceback:
	(string):1: in main chunk
[Interface/AddOns/Blizzard_ScriptErrors/Blizzard_ScriptErrors.lua]:59: in function 'GetErrorData'
[Interface/AddOns/Blizzard_ScriptErrors/Blizzard_ScriptErrors.lua]:72: in function <[Interface/AddOns/Blizzard_ScriptErrors/Blizzard_ScriptErrors.lua]:71>

Lua error: @/home/osso/.worktrees/wow-ui-sim-p510-page/data/patch-api/evidence/5.1.0-session-2026-10-08/addon-snapshot/Chattynator/Modifiers/URLs.lua: Lua error: ...2026-10-08/addon-snapshot/Chattynator/Modifiers/URLs.lua:23: attempt to index field 'Modifiers' (a nil value)
stack traceback:
	(string):1: in main chunk
Lua error: Lua Error: @/home/osso/.worktrees/wow-ui-sim-p510-page/data/patch-api/evidence/5.1.0-session-2026-10-08/addon-snapshot/Chattynator/Modifiers/URLs.lua: Lua error: ...2026-10-08/addon-snapshot/Chattynator/Modifiers/URLs.lua:23: attempt to index field 'Modifiers' (a nil value)
stack traceback:
	(string):1: in main chunk
[Interface/AddOns/Blizzard_ScriptErrors/Blizzard_ScriptErrors.lua]:59: in function 'GetErrorData'
[Interface/AddOns/Blizzard_ScriptErrors/Blizzard_ScriptErrors.lua]:72: in function <[Interface/AddOns/Blizzard_ScriptErrors/Blizzard_ScriptErrors.lua]:71>

Lua error: @/home/osso/.worktrees/wow-ui-sim-p510-page/data/patch-api/evidence/5.1.0-session-2026-10-08/addon-snapshot/Chattynator/Modifiers/RedundantText.lua: Lua error: ...8/addon-snapshot/Chattynator/Modifiers/RedundantText.lua:37: attempt to index field 'Modifiers' (a nil value)
stack traceback:
	(string):1: in main chunk
Lua error: Lua Error: @/home/osso/.worktrees/wow-ui-sim-p510-page/data/patch-api/evidence/5.1.0-session-2026-10-08/addon-snapshot/Chattynator/Modifiers/RedundantText.lua: Lua error: ...8/addon-snapshot/Chattynator/Modifiers/RedundantText.lua:37: attempt to index field 'Modifiers' (a nil value)
stack traceback:
	(string):1: in main chunk
[Interface/AddOns/Blizzard_ScriptErrors/Blizzard_ScriptErrors.lua]:59: in function 'GetErrorData'
[Interface/AddOns/Blizzard_ScriptErrors/Blizzard_ScriptErrors.lua]:72: in function <[Interface/AddOns/Blizzard_ScriptErrors/Blizzard_ScriptErrors.lua]:71>

Lua error: @/home/osso/.worktrees/wow-ui-sim-p510-page/data/patch-api/evidence/5.1.0-session-2026-10-08/addon-snapshot/Chattynator/Skins/Main.lua: Lua error: ...ion-2026-10-08/addon-snapshot/Chattynator/Skins/Main.lua:4: attempt to index field 'Skins' (a nil value)
stack traceback:
	(string):1: in main chunk
Lua error: Lua Error: @/home/osso/.worktrees/wow-ui-sim-p510-page/data/patch-api/evidence/5.1.0-session-2026-10-08/addon-snapshot/Chattynator/Skins/Main.lua: Lua error: ...ion-2026-10-08/addon-snapshot/Chattynator/Skins/Main.lua:4: attempt to index field 'Skins' (a nil value)
stack traceback:
	(string):1: in main chunk
[Interface/AddOns/Blizzard_ScriptErrors/Blizzard_ScriptErrors.lua]:59: in function 'GetErrorData'
[Interface/AddOns/Blizzard_ScriptErrors/Blizzard_ScriptErrors.lua]:72: in function <[Interface/AddOns/Blizzard_ScriptErrors/Blizzard_ScriptErrors.lua]:71>

Lua error: @/home/osso/.worktrees/wow-ui-sim-p510-page/data/patch-api/evidence/5.1.0-session-2026-10-08/addon-snapshot/Chattynator/Skins/Blizzard.lua: Lua error: ...2026-10-08/addon-snapshot/Chattynator/Skins/Blizzard.lua:294: attempt to index field 'Skins' (a nil value)
stack traceback:
	(string):1: in main chunk
Lua error: Lua Error: @/home/osso/.worktrees/wow-ui-sim-p510-page/data/patch-api/evidence/5.1.0-session-2026-10-08/addon-snapshot/Chattynator/Skins/Blizzard.lua: Lua error: ...2026-10-08/addon-snapshot/Chattynator/Skins/Blizzard.lua:294: attempt to index field 'Skins' (a nil value)
stack traceback:
	(string):1: in main chunk
[Interface/AddOns/Blizzard_ScriptErrors/Blizzard_ScriptErrors.lua]:59: in function 'GetErrorData'
[Interface/AddOns/Blizzard_ScriptErrors/Blizzard_ScriptErrors.lua]:72: in function <[Interface/AddOns/Blizzard_ScriptErrors/Blizzard_ScriptErrors.lua]:71>

Lua error: @/home/osso/.worktrees/wow-ui-sim-p510-page/data/patch-api/evidence/5.1.0-session-2026-10-08/addon-snapshot/Chattynator/Skins/Dark.lua: Lua error: ...ion-2026-10-08/addon-snapshot/Chattynator/Skins/Dark.lua:457: attempt to index field 'Skins' (a nil value)
stack traceback:
	(string):1: in main chunk
Lua error: Lua Error: @/home/osso/.worktrees/wow-ui-sim-p510-page/data/patch-api/evidence/5.1.0-session-2026-10-08/addon-snapshot/Chattynator/Skins/Dark.lua: Lua error: ...ion-2026-10-08/addon-snapshot/Chattynator/Skins/Dark.lua:457: attempt to index field 'Skins' (a nil value)
stack traceback:
	(string):1: in main chunk
[Interface/AddOns/Blizzard_ScriptErrors/Blizzard_ScriptErrors.lua]:59: in function 'GetErrorData'
[Interface/AddOns/Blizzard_ScriptErrors/Blizzard_ScriptErrors.lua]:72: in function <[Interface/AddOns/Blizzard_ScriptErrors/Blizzard_ScriptErrors.lua]:71>

Lua error: @/home/osso/.worktrees/wow-ui-sim-p510-page/data/patch-api/evidence/5.1.0-session-2026-10-08/addon-snapshot/Chattynator/CustomiseDialog/Initialize.lua: Lua error: ...ddon-snapshot/Chattynator/CustomiseDialog/Initialize.lua:5: attempt to index field 'CustomiseDialog' (a nil value)
stack traceback:
	(string):1: in main chunk
Lua error: Lua Error: @/home/osso/.worktrees/wow-ui-sim-p510-page/data/patch-api/evidence/5.1.0-session-2026-10-08/addon-snapshot/Chattynator/CustomiseDialog/Initialize.lua: Lua error: ...ddon-snapshot/Chattynator/CustomiseDialog/Initialize.lua:5: attempt to index field 'CustomiseDialog' (a nil value)
stack traceback:
	(string):1: in main chunk
[Interface/AddOns/Blizzard_ScriptErrors/Blizzard_ScriptErrors.lua]:59: in function 'GetErrorData'
[Interface/AddOns/Blizzard_ScriptErrors/Blizzard_ScriptErrors.lua]:72: in function <[Interface/AddOns/Blizzard_ScriptErrors/Blizzard_ScriptErrors.lua]:71>

Lua error: @/home/osso/.worktrees/wow-ui-sim-p510-page/data/patch-api/evidence/5.1.0-session-2026-10-08/addon-snapshot/Chattynator/CustomiseDialog/Filtering.lua: Lua error: ...addon-snapshot/Chattynator/CustomiseDialog/Filtering.lua:4: attempt to index field 'CustomiseDialog' (a nil value)
stack traceback:
	(string):1: in main chunk
Lua error: Lua Error: @/home/osso/.worktrees/wow-ui-sim-p510-page/data/patch-api/evidence/5.1.0-session-2026-10-08/addon-snapshot/Chattynator/CustomiseDialog/Filtering.lua: Lua error: ...addon-snapshot/Chattynator/CustomiseDialog/Filtering.lua:4: attempt to index field 'CustomiseDialog' (a nil value)
stack traceback:
	(string):1: in main chunk
[Interface/AddOns/Blizzard_ScriptErrors/Blizzard_ScriptErrors.lua]:59: in function 'GetErrorData'
[Interface/AddOns/Blizzard_ScriptErrors/Blizzard_ScriptErrors.lua]:72: in function <[Interface/AddOns/Blizzard_ScriptErrors/Blizzard_ScriptErrors.lua]:71>

Lua error: IO error reading /home/osso/.worktrees/wow-ui-sim-p510-page/data/patch-api/evidence/5.1.0-session-2026-10-08/addon-snapshot/Clicked/Libs/LibStub/LibStub.lua: No such file or directory (os error 2)
stack traceback:
	(string):1: in main chunk
Lua error: Lua Error: IO error reading /home/osso/.worktrees/wow-ui-sim-p510-page/data/patch-api/evidence/5.1.0-session-2026-10-08/addon-snapshot/Clicked/Libs/LibStub/LibStub.lua: No such file or directory (os error 2)
stack traceback:
	(string):1: in main chunk
[Interface/AddOns/Blizzard_ScriptErrors/Blizzard_ScriptErrors.lua]:59: in function 'GetErrorData'
[Interface/AddOns/Blizzard_ScriptErrors/Blizzard_ScriptErrors.lua]:72: in function <[Interface/AddOns/Blizzard_ScriptErrors/Blizzard_ScriptErrors.lua]:71>

Lua error: IO error reading /home/osso/.worktrees/wow-ui-sim-p510-page/data/patch-api/evidence/5.1.0-session-2026-10-08/addon-snapshot/Clicked/Widgets/AceGUIContainer-ClickedTreeGroup.lua: No such file or directory (os error 2)
stack traceback:
	(string):1: in main chunk
Lua error: Lua Error: IO error reading /home/osso/.worktrees/wow-ui-sim-p510-page/data/patch-api/evidence/5.1.0-session-2026-10-08/addon-snapshot/Clicked/Widgets/AceGUIContainer-ClickedTreeGroup.lua: No such file or directory (os error 2)
stack traceback:
	(string):1: in main chunk
[Interface/AddOns/Blizzard_ScriptErrors/Blizzard_ScriptErrors.lua]:59: in function 'GetErrorData'
[Interface/AddOns/Blizzard_ScriptErrors/Blizzard_ScriptErrors.lua]:72: in function <[Interface/AddOns/Blizzard_ScriptErrors/Blizzard_ScriptErrors.lua]:71>

Lua error: @/home/osso/.worktrees/wow-ui-sim-p510-page/data/patch-api/evidence/5.1.0-session-2026-10-08/addon-snapshot/Clicked/Core/BindingProcessor.lua: Lua error: ...6-10-08/addon-snapshot/Clicked/Core/BindingProcessor.lua:24: attempt to index global 'Clicked' (a nil value)
stack traceback:
	(string):1: in main chunk
Lua error: Lua Error: @/home/osso/.worktrees/wow-ui-sim-p510-page/data/patch-api/evidence/5.1.0-session-2026-10-08/addon-snapshot/Clicked/Core/BindingProcessor.lua: Lua error: ...6-10-08/addon-snapshot/Clicked/Core/BindingProcessor.lua:24: attempt to index global 'Clicked' (a nil value)
stack traceback:
	(string):1: in main chunk
[Interface/AddOns/Blizzard_ScriptErrors/Blizzard_ScriptErrors.lua]:59: in function 'GetErrorData'
[Interface/AddOns/Blizzard_ScriptErrors/Blizzard_ScriptErrors.lua]:72: in function <[Interface/AddOns/Blizzard_ScriptErrors/Blizzard_ScriptErrors.lua]:71>

Lua error: @/home/osso/.worktrees/wow-ui-sim-p510-page/data/patch-api/evidence/5.1.0-session-2026-10-08/addon-snapshot/Clicked/Core/LocaleUtils.lua: Lua error: ...n-2026-10-08/addon-snapshot/Clicked/Core/LocaleUtils.lua:23: Cannot find a library instance of "LibTalentInfo-1.0".
stack traceback:
	(string):1: in main chunk
Lua error: Lua Error: @/home/osso/.worktrees/wow-ui-sim-p510-page/data/patch-api/evidence/5.1.0-session-2026-10-08/addon-snapshot/Clicked/Core/LocaleUtils.lua: Lua error: ...n-2026-10-08/addon-snapshot/Clicked/Core/LocaleUtils.lua:23: Cannot find a library instance of "LibTalentInfo-1.0".
stack traceback:
	(string):1: in main chunk
[Interface/AddOns/Blizzard_ScriptErrors/Blizzard_ScriptErrors.lua]:59: in function 'GetErrorData'
[Interface/AddOns/Blizzard_ScriptErrors/Blizzard_ScriptErrors.lua]:72: in function <[Interface/AddOns/Blizzard_ScriptErrors/Blizzard_ScriptErrors.lua]:71>

Lua error: @/home/osso/.worktrees/wow-ui-sim-p510-page/data/patch-api/evidence/5.1.0-session-2026-10-08/addon-snapshot/Clicked/Conditions/ConditionUtils.lua: Lua error: ...-08/addon-snapshot/Clicked/Conditions/ConditionUtils.lua:37: Cannot find a library instance of "LibTalentInfo-1.0".
stack traceback:
	(string):1: in main chunk
Lua error: Lua Error: @/home/osso/.worktrees/wow-ui-sim-p510-page/data/patch-api/evidence/5.1.0-session-2026-10-08/addon-snapshot/Clicked/Conditions/ConditionUtils.lua: Lua error: ...-08/addon-snapshot/Clicked/Conditions/ConditionUtils.lua:37: Cannot find a library instance of "LibTalentInfo-1.0".
stack traceback:
	(string):1: in main chunk
[Interface/AddOns/Blizzard_ScriptErrors/Blizzard_ScriptErrors.lua]:59: in function 'GetErrorData'
[Interface/AddOns/Blizzard_ScriptErrors/Blizzard_ScriptErrors.lua]:72: in function <[Interface/AddOns/Blizzard_ScriptErrors/Blizzard_ScriptErrors.lua]:71>

Lua error: @/home/osso/.worktrees/wow-ui-sim-p510-page/data/patch-api/evidence/5.1.0-session-2026-10-08/addon-snapshot/Clicked/Conditions/LoadConditions.lua: Lua error: ...-08/addon-snapshot/Clicked/Conditions/LoadConditions.lua:47: attempt to call method 'IsForever' (a nil value)
stack traceback:
	(string):1: in main chunk
Lua error: Lua Error: @/home/osso/.worktrees/wow-ui-sim-p510-page/data/patch-api/evidence/5.1.0-session-2026-10-08/addon-snapshot/Clicked/Conditions/LoadConditions.lua: Lua error: ...-08/addon-snapshot/Clicked/Conditions/LoadConditions.lua:47: attempt to call method 'IsForever' (a nil value)
stack traceback:
	(string):1: in main chunk
[Interface/AddOns/Blizzard_ScriptErrors/Blizzard_ScriptErrors.lua]:59: in function 'GetErrorData'
[Interface/AddOns/Blizzard_ScriptErrors/Blizzard_ScriptErrors.lua]:72: in function <[Interface/AddOns/Blizzard_ScriptErrors/Blizzard_ScriptErrors.lua]:71>

Lua error: @/home/osso/.worktrees/wow-ui-sim-p510-page/data/patch-api/evidence/5.1.0-session-2026-10-08/addon-snapshot/Clicked/Config/Profile.lua: Lua error: ...ion-2026-10-08/addon-snapshot/Clicked/Config/Profile.lua:17: Cannot find a library instance of "AceConfig-3.0".
stack traceback:
	(string):1: in main chunk
Lua error: Lua Error: @/home/osso/.worktrees/wow-ui-sim-p510-page/data/patch-api/evidence/5.1.0-session-2026-10-08/addon-snapshot/Clicked/Config/Profile.lua: Lua error: ...ion-2026-10-08/addon-snapshot/Clicked/Config/Profile.lua:17: Cannot find a library instance of "AceConfig-3.0".
stack traceback:
	(string):1: in main chunk
[Interface/AddOns/Blizzard_ScriptErrors/Blizzard_ScriptErrors.lua]:59: in function 'GetErrorData'
[Interface/AddOns/Blizzard_ScriptErrors/Blizzard_ScriptErrors.lua]:72: in function <[Interface/AddOns/Blizzard_ScriptErrors/Blizzard_ScriptErrors.lua]:71>

Lua error: @/home/osso/.worktrees/wow-ui-sim-p510-page/data/patch-api/evidence/5.1.0-session-2026-10-08/addon-snapshot/Clicked/Config/KeyVisualizer.lua: Lua error: ...26-10-08/addon-snapshot/Clicked/Config/KeyVisualizer.lua:17: Cannot find a library instance of "AceGUI-3.0".
stack traceback:
	(string):1: in main chunk
Lua error: Lua Error: @/home/osso/.worktrees/wow-ui-sim-p510-page/data/patch-api/evidence/5.1.0-session-2026-10-08/addon-snapshot/Clicked/Config/KeyVisualizer.lua: Lua error: ...26-10-08/addon-snapshot/Clicked/Config/KeyVisualizer.lua:17: Cannot find a library instance of "AceGUI-3.0".
stack traceback:
	(string):1: in main chunk
[Interface/AddOns/Blizzard_ScriptErrors/Blizzard_ScriptErrors.lua]:59: in function 'GetErrorData'
[Interface/AddOns/Blizzard_ScriptErrors/Blizzard_ScriptErrors.lua]:72: in function <[Interface/AddOns/Blizzard_ScriptErrors/Blizzard_ScriptErrors.lua]:71>

Lua error: @/home/osso/.worktrees/wow-ui-sim-p510-page/data/patch-api/evidence/5.1.0-session-2026-10-08/addon-snapshot/Clicked/Debug/StatusOutput.lua: Lua error: ...2026-10-08/addon-snapshot/Clicked/Debug/StatusOutput.lua:17: Cannot find a library instance of "AceGUI-3.0".
stack traceback:
	(string):1: in main chunk
Lua error: Lua Error: @/home/osso/.worktrees/wow-ui-sim-p510-page/data/patch-api/evidence/5.1.0-session-2026-10-08/addon-snapshot/Clicked/Debug/StatusOutput.lua: Lua error: ...2026-10-08/addon-snapshot/Clicked/Debug/StatusOutput.lua:17: Cannot find a library instance of "AceGUI-3.0".
stack traceback:
	(string):1: in main chunk
[Interface/AddOns/Blizzard_ScriptErrors/Blizzard_ScriptErrors.lua]:59: in function 'GetErrorData'
[Interface/AddOns/Blizzard_ScriptErrors/Blizzard_ScriptErrors.lua]:72: in function <[Interface/AddOns/Blizzard_ScriptErrors/Blizzard_ScriptErrors.lua]:71>

Lua error: IO error reading /home/osso/.worktrees/wow-ui-sim-p510-page/data/patch-api/evidence/5.1.0-session-2026-10-08/addon-snapshot/Clicked/BindingConfig/Tabs/Action.lua: No such file or directory (os error 2)
stack traceback:
	(string):1: in main chunk
Lua error: Lua Error: IO error reading /home/osso/.worktrees/wow-ui-sim-p510-page/data/patch-api/evidence/5.1.0-session-2026-10-08/addon-snapshot/Clicked/BindingConfig/Tabs/Action.lua: No such file or directory (os error 2)
stack traceback:
	(string):1: in main chunk
[Interface/AddOns/Blizzard_ScriptErrors/Blizzard_ScriptErrors.lua]:59: in function 'GetErrorData'
[Interface/AddOns/Blizzard_ScriptErrors/Blizzard_ScriptErrors.lua]:72: in function <[Interface/AddOns/Blizzard_ScriptErrors/Blizzard_ScriptErrors.lua]:71>

Lua error: @/home/osso/.worktrees/wow-ui-sim-p510-page/data/patch-api/evidence/5.1.0-session-2026-10-08/addon-snapshot/Clicked/BindingConfig/BindingConfig.lua: Lua error: ...8/addon-snapshot/Clicked/BindingConfig/BindingConfig.lua:31: Cannot find a library instance of "AceGUI-3.0".
stack traceback:
	(string):1: in main chunk
Lua error: Lua Error: @/home/osso/.worktrees/wow-ui-sim-p510-page/data/patch-api/evidence/5.1.0-session-2026-10-08/addon-snapshot/Clicked/BindingConfig/BindingConfig.lua: Lua error: ...8/addon-snapshot/Clicked/BindingConfig/BindingConfig.lua:31: Cannot find a library instance of "AceGUI-3.0".
stack traceback:
	(string):1: in main chunk
[Interface/AddOns/Blizzard_ScriptErrors/Blizzard_ScriptErrors.lua]:59: in function 'GetErrorData'
[Interface/AddOns/Blizzard_ScriptErrors/Blizzard_ScriptErrors.lua]:72: in function <[Interface/AddOns/Blizzard_ScriptErrors/Blizzard_ScriptErrors.lua]:71>

Lua error: @/home/osso/.worktrees/wow-ui-sim-p510-page/data/patch-api/evidence/5.1.0-session-2026-10-08/addon-snapshot/CursorRing/Locales/enUS.lua: Lua error: ...on-2026-10-08/addon-snapshot/CursorRing/Locales/enUS.lua:2: attempt to call field 'NewLocale' (a nil value)
stack traceback:
	(string):1: in main chunk
Lua error: Lua Error: @/home/osso/.worktrees/wow-ui-sim-p510-page/data/patch-api/evidence/5.1.0-session-2026-10-08/addon-snapshot/CursorRing/Locales/enUS.lua: Lua error: ...on-2026-10-08/addon-snapshot/CursorRing/Locales/enUS.lua:2: attempt to call field 'NewLocale' (a nil value)
stack traceback:
	(string):1: in main chunk
[Interface/AddOns/Blizzard_ScriptErrors/Blizzard_ScriptErrors.lua]:59: in function 'GetErrorData'
[Interface/AddOns/Blizzard_ScriptErrors/Blizzard_ScriptErrors.lua]:72: in function <[Interface/AddOns/Blizzard_ScriptErrors/Blizzard_ScriptErrors.lua]:71>

Lua error: @/home/osso/.worktrees/wow-ui-sim-p510-page/data/patch-api/evidence/5.1.0-session-2026-10-08/addon-snapshot/CursorRing/Locales/deDE.lua: Lua error: ...on-2026-10-08/addon-snapshot/CursorRing/Locales/deDE.lua:2: attempt to call field 'NewLocale' (a nil value)
stack traceback:
	(string):1: in main chunk
Lua error: Lua Error: @/home/osso/.worktrees/wow-ui-sim-p510-page/data/patch-api/evidence/5.1.0-session-2026-10-08/addon-snapshot/CursorRing/Locales/deDE.lua: Lua error: ...on-2026-10-08/addon-snapshot/CursorRing/Locales/deDE.lua:2: attempt to call field 'NewLocale' (a nil value)
stack traceback:
	(string):1: in main chunk
[Interface/AddOns/Blizzard_ScriptErrors/Blizzard_ScriptErrors.lua]:59: in function 'GetErrorData'
[Interface/AddOns/Blizzard_ScriptErrors/Blizzard_ScriptErrors.lua]:72: in function <[Interface/AddOns/Blizzard_ScriptErrors/Blizzard_ScriptErrors.lua]:71>

Lua error: @/home/osso/.worktrees/wow-ui-sim-p510-page/data/patch-api/evidence/5.1.0-session-2026-10-08/addon-snapshot/CursorRing/Locales/zhCN.lua: Lua error: ...on-2026-10-08/addon-snapshot/CursorRing/Locales/zhCN.lua:2: attempt to call field 'NewLocale' (a nil value)
stack traceback:
	(string):1: in main chunk
Lua error: Lua Error: @/home/osso/.worktrees/wow-ui-sim-p510-page/data/patch-api/evidence/5.1.0-session-2026-10-08/addon-snapshot/CursorRing/Locales/zhCN.lua: Lua error: ...on-2026-10-08/addon-snapshot/CursorRing/Locales/zhCN.lua:2: attempt to call field 'NewLocale' (a nil value)
stack traceback:
	(string):1: in main chunk
[Interface/AddOns/Blizzard_ScriptErrors/Blizzard_ScriptErrors.lua]:59: in function 'GetErrorData'
[Interface/AddOns/Blizzard_ScriptErrors/Blizzard_ScriptErrors.lua]:72: in function <[Interface/AddOns/Blizzard_ScriptErrors/Blizzard_ScriptErrors.lua]:71>

Lua error: @/home/osso/.worktrees/wow-ui-sim-p510-page/data/patch-api/evidence/5.1.0-session-2026-10-08/addon-snapshot/CursorRing/Modules/Resources/Druid.lua: Lua error: ...08/addon-snapshot/CursorRing/Modules/Resources/Druid.lua:5: attempt to call field 'RegisterResourceModule' (a nil value)
stack traceback:
	(string):1: in main chunk
Lua error: Lua Error: @/home/osso/.worktrees/wow-ui-sim-p510-page/data/patch-api/evidence/5.1.0-session-2026-10-08/addon-snapshot/CursorRing/Modules/Resources/Druid.lua: Lua error: ...08/addon-snapshot/CursorRing/Modules/Resources/Druid.lua:5: attempt to call field 'RegisterResourceModule' (a nil value)
stack traceback:
	(string):1: in main chunk
[Interface/AddOns/Blizzard_ScriptErrors/Blizzard_ScriptErrors.lua]:59: in function 'GetErrorData'
[Interface/AddOns/Blizzard_ScriptErrors/Blizzard_ScriptErrors.lua]:72: in function <[Interface/AddOns/Blizzard_ScriptErrors/Blizzard_ScriptErrors.lua]:71>

Lua error: @/home/osso/.worktrees/wow-ui-sim-p510-page/data/patch-api/evidence/5.1.0-session-2026-10-08/addon-snapshot/CursorRing/Modules/Resources/Paladin.lua: Lua error: .../addon-snapshot/CursorRing/Modules/Resources/Paladin.lua:5: attempt to call field 'RegisterResourceModule' (a nil value)
stack traceback:
	(string):1: in main chunk
Lua error: Lua Error: @/home/osso/.worktrees/wow-ui-sim-p510-page/data/patch-api/evidence/5.1.0-session-2026-10-08/addon-snapshot/CursorRing/Modules/Resources/Paladin.lua: Lua error: .../addon-snapshot/CursorRing/Modules/Resources/Paladin.lua:5: attempt to call field 'RegisterResourceModule' (a nil value)
stack traceback:
	(string):1: in main chunk
[Interface/AddOns/Blizzard_ScriptErrors/Blizzard_ScriptErrors.lua]:59: in function 'GetErrorData'
[Interface/AddOns/Blizzard_ScriptErrors/Blizzard_ScriptErrors.lua]:72: in function <[Interface/AddOns/Blizzard_ScriptErrors/Blizzard_ScriptErrors.lua]:71>

Lua error: @/home/osso/.worktrees/wow-ui-sim-p510-page/data/patch-api/evidence/5.1.0-session-2026-10-08/addon-snapshot/CursorRing/Modules/Resources/Monk.lua: Lua error: ...-08/addon-snapshot/CursorRing/Modules/Resources/Monk.lua:5: attempt to call field 'RegisterResourceModule' (a nil value)
stack traceback:
	(string):1: in main chunk
Lua error: Lua Error: @/home/osso/.worktrees/wow-ui-sim-p510-page/data/patch-api/evidence/5.1.0-session-2026-10-08/addon-snapshot/CursorRing/Modules/Resources/Monk.lua: Lua error: ...-08/addon-snapshot/CursorRing/Modules/Resources/Monk.lua:5: attempt to call field 'RegisterResourceModule' (a nil value)
stack traceback:
	(string):1: in main chunk
[Interface/AddOns/Blizzard_ScriptErrors/Blizzard_ScriptErrors.lua]:59: in function 'GetErrorData'
[Interface/AddOns/Blizzard_ScriptErrors/Blizzard_ScriptErrors.lua]:72: in function <[Interface/AddOns/Blizzard_ScriptErrors/Blizzard_ScriptErrors.lua]:71>

Lua error: @/home/osso/.worktrees/wow-ui-sim-p510-page/data/patch-api/evidence/5.1.0-session-2026-10-08/addon-snapshot/CursorRing/Modules/Resources/Warlock.lua: Lua error: .../addon-snapshot/CursorRing/Modules/Resources/Warlock.lua:30: attempt to call field 'RegisterResourceModule' (a nil value)
stack traceback:
	(string):1: in main chunk
Lua error: Lua Error: @/home/osso/.worktrees/wow-ui-sim-p510-page/data/patch-api/evidence/5.1.0-session-2026-10-08/addon-snapshot/CursorRing/Modules/Resources/Warlock.lua: Lua error: .../addon-snapshot/CursorRing/Modules/Resources/Warlock.lua:30: attempt to call field 'RegisterResourceModule' (a nil value)
stack traceback:
	(string):1: in main chunk
[Interface/AddOns/Blizzard_ScriptErrors/Blizzard_ScriptErrors.lua]:59: in function 'GetErrorData'
[Interface/AddOns/Blizzard_ScriptErrors/Blizzard_ScriptErrors.lua]:72: in function <[Interface/AddOns/Blizzard_ScriptErrors/Blizzard_ScriptErrors.lua]:71>

Lua error: @/home/osso/.worktrees/wow-ui-sim-p510-page/data/patch-api/evidence/5.1.0-session-2026-10-08/addon-snapshot/CursorRing/Modules/Resources/Evoker.lua: Lua error: ...8/addon-snapshot/CursorRing/Modules/Resources/Evoker.lua:18: attempt to call field 'RegisterResourceModule' (a nil value)
stack traceback:
	(string):1: in main chunk
Lua error: Lua Error: @/home/osso/.worktrees/wow-ui-sim-p510-page/data/patch-api/evidence/5.1.0-session-2026-10-08/addon-snapshot/CursorRing/Modules/Resources/Evoker.lua: Lua error: ...8/addon-snapshot/CursorRing/Modules/Resources/Evoker.lua:18: attempt to call field 'RegisterResourceModule' (a nil value)
stack traceback:
	(string):1: in main chunk
[Interface/AddOns/Blizzard_ScriptErrors/Blizzard_ScriptErrors.lua]:59: in function 'GetErrorData'
[Interface/AddOns/Blizzard_ScriptErrors/Blizzard_ScriptErrors.lua]:72: in function <[Interface/AddOns/Blizzard_ScriptErrors/Blizzard_ScriptErrors.lua]:71>

Lua error: @/home/osso/.worktrees/wow-ui-sim-p510-page/data/patch-api/evidence/5.1.0-session-2026-10-08/addon-snapshot/DandersFrames/Core/AutoProfiles.lua: Lua error: ...10-08/addon-snapshot/DandersFrames/Core/AutoProfiles.lua:97: attempt to index upvalue 'L' (a nil value)
stack traceback:
	(string):1: in main chunk
Lua error: Lua Error: @/home/osso/.worktrees/wow-ui-sim-p510-page/data/patch-api/evidence/5.1.0-session-2026-10-08/addon-snapshot/DandersFrames/Core/AutoProfiles.lua: Lua error: ...10-08/addon-snapshot/DandersFrames/Core/AutoProfiles.lua:97: attempt to index upvalue 'L' (a nil value)
stack traceback:
	(string):1: in main chunk
[Interface/AddOns/Blizzard_ScriptErrors/Blizzard_ScriptErrors.lua]:59: in function 'GetErrorData'
[Interface/AddOns/Blizzard_ScriptErrors/Blizzard_ScriptErrors.lua]:72: in function <[Interface/AddOns/Blizzard_ScriptErrors/Blizzard_ScriptErrors.lua]:71>

Lua error: @/home/osso/.worktrees/wow-ui-sim-p510-page/data/patch-api/evidence/5.1.0-session-2026-10-08/addon-snapshot/DandersFrames/Frames/Headers.lua: Lua error: ...26-10-08/addon-snapshot/DandersFrames/Frames/Headers.lua:506: attempt to call method 'RegisterDebugSlash' (a nil value)
stack traceback:
	(string):1: in main chunk
Lua error: Lua Error: @/home/osso/.worktrees/wow-ui-sim-p510-page/data/patch-api/evidence/5.1.0-session-2026-10-08/addon-snapshot/DandersFrames/Frames/Headers.lua: Lua error: ...26-10-08/addon-snapshot/DandersFrames/Frames/Headers.lua:506: attempt to call method 'RegisterDebugSlash' (a nil value)
stack traceback:
	(string):1: in main chunk
[Interface/AddOns/Blizzard_ScriptErrors/Blizzard_ScriptErrors.lua]:59: in function 'GetErrorData'
[Interface/AddOns/Blizzard_ScriptErrors/Blizzard_ScriptErrors.lua]:72: in function <[Interface/AddOns/Blizzard_ScriptErrors/Blizzard_ScriptErrors.lua]:71>

Lua error: @/home/osso/.worktrees/wow-ui-sim-p510-page/data/patch-api/evidence/5.1.0-session-2026-10-08/addon-snapshot/DandersFrames/Frames/Position.lua: Lua error: ...6-10-08/addon-snapshot/DandersFrames/Frames/Position.lua:72: attempt to index local 'L' (a nil value)
stack traceback:
	(string):1: in main chunk
Lua error: Lua Error: @/home/osso/.worktrees/wow-ui-sim-p510-page/data/patch-api/evidence/5.1.0-session-2026-10-08/addon-snapshot/DandersFrames/Frames/Position.lua: Lua error: ...6-10-08/addon-snapshot/DandersFrames/Frames/Position.lua:72: attempt to index local 'L' (a nil value)
stack traceback:
	(string):1: in main chunk
[Interface/AddOns/Blizzard_ScriptErrors/Blizzard_ScriptErrors.lua]:59: in function 'GetErrorData'
[Interface/AddOns/Blizzard_ScriptErrors/Blizzard_ScriptErrors.lua]:72: in function <[Interface/AddOns/Blizzard_ScriptErrors/Blizzard_ScriptErrors.lua]:71>

Lua error: @/home/osso/.worktrees/wow-ui-sim-p510-page/data/patch-api/evidence/5.1.0-session-2026-10-08/addon-snapshot/DandersFrames/Features/Range.lua: Lua error: ...26-10-08/addon-snapshot/DandersFrames/Features/Range.lua:984: attempt to call method 'RegisterRosterUnitEvent' (a nil value)
stack traceback:
	(string):1: in main chunk
Lua error: Lua Error: @/home/osso/.worktrees/wow-ui-sim-p510-page/data/patch-api/evidence/5.1.0-session-2026-10-08/addon-snapshot/DandersFrames/Features/Range.lua: Lua error: ...26-10-08/addon-snapshot/DandersFrames/Features/Range.lua:984: attempt to call method 'RegisterRosterUnitEvent' (a nil value)
stack traceback:
	(string):1: in main chunk
[Interface/AddOns/Blizzard_ScriptErrors/Blizzard_ScriptErrors.lua]:59: in function 'GetErrorData'
[Interface/AddOns/Blizzard_ScriptErrors/Blizzard_ScriptErrors.lua]:72: in function <[Interface/AddOns/Blizzard_ScriptErrors/Blizzard_ScriptErrors.lua]:71>

Lua error: @/home/osso/.worktrees/wow-ui-sim-p510-page/data/patch-api/evidence/5.1.0-session-2026-10-08/addon-snapshot/DandersFrames/Features/Dispel.lua: Lua error: ...6-10-08/addon-snapshot/DandersFrames/Features/Dispel.lua:3133: attempt to call method 'RegisterDebugSlash' (a nil value)
stack traceback:
	(string):1: in main chunk
Lua error: Lua Error: @/home/osso/.worktrees/wow-ui-sim-p510-page/data/patch-api/evidence/5.1.0-session-2026-10-08/addon-snapshot/DandersFrames/Features/Dispel.lua: Lua error: ...6-10-08/addon-snapshot/DandersFrames/Features/Dispel.lua:3133: attempt to call method 'RegisterDebugSlash' (a nil value)
stack traceback:
	(string):1: in main chunk
[Interface/AddOns/Blizzard_ScriptErrors/Blizzard_ScriptErrors.lua]:59: in function 'GetErrorData'
[Interface/AddOns/Blizzard_ScriptErrors/Blizzard_ScriptErrors.lua]:72: in function <[Interface/AddOns/Blizzard_ScriptErrors/Blizzard_ScriptErrors.lua]:71>

Lua error: @/home/osso/.worktrees/wow-ui-sim-p510-page/data/patch-api/evidence/5.1.0-session-2026-10-08/addon-snapshot/DeModal/DeModal.lua: Lua error: ....0-session-2026-10-08/addon-snapshot/DeModal/DeModal.lua:9: attempt to call field 'LoadSlashCommands' (a nil value)
stack traceback:
	(string):1: in main chunk
Lua error: Lua Error: @/home/osso/.worktrees/wow-ui-sim-p510-page/data/patch-api/evidence/5.1.0-session-2026-10-08/addon-snapshot/DeModal/DeModal.lua: Lua error: ....0-session-2026-10-08/addon-snapshot/DeModal/DeModal.lua:9: attempt to call field 'LoadSlashCommands' (a nil value)
stack traceback:
	(string):1: in main chunk
[Interface/AddOns/Blizzard_ScriptErrors/Blizzard_ScriptErrors.lua]:59: in function 'GetErrorData'
[Interface/AddOns/Blizzard_ScriptErrors/Blizzard_ScriptErrors.lua]:72: in function <[Interface/AddOns/Blizzard_ScriptErrors/Blizzard_ScriptErrors.lua]:71>

Lua error: IO error reading /home/osso/.worktrees/wow-ui-sim-p510-page/data/patch-api/evidence/5.1.0-session-2026-10-08/addon-snapshot/Dejunk/src/addon.lua: No such file or directory (os error 2)
stack traceback:
	(string):1: in main chunk
Lua error: Lua Error: IO error reading /home/osso/.worktrees/wow-ui-sim-p510-page/data/patch-api/evidence/5.1.0-session-2026-10-08/addon-snapshot/Dejunk/src/addon.lua: No such file or directory (os error 2)
stack traceback:
	(string):1: in main chunk
[Interface/AddOns/Blizzard_ScriptErrors/Blizzard_ScriptErrors.lua]:59: in function 'GetErrorData'
[Interface/AddOns/Blizzard_ScriptErrors/Blizzard_ScriptErrors.lua]:72: in function <[Interface/AddOns/Blizzard_ScriptErrors/Blizzard_ScriptErrors.lua]:71>

Lua error: IO error reading /home/osso/.worktrees/wow-ui-sim-p510-page/data/patch-api/evidence/5.1.0-session-2026-10-08/addon-snapshot/DialogueUI/Code/Utility/FontUtil.lua: No such file or directory (os error 2)
stack traceback:
	(string):1: in main chunk
Lua error: Lua Error: IO error reading /home/osso/.worktrees/wow-ui-sim-p510-page/data/patch-api/evidence/5.1.0-session-2026-10-08/addon-snapshot/DialogueUI/Code/Utility/FontUtil.lua: No such file or directory (os error 2)
stack traceback:
	(string):1: in main chunk
[Interface/AddOns/Blizzard_ScriptErrors/Blizzard_ScriptErrors.lua]:59: in function 'GetErrorData'
[Interface/AddOns/Blizzard_ScriptErrors/Blizzard_ScriptErrors.lua]:72: in function <[Interface/AddOns/Blizzard_ScriptErrors/Blizzard_ScriptErrors.lua]:71>

Lua error: @/home/osso/.worktrees/wow-ui-sim-p510-page/data/patch-api/evidence/5.1.0-session-2026-10-08/addon-snapshot/DialogueUI/Code/Sound.lua: Lua error: ...sion-2026-10-08/addon-snapshot/DialogueUI/Code/Sound.lua:78: attempt to index field 'CallbackRegistry' (a nil value)
stack traceback:
	(string):1: in main chunk
Lua error: Lua Error: @/home/osso/.worktrees/wow-ui-sim-p510-page/data/patch-api/evidence/5.1.0-session-2026-10-08/addon-snapshot/DialogueUI/Code/Sound.lua: Lua error: ...sion-2026-10-08/addon-snapshot/DialogueUI/Code/Sound.lua:78: attempt to index field 'CallbackRegistry' (a nil value)
stack traceback:
	(string):1: in main chunk
[Interface/AddOns/Blizzard_ScriptErrors/Blizzard_ScriptErrors.lua]:59: in function 'GetErrorData'
[Interface/AddOns/Blizzard_ScriptErrors/Blizzard_ScriptErrors.lua]:72: in function <[Interface/AddOns/Blizzard_ScriptErrors/Blizzard_ScriptErrors.lua]:71>

Lua error: IO error reading /home/osso/.worktrees/wow-ui-sim-p510-page/data/patch-api/evidence/5.1.0-session-2026-10-08/addon-snapshot/DialogueUI/Code/Scroll/Scroll_Swipe.lua: No such file or directory (os error 2)
stack traceback:
	(string):1: in main chunk
Lua error: Lua Error: IO error reading /home/osso/.worktrees/wow-ui-sim-p510-page/data/patch-api/evidence/5.1.0-session-2026-10-08/addon-snapshot/DialogueUI/Code/Scroll/Scroll_Swipe.lua: No such file or directory (os error 2)
stack traceback:
	(string):1: in main chunk
[Interface/AddOns/Blizzard_ScriptErrors/Blizzard_ScriptErrors.lua]:59: in function 'GetErrorData'
[Interface/AddOns/Blizzard_ScriptErrors/Blizzard_ScriptErrors.lua]:72: in function <[Interface/AddOns/Blizzard_ScriptErrors/Blizzard_ScriptErrors.lua]:71>

Lua error: IO error reading /home/osso/.worktrees/wow-ui-sim-p510-page/data/patch-api/evidence/5.1.0-session-2026-10-08/addon-snapshot/DialogueUI/Code/Settings/Settings_Definitions.lua: No such file or directory (os error 2)
stack traceback:
	(string):1: in main chunk
Lua error: Lua Error: IO error reading /home/osso/.worktrees/wow-ui-sim-p510-page/data/patch-api/evidence/5.1.0-session-2026-10-08/addon-snapshot/DialogueUI/Code/Settings/Settings_Definitions.lua: No such file or directory (os error 2)
stack traceback:
	(string):1: in main chunk
[Interface/AddOns/Blizzard_ScriptErrors/Blizzard_ScriptErrors.lua]:59: in function 'GetErrorData'
[Interface/AddOns/Blizzard_ScriptErrors/Blizzard_ScriptErrors.lua]:72: in function <[Interface/AddOns/Blizzard_ScriptErrors/Blizzard_ScriptErrors.lua]:71>

Lua error: @/home/osso/.worktrees/wow-ui-sim-p510-page/data/patch-api/evidence/5.1.0-session-2026-10-08/addon-snapshot/DialogueUI/Code/NameplateGossip.lua: Lua error: ...10-08/addon-snapshot/DialogueUI/Code/NameplateGossip.lua:260: attempt to index field 'CallbackRegistry' (a nil value)
stack traceback:
	(string):1: in main chunk
Lua error: Lua Error: @/home/osso/.worktrees/wow-ui-sim-p510-page/data/patch-api/evidence/5.1.0-session-2026-10-08/addon-snapshot/DialogueUI/Code/NameplateGossip.lua: Lua error: ...10-08/addon-snapshot/DialogueUI/Code/NameplateGossip.lua:260: attempt to index field 'CallbackRegistry' (a nil value)
stack traceback:
	(string):1: in main chunk
[Interface/AddOns/Blizzard_ScriptErrors/Blizzard_ScriptErrors.lua]:59: in function 'GetErrorData'
[Interface/AddOns/Blizzard_ScriptErrors/Blizzard_ScriptErrors.lua]:72: in function <[Interface/AddOns/Blizzard_ScriptErrors/Blizzard_ScriptErrors.lua]:71>

Lua error: IO error reading /home/osso/.worktrees/wow-ui-sim-p510-page/data/patch-api/evidence/5.1.0-session-2026-10-08/addon-snapshot/DialogueUI/Code/Dialogue/Clipboard.lua: No such file or directory (os error 2)
stack traceback:
	(string):1: in main chunk
Lua error: Lua Error: IO error reading /home/osso/.worktrees/wow-ui-sim-p510-page/data/patch-api/evidence/5.1.0-session-2026-10-08/addon-snapshot/DialogueUI/Code/Dialogue/Clipboard.lua: No such file or directory (os error 2)
stack traceback:
	(string):1: in main chunk
[Interface/AddOns/Blizzard_ScriptErrors/Blizzard_ScriptErrors.lua]:59: in function 'GetErrorData'
[Interface/AddOns/Blizzard_ScriptErrors/Blizzard_ScriptErrors.lua]:72: in function <[Interface/AddOns/Blizzard_ScriptErrors/Blizzard_ScriptErrors.lua]:71>

Lua error: @/home/osso/.worktrees/wow-ui-sim-p510-page/data/patch-api/evidence/5.1.0-session-2026-10-08/addon-snapshot/DialogueUI/Code/Book/BookUI_Component.lua: Lua error: ...addon-snapshot/DialogueUI/Code/Book/BookUI_Component.lua:440: attempt to index field 'TooltipAPI' (a nil value)
stack traceback:
	(string):1: in main chunk
Lua error: Lua Error: @/home/osso/.worktrees/wow-ui-sim-p510-page/data/patch-api/evidence/5.1.0-session-2026-10-08/addon-snapshot/DialogueUI/Code/Book/BookUI_Component.lua: Lua error: ...addon-snapshot/DialogueUI/Code/Book/BookUI_Component.lua:440: attempt to index field 'TooltipAPI' (a nil value)
stack traceback:
	(string):1: in main chunk
[Interface/AddOns/Blizzard_ScriptErrors/Blizzard_ScriptErrors.lua]:59: in function 'GetErrorData'
[Interface/AddOns/Blizzard_ScriptErrors/Blizzard_ScriptErrors.lua]:72: in function <[Interface/AddOns/Blizzard_ScriptErrors/Blizzard_ScriptErrors.lua]:71>

Lua error: IO error reading /home/osso/.worktrees/wow-ui-sim-p510-page/data/patch-api/evidence/5.1.0-session-2026-10-08/addon-snapshot/DialogueUI/Code/Widget/WidgetManager.lua: No such file or directory (os error 2)
stack traceback:
	(string):1: in main chunk
Lua error: Lua Error: IO error reading /home/osso/.worktrees/wow-ui-sim-p510-page/data/patch-api/evidence/5.1.0-session-2026-10-08/addon-snapshot/DialogueUI/Code/Widget/WidgetManager.lua: No such file or directory (os error 2)
stack traceback:
	(string):1: in main chunk
[Interface/AddOns/Blizzard_ScriptErrors/Blizzard_ScriptErrors.lua]:59: in function 'GetErrorData'
[Interface/AddOns/Blizzard_ScriptErrors/Blizzard_ScriptErrors.lua]:72: in function <[Interface/AddOns/Blizzard_ScriptErrors/Blizzard_ScriptErrors.lua]:71>

Lua error: @/home/osso/.worktrees/wow-ui-sim-p510-page/data/patch-api/evidence/5.1.0-session-2026-10-08/addon-snapshot/DialogueUI/Code/Core.lua: Lua error: ...ssion-2026-10-08/addon-snapshot/DialogueUI/Code/Core.lua:74: attempt to call field 'AddCustomLinkType' (a nil value)
stack traceback:
	(string):1: in main chunk
Lua error: Lua Error: @/home/osso/.worktrees/wow-ui-sim-p510-page/data/patch-api/evidence/5.1.0-session-2026-10-08/addon-snapshot/DialogueUI/Code/Core.lua: Lua error: ...ssion-2026-10-08/addon-snapshot/DialogueUI/Code/Core.lua:74: attempt to call field 'AddCustomLinkType' (a nil value)
stack traceback:
	(string):1: in main chunk
[Interface/AddOns/Blizzard_ScriptErrors/Blizzard_ScriptErrors.lua]:59: in function 'GetErrorData'
[Interface/AddOns/Blizzard_ScriptErrors/Blizzard_ScriptErrors.lua]:72: in function <[Interface/AddOns/Blizzard_ScriptErrors/Blizzard_ScriptErrors.lua]:71>

Lua error: [OnEvent] frame=#48564 addon=DialogueUI source=@/home/osso/.worktrees/wow-ui-sim-p510-page/data/patch-api/evidence/5.1.0-session-2026-10-08/addon-snapshot/DialogueUI/Initialization.lua:204: ...-2026-10-08/addon-snapshot/DialogueUI/Initialization.lua:137: attempt to index field 'CallbackRegistry' (a nil value)
stack traceback:
	(string):12: in function <(string):12>
	[C]: in function 'native_xpcall'
	(string):11: in function <(string):10>
	...-2026-10-08/addon-snapshot/DialogueUI/Initialization.lua:137: in function 'SetDBValue'
	...-2026-10-08/addon-snapshot/DialogueUI/Initialization.lua:177: in function 'LoadDatabase'
	...-2026-10-08/addon-snapshot/DialogueUI/Initialization.lua:209: in function <...-2026-10-08/addon-snapshot/DialogueUI/Initialization.lua:204>
	(tail call): ?
	(tail call): ?
	[C]: in function 'native_xpcall'
	(string):8: in function <(string):5>
	(tail call): ?
Lua error: Lua Error: [OnEvent] frame=#48564 addon=DialogueUI source=@/home/osso/.worktrees/wow-ui-sim-p510-page/data/patch-api/evidence/5.1.0-session-2026-10-08/addon-snapshot/DialogueUI/Initialization.lua:204: ...-2026-10-08/addon-snapshot/DialogueUI/Initialization.lua:137: attempt to index field 'CallbackRegistry' (a nil value)
stack traceback:
	(string):12: in function <(string):12>
	[C]: in function 'native_xpcall'
	(string):11: in function <(string):10>
	...-2026-10-08/addon-snapshot/DialogueUI/Initialization.lua:137: in function 'SetDBValue'
	...-2026-10-08/addon-snapshot/DialogueUI/Initialization.lua:177: in function 'LoadDatabase'
	...-2026-10-08/addon-snapshot/DialogueUI/Initialization.lua:209: in function <...-2026-10-08/addon-snapshot/DialogueUI/Initialization.lua:204>
	(tail call): ?
	(tail call): ?
	[C]: in function 'native_xpcall'
	(string):8: in function <(string):5>
	(tail call): ?
[Interface/AddOns/Blizzard_ScriptErrors/Blizzard_ScriptErrors.lua]:59: in function 'GetErrorData'
[Interface/AddOns/Blizzard_ScriptErrors/Blizzard_ScriptErrors.lua]:72: in function <[Interface/AddOns/Blizzard_ScriptErrors/Blizzard_ScriptErrors.lua]:71>

Lua error: IO error reading /home/osso/.worktrees/wow-ui-sim-p510-page/data/patch-api/evidence/5.1.0-session-2026-10-08/addon-snapshot/EnhanceQoL/libs/AceLocale-3.0/AceLocale-3.0.lua: No such file or directory (os error 2)
stack traceback:
	(string):1: in main chunk
Lua error: Lua Error: IO error reading /home/osso/.worktrees/wow-ui-sim-p510-page/data/patch-api/evidence/5.1.0-session-2026-10-08/addon-snapshot/EnhanceQoL/libs/AceLocale-3.0/AceLocale-3.0.lua: No such file or directory (os error 2)
stack traceback:
	(string):1: in main chunk
[Interface/AddOns/Blizzard_ScriptErrors/Blizzard_ScriptErrors.lua]:59: in function 'GetErrorData'
[Interface/AddOns/Blizzard_ScriptErrors/Blizzard_ScriptErrors.lua]:72: in function <[Interface/AddOns/Blizzard_ScriptErrors/Blizzard_ScriptErrors.lua]:71>

Lua error: @/home/osso/.worktrees/wow-ui-sim-p510-page/data/patch-api/evidence/5.1.0-session-2026-10-08/addon-snapshot/EnhanceQoL/Init.lua: Lua error: ....0-session-2026-10-08/addon-snapshot/EnhanceQoL/Init.lua:70: Cannot find a library instance of "AceLocale-3.0".
stack traceback:
	(string):1: in main chunk
Lua error: Lua Error: @/home/osso/.worktrees/wow-ui-sim-p510-page/data/patch-api/evidence/5.1.0-session-2026-10-08/addon-snapshot/EnhanceQoL/Init.lua: Lua error: ....0-session-2026-10-08/addon-snapshot/EnhanceQoL/Init.lua:70: Cannot find a library instance of "AceLocale-3.0".
stack traceback:
	(string):1: in main chunk
[Interface/AddOns/Blizzard_ScriptErrors/Blizzard_ScriptErrors.lua]:59: in function 'GetErrorData'
[Interface/AddOns/Blizzard_ScriptErrors/Blizzard_ScriptErrors.lua]:72: in function <[Interface/AddOns/Blizzard_ScriptErrors/Blizzard_ScriptErrors.lua]:71>

Lua error: IO error reading /home/osso/.worktrees/wow-ui-sim-p510-page/data/patch-api/evidence/5.1.0-session-2026-10-08/addon-snapshot/EnhanceQoL/libs/LibDeflate/LibDeflate.lua: No such file or directory (os error 2)
stack traceback:
	(string):1: in main chunk
Lua error: Lua Error: IO error reading /home/osso/.worktrees/wow-ui-sim-p510-page/data/patch-api/evidence/5.1.0-session-2026-10-08/addon-snapshot/EnhanceQoL/libs/LibDeflate/LibDeflate.lua: No such file or directory (os error 2)
stack traceback:
	(string):1: in main chunk
[Interface/AddOns/Blizzard_ScriptErrors/Blizzard_ScriptErrors.lua]:59: in function 'GetErrorData'
[Interface/AddOns/Blizzard_ScriptErrors/Blizzard_ScriptErrors.lua]:72: in function <[Interface/AddOns/Blizzard_ScriptErrors/Blizzard_ScriptErrors.lua]:71>

Lua error: IO error reading /home/osso/.worktrees/wow-ui-sim-p510-page/data/patch-api/evidence/5.1.0-session-2026-10-08/addon-snapshot/EnhanceQoL/libs/LibSettingsDesigner/LibSettingsDesignerUI.lua: No such file or directory (os error 2)
stack traceback:
	(string):1: in main chunk
Lua error: Lua Error: IO error reading /home/osso/.worktrees/wow-ui-sim-p510-page/data/patch-api/evidence/5.1.0-session-2026-10-08/addon-snapshot/EnhanceQoL/libs/LibSettingsDesigner/LibSettingsDesignerUI.lua: No such file or directory (os error 2)
stack traceback:
	(string):1: in main chunk
[Interface/AddOns/Blizzard_ScriptErrors/Blizzard_ScriptErrors.lua]:59: in function 'GetErrorData'
[Interface/AddOns/Blizzard_ScriptErrors/Blizzard_ScriptErrors.lua]:72: in function <[Interface/AddOns/Blizzard_ScriptErrors/Blizzard_ScriptErrors.lua]:71>

Lua error: @/home/osso/.worktrees/wow-ui-sim-p510-page/data/patch-api/evidence/5.1.0-session-2026-10-08/addon-snapshot/EnhanceQoL/Core/EditMode.lua: Lua error: EnhanceQoL Edit Mode integration is not loaded
stack traceback:
	(string):1: in main chunk
Lua error: Lua Error: @/home/osso/.worktrees/wow-ui-sim-p510-page/data/patch-api/evidence/5.1.0-session-2026-10-08/addon-snapshot/EnhanceQoL/Core/EditMode.lua: Lua error: EnhanceQoL Edit Mode integration is not loaded
stack traceback:
	(string):1: in main chunk
[Interface/AddOns/Blizzard_ScriptErrors/Blizzard_ScriptErrors.lua]:59: in function 'GetErrorData'
[Interface/AddOns/Blizzard_ScriptErrors/Blizzard_ScriptErrors.lua]:72: in function <[Interface/AddOns/Blizzard_ScriptErrors/Blizzard_ScriptErrors.lua]:71>

Lua error: @/home/osso/.worktrees/wow-ui-sim-p510-page/data/patch-api/evidence/5.1.0-session-2026-10-08/addon-snapshot/EnhanceQoL/Core/SharedAnchors.lua: Lua error: ...6-10-08/addon-snapshot/EnhanceQoL/Core/SharedAnchors.lua:14: Cannot find a library instance of "AceLocale-3.0".
stack traceback:
	(string):1: in main chunk
Lua error: Lua Error: @/home/osso/.worktrees/wow-ui-sim-p510-page/data/patch-api/evidence/5.1.0-session-2026-10-08/addon-snapshot/EnhanceQoL/Core/SharedAnchors.lua: Lua error: ...6-10-08/addon-snapshot/EnhanceQoL/Core/SharedAnchors.lua:14: Cannot find a library instance of "AceLocale-3.0".
stack traceback:
	(string):1: in main chunk
[Interface/AddOns/Blizzard_ScriptErrors/Blizzard_ScriptErrors.lua]:59: in function 'GetErrorData'
[Interface/AddOns/Blizzard_ScriptErrors/Blizzard_ScriptErrors.lua]:72: in function <[Interface/AddOns/Blizzard_ScriptErrors/Blizzard_ScriptErrors.lua]:71>

Lua error: @/home/osso/.worktrees/wow-ui-sim-p510-page/data/patch-api/evidence/5.1.0-session-2026-10-08/addon-snapshot/EnhanceQoL/Core/EditModeAnchors.lua: Lua error: ...10-08/addon-snapshot/EnhanceQoL/Core/EditModeAnchors.lua:8: Cannot find a library instance of "AceLocale-3.0".
stack traceback:
	(string):1: in main chunk
Lua error: Lua Error: @/home/osso/.worktrees/wow-ui-sim-p510-page/data/patch-api/evidence/5.1.0-session-2026-10-08/addon-snapshot/EnhanceQoL/Core/EditModeAnchors.lua: Lua error: ...10-08/addon-snapshot/EnhanceQoL/Core/EditModeAnchors.lua:8: Cannot find a library instance of "AceLocale-3.0".
stack traceback:
	(string):1: in main chunk
[Interface/AddOns/Blizzard_ScriptErrors/Blizzard_ScriptErrors.lua]:59: in function 'GetErrorData'
[Interface/AddOns/Blizzard_ScriptErrors/Blizzard_ScriptErrors.lua]:72: in function <[Interface/AddOns/Blizzard_ScriptErrors/Blizzard_ScriptErrors.lua]:71>

Lua error: @/home/osso/.worktrees/wow-ui-sim-p510-page/data/patch-api/evidence/5.1.0-session-2026-10-08/addon-snapshot/EnhanceQoL/Core/EditModeAnchorUI.lua: Lua error: ...0-08/addon-snapshot/EnhanceQoL/Core/EditModeAnchorUI.lua:6: Cannot find a library instance of "AceLocale-3.0".
stack traceback:
	(string):1: in main chunk
Lua error: Lua Error: @/home/osso/.worktrees/wow-ui-sim-p510-page/data/patch-api/evidence/5.1.0-session-2026-10-08/addon-snapshot/EnhanceQoL/Core/EditModeAnchorUI.lua: Lua error: ...0-08/addon-snapshot/EnhanceQoL/Core/EditModeAnchorUI.lua:6: Cannot find a library instance of "AceLocale-3.0".
stack traceback:
	(string):1: in main chunk
[Interface/AddOns/Blizzard_ScriptErrors/Blizzard_ScriptErrors.lua]:59: in function 'GetErrorData'
[Interface/AddOns/Blizzard_ScriptErrors/Blizzard_ScriptErrors.lua]:72: in function <[Interface/AddOns/Blizzard_ScriptErrors/Blizzard_ScriptErrors.lua]:71>

Lua error: @/home/osso/.worktrees/wow-ui-sim-p510-page/data/patch-api/evidence/5.1.0-session-2026-10-08/addon-snapshot/EnhanceQoL/Core/Streams/Stream_Currency.lua: Lua error: ...don-snapshot/EnhanceQoL/Core/Streams/Stream_Currency.lua:18: attempt to index local 'L' (a nil value)
stack traceback:
	(string):1: in main chunk
Lua error: Lua Error: @/home/osso/.worktrees/wow-ui-sim-p510-page/data/patch-api/evidence/5.1.0-session-2026-10-08/addon-snapshot/EnhanceQoL/Core/Streams/Stream_Currency.lua: Lua error: ...don-snapshot/EnhanceQoL/Core/Streams/Stream_Currency.lua:18: attempt to index local 'L' (a nil value)
stack traceback:
	(string):1: in main chunk
[Interface/AddOns/Blizzard_ScriptErrors/Blizzard_ScriptErrors.lua]:59: in function 'GetErrorData'
[Interface/AddOns/Blizzard_ScriptErrors/Blizzard_ScriptErrors.lua]:72: in function <[Interface/AddOns/Blizzard_ScriptErrors/Blizzard_ScriptErrors.lua]:71>

Lua error: @/home/osso/.worktrees/wow-ui-sim-p510-page/data/patch-api/evidence/5.1.0-session-2026-10-08/addon-snapshot/EnhanceQoL/Submodules/GemHelper.lua: Lua error: ...10-08/addon-snapshot/EnhanceQoL/Submodules/GemHelper.lua:3: Cannot find a library instance of "AceLocale-3.0".
stack traceback:
	(string):1: in main chunk
Lua error: Lua Error: @/home/osso/.worktrees/wow-ui-sim-p510-page/data/patch-api/evidence/5.1.0-session-2026-10-08/addon-snapshot/EnhanceQoL/Submodules/GemHelper.lua: Lua error: ...10-08/addon-snapshot/EnhanceQoL/Submodules/GemHelper.lua:3: Cannot find a library instance of "AceLocale-3.0".
stack traceback:
	(string):1: in main chunk
[Interface/AddOns/Blizzard_ScriptErrors/Blizzard_ScriptErrors.lua]:59: in function 'GetErrorData'
[Interface/AddOns/Blizzard_ScriptErrors/Blizzard_ScriptErrors.lua]:72: in function <[Interface/AddOns/Blizzard_ScriptErrors/Blizzard_ScriptErrors.lua]:71>

Lua error: @/home/osso/.worktrees/wow-ui-sim-p510-page/data/patch-api/evidence/5.1.0-session-2026-10-08/addon-snapshot/EnhanceQoL/Submodules/MountActions.lua: Lua error: ...08/addon-snapshot/EnhanceQoL/Submodules/MountActions.lua:9: Cannot find a library instance of "AceLocale-3.0".
stack traceback:
	(string):1: in main chunk
Lua error: Lua Error: @/home/osso/.worktrees/wow-ui-sim-p510-page/data/patch-api/evidence/5.1.0-session-2026-10-08/addon-snapshot/EnhanceQoL/Submodules/MountActions.lua: Lua error: ...08/addon-snapshot/EnhanceQoL/Submodules/MountActions.lua:9: Cannot find a library instance of "AceLocale-3.0".
stack traceback:
	(string):1: in main chunk
[Interface/AddOns/Blizzard_ScriptErrors/Blizzard_ScriptErrors.lua]:59: in function 'GetErrorData'
[Interface/AddOns/Blizzard_ScriptErrors/Blizzard_ScriptErrors.lua]:72: in function <[Interface/AddOns/Blizzard_ScriptErrors/Blizzard_ScriptErrors.lua]:71>

Lua error: @/home/osso/.worktrees/wow-ui-sim-p510-page/data/patch-api/evidence/5.1.0-session-2026-10-08/addon-snapshot/EnhanceQoL/Submodules/ActionTracker.lua: Lua error: ...8/addon-snapshot/EnhanceQoL/Submodules/ActionTracker.lua:13: Cannot find a library instance of "AceLocale-3.0".
stack traceback:
	(string):1: in main chunk
Lua error: Lua Error: @/home/osso/.worktrees/wow-ui-sim-p510-page/data/patch-api/evidence/5.1.0-session-2026-10-08/addon-snapshot/EnhanceQoL/Submodules/ActionTracker.lua: Lua error: ...8/addon-snapshot/EnhanceQoL/Submodules/ActionTracker.lua:13: Cannot find a library instance of "AceLocale-3.0".
stack traceback:
	(string):1: in main chunk
[Interface/AddOns/Blizzard_ScriptErrors/Blizzard_ScriptErrors.lua]:59: in function 'GetErrorData'
[Interface/AddOns/Blizzard_ScriptErrors/Blizzard_ScriptErrors.lua]:72: in function <[Interface/AddOns/Blizzard_ScriptErrors/Blizzard_ScriptErrors.lua]:71>

Lua error: @/home/osso/.worktrees/wow-ui-sim-p510-page/data/patch-api/evidence/5.1.0-session-2026-10-08/addon-snapshot/EnhanceQoL/Submodules/GroupTools.lua: Lua error: ...0-08/addon-snapshot/EnhanceQoL/Submodules/GroupTools.lua:14: Cannot find a library instance of "AceLocale-3.0".
stack traceback:
	(string):1: in main chunk
Lua error: Lua Error: @/home/osso/.worktrees/wow-ui-sim-p510-page/data/patch-api/evidence/5.1.0-session-2026-10-08/addon-snapshot/EnhanceQoL/Submodules/GroupTools.lua: Lua error: ...0-08/addon-snapshot/EnhanceQoL/Submodules/GroupTools.lua:14: Cannot find a library instance of "AceLocale-3.0".
stack traceback:
	(string):1: in main chunk
[Interface/AddOns/Blizzard_ScriptErrors/Blizzard_ScriptErrors.lua]:59: in function 'GetErrorData'
[Interface/AddOns/Blizzard_ScriptErrors/Blizzard_ScriptErrors.lua]:72: in function <[Interface/AddOns/Blizzard_ScriptErrors/Blizzard_ScriptErrors.lua]:71>

Lua error: IO error reading /home/osso/.worktrees/wow-ui-sim-p510-page/data/patch-api/evidence/5.1.0-session-2026-10-08/addon-snapshot/EnhanceQoL/Settings/SettingsUI.lua: No such file or directory (os error 2)
stack traceback:
	(string):1: in main chunk
Lua error: Lua Error: IO error reading /home/osso/.worktrees/wow-ui-sim-p510-page/data/patch-api/evidence/5.1.0-session-2026-10-08/addon-snapshot/EnhanceQoL/Settings/SettingsUI.lua: No such file or directory (os error 2)
stack traceback:
	(string):1: in main chunk
[Interface/AddOns/Blizzard_ScriptErrors/Blizzard_ScriptErrors.lua]:59: in function 'GetErrorData'
[Interface/AddOns/Blizzard_ScriptErrors/Blizzard_ScriptErrors.lua]:72: in function <[Interface/AddOns/Blizzard_ScriptErrors/Blizzard_ScriptErrors.lua]:71>

Lua error: @/home/osso/.worktrees/wow-ui-sim-p510-page/data/patch-api/evidence/5.1.0-session-2026-10-08/addon-snapshot/EnhanceQoL/Modules/Mouse/Mouse.lua: Lua error: ...-10-08/addon-snapshot/EnhanceQoL/Modules/Mouse/Mouse.lua:10: Cannot find a library instance of "AceLocale-3.0".
stack traceback:
	(string):1: in main chunk
Lua error: Lua Error: @/home/osso/.worktrees/wow-ui-sim-p510-page/data/patch-api/evidence/5.1.0-session-2026-10-08/addon-snapshot/EnhanceQoL/Modules/Mouse/Mouse.lua: Lua error: ...-10-08/addon-snapshot/EnhanceQoL/Modules/Mouse/Mouse.lua:10: Cannot find a library instance of "AceLocale-3.0".
stack traceback:
	(string):1: in main chunk
[Interface/AddOns/Blizzard_ScriptErrors/Blizzard_ScriptErrors.lua]:59: in function 'GetErrorData'
[Interface/AddOns/Blizzard_ScriptErrors/Blizzard_ScriptErrors.lua]:72: in function <[Interface/AddOns/Blizzard_ScriptErrors/Blizzard_ScriptErrors.lua]:71>

Lua error: IO error reading /home/osso/.worktrees/wow-ui-sim-p510-page/data/patch-api/evidence/5.1.0-session-2026-10-08/addon-snapshot/EnhanceQoL/Modules/Food/Drinks.lua: No such file or directory (os error 2)
stack traceback:
	(string):1: in main chunk
Lua error: Lua Error: IO error reading /home/osso/.worktrees/wow-ui-sim-p510-page/data/patch-api/evidence/5.1.0-session-2026-10-08/addon-snapshot/EnhanceQoL/Modules/Food/Drinks.lua: No such file or directory (os error 2)
stack traceback:
	(string):1: in main chunk
[Interface/AddOns/Blizzard_ScriptErrors/Blizzard_ScriptErrors.lua]:59: in function 'GetErrorData'
[Interface/AddOns/Blizzard_ScriptErrors/Blizzard_ScriptErrors.lua]:72: in function <[Interface/AddOns/Blizzard_ScriptErrors/Blizzard_ScriptErrors.lua]:71>

Lua error: @/home/osso/.worktrees/wow-ui-sim-p510-page/data/patch-api/evidence/5.1.0-session-2026-10-08/addon-snapshot/InTime/InTime_UI.lua: Lua error: ...0-session-2026-10-08/addon-snapshot/InTime/InTime_UI.lua:131: attempt to index local 'L' (a nil value)
stack traceback:
	(string):1: in main chunk
Lua error: Lua Error: @/home/osso/.worktrees/wow-ui-sim-p510-page/data/patch-api/evidence/5.1.0-session-2026-10-08/addon-snapshot/InTime/InTime_UI.lua: Lua error: ...0-session-2026-10-08/addon-snapshot/InTime/InTime_UI.lua:131: attempt to index local 'L' (a nil value)
stack traceback:
	(string):1: in main chunk
[Interface/AddOns/Blizzard_ScriptErrors/Blizzard_ScriptErrors.lua]:59: in function 'GetErrorData'
[Interface/AddOns/Blizzard_ScriptErrors/Blizzard_ScriptErrors.lua]:72: in function <[Interface/AddOns/Blizzard_ScriptErrors/Blizzard_ScriptErrors.lua]:71>

Lua error: @/home/osso/.worktrees/wow-ui-sim-p510-page/data/patch-api/evidence/5.1.0-session-2026-10-08/addon-snapshot/InTime/InTime_Core.lua: Lua error: ...session-2026-10-08/addon-snapshot/InTime/InTime_Core.lua:20: attempt to index local 'L' (a nil value)
stack traceback:
	(string):1: in main chunk
Lua error: Lua Error: @/home/osso/.worktrees/wow-ui-sim-p510-page/data/patch-api/evidence/5.1.0-session-2026-10-08/addon-snapshot/InTime/InTime_Core.lua: Lua error: ...session-2026-10-08/addon-snapshot/InTime/InTime_Core.lua:20: attempt to index local 'L' (a nil value)
stack traceback:
	(string):1: in main chunk
[Interface/AddOns/Blizzard_ScriptErrors/Blizzard_ScriptErrors.lua]:59: in function 'GetErrorData'
[Interface/AddOns/Blizzard_ScriptErrors/Blizzard_ScriptErrors.lua]:72: in function <[Interface/AddOns/Blizzard_ScriptErrors/Blizzard_ScriptErrors.lua]:71>

Lua error: @/home/osso/.worktrees/wow-ui-sim-p510-page/data/patch-api/evidence/5.1.0-session-2026-10-08/addon-snapshot/ItemVersion/Locales/enUS.lua: Lua error: ...n-2026-10-08/addon-snapshot/ItemVersion/Locales/enUS.lua:6: Cannot find a library instance of "AceLocale-3.0".
stack traceback:
	(string):1: in main chunk
Lua error: Lua Error: @/home/osso/.worktrees/wow-ui-sim-p510-page/data/patch-api/evidence/5.1.0-session-2026-10-08/addon-snapshot/ItemVersion/Locales/enUS.lua: Lua error: ...n-2026-10-08/addon-snapshot/ItemVersion/Locales/enUS.lua:6: Cannot find a library instance of "AceLocale-3.0".
stack traceback:
	(string):1: in main chunk
[Interface/AddOns/Blizzard_ScriptErrors/Blizzard_ScriptErrors.lua]:59: in function 'GetErrorData'
[Interface/AddOns/Blizzard_ScriptErrors/Blizzard_ScriptErrors.lua]:72: in function <[Interface/AddOns/Blizzard_ScriptErrors/Blizzard_ScriptErrors.lua]:71>

Lua error: @/home/osso/.worktrees/wow-ui-sim-p510-page/data/patch-api/evidence/5.1.0-session-2026-10-08/addon-snapshot/ItemVersion/Locales/zhCN.lua: Lua error: ...n-2026-10-08/addon-snapshot/ItemVersion/Locales/zhCN.lua:6: Cannot find a library instance of "AceLocale-3.0".
stack traceback:
	(string):1: in main chunk
Lua error: Lua Error: @/home/osso/.worktrees/wow-ui-sim-p510-page/data/patch-api/evidence/5.1.0-session-2026-10-08/addon-snapshot/ItemVersion/Locales/zhCN.lua: Lua error: ...n-2026-10-08/addon-snapshot/ItemVersion/Locales/zhCN.lua:6: Cannot find a library instance of "AceLocale-3.0".
stack traceback:
	(string):1: in main chunk
[Interface/AddOns/Blizzard_ScriptErrors/Blizzard_ScriptErrors.lua]:59: in function 'GetErrorData'
[Interface/AddOns/Blizzard_ScriptErrors/Blizzard_ScriptErrors.lua]:72: in function <[Interface/AddOns/Blizzard_ScriptErrors/Blizzard_ScriptErrors.lua]:71>

Lua error: @/home/osso/.worktrees/wow-ui-sim-p510-page/data/patch-api/evidence/5.1.0-session-2026-10-08/addon-snapshot/ItemVersion/Profile.lua: Lua error: ...ession-2026-10-08/addon-snapshot/ItemVersion/Profile.lua:3: Cannot find a library instance of "AceLocale-3.0".
stack traceback:
	(string):1: in main chunk
Lua error: Lua Error: @/home/osso/.worktrees/wow-ui-sim-p510-page/data/patch-api/evidence/5.1.0-session-2026-10-08/addon-snapshot/ItemVersion/Profile.lua: Lua error: ...ession-2026-10-08/addon-snapshot/ItemVersion/Profile.lua:3: Cannot find a library instance of "AceLocale-3.0".
stack traceback:
	(string):1: in main chunk
[Interface/AddOns/Blizzard_ScriptErrors/Blizzard_ScriptErrors.lua]:59: in function 'GetErrorData'
[Interface/AddOns/Blizzard_ScriptErrors/Blizzard_ScriptErrors.lua]:72: in function <[Interface/AddOns/Blizzard_ScriptErrors/Blizzard_ScriptErrors.lua]:71>

Lua error: @/home/osso/.worktrees/wow-ui-sim-p510-page/data/patch-api/evidence/5.1.0-session-2026-10-08/addon-snapshot/ItemVersion/Expansion.lua: Lua error: ...sion-2026-10-08/addon-snapshot/ItemVersion/Expansion.lua:3: Cannot find a library instance of "AceLocale-3.0".
stack traceback:
	(string):1: in main chunk
Lua error: Lua Error: @/home/osso/.worktrees/wow-ui-sim-p510-page/data/patch-api/evidence/5.1.0-session-2026-10-08/addon-snapshot/ItemVersion/Expansion.lua: Lua error: ...sion-2026-10-08/addon-snapshot/ItemVersion/Expansion.lua:3: Cannot find a library instance of "AceLocale-3.0".
stack traceback:
	(string):1: in main chunk
[Interface/AddOns/Blizzard_ScriptErrors/Blizzard_ScriptErrors.lua]:59: in function 'GetErrorData'
[Interface/AddOns/Blizzard_ScriptErrors/Blizzard_ScriptErrors.lua]:72: in function <[Interface/AddOns/Blizzard_ScriptErrors/Blizzard_ScriptErrors.lua]:71>

Lua error: @/home/osso/.worktrees/wow-ui-sim-p510-page/data/patch-api/evidence/5.1.0-session-2026-10-08/addon-snapshot/ItemVersion/Options.lua: Lua error: ...ession-2026-10-08/addon-snapshot/ItemVersion/Options.lua:3: Cannot find a library instance of "AceLocale-3.0".
stack traceback:
	(string):1: in main chunk
Lua error: Lua Error: @/home/osso/.worktrees/wow-ui-sim-p510-page/data/patch-api/evidence/5.1.0-session-2026-10-08/addon-snapshot/ItemVersion/Options.lua: Lua error: ...ession-2026-10-08/addon-snapshot/ItemVersion/Options.lua:3: Cannot find a library instance of "AceLocale-3.0".
stack traceback:
	(string):1: in main chunk
[Interface/AddOns/Blizzard_ScriptErrors/Blizzard_ScriptErrors.lua]:59: in function 'GetErrorData'
[Interface/AddOns/Blizzard_ScriptErrors/Blizzard_ScriptErrors.lua]:72: in function <[Interface/AddOns/Blizzard_ScriptErrors/Blizzard_ScriptErrors.lua]:71>

Lua error: @/home/osso/.worktrees/wow-ui-sim-p510-page/data/patch-api/evidence/5.1.0-session-2026-10-08/addon-snapshot/ItemVersion/SlashCommands.lua: Lua error: ...-2026-10-08/addon-snapshot/ItemVersion/SlashCommands.lua:3: Cannot find a library instance of "AceLocale-3.0".
stack traceback:
	(string):1: in main chunk
Lua error: Lua Error: @/home/osso/.worktrees/wow-ui-sim-p510-page/data/patch-api/evidence/5.1.0-session-2026-10-08/addon-snapshot/ItemVersion/SlashCommands.lua: Lua error: ...-2026-10-08/addon-snapshot/ItemVersion/SlashCommands.lua:3: Cannot find a library instance of "AceLocale-3.0".
stack traceback:
	(string):1: in main chunk
[Interface/AddOns/Blizzard_ScriptErrors/Blizzard_ScriptErrors.lua]:59: in function 'GetErrorData'
[Interface/AddOns/Blizzard_ScriptErrors/Blizzard_ScriptErrors.lua]:72: in function <[Interface/AddOns/Blizzard_ScriptErrors/Blizzard_ScriptErrors.lua]:71>

Lua error: @/home/osso/.worktrees/wow-ui-sim-p510-page/data/patch-api/evidence/5.1.0-session-2026-10-08/addon-snapshot/Leatrix_Plus/Leatrix_Plus_Media.lua: Lua error: ...10-08/addon-snapshot/Leatrix_Plus/Leatrix_Plus_Media.lua:10: attempt to index local 'L' (a nil value)
stack traceback:
	(string):1: in main chunk
Lua error: Lua Error: @/home/osso/.worktrees/wow-ui-sim-p510-page/data/patch-api/evidence/5.1.0-session-2026-10-08/addon-snapshot/Leatrix_Plus/Leatrix_Plus_Media.lua: Lua error: ...10-08/addon-snapshot/Leatrix_Plus/Leatrix_Plus_Media.lua:10: attempt to index local 'L' (a nil value)
stack traceback:
	(string):1: in main chunk
[Interface/AddOns/Blizzard_ScriptErrors/Blizzard_ScriptErrors.lua]:59: in function 'GetErrorData'
[Interface/AddOns/Blizzard_ScriptErrors/Blizzard_ScriptErrors.lua]:72: in function <[Interface/AddOns/Blizzard_ScriptErrors/Blizzard_ScriptErrors.lua]:71>

Lua error: @/home/osso/.worktrees/wow-ui-sim-p510-page/data/patch-api/evidence/5.1.0-session-2026-10-08/addon-snapshot/Leatrix_Plus/Leatrix_Plus.lua: Lua error: ...-2026-10-08/addon-snapshot/Leatrix_Plus/Leatrix_Plus.lua:61: attempt to index local 'L' (a nil value)
stack traceback:
	(string):1: in main chunk
Lua error: Lua Error: @/home/osso/.worktrees/wow-ui-sim-p510-page/data/patch-api/evidence/5.1.0-session-2026-10-08/addon-snapshot/Leatrix_Plus/Leatrix_Plus.lua: Lua error: ...-2026-10-08/addon-snapshot/Leatrix_Plus/Leatrix_Plus.lua:61: attempt to index local 'L' (a nil value)
stack traceback:
	(string):1: in main chunk
[Interface/AddOns/Blizzard_ScriptErrors/Blizzard_ScriptErrors.lua]:59: in function 'GetErrorData'
[Interface/AddOns/Blizzard_ScriptErrors/Blizzard_ScriptErrors.lua]:72: in function <[Interface/AddOns/Blizzard_ScriptErrors/Blizzard_ScriptErrors.lua]:71>

Lua error: @/home/osso/.worktrees/wow-ui-sim-p510-page/data/patch-api/evidence/5.1.0-session-2026-10-08/addon-snapshot/Plumber/Locales/enUS.lua: Lua error: ...ssion-2026-10-08/addon-snapshot/Plumber/Locales/enUS.lua:17: attempt to index local 'L' (a nil value)
stack traceback:
	(string):1: in main chunk
Lua error: Lua Error: @/home/osso/.worktrees/wow-ui-sim-p510-page/data/patch-api/evidence/5.1.0-session-2026-10-08/addon-snapshot/Plumber/Locales/enUS.lua: Lua error: ...ssion-2026-10-08/addon-snapshot/Plumber/Locales/enUS.lua:17: attempt to index local 'L' (a nil value)
stack traceback:
	(string):1: in main chunk
[Interface/AddOns/Blizzard_ScriptErrors/Blizzard_ScriptErrors.lua]:59: in function 'GetErrorData'
[Interface/AddOns/Blizzard_ScriptErrors/Blizzard_ScriptErrors.lua]:72: in function <[Interface/AddOns/Blizzard_ScriptErrors/Blizzard_ScriptErrors.lua]:71>

Lua error: @/home/osso/.worktrees/wow-ui-sim-p510-page/data/patch-api/evidence/5.1.0-session-2026-10-08/addon-snapshot/Plumber/Modules/Shared/SharedData.lua: Lua error: ...-08/addon-snapshot/Plumber/Modules/Shared/SharedData.lua:51: attempt to index local 'L' (a nil value)
stack traceback:
	(string):1: in main chunk
Lua error: Lua Error: @/home/osso/.worktrees/wow-ui-sim-p510-page/data/patch-api/evidence/5.1.0-session-2026-10-08/addon-snapshot/Plumber/Modules/Shared/SharedData.lua: Lua error: ...-08/addon-snapshot/Plumber/Modules/Shared/SharedData.lua:51: attempt to index local 'L' (a nil value)
stack traceback:
	(string):1: in main chunk
[Interface/AddOns/Blizzard_ScriptErrors/Blizzard_ScriptErrors.lua]:59: in function 'GetErrorData'
[Interface/AddOns/Blizzard_ScriptErrors/Blizzard_ScriptErrors.lua]:72: in function <[Interface/AddOns/Blizzard_ScriptErrors/Blizzard_ScriptErrors.lua]:71>

Lua error: IO error loading /home/osso/.worktrees/wow-ui-sim-p510-page/data/patch-api/evidence/5.1.0-session-2026-10-08/addon-snapshot/Plumber/Modules/Shared/SharedWidgets.xml: No such file or directory (os error 2)
stack traceback:
	(string):1: in main chunk
Lua error: Lua Error: IO error loading /home/osso/.worktrees/wow-ui-sim-p510-page/data/patch-api/evidence/5.1.0-session-2026-10-08/addon-snapshot/Plumber/Modules/Shared/SharedWidgets.xml: No such file or directory (os error 2)
stack traceback:
	(string):1: in main chunk
[Interface/AddOns/Blizzard_ScriptErrors/Blizzard_ScriptErrors.lua]:59: in function 'GetErrorData'
[Interface/AddOns/Blizzard_ScriptErrors/Blizzard_ScriptErrors.lua]:72: in function <[Interface/AddOns/Blizzard_ScriptErrors/Blizzard_ScriptErrors.lua]:71>

Lua error: XML error: IO error loading /home/osso/.worktrees/wow-ui-sim-p510-page/data/patch-api/evidence/5.1.0-session-2026-10-08/addon-snapshot/Plumber/Modules/Shared/SharedWidgets.xml: No such file or directory (os error 2)
stack traceback:
	(string):1: in main chunk
Lua error: Lua Error: XML error: IO error loading /home/osso/.worktrees/wow-ui-sim-p510-page/data/patch-api/evidence/5.1.0-session-2026-10-08/addon-snapshot/Plumber/Modules/Shared/SharedWidgets.xml: No such file or directory (os error 2)
stack traceback:
	(string):1: in main chunk
[Interface/AddOns/Blizzard_ScriptErrors/Blizzard_ScriptErrors.lua]:59: in function 'GetErrorData'
[Interface/AddOns/Blizzard_ScriptErrors/Blizzard_ScriptErrors.lua]:72: in function <[Interface/AddOns/Blizzard_ScriptErrors/Blizzard_ScriptErrors.lua]:71>

Lua error: @/home/osso/.worktrees/wow-ui-sim-p510-page/data/patch-api/evidence/5.1.0-session-2026-10-08/addon-snapshot/Plumber/Modules/ScenarioTracker.lua: Lua error: ...10-08/addon-snapshot/Plumber/Modules/ScenarioTracker.lua:150: attempt to index local 'API' (a nil value)
stack traceback:
	(string):1: in main chunk
Lua error: Lua Error: @/home/osso/.worktrees/wow-ui-sim-p510-page/data/patch-api/evidence/5.1.0-session-2026-10-08/addon-snapshot/Plumber/Modules/ScenarioTracker.lua: Lua error: ...10-08/addon-snapshot/Plumber/Modules/ScenarioTracker.lua:150: attempt to index local 'API' (a nil value)
stack traceback:
	(string):1: in main chunk
[Interface/AddOns/Blizzard_ScriptErrors/Blizzard_ScriptErrors.lua]:59: in function 'GetErrorData'
[Interface/AddOns/Blizzard_ScriptErrors/Blizzard_ScriptErrors.lua]:72: in function <[Interface/AddOns/Blizzard_ScriptErrors/Blizzard_ScriptErrors.lua]:71>

Lua error: IO error reading /home/osso/.worktrees/wow-ui-sim-p510-page/data/patch-api/evidence/5.1.0-session-2026-10-08/addon-snapshot/Plumber/Modules/ControlCenter/Preload.lua: No such file or directory (os error 2)
stack traceback:
	(string):1: in main chunk
Lua error: Lua Error: IO error reading /home/osso/.worktrees/wow-ui-sim-p510-page/data/patch-api/evidence/5.1.0-session-2026-10-08/addon-snapshot/Plumber/Modules/ControlCenter/Preload.lua: No such file or directory (os error 2)
stack traceback:
	(string):1: in main chunk
[Interface/AddOns/Blizzard_ScriptErrors/Blizzard_ScriptErrors.lua]:59: in function 'GetErrorData'
[Interface/AddOns/Blizzard_ScriptErrors/Blizzard_ScriptErrors.lua]:72: in function <[Interface/AddOns/Blizzard_ScriptErrors/Blizzard_ScriptErrors.lua]:71>

Lua error: @/home/osso/.worktrees/wow-ui-sim-p510-page/data/patch-api/evidence/5.1.0-session-2026-10-08/addon-snapshot/Plumber/Modules/Macros.lua: Lua error: ...ion-2026-10-08/addon-snapshot/Plumber/Modules/Macros.lua:47: attempt to index local 'API' (a nil value)
stack traceback:
	(string):1: in main chunk
Lua error: Lua Error: @/home/osso/.worktrees/wow-ui-sim-p510-page/data/patch-api/evidence/5.1.0-session-2026-10-08/addon-snapshot/Plumber/Modules/Macros.lua: Lua error: ...ion-2026-10-08/addon-snapshot/Plumber/Modules/Macros.lua:47: attempt to index local 'API' (a nil value)
stack traceback:
	(string):1: in main chunk
[Interface/AddOns/Blizzard_ScriptErrors/Blizzard_ScriptErrors.lua]:59: in function 'GetErrorData'
[Interface/AddOns/Blizzard_ScriptErrors/Blizzard_ScriptErrors.lua]:72: in function <[Interface/AddOns/Blizzard_ScriptErrors/Blizzard_ScriptErrors.lua]:71>

Lua error: @/home/osso/.worktrees/wow-ui-sim-p510-page/data/patch-api/evidence/5.1.0-session-2026-10-08/addon-snapshot/Plumber/Modules/BackpackItemTracker.lua: Lua error: ...8/addon-snapshot/Plumber/Modules/BackpackItemTracker.lua:20: attempt to index local 'API' (a nil value)
stack traceback:
	(string):1: in main chunk
Lua error: Lua Error: @/home/osso/.worktrees/wow-ui-sim-p510-page/data/patch-api/evidence/5.1.0-session-2026-10-08/addon-snapshot/Plumber/Modules/BackpackItemTracker.lua: Lua error: ...8/addon-snapshot/Plumber/Modules/BackpackItemTracker.lua:20: attempt to index local 'API' (a nil value)
stack traceback:
	(string):1: in main chunk
[Interface/AddOns/Blizzard_ScriptErrors/Blizzard_ScriptErrors.lua]:59: in function 'GetErrorData'
[Interface/AddOns/Blizzard_ScriptErrors/Blizzard_ScriptErrors.lua]:72: in function <[Interface/AddOns/Blizzard_ScriptErrors/Blizzard_ScriptErrors.lua]:71>

Lua error: @/home/osso/.worktrees/wow-ui-sim-p510-page/data/patch-api/evidence/5.1.0-session-2026-10-08/addon-snapshot/Plumber/Modules/AutoJoinEvents.lua: Lua error: ...-10-08/addon-snapshot/Plumber/Modules/AutoJoinEvents.lua:7: attempt to index field 'API' (a nil value)
stack traceback:
	(string):1: in main chunk
Lua error: Lua Error: @/home/osso/.worktrees/wow-ui-sim-p510-page/data/patch-api/evidence/5.1.0-session-2026-10-08/addon-snapshot/Plumber/Modules/AutoJoinEvents.lua: Lua error: ...-10-08/addon-snapshot/Plumber/Modules/AutoJoinEvents.lua:7: attempt to index field 'API' (a nil value)
stack traceback:
	(string):1: in main chunk
[Interface/AddOns/Blizzard_ScriptErrors/Blizzard_ScriptErrors.lua]:59: in function 'GetErrorData'
[Interface/AddOns/Blizzard_ScriptErrors/Blizzard_ScriptErrors.lua]:72: in function <[Interface/AddOns/Blizzard_ScriptErrors/Blizzard_ScriptErrors.lua]:71>

Lua error: @/home/osso/.worktrees/wow-ui-sim-p510-page/data/patch-api/evidence/5.1.0-session-2026-10-08/addon-snapshot/Plumber/Modules/PlayerChoiceFrameToken.lua: Lua error: ...ddon-snapshot/Plumber/Modules/PlayerChoiceFrameToken.lua:5: attempt to index field 'API' (a nil value)
stack traceback:
	(string):1: in main chunk
Lua error: Lua Error: @/home/osso/.worktrees/wow-ui-sim-p510-page/data/patch-api/evidence/5.1.0-session-2026-10-08/addon-snapshot/Plumber/Modules/PlayerChoiceFrameToken.lua: Lua error: ...ddon-snapshot/Plumber/Modules/PlayerChoiceFrameToken.lua:5: attempt to index field 'API' (a nil value)
stack traceback:
	(string):1: in main chunk
[Interface/AddOns/Blizzard_ScriptErrors/Blizzard_ScriptErrors.lua]:59: in function 'GetErrorData'
[Interface/AddOns/Blizzard_ScriptErrors/Blizzard_ScriptErrors.lua]:72: in function <[Interface/AddOns/Blizzard_ScriptErrors/Blizzard_ScriptErrors.lua]:71>

Lua error: @/home/osso/.worktrees/wow-ui-sim-p510-page/data/patch-api/evidence/5.1.0-session-2026-10-08/addon-snapshot/Plumber/Modules/QuickSlot.lua: Lua error: ...-2026-10-08/addon-snapshot/Plumber/Modules/QuickSlot.lua:4: attempt to index local 'API' (a nil value)
stack traceback:
	(string):1: in main chunk
Lua error: Lua Error: @/home/osso/.worktrees/wow-ui-sim-p510-page/data/patch-api/evidence/5.1.0-session-2026-10-08/addon-snapshot/Plumber/Modules/QuickSlot.lua: Lua error: ...-2026-10-08/addon-snapshot/Plumber/Modules/QuickSlot.lua:4: attempt to index local 'API' (a nil value)
stack traceback:
	(string):1: in main chunk
[Interface/AddOns/Blizzard_ScriptErrors/Blizzard_ScriptErrors.lua]:59: in function 'GetErrorData'
[Interface/AddOns/Blizzard_ScriptErrors/Blizzard_ScriptErrors.lua]:72: in function <[Interface/AddOns/Blizzard_ScriptErrors/Blizzard_ScriptErrors.lua]:71>

Lua error: @/home/osso/.worktrees/wow-ui-sim-p510-page/data/patch-api/evidence/5.1.0-session-2026-10-08/addon-snapshot/Plumber/Modules/RareAnnouncement.lua: Lua error: ...0-08/addon-snapshot/Plumber/Modules/RareAnnouncement.lua:6: attempt to index local 'API' (a nil value)
stack traceback:
	(string):1: in main chunk
Lua error: Lua Error: @/home/osso/.worktrees/wow-ui-sim-p510-page/data/patch-api/evidence/5.1.0-session-2026-10-08/addon-snapshot/Plumber/Modules/RareAnnouncement.lua: Lua error: ...0-08/addon-snapshot/Plumber/Modules/RareAnnouncement.lua:6: attempt to index local 'API' (a nil value)
stack traceback:
	(string):1: in main chunk
[Interface/AddOns/Blizzard_ScriptErrors/Blizzard_ScriptErrors.lua]:59: in function 'GetErrorData'
[Interface/AddOns/Blizzard_ScriptErrors/Blizzard_ScriptErrors.lua]:72: in function <[Interface/AddOns/Blizzard_ScriptErrors/Blizzard_ScriptErrors.lua]:71>

Lua error: @/home/osso/.worktrees/wow-ui-sim-p510-page/data/patch-api/evidence/5.1.0-session-2026-10-08/addon-snapshot/Plumber/Modules/MerchantPrice.lua: Lua error: ...6-10-08/addon-snapshot/Plumber/Modules/MerchantPrice.lua:27: attempt to index local 'API' (a nil value)
stack traceback:
	(string):1: in main chunk
Lua error: Lua Error: @/home/osso/.worktrees/wow-ui-sim-p510-page/data/patch-api/evidence/5.1.0-session-2026-10-08/addon-snapshot/Plumber/Modules/MerchantPrice.lua: Lua error: ...6-10-08/addon-snapshot/Plumber/Modules/MerchantPrice.lua:27: attempt to index local 'API' (a nil value)
stack traceback:
	(string):1: in main chunk
[Interface/AddOns/Blizzard_ScriptErrors/Blizzard_ScriptErrors.lua]:59: in function 'GetErrorData'
[Interface/AddOns/Blizzard_ScriptErrors/Blizzard_ScriptErrors.lua]:72: in function <[Interface/AddOns/Blizzard_ScriptErrors/Blizzard_ScriptErrors.lua]:71>

Lua error: @/home/osso/.worktrees/wow-ui-sim-p510-page/data/patch-api/evidence/5.1.0-session-2026-10-08/addon-snapshot/Plumber/Modules/DelvesAutomation.lua: Lua error: ...0-08/addon-snapshot/Plumber/Modules/DelvesAutomation.lua:75: attempt to index field 'L' (a nil value)
stack traceback:
	(string):1: in main chunk
Lua error: Lua Error: @/home/osso/.worktrees/wow-ui-sim-p510-page/data/patch-api/evidence/5.1.0-session-2026-10-08/addon-snapshot/Plumber/Modules/DelvesAutomation.lua: Lua error: ...0-08/addon-snapshot/Plumber/Modules/DelvesAutomation.lua:75: attempt to index field 'L' (a nil value)
stack traceback:
	(string):1: in main chunk
[Interface/AddOns/Blizzard_ScriptErrors/Blizzard_ScriptErrors.lua]:59: in function 'GetErrorData'
[Interface/AddOns/Blizzard_ScriptErrors/Blizzard_ScriptErrors.lua]:72: in function <[Interface/AddOns/Blizzard_ScriptErrors/Blizzard_ScriptErrors.lua]:71>

Lua error: IO error reading /home/osso/.worktrees/wow-ui-sim-p510-page/data/patch-api/evidence/5.1.0-session-2026-10-08/addon-snapshot/Plumber/Modules/GameTooltip_Core.lua: No such file or directory (os error 2)
stack traceback:
	(string):1: in main chunk
Lua error: Lua Error: IO error reading /home/osso/.worktrees/wow-ui-sim-p510-page/data/patch-api/evidence/5.1.0-session-2026-10-08/addon-snapshot/Plumber/Modules/GameTooltip_Core.lua: No such file or directory (os error 2)
stack traceback:
	(string):1: in main chunk
[Interface/AddOns/Blizzard_ScriptErrors/Blizzard_ScriptErrors.lua]:59: in function 'GetErrorData'
[Interface/AddOns/Blizzard_ScriptErrors/Blizzard_ScriptErrors.lua]:72: in function <[Interface/AddOns/Blizzard_ScriptErrors/Blizzard_ScriptErrors.lua]:71>

Lua error: @/home/osso/.worktrees/wow-ui-sim-p510-page/data/patch-api/evidence/5.1.0-session-2026-10-08/addon-snapshot/Plumber/Modules/UnderlightAngler.lua: Lua error: ...0-08/addon-snapshot/Plumber/Modules/UnderlightAngler.lua:69: attempt to index field 'L' (a nil value)
stack traceback:
	(string):1: in main chunk
Lua error: Lua Error: @/home/osso/.worktrees/wow-ui-sim-p510-page/data/patch-api/evidence/5.1.0-session-2026-10-08/addon-snapshot/Plumber/Modules/UnderlightAngler.lua: Lua error: ...0-08/addon-snapshot/Plumber/Modules/UnderlightAngler.lua:69: attempt to index field 'L' (a nil value)
stack traceback:
	(string):1: in main chunk
[Interface/AddOns/Blizzard_ScriptErrors/Blizzard_ScriptErrors.lua]:59: in function 'GetErrorData'
[Interface/AddOns/Blizzard_ScriptErrors/Blizzard_ScriptErrors.lua]:72: in function <[Interface/AddOns/Blizzard_ScriptErrors/Blizzard_ScriptErrors.lua]:71>

Lua error: @/home/osso/.worktrees/wow-ui-sim-p510-page/data/patch-api/evidence/5.1.0-session-2026-10-08/addon-snapshot/Plumber/Modules/ChatOptions.lua: Lua error: ...026-10-08/addon-snapshot/Plumber/Modules/ChatOptions.lua:205: attempt to index local 'API' (a nil value)
stack traceback:
	(string):1: in main chunk
Lua error: Lua Error: @/home/osso/.worktrees/wow-ui-sim-p510-page/data/patch-api/evidence/5.1.0-session-2026-10-08/addon-snapshot/Plumber/Modules/ChatOptions.lua: Lua error: ...026-10-08/addon-snapshot/Plumber/Modules/ChatOptions.lua:205: attempt to index local 'API' (a nil value)
stack traceback:
	(string):1: in main chunk
[Interface/AddOns/Blizzard_ScriptErrors/Blizzard_ScriptErrors.lua]:59: in function 'GetErrorData'
[Interface/AddOns/Blizzard_ScriptErrors/Blizzard_ScriptErrors.lua]:72: in function <[Interface/AddOns/Blizzard_ScriptErrors/Blizzard_ScriptErrors.lua]:71>

Lua error: IO error reading /home/osso/.worktrees/wow-ui-sim-p510-page/data/patch-api/evidence/5.1.0-session-2026-10-08/addon-snapshot/Plumber/Modules/StaticPopup_QuestItemDestroyAlert.lua: No such file or directory (os error 2)
stack traceback:
	(string):1: in main chunk
Lua error: Lua Error: IO error reading /home/osso/.worktrees/wow-ui-sim-p510-page/data/patch-api/evidence/5.1.0-session-2026-10-08/addon-snapshot/Plumber/Modules/StaticPopup_QuestItemDestroyAlert.lua: No such file or directory (os error 2)
stack traceback:
	(string):1: in main chunk
[Interface/AddOns/Blizzard_ScriptErrors/Blizzard_ScriptErrors.lua]:59: in function 'GetErrorData'
[Interface/AddOns/Blizzard_ScriptErrors/Blizzard_ScriptErrors.lua]:72: in function <[Interface/AddOns/Blizzard_ScriptErrors/Blizzard_ScriptErrors.lua]:71>

Lua error: @/home/osso/.worktrees/wow-ui-sim-p510-page/data/patch-api/evidence/5.1.0-session-2026-10-08/addon-snapshot/Plumber/Modules/ProfessionsBook.lua: Lua error: ...10-08/addon-snapshot/Plumber/Modules/ProfessionsBook.lua:7: attempt to index field 'GameTooltipManager' (a nil value)
stack traceback:
	(string):1: in main chunk
Lua error: Lua Error: @/home/osso/.worktrees/wow-ui-sim-p510-page/data/patch-api/evidence/5.1.0-session-2026-10-08/addon-snapshot/Plumber/Modules/ProfessionsBook.lua: Lua error: ...10-08/addon-snapshot/Plumber/Modules/ProfessionsBook.lua:7: attempt to index field 'GameTooltipManager' (a nil value)
stack traceback:
	(string):1: in main chunk
[Interface/AddOns/Blizzard_ScriptErrors/Blizzard_ScriptErrors.lua]:59: in function 'GetErrorData'
[Interface/AddOns/Blizzard_ScriptErrors/Blizzard_ScriptErrors.lua]:72: in function <[Interface/AddOns/Blizzard_ScriptErrors/Blizzard_ScriptErrors.lua]:71>

Lua error: @/home/osso/.worktrees/wow-ui-sim-p510-page/data/patch-api/evidence/5.1.0-session-2026-10-08/addon-snapshot/Plumber/Modules/HolidayDungeon.lua: Lua error: ...-10-08/addon-snapshot/Plumber/Modules/HolidayDungeon.lua:90: attempt to index field 'L' (a nil value)
stack traceback:
	(string):1: in main chunk
Lua error: Lua Error: @/home/osso/.worktrees/wow-ui-sim-p510-page/data/patch-api/evidence/5.1.0-session-2026-10-08/addon-snapshot/Plumber/Modules/HolidayDungeon.lua: Lua error: ...-10-08/addon-snapshot/Plumber/Modules/HolidayDungeon.lua:90: attempt to index field 'L' (a nil value)
stack traceback:
	(string):1: in main chunk
[Interface/AddOns/Blizzard_ScriptErrors/Blizzard_ScriptErrors.lua]:59: in function 'GetErrorData'
[Interface/AddOns/Blizzard_ScriptErrors/Blizzard_ScriptErrors.lua]:72: in function <[Interface/AddOns/Blizzard_ScriptErrors/Blizzard_ScriptErrors.lua]:71>

Lua error: @/home/osso/.worktrees/wow-ui-sim-p510-page/data/patch-api/evidence/5.1.0-session-2026-10-08/addon-snapshot/Plumber/Modules/SourceAchievementLink.lua: Lua error: ...addon-snapshot/Plumber/Modules/SourceAchievementLink.lua:6: attempt to index local 'API' (a nil value)
stack traceback:
	(string):1: in main chunk
Lua error: Lua Error: @/home/osso/.worktrees/wow-ui-sim-p510-page/data/patch-api/evidence/5.1.0-session-2026-10-08/addon-snapshot/Plumber/Modules/SourceAchievementLink.lua: Lua error: ...addon-snapshot/Plumber/Modules/SourceAchievementLink.lua:6: attempt to index local 'API' (a nil value)
stack traceback:
	(string):1: in main chunk
[Interface/AddOns/Blizzard_ScriptErrors/Blizzard_ScriptErrors.lua]:59: in function 'GetErrorData'
[Interface/AddOns/Blizzard_ScriptErrors/Blizzard_ScriptErrors.lua]:72: in function <[Interface/AddOns/Blizzard_ScriptErrors/Blizzard_ScriptErrors.lua]:71>

Lua error: @/home/osso/.worktrees/wow-ui-sim-p510-page/data/patch-api/evidence/5.1.0-session-2026-10-08/addon-snapshot/Plumber/Modules/OutfitSelect.lua: Lua error: ...26-10-08/addon-snapshot/Plumber/Modules/OutfitSelect.lua:4: attempt to index field 'CooldownUtil' (a nil value)
stack traceback:
	(string):1: in main chunk
Lua error: Lua Error: @/home/osso/.worktrees/wow-ui-sim-p510-page/data/patch-api/evidence/5.1.0-session-2026-10-08/addon-snapshot/Plumber/Modules/OutfitSelect.lua: Lua error: ...26-10-08/addon-snapshot/Plumber/Modules/OutfitSelect.lua:4: attempt to index field 'CooldownUtil' (a nil value)
stack traceback:
	(string):1: in main chunk
[Interface/AddOns/Blizzard_ScriptErrors/Blizzard_ScriptErrors.lua]:59: in function 'GetErrorData'
[Interface/AddOns/Blizzard_ScriptErrors/Blizzard_ScriptErrors.lua]:72: in function <[Interface/AddOns/Blizzard_ScriptErrors/Blizzard_ScriptErrors.lua]:71>

Lua error: @/home/osso/.worktrees/wow-ui-sim-p510-page/data/patch-api/evidence/5.1.0-session-2026-10-08/addon-snapshot/Plumber/Modules/CatalystUI.lua: Lua error: ...2026-10-08/addon-snapshot/Plumber/Modules/CatalystUI.lua:178: attempt to index field 'L' (a nil value)
stack traceback:
	(string):1: in main chunk
Lua error: Lua Error: @/home/osso/.worktrees/wow-ui-sim-p510-page/data/patch-api/evidence/5.1.0-session-2026-10-08/addon-snapshot/Plumber/Modules/CatalystUI.lua: Lua error: ...2026-10-08/addon-snapshot/Plumber/Modules/CatalystUI.lua:178: attempt to index field 'L' (a nil value)
stack traceback:
	(string):1: in main chunk
[Interface/AddOns/Blizzard_ScriptErrors/Blizzard_ScriptErrors.lua]:59: in function 'GetErrorData'
[Interface/AddOns/Blizzard_ScriptErrors/Blizzard_ScriptErrors.lua]:72: in function <[Interface/AddOns/Blizzard_ScriptErrors/Blizzard_ScriptErrors.lua]:71>

Lua error: @/home/osso/.worktrees/wow-ui-sim-p510-page/data/patch-api/evidence/5.1.0-session-2026-10-08/addon-snapshot/Plumber/Modules/HuntTable.lua: Lua error: ...-2026-10-08/addon-snapshot/Plumber/Modules/HuntTable.lua:3: attempt to index field 'API' (a nil value)
stack traceback:
	(string):1: in main chunk
Lua error: Lua Error: @/home/osso/.worktrees/wow-ui-sim-p510-page/data/patch-api/evidence/5.1.0-session-2026-10-08/addon-snapshot/Plumber/Modules/HuntTable.lua: Lua error: ...-2026-10-08/addon-snapshot/Plumber/Modules/HuntTable.lua:3: attempt to index field 'API' (a nil value)
stack traceback:
	(string):1: in main chunk
[Interface/AddOns/Blizzard_ScriptErrors/Blizzard_ScriptErrors.lua]:59: in function 'GetErrorData'
[Interface/AddOns/Blizzard_ScriptErrors/Blizzard_ScriptErrors.lua]:72: in function <[Interface/AddOns/Blizzard_ScriptErrors/Blizzard_ScriptErrors.lua]:71>

Lua error: @/home/osso/.worktrees/wow-ui-sim-p510-page/data/patch-api/evidence/5.1.0-session-2026-10-08/addon-snapshot/Plumber/Modules/TransmogRestorePending.lua: Lua error: ...ddon-snapshot/Plumber/Modules/TransmogRestorePending.lua:840: attempt to index local 'L' (a nil value)
stack traceback:
	(string):1: in main chunk
Lua error: Lua Error: @/home/osso/.worktrees/wow-ui-sim-p510-page/data/patch-api/evidence/5.1.0-session-2026-10-08/addon-snapshot/Plumber/Modules/TransmogRestorePending.lua: Lua error: ...ddon-snapshot/Plumber/Modules/TransmogRestorePending.lua:840: attempt to index local 'L' (a nil value)
stack traceback:
	(string):1: in main chunk
[Interface/AddOns/Blizzard_ScriptErrors/Blizzard_ScriptErrors.lua]:59: in function 'GetErrorData'
[Interface/AddOns/Blizzard_ScriptErrors/Blizzard_ScriptErrors.lua]:72: in function <[Interface/AddOns/Blizzard_ScriptErrors/Blizzard_ScriptErrors.lua]:71>

Lua error: @/home/osso/.worktrees/wow-ui-sim-p510-page/data/patch-api/evidence/5.1.0-session-2026-10-08/addon-snapshot/SavedInstances/Init.lua: Lua error: ...ession-2026-10-08/addon-snapshot/SavedInstances/Init.lua:2: Cannot find a library instance of "AceAddon-3.0".
stack traceback:
	(string):1: in main chunk
Lua error: Lua Error: @/home/osso/.worktrees/wow-ui-sim-p510-page/data/patch-api/evidence/5.1.0-session-2026-10-08/addon-snapshot/SavedInstances/Init.lua: Lua error: ...ession-2026-10-08/addon-snapshot/SavedInstances/Init.lua:2: Cannot find a library instance of "AceAddon-3.0".
stack traceback:
	(string):1: in main chunk
[Interface/AddOns/Blizzard_ScriptErrors/Blizzard_ScriptErrors.lua]:59: in function 'GetErrorData'
[Interface/AddOns/Blizzard_ScriptErrors/Blizzard_ScriptErrors.lua]:72: in function <[Interface/AddOns/Blizzard_ScriptErrors/Blizzard_ScriptErrors.lua]:71>

Lua error: @/home/osso/.worktrees/wow-ui-sim-p510-page/data/patch-api/evidence/5.1.0-session-2026-10-08/addon-snapshot/SavedInstances/Locales/Locale.lua: Lua error: bad argument #1 to 'setmetatable' (table expected)
stack traceback:
	(string):1: in main chunk
Lua error: Lua Error: @/home/osso/.worktrees/wow-ui-sim-p510-page/data/patch-api/evidence/5.1.0-session-2026-10-08/addon-snapshot/SavedInstances/Locales/Locale.lua: Lua error: bad argument #1 to 'setmetatable' (table expected)
stack traceback:
	(string):1: in main chunk
[Interface/AddOns/Blizzard_ScriptErrors/Blizzard_ScriptErrors.lua]:59: in function 'GetErrorData'
[Interface/AddOns/Blizzard_ScriptErrors/Blizzard_ScriptErrors.lua]:72: in function <[Interface/AddOns/Blizzard_ScriptErrors/Blizzard_ScriptErrors.lua]:71>

Lua error: @/home/osso/.worktrees/wow-ui-sim-p510-page/data/patch-api/evidence/5.1.0-session-2026-10-08/addon-snapshot/SavedInstances/Core/Tooltip.lua: Lua error: ...026-10-08/addon-snapshot/SavedInstances/Core/Tooltip.lua:2: attempt to index local 'SI' (a nil value)
stack traceback:
	(string):1: in main chunk
Lua error: Lua Error: @/home/osso/.worktrees/wow-ui-sim-p510-page/data/patch-api/evidence/5.1.0-session-2026-10-08/addon-snapshot/SavedInstances/Core/Tooltip.lua: Lua error: ...026-10-08/addon-snapshot/SavedInstances/Core/Tooltip.lua:2: attempt to index local 'SI' (a nil value)
stack traceback:
	(string):1: in main chunk
[Interface/AddOns/Blizzard_ScriptErrors/Blizzard_ScriptErrors.lua]:59: in function 'GetErrorData'
[Interface/AddOns/Blizzard_ScriptErrors/Blizzard_ScriptErrors.lua]:72: in function <[Interface/AddOns/Blizzard_ScriptErrors/Blizzard_ScriptErrors.lua]:71>

Lua error: @/home/osso/.worktrees/wow-ui-sim-p510-page/data/patch-api/evidence/5.1.0-session-2026-10-08/addon-snapshot/SavedInstances/Core/Debug.lua: Lua error: ...-2026-10-08/addon-snapshot/SavedInstances/Core/Debug.lua:18: attempt to index local 'SI' (a nil value)
stack traceback:
	(string):1: in main chunk
Lua error: Lua Error: @/home/osso/.worktrees/wow-ui-sim-p510-page/data/patch-api/evidence/5.1.0-session-2026-10-08/addon-snapshot/SavedInstances/Core/Debug.lua: Lua error: ...-2026-10-08/addon-snapshot/SavedInstances/Core/Debug.lua:18: attempt to index local 'SI' (a nil value)
stack traceback:
	(string):1: in main chunk
[Interface/AddOns/Blizzard_ScriptErrors/Blizzard_ScriptErrors.lua]:59: in function 'GetErrorData'
[Interface/AddOns/Blizzard_ScriptErrors/Blizzard_ScriptErrors.lua]:72: in function <[Interface/AddOns/Blizzard_ScriptErrors/Blizzard_ScriptErrors.lua]:71>

Lua error: @/home/osso/.worktrees/wow-ui-sim-p510-page/data/patch-api/evidence/5.1.0-session-2026-10-08/addon-snapshot/SavedInstances/Modules/BonusRoll.lua: Lua error: ...0-08/addon-snapshot/SavedInstances/Modules/BonusRoll.lua:2: attempt to index local 'SI' (a nil value)
stack traceback:
	(string):1: in main chunk
Lua error: Lua Error: @/home/osso/.worktrees/wow-ui-sim-p510-page/data/patch-api/evidence/5.1.0-session-2026-10-08/addon-snapshot/SavedInstances/Modules/BonusRoll.lua: Lua error: ...0-08/addon-snapshot/SavedInstances/Modules/BonusRoll.lua:2: attempt to index local 'SI' (a nil value)
stack traceback:
	(string):1: in main chunk
[Interface/AddOns/Blizzard_ScriptErrors/Blizzard_ScriptErrors.lua]:59: in function 'GetErrorData'
[Interface/AddOns/Blizzard_ScriptErrors/Blizzard_ScriptErrors.lua]:72: in function <[Interface/AddOns/Blizzard_ScriptErrors/Blizzard_ScriptErrors.lua]:71>

Lua error: @/home/osso/.worktrees/wow-ui-sim-p510-page/data/patch-api/evidence/5.1.0-session-2026-10-08/addon-snapshot/SavedInstances/Modules/Calling.lua: Lua error: ...-10-08/addon-snapshot/SavedInstances/Modules/Calling.lua:2: attempt to index local 'SI' (a nil value)
stack traceback:
	(string):1: in main chunk
Lua error: Lua Error: @/home/osso/.worktrees/wow-ui-sim-p510-page/data/patch-api/evidence/5.1.0-session-2026-10-08/addon-snapshot/SavedInstances/Modules/Calling.lua: Lua error: ...-10-08/addon-snapshot/SavedInstances/Modules/Calling.lua:2: attempt to index local 'SI' (a nil value)
stack traceback:
	(string):1: in main chunk
[Interface/AddOns/Blizzard_ScriptErrors/Blizzard_ScriptErrors.lua]:59: in function 'GetErrorData'
[Interface/AddOns/Blizzard_ScriptErrors/Blizzard_ScriptErrors.lua]:72: in function <[Interface/AddOns/Blizzard_ScriptErrors/Blizzard_ScriptErrors.lua]:71>

Lua error: @/home/osso/.worktrees/wow-ui-sim-p510-page/data/patch-api/evidence/5.1.0-session-2026-10-08/addon-snapshot/SavedInstances/Modules/Emissary.lua: Lua error: ...10-08/addon-snapshot/SavedInstances/Modules/Emissary.lua:2: attempt to index local 'SI' (a nil value)
stack traceback:
	(string):1: in main chunk
Lua error: Lua Error: @/home/osso/.worktrees/wow-ui-sim-p510-page/data/patch-api/evidence/5.1.0-session-2026-10-08/addon-snapshot/SavedInstances/Modules/Emissary.lua: Lua error: ...10-08/addon-snapshot/SavedInstances/Modules/Emissary.lua:2: attempt to index local 'SI' (a nil value)
stack traceback:
	(string):1: in main chunk
[Interface/AddOns/Blizzard_ScriptErrors/Blizzard_ScriptErrors.lua]:59: in function 'GetErrorData'
[Interface/AddOns/Blizzard_ScriptErrors/Blizzard_ScriptErrors.lua]:72: in function <[Interface/AddOns/Blizzard_ScriptErrors/Blizzard_ScriptErrors.lua]:71>

Lua error: @/home/osso/.worktrees/wow-ui-sim-p510-page/data/patch-api/evidence/5.1.0-session-2026-10-08/addon-snapshot/SavedInstances/Modules/MythicPlus.lua: Lua error: ...-08/addon-snapshot/SavedInstances/Modules/MythicPlus.lua:2: attempt to index local 'SI' (a nil value)
stack traceback:
	(string):1: in main chunk
Lua error: Lua Error: @/home/osso/.worktrees/wow-ui-sim-p510-page/data/patch-api/evidence/5.1.0-session-2026-10-08/addon-snapshot/SavedInstances/Modules/MythicPlus.lua: Lua error: ...-08/addon-snapshot/SavedInstances/Modules/MythicPlus.lua:2: attempt to index local 'SI' (a nil value)
stack traceback:
	(string):1: in main chunk
[Interface/AddOns/Blizzard_ScriptErrors/Blizzard_ScriptErrors.lua]:59: in function 'GetErrorData'
[Interface/AddOns/Blizzard_ScriptErrors/Blizzard_ScriptErrors.lua]:72: in function <[Interface/AddOns/Blizzard_ScriptErrors/Blizzard_ScriptErrors.lua]:71>

Lua error: @/home/osso/.worktrees/wow-ui-sim-p510-page/data/patch-api/evidence/5.1.0-session-2026-10-08/addon-snapshot/SavedInstances/Modules/Paragon.lua: Lua error: ...-10-08/addon-snapshot/SavedInstances/Modules/Paragon.lua:2: attempt to index local 'SI' (a nil value)
stack traceback:
	(string):1: in main chunk
Lua error: Lua Error: @/home/osso/.worktrees/wow-ui-sim-p510-page/data/patch-api/evidence/5.1.0-session-2026-10-08/addon-snapshot/SavedInstances/Modules/Paragon.lua: Lua error: ...-10-08/addon-snapshot/SavedInstances/Modules/Paragon.lua:2: attempt to index local 'SI' (a nil value)
stack traceback:
	(string):1: in main chunk
[Interface/AddOns/Blizzard_ScriptErrors/Blizzard_ScriptErrors.lua]:59: in function 'GetErrorData'
[Interface/AddOns/Blizzard_ScriptErrors/Blizzard_ScriptErrors.lua]:72: in function <[Interface/AddOns/Blizzard_ScriptErrors/Blizzard_ScriptErrors.lua]:71>

Lua error: @/home/osso/.worktrees/wow-ui-sim-p510-page/data/patch-api/evidence/5.1.0-session-2026-10-08/addon-snapshot/SavedInstances/Modules/Progress.lua: Lua error: ...10-08/addon-snapshot/SavedInstances/Modules/Progress.lua:2: attempt to index local 'SI' (a nil value)
stack traceback:
	(string):1: in main chunk
Lua error: Lua Error: @/home/osso/.worktrees/wow-ui-sim-p510-page/data/patch-api/evidence/5.1.0-session-2026-10-08/addon-snapshot/SavedInstances/Modules/Progress.lua: Lua error: ...10-08/addon-snapshot/SavedInstances/Modules/Progress.lua:2: attempt to index local 'SI' (a nil value)
stack traceback:
	(string):1: in main chunk
[Interface/AddOns/Blizzard_ScriptErrors/Blizzard_ScriptErrors.lua]:59: in function 'GetErrorData'
[Interface/AddOns/Blizzard_ScriptErrors/Blizzard_ScriptErrors.lua]:72: in function <[Interface/AddOns/Blizzard_ScriptErrors/Blizzard_ScriptErrors.lua]:71>

Lua error: @/home/osso/.worktrees/wow-ui-sim-p510-page/data/patch-api/evidence/5.1.0-session-2026-10-08/addon-snapshot/SavedInstances/Modules/TradeSkill.lua: Lua error: ...-08/addon-snapshot/SavedInstances/Modules/TradeSkill.lua:2: attempt to index local 'SI' (a nil value)
stack traceback:
	(string):1: in main chunk
Lua error: Lua Error: @/home/osso/.worktrees/wow-ui-sim-p510-page/data/patch-api/evidence/5.1.0-session-2026-10-08/addon-snapshot/SavedInstances/Modules/TradeSkill.lua: Lua error: ...-08/addon-snapshot/SavedInstances/Modules/TradeSkill.lua:2: attempt to index local 'SI' (a nil value)
stack traceback:
	(string):1: in main chunk
[Interface/AddOns/Blizzard_ScriptErrors/Blizzard_ScriptErrors.lua]:59: in function 'GetErrorData'
[Interface/AddOns/Blizzard_ScriptErrors/Blizzard_ScriptErrors.lua]:72: in function <[Interface/AddOns/Blizzard_ScriptErrors/Blizzard_ScriptErrors.lua]:71>

Lua error: @/home/osso/.worktrees/wow-ui-sim-p510-page/data/patch-api/evidence/5.1.0-session-2026-10-08/addon-snapshot/SavedInstances/Modules/WorldBoss.lua: Lua error: ...0-08/addon-snapshot/SavedInstances/Modules/WorldBoss.lua:2: attempt to index local 'SI' (a nil value)
stack traceback:
	(string):1: in main chunk
Lua error: Lua Error: @/home/osso/.worktrees/wow-ui-sim-p510-page/data/patch-api/evidence/5.1.0-session-2026-10-08/addon-snapshot/SavedInstances/Modules/WorldBoss.lua: Lua error: ...0-08/addon-snapshot/SavedInstances/Modules/WorldBoss.lua:2: attempt to index local 'SI' (a nil value)
stack traceback:
	(string):1: in main chunk
[Interface/AddOns/Blizzard_ScriptErrors/Blizzard_ScriptErrors.lua]:59: in function 'GetErrorData'
[Interface/AddOns/Blizzard_ScriptErrors/Blizzard_ScriptErrors.lua]:72: in function <[Interface/AddOns/Blizzard_ScriptErrors/Blizzard_ScriptErrors.lua]:71>

Lua error: IO error reading /home/osso/.worktrees/wow-ui-sim-p510-page/data/patch-api/evidence/5.1.0-session-2026-10-08/addon-snapshot/Simulationcraft/libs/AceDB-3.0/AceDB-3.0.lua: No such file or directory (os error 2)
stack traceback:
	(string):1: in main chunk
Lua error: Lua Error: IO error reading /home/osso/.worktrees/wow-ui-sim-p510-page/data/patch-api/evidence/5.1.0-session-2026-10-08/addon-snapshot/Simulationcraft/libs/AceDB-3.0/AceDB-3.0.lua: No such file or directory (os error 2)
stack traceback:
	(string):1: in main chunk
[Interface/AddOns/Blizzard_ScriptErrors/Blizzard_ScriptErrors.lua]:59: in function 'GetErrorData'
[Interface/AddOns/Blizzard_ScriptErrors/Blizzard_ScriptErrors.lua]:72: in function <[Interface/AddOns/Blizzard_ScriptErrors/Blizzard_ScriptErrors.lua]:71>

Lua error: IO error reading /home/osso/.worktrees/wow-ui-sim-p510-page/data/patch-api/evidence/5.1.0-session-2026-10-08/addon-snapshot/Simulationcraft/libs/LibDBIcon-1.0/LibDBIcon-1.0.lua: No such file or directory (os error 2)
stack traceback:
	(string):1: in main chunk
Lua error: Lua Error: IO error reading /home/osso/.worktrees/wow-ui-sim-p510-page/data/patch-api/evidence/5.1.0-session-2026-10-08/addon-snapshot/Simulationcraft/libs/LibDBIcon-1.0/LibDBIcon-1.0.lua: No such file or directory (os error 2)
stack traceback:
	(string):1: in main chunk
[Interface/AddOns/Blizzard_ScriptErrors/Blizzard_ScriptErrors.lua]:59: in function 'GetErrorData'
[Interface/AddOns/Blizzard_ScriptErrors/Blizzard_ScriptErrors.lua]:72: in function <[Interface/AddOns/Blizzard_ScriptErrors/Blizzard_ScriptErrors.lua]:71>

Lua error: @/home/osso/.worktrees/wow-ui-sim-p510-page/data/patch-api/evidence/5.1.0-session-2026-10-08/addon-snapshot/Simulationcraft/core.lua: Lua error: ...ssion-2026-10-08/addon-snapshot/Simulationcraft/core.lua:6: Cannot find a library instance of "AceAddon-3.0".
stack traceback:
	(string):1: in main chunk
Lua error: Lua Error: @/home/osso/.worktrees/wow-ui-sim-p510-page/data/patch-api/evidence/5.1.0-session-2026-10-08/addon-snapshot/Simulationcraft/core.lua: Lua error: ...ssion-2026-10-08/addon-snapshot/Simulationcraft/core.lua:6: Cannot find a library instance of "AceAddon-3.0".
stack traceback:
	(string):1: in main chunk
[Interface/AddOns/Blizzard_ScriptErrors/Blizzard_ScriptErrors.lua]:59: in function 'GetErrorData'
[Interface/AddOns/Blizzard_ScriptErrors/Blizzard_ScriptErrors.lua]:72: in function <[Interface/AddOns/Blizzard_ScriptErrors/Blizzard_ScriptErrors.lua]:71>

Lua error: IO error reading /home/osso/.worktrees/wow-ui-sim-p510-page/data/patch-api/evidence/5.1.0-session-2026-10-08/addon-snapshot/Syndicator/Libs/LibBattlePetTooltipLine/LibBattlePetTooltipLine.lua: No such file or directory (os error 2)
stack traceback:
	(string):1: in main chunk
Lua error: Lua Error: IO error reading /home/osso/.worktrees/wow-ui-sim-p510-page/data/patch-api/evidence/5.1.0-session-2026-10-08/addon-snapshot/Syndicator/Libs/LibBattlePetTooltipLine/LibBattlePetTooltipLine.lua: No such file or directory (os error 2)
stack traceback:
	(string):1: in main chunk
[Interface/AddOns/Blizzard_ScriptErrors/Blizzard_ScriptErrors.lua]:59: in function 'GetErrorData'
[Interface/AddOns/Blizzard_ScriptErrors/Blizzard_ScriptErrors.lua]:72: in function <[Interface/AddOns/Blizzard_ScriptErrors/Blizzard_ScriptErrors.lua]:71>

Lua error: @/home/osso/.worktrees/wow-ui-sim-p510-page/data/patch-api/evidence/5.1.0-session-2026-10-08/addon-snapshot/Syndicator/Core/Utilities.lua: Lua error: ...-2026-10-08/addon-snapshot/Syndicator/Core/Utilities.lua:66: attempt to index field 'Constants' (a nil value)
stack traceback:
	(string):1: in main chunk
Lua error: Lua Error: @/home/osso/.worktrees/wow-ui-sim-p510-page/data/patch-api/evidence/5.1.0-session-2026-10-08/addon-snapshot/Syndicator/Core/Utilities.lua: Lua error: ...-2026-10-08/addon-snapshot/Syndicator/Core/Utilities.lua:66: attempt to index field 'Constants' (a nil value)
stack traceback:
	(string):1: in main chunk
[Interface/AddOns/Blizzard_ScriptErrors/Blizzard_ScriptErrors.lua]:59: in function 'GetErrorData'
[Interface/AddOns/Blizzard_ScriptErrors/Blizzard_ScriptErrors.lua]:72: in function <[Interface/AddOns/Blizzard_ScriptErrors/Blizzard_ScriptErrors.lua]:71>

Lua error: @/home/osso/.worktrees/wow-ui-sim-p510-page/data/patch-api/evidence/5.1.0-session-2026-10-08/addon-snapshot/Syndicator/Core/Initialize.lua: Lua error: ...2026-10-08/addon-snapshot/Syndicator/Core/Initialize.lua:6: attempt to index field 'Constants' (a nil value)
stack traceback:
	(string):1: in main chunk
Lua error: Lua Error: @/home/osso/.worktrees/wow-ui-sim-p510-page/data/patch-api/evidence/5.1.0-session-2026-10-08/addon-snapshot/Syndicator/Core/Initialize.lua: Lua error: ...2026-10-08/addon-snapshot/Syndicator/Core/Initialize.lua:6: attempt to index field 'Constants' (a nil value)
stack traceback:
	(string):1: in main chunk
[Interface/AddOns/Blizzard_ScriptErrors/Blizzard_ScriptErrors.lua]:59: in function 'GetErrorData'
[Interface/AddOns/Blizzard_ScriptErrors/Blizzard_ScriptErrors.lua]:72: in function <[Interface/AddOns/Blizzard_ScriptErrors/Blizzard_ScriptErrors.lua]:71>

Lua error: @/home/osso/.worktrees/wow-ui-sim-p510-page/data/patch-api/evidence/5.1.0-session-2026-10-08/addon-snapshot/Syndicator/Tracking/BagCache.lua: Lua error: ...26-10-08/addon-snapshot/Syndicator/Tracking/BagCache.lua:10: attempt to index local '(for state)' (a nil value)
stack traceback:
	(string):1: in main chunk
Lua error: Lua Error: @/home/osso/.worktrees/wow-ui-sim-p510-page/data/patch-api/evidence/5.1.0-session-2026-10-08/addon-snapshot/Syndicator/Tracking/BagCache.lua: Lua error: ...26-10-08/addon-snapshot/Syndicator/Tracking/BagCache.lua:10: attempt to index local '(for state)' (a nil value)
stack traceback:
	(string):1: in main chunk
[Interface/AddOns/Blizzard_ScriptErrors/Blizzard_ScriptErrors.lua]:59: in function 'GetErrorData'
[Interface/AddOns/Blizzard_ScriptErrors/Blizzard_ScriptErrors.lua]:72: in function <[Interface/AddOns/Blizzard_ScriptErrors/Blizzard_ScriptErrors.lua]:71>

Lua error: @/home/osso/.worktrees/wow-ui-sim-p510-page/data/patch-api/evidence/5.1.0-session-2026-10-08/addon-snapshot/Syndicator/Tracking/Tooltips.lua: Lua error: ...26-10-08/addon-snapshot/Syndicator/Tracking/Tooltips.lua:6: Cannot find a library instance of "LibBattlePetTooltipLine-1-0".
stack traceback:
	(string):1: in main chunk
Lua error: Lua Error: @/home/osso/.worktrees/wow-ui-sim-p510-page/data/patch-api/evidence/5.1.0-session-2026-10-08/addon-snapshot/Syndicator/Tracking/Tooltips.lua: Lua error: ...26-10-08/addon-snapshot/Syndicator/Tracking/Tooltips.lua:6: Cannot find a library instance of "LibBattlePetTooltipLine-1-0".
stack traceback:
	(string):1: in main chunk
[Interface/AddOns/Blizzard_ScriptErrors/Blizzard_ScriptErrors.lua]:59: in function 'GetErrorData'
[Interface/AddOns/Blizzard_ScriptErrors/Blizzard_ScriptErrors.lua]:72: in function <[Interface/AddOns/Blizzard_ScriptErrors/Blizzard_ScriptErrors.lua]:71>

Lua error: @/home/osso/.worktrees/wow-ui-sim-p510-page/data/patch-api/evidence/5.1.0-session-2026-10-08/addon-snapshot/Syndicator/Search/CheckItem.lua: Lua error: ...026-10-08/addon-snapshot/Syndicator/Search/CheckItem.lua:25: attempt to index field 'Constants' (a nil value)
stack traceback:
	(string):1: in main chunk
Lua error: Lua Error: @/home/osso/.worktrees/wow-ui-sim-p510-page/data/patch-api/evidence/5.1.0-session-2026-10-08/addon-snapshot/Syndicator/Search/CheckItem.lua: Lua error: ...026-10-08/addon-snapshot/Syndicator/Search/CheckItem.lua:25: attempt to index field 'Constants' (a nil value)
stack traceback:
	(string):1: in main chunk
[Interface/AddOns/Blizzard_ScriptErrors/Blizzard_ScriptErrors.lua]:59: in function 'GetErrorData'
[Interface/AddOns/Blizzard_ScriptErrors/Blizzard_ScriptErrors.lua]:72: in function <[Interface/AddOns/Blizzard_ScriptErrors/Blizzard_ScriptErrors.lua]:71>

Lua error: @/home/osso/.worktrees/wow-ui-sim-p510-page/data/patch-api/evidence/5.1.0-session-2026-10-08/addon-snapshot/Syndicator/Search/UI/Builder.lua: Lua error: ...26-10-08/addon-snapshot/Syndicator/Search/UI/Builder.lua:283: attempt to index field 'Locales' (a nil value)
stack traceback:
	(string):1: in main chunk
Lua error: Lua Error: @/home/osso/.worktrees/wow-ui-sim-p510-page/data/patch-api/evidence/5.1.0-session-2026-10-08/addon-snapshot/Syndicator/Search/UI/Builder.lua: Lua error: ...26-10-08/addon-snapshot/Syndicator/Search/UI/Builder.lua:283: attempt to index field 'Locales' (a nil value)
stack traceback:
	(string):1: in main chunk
[Interface/AddOns/Blizzard_ScriptErrors/Blizzard_ScriptErrors.lua]:59: in function 'GetErrorData'
[Interface/AddOns/Blizzard_ScriptErrors/Blizzard_ScriptErrors.lua]:72: in function <[Interface/AddOns/Blizzard_ScriptErrors/Blizzard_ScriptErrors.lua]:71>

Lua error: @/home/osso/.worktrees/wow-ui-sim-p510-page/data/patch-api/evidence/5.1.0-session-2026-10-08/addon-snapshot/Syndicator/Search/Utilities.lua: Lua error: ...026-10-08/addon-snapshot/Syndicator/Search/Utilities.lua:47: attempt to index field 'Constants' (a nil value)
stack traceback:
	(string):1: in main chunk
Lua error: Lua Error: @/home/osso/.worktrees/wow-ui-sim-p510-page/data/patch-api/evidence/5.1.0-session-2026-10-08/addon-snapshot/Syndicator/Search/Utilities.lua: Lua error: ...026-10-08/addon-snapshot/Syndicator/Search/Utilities.lua:47: attempt to index field 'Constants' (a nil value)
stack traceback:
	(string):1: in main chunk
[Interface/AddOns/Blizzard_ScriptErrors/Blizzard_ScriptErrors.lua]:59: in function 'GetErrorData'
[Interface/AddOns/Blizzard_ScriptErrors/Blizzard_ScriptErrors.lua]:72: in function <[Interface/AddOns/Blizzard_ScriptErrors/Blizzard_ScriptErrors.lua]:71>

Lua error: @/home/osso/.worktrees/wow-ui-sim-p510-page/data/patch-api/evidence/5.1.0-session-2026-10-08/addon-snapshot/CraftSim/Init/GLibs.lua: Lua error: ...ession-2026-10-08/addon-snapshot/CraftSim/Init/GLibs.lua:6: Cannot find a library instance of "GGUI-2.1".
stack traceback:
	(string):1: in main chunk
Lua error: Lua Error: @/home/osso/.worktrees/wow-ui-sim-p510-page/data/patch-api/evidence/5.1.0-session-2026-10-08/addon-snapshot/CraftSim/Init/GLibs.lua: Lua error: ...ession-2026-10-08/addon-snapshot/CraftSim/Init/GLibs.lua:6: Cannot find a library instance of "GGUI-2.1".
stack traceback:
	(string):1: in main chunk
[Interface/AddOns/Blizzard_ScriptErrors/Blizzard_ScriptErrors.lua]:59: in function 'GetErrorData'
[Interface/AddOns/Blizzard_ScriptErrors/Blizzard_ScriptErrors.lua]:72: in function <[Interface/AddOns/Blizzard_ScriptErrors/Blizzard_ScriptErrors.lua]:71>

Lua error: @/home/osso/.worktrees/wow-ui-sim-p510-page/data/patch-api/evidence/5.1.0-session-2026-10-08/addon-snapshot/CraftSim/Locals/enUS.lua: Lua error: ...ssion-2026-10-08/addon-snapshot/CraftSim/Locals/enUS.lua:5: attempt to index local 'GUTIL' (a nil value)
stack traceback:
	(string):1: in main chunk
Lua error: Lua Error: @/home/osso/.worktrees/wow-ui-sim-p510-page/data/patch-api/evidence/5.1.0-session-2026-10-08/addon-snapshot/CraftSim/Locals/enUS.lua: Lua error: ...ssion-2026-10-08/addon-snapshot/CraftSim/Locals/enUS.lua:5: attempt to index local 'GUTIL' (a nil value)
stack traceback:
	(string):1: in main chunk
[Interface/AddOns/Blizzard_ScriptErrors/Blizzard_ScriptErrors.lua]:59: in function 'GetErrorData'
[Interface/AddOns/Blizzard_ScriptErrors/Blizzard_ScriptErrors.lua]:72: in function <[Interface/AddOns/Blizzard_ScriptErrors/Blizzard_ScriptErrors.lua]:71>

Lua error: @/home/osso/.worktrees/wow-ui-sim-p510-page/data/patch-api/evidence/5.1.0-session-2026-10-08/addon-snapshot/CraftSim/Locals/Localization.lua: Lua error: ...26-10-08/addon-snapshot/CraftSim/Locals/Localization.lua:24: attempt to index field 'LOCAL_EN' (a nil value)
stack traceback:
	(string):1: in main chunk
Lua error: Lua Error: @/home/osso/.worktrees/wow-ui-sim-p510-page/data/patch-api/evidence/5.1.0-session-2026-10-08/addon-snapshot/CraftSim/Locals/Localization.lua: Lua error: ...26-10-08/addon-snapshot/CraftSim/Locals/Localization.lua:24: attempt to index field 'LOCAL_EN' (a nil value)
stack traceback:
	(string):1: in main chunk
[Interface/AddOns/Blizzard_ScriptErrors/Blizzard_ScriptErrors.lua]:59: in function 'GetErrorData'
[Interface/AddOns/Blizzard_ScriptErrors/Blizzard_ScriptErrors.lua]:72: in function <[Interface/AddOns/Blizzard_ScriptErrors/Blizzard_ScriptErrors.lua]:71>

Lua error: @/home/osso/.worktrees/wow-ui-sim-p510-page/data/patch-api/evidence/5.1.0-session-2026-10-08/addon-snapshot/CraftSim/Debug/Debug.lua: Lua error: ...ssion-2026-10-08/addon-snapshot/CraftSim/Debug/Debug.lua:60: attempt to index upvalue 'LibLog' (a nil value)
stack traceback:
	(string):1: in main chunk
Lua error: Lua Error: @/home/osso/.worktrees/wow-ui-sim-p510-page/data/patch-api/evidence/5.1.0-session-2026-10-08/addon-snapshot/CraftSim/Debug/Debug.lua: Lua error: ...ssion-2026-10-08/addon-snapshot/CraftSim/Debug/Debug.lua:60: attempt to index upvalue 'LibLog' (a nil value)
stack traceback:
	(string):1: in main chunk
[Interface/AddOns/Blizzard_ScriptErrors/Blizzard_ScriptErrors.lua]:59: in function 'GetErrorData'
[Interface/AddOns/Blizzard_ScriptErrors/Blizzard_ScriptErrors.lua]:72: in function <[Interface/AddOns/Blizzard_ScriptErrors/Blizzard_ScriptErrors.lua]:71>

Lua error: @/home/osso/.worktrees/wow-ui-sim-p510-page/data/patch-api/evidence/5.1.0-session-2026-10-08/addon-snapshot/CraftSim/Util/Util.lua: Lua error: ...session-2026-10-08/addon-snapshot/CraftSim/Util/Util.lua:7: attempt to index local 'GUTIL' (a nil value)
stack traceback:
	(string):1: in main chunk
Lua error: Lua Error: @/home/osso/.worktrees/wow-ui-sim-p510-page/data/patch-api/evidence/5.1.0-session-2026-10-08/addon-snapshot/CraftSim/Util/Util.lua: Lua error: ...session-2026-10-08/addon-snapshot/CraftSim/Util/Util.lua:7: attempt to index local 'GUTIL' (a nil value)
stack traceback:
	(string):1: in main chunk
[Interface/AddOns/Blizzard_ScriptErrors/Blizzard_ScriptErrors.lua]:59: in function 'GetErrorData'
[Interface/AddOns/Blizzard_ScriptErrors/Blizzard_ScriptErrors.lua]:72: in function <[Interface/AddOns/Blizzard_ScriptErrors/Blizzard_ScriptErrors.lua]:71>

Lua error: @/home/osso/.worktrees/wow-ui-sim-p510-page/data/patch-api/evidence/5.1.0-session-2026-10-08/addon-snapshot/CraftSim/Util/RecipeAcquisition.lua: Lua error: ...10-08/addon-snapshot/CraftSim/Util/RecipeAcquisition.lua:10: attempt to index local 'GUTIL' (a nil value)
stack traceback:
	(string):1: in main chunk
Lua error: Lua Error: @/home/osso/.worktrees/wow-ui-sim-p510-page/data/patch-api/evidence/5.1.0-session-2026-10-08/addon-snapshot/CraftSim/Util/RecipeAcquisition.lua: Lua error: ...10-08/addon-snapshot/CraftSim/Util/RecipeAcquisition.lua:10: attempt to index local 'GUTIL' (a nil value)
stack traceback:
	(string):1: in main chunk
[Interface/AddOns/Blizzard_ScriptErrors/Blizzard_ScriptErrors.lua]:59: in function 'GetErrorData'
[Interface/AddOns/Blizzard_ScriptErrors/Blizzard_ScriptErrors.lua]:72: in function <[Interface/AddOns/Blizzard_ScriptErrors/Blizzard_ScriptErrors.lua]:71>

Lua error: @/home/osso/.worktrees/wow-ui-sim-p510-page/data/patch-api/evidence/5.1.0-session-2026-10-08/addon-snapshot/CraftSim/DB/DB.lua: Lua error: ...1.0-session-2026-10-08/addon-snapshot/CraftSim/DB/DB.lua:6: attempt to index local 'GUTIL' (a nil value)
stack traceback:
	(string):1: in main chunk
Lua error: Lua Error: @/home/osso/.worktrees/wow-ui-sim-p510-page/data/patch-api/evidence/5.1.0-session-2026-10-08/addon-snapshot/CraftSim/DB/DB.lua: Lua error: ...1.0-session-2026-10-08/addon-snapshot/CraftSim/DB/DB.lua:6: attempt to index local 'GUTIL' (a nil value)
stack traceback:
	(string):1: in main chunk
[Interface/AddOns/Blizzard_ScriptErrors/Blizzard_ScriptErrors.lua]:59: in function 'GetErrorData'
[Interface/AddOns/Blizzard_ScriptErrors/Blizzard_ScriptErrors.lua]:72: in function <[Interface/AddOns/Blizzard_ScriptErrors/Blizzard_ScriptErrors.lua]:71>

Lua error: @/home/osso/.worktrees/wow-ui-sim-p510-page/data/patch-api/evidence/5.1.0-session-2026-10-08/addon-snapshot/CraftSim/DB/patronMoxieValuesDB.lua: Lua error: ...10-08/addon-snapshot/CraftSim/DB/patronMoxieValuesDB.lua:9: attempt to index field 'DB' (a nil value)
stack traceback:
	(string):1: in main chunk
Lua error: Lua Error: @/home/osso/.worktrees/wow-ui-sim-p510-page/data/patch-api/evidence/5.1.0-session-2026-10-08/addon-snapshot/CraftSim/DB/patronMoxieValuesDB.lua: Lua error: ...10-08/addon-snapshot/CraftSim/DB/patronMoxieValuesDB.lua:9: attempt to index field 'DB' (a nil value)
stack traceback:
	(string):1: in main chunk
[Interface/AddOns/Blizzard_ScriptErrors/Blizzard_ScriptErrors.lua]:59: in function 'GetErrorData'
[Interface/AddOns/Blizzard_ScriptErrors/Blizzard_ScriptErrors.lua]:72: in function <[Interface/AddOns/Blizzard_ScriptErrors/Blizzard_ScriptErrors.lua]:71>

Lua error: @/home/osso/.worktrees/wow-ui-sim-p510-page/data/patch-api/evidence/5.1.0-session-2026-10-08/addon-snapshot/CraftSim/DB/ItemCountDB.lua: Lua error: ...ssion-2026-10-08/addon-snapshot/CraftSim/Debug/Debug.lua:60: attempt to index upvalue 'LibLog' (a nil value)
stack traceback:
	(string):1: in main chunk
Lua error: Lua Error: @/home/osso/.worktrees/wow-ui-sim-p510-page/data/patch-api/evidence/5.1.0-session-2026-10-08/addon-snapshot/CraftSim/DB/ItemCountDB.lua: Lua error: ...ssion-2026-10-08/addon-snapshot/CraftSim/Debug/Debug.lua:60: attempt to index upvalue 'LibLog' (a nil value)
stack traceback:
	(string):1: in main chunk
[Interface/AddOns/Blizzard_ScriptErrors/Blizzard_ScriptErrors.lua]:59: in function 'GetErrorData'
[Interface/AddOns/Blizzard_ScriptErrors/Blizzard_ScriptErrors.lua]:72: in function <[Interface/AddOns/Blizzard_ScriptErrors/Blizzard_ScriptErrors.lua]:71>

Lua error: @/home/osso/.worktrees/wow-ui-sim-p510-page/data/patch-api/evidence/5.1.0-session-2026-10-08/addon-snapshot/CraftSim/DB/craftQueueDB.lua: Lua error: ...n-2026-10-08/addon-snapshot/CraftSim/DB/craftQueueDB.lua:10: attempt to index field 'DB' (a nil value)
stack traceback:
	(string):1: in main chunk
Lua error: Lua Error: @/home/osso/.worktrees/wow-ui-sim-p510-page/data/patch-api/evidence/5.1.0-session-2026-10-08/addon-snapshot/CraftSim/DB/craftQueueDB.lua: Lua error: ...n-2026-10-08/addon-snapshot/CraftSim/DB/craftQueueDB.lua:10: attempt to index field 'DB' (a nil value)
stack traceback:
	(string):1: in main chunk
[Interface/AddOns/Blizzard_ScriptErrors/Blizzard_ScriptErrors.lua]:59: in function 'GetErrorData'
[Interface/AddOns/Blizzard_ScriptErrors/Blizzard_ScriptErrors.lua]:72: in function <[Interface/AddOns/Blizzard_ScriptErrors/Blizzard_ScriptErrors.lua]:71>

Lua error: @/home/osso/.worktrees/wow-ui-sim-p510-page/data/patch-api/evidence/5.1.0-session-2026-10-08/addon-snapshot/CraftSim/DB/multicraftPreloadDB.lua: Lua error: ...10-08/addon-snapshot/CraftSim/DB/multicraftPreloadDB.lua:10: attempt to index field 'DB' (a nil value)
stack traceback:
	(string):1: in main chunk
Lua error: Lua Error: @/home/osso/.worktrees/wow-ui-sim-p510-page/data/patch-api/evidence/5.1.0-session-2026-10-08/addon-snapshot/CraftSim/DB/multicraftPreloadDB.lua: Lua error: ...10-08/addon-snapshot/CraftSim/DB/multicraftPreloadDB.lua:10: attempt to index field 'DB' (a nil value)
stack traceback:
	(string):1: in main chunk
[Interface/AddOns/Blizzard_ScriptErrors/Blizzard_ScriptErrors.lua]:59: in function 'GetErrorData'
[Interface/AddOns/Blizzard_ScriptErrors/Blizzard_ScriptErrors.lua]:72: in function <[Interface/AddOns/Blizzard_ScriptErrors/Blizzard_ScriptErrors.lua]:71>

Lua error: @/home/osso/.worktrees/wow-ui-sim-p510-page/data/patch-api/evidence/5.1.0-session-2026-10-08/addon-snapshot/CraftSim/Util/Widgets/QualityMeter.lua: Lua error: ...08/addon-snapshot/CraftSim/Util/Widgets/QualityMeter.lua:8: attempt to index local 'GUTIL' (a nil value)
stack traceback:
	(string):1: in main chunk
Lua error: Lua Error: @/home/osso/.worktrees/wow-ui-sim-p510-page/data/patch-api/evidence/5.1.0-session-2026-10-08/addon-snapshot/CraftSim/Util/Widgets/QualityMeter.lua: Lua error: ...08/addon-snapshot/CraftSim/Util/Widgets/QualityMeter.lua:8: attempt to index local 'GUTIL' (a nil value)
stack traceback:
	(string):1: in main chunk
[Interface/AddOns/Blizzard_ScriptErrors/Blizzard_ScriptErrors.lua]:59: in function 'GetErrorData'
[Interface/AddOns/Blizzard_ScriptErrors/Blizzard_ScriptErrors.lua]:72: in function <[Interface/AddOns/Blizzard_ScriptErrors/Blizzard_ScriptErrors.lua]:71>

Lua error: @/home/osso/.worktrees/wow-ui-sim-p510-page/data/patch-api/evidence/5.1.0-session-2026-10-08/addon-snapshot/CraftSim/Pricing/ProfitCalculation.lua: Lua error: ...ssion-2026-10-08/addon-snapshot/CraftSim/Debug/Debug.lua:60: attempt to index upvalue 'LibLog' (a nil value)
stack traceback:
	(string):1: in main chunk
Lua error: Lua Error: @/home/osso/.worktrees/wow-ui-sim-p510-page/data/patch-api/evidence/5.1.0-session-2026-10-08/addon-snapshot/CraftSim/Pricing/ProfitCalculation.lua: Lua error: ...ssion-2026-10-08/addon-snapshot/CraftSim/Debug/Debug.lua:60: attempt to index upvalue 'LibLog' (a nil value)
stack traceback:
	(string):1: in main chunk
[Interface/AddOns/Blizzard_ScriptErrors/Blizzard_ScriptErrors.lua]:59: in function 'GetErrorData'
[Interface/AddOns/Blizzard_ScriptErrors/Blizzard_ScriptErrors.lua]:72: in function <[Interface/AddOns/Blizzard_ScriptErrors/Blizzard_ScriptErrors.lua]:71>

Lua error: @/home/osso/.worktrees/wow-ui-sim-p510-page/data/patch-api/evidence/5.1.0-session-2026-10-08/addon-snapshot/CraftSim/DataSource/PriceSource.lua: Lua error: ...ssion-2026-10-08/addon-snapshot/CraftSim/Debug/Debug.lua:60: attempt to index upvalue 'LibLog' (a nil value)
stack traceback:
	(string):1: in main chunk
Lua error: Lua Error: @/home/osso/.worktrees/wow-ui-sim-p510-page/data/patch-api/evidence/5.1.0-session-2026-10-08/addon-snapshot/CraftSim/DataSource/PriceSource.lua: Lua error: ...ssion-2026-10-08/addon-snapshot/CraftSim/Debug/Debug.lua:60: attempt to index upvalue 'LibLog' (a nil value)
stack traceback:
	(string):1: in main chunk
[Interface/AddOns/Blizzard_ScriptErrors/Blizzard_ScriptErrors.lua]:59: in function 'GetErrorData'
[Interface/AddOns/Blizzard_ScriptErrors/Blizzard_ScriptErrors.lua]:72: in function <[Interface/AddOns/Blizzard_ScriptErrors/Blizzard_ScriptErrors.lua]:71>

Lua error: @/home/osso/.worktrees/wow-ui-sim-p510-page/data/patch-api/evidence/5.1.0-session-2026-10-08/addon-snapshot/CraftSim/DataSource/InventorySource.lua: Lua error: ...ssion-2026-10-08/addon-snapshot/CraftSim/Debug/Debug.lua:60: attempt to index upvalue 'LibLog' (a nil value)
stack traceback:
	(string):1: in main chunk
Lua error: Lua Error: @/home/osso/.worktrees/wow-ui-sim-p510-page/data/patch-api/evidence/5.1.0-session-2026-10-08/addon-snapshot/CraftSim/DataSource/InventorySource.lua: Lua error: ...ssion-2026-10-08/addon-snapshot/CraftSim/Debug/Debug.lua:60: attempt to index upvalue 'LibLog' (a nil value)
stack traceback:
	(string):1: in main chunk
[Interface/AddOns/Blizzard_ScriptErrors/Blizzard_ScriptErrors.lua]:59: in function 'GetErrorData'
[Interface/AddOns/Blizzard_ScriptErrors/Blizzard_ScriptErrors.lua]:72: in function <[Interface/AddOns/Blizzard_ScriptErrors/Blizzard_ScriptErrors.lua]:71>

Lua error: @/home/osso/.worktrees/wow-ui-sim-p510-page/data/patch-api/evidence/5.1.0-session-2026-10-08/addon-snapshot/CraftSim/Modules/Modules.lua: Lua error: ...n-2026-10-08/addon-snapshot/CraftSim/Modules/Modules.lua:63: attempt to index local 'GUTIL' (a nil value)
stack traceback:
	(string):1: in main chunk
Lua error: Lua Error: @/home/osso/.worktrees/wow-ui-sim-p510-page/data/patch-api/evidence/5.1.0-session-2026-10-08/addon-snapshot/CraftSim/Modules/Modules.lua: Lua error: ...n-2026-10-08/addon-snapshot/CraftSim/Modules/Modules.lua:63: attempt to index local 'GUTIL' (a nil value)
stack traceback:
	(string):1: in main chunk
[Interface/AddOns/Blizzard_ScriptErrors/Blizzard_ScriptErrors.lua]:59: in function 'GetErrorData'
[Interface/AddOns/Blizzard_ScriptErrors/Blizzard_ScriptErrors.lua]:72: in function <[Interface/AddOns/Blizzard_ScriptErrors/Blizzard_ScriptErrors.lua]:71>

Lua error: @/home/osso/.worktrees/wow-ui-sim-p510-page/data/patch-api/evidence/5.1.0-session-2026-10-08/addon-snapshot/CraftSim/Modules/ControlPanel/ControlPanel.lua: Lua error: ...-snapshot/CraftSim/Modules/ControlPanel/ControlPanel.lua:9: attempt to call method 'RegisterModule' (a nil value)
stack traceback:
	(string):1: in main chunk
Lua error: Lua Error: @/home/osso/.worktrees/wow-ui-sim-p510-page/data/patch-api/evidence/5.1.0-session-2026-10-08/addon-snapshot/CraftSim/Modules/ControlPanel/ControlPanel.lua: Lua error: ...-snapshot/CraftSim/Modules/ControlPanel/ControlPanel.lua:9: attempt to call method 'RegisterModule' (a nil value)
stack traceback:
	(string):1: in main chunk
[Interface/AddOns/Blizzard_ScriptErrors/Blizzard_ScriptErrors.lua]:59: in function 'GetErrorData'
[Interface/AddOns/Blizzard_ScriptErrors/Blizzard_ScriptErrors.lua]:72: in function <[Interface/AddOns/Blizzard_ScriptErrors/Blizzard_ScriptErrors.lua]:71>

Lua error: @/home/osso/.worktrees/wow-ui-sim-p510-page/data/patch-api/evidence/5.1.0-session-2026-10-08/addon-snapshot/CraftSim/Modules/ItemCount/ItemCount.lua: Lua error: ...ssion-2026-10-08/addon-snapshot/CraftSim/Debug/Debug.lua:60: attempt to index upvalue 'LibLog' (a nil value)
stack traceback:
	(string):1: in main chunk
Lua error: Lua Error: @/home/osso/.worktrees/wow-ui-sim-p510-page/data/patch-api/evidence/5.1.0-session-2026-10-08/addon-snapshot/CraftSim/Modules/ItemCount/ItemCount.lua: Lua error: ...ssion-2026-10-08/addon-snapshot/CraftSim/Debug/Debug.lua:60: attempt to index upvalue 'LibLog' (a nil value)
stack traceback:
	(string):1: in main chunk
[Interface/AddOns/Blizzard_ScriptErrors/Blizzard_ScriptErrors.lua]:59: in function 'GetErrorData'
[Interface/AddOns/Blizzard_ScriptErrors/Blizzard_ScriptErrors.lua]:72: in function <[Interface/AddOns/Blizzard_ScriptErrors/Blizzard_ScriptErrors.lua]:71>

Lua error: @/home/osso/.worktrees/wow-ui-sim-p510-page/data/patch-api/evidence/5.1.0-session-2026-10-08/addon-snapshot/CraftSim/Modules/Disenchant/UI.lua: Lua error: ...-10-08/addon-snapshot/CraftSim/Modules/Disenchant/UI.lua:8: attempt to index field 'DISENCHANT' (a nil value)
stack traceback:
	(string):1: in main chunk
Lua error: Lua Error: @/home/osso/.worktrees/wow-ui-sim-p510-page/data/patch-api/evidence/5.1.0-session-2026-10-08/addon-snapshot/CraftSim/Modules/Disenchant/UI.lua: Lua error: ...-10-08/addon-snapshot/CraftSim/Modules/Disenchant/UI.lua:8: attempt to index field 'DISENCHANT' (a nil value)
stack traceback:
	(string):1: in main chunk
[Interface/AddOns/Blizzard_ScriptErrors/Blizzard_ScriptErrors.lua]:59: in function 'GetErrorData'
[Interface/AddOns/Blizzard_ScriptErrors/Blizzard_ScriptErrors.lua]:72: in function <[Interface/AddOns/Blizzard_ScriptErrors/Blizzard_ScriptErrors.lua]:71>

Lua error: @/home/osso/.worktrees/wow-ui-sim-p510-page/data/patch-api/evidence/5.1.0-session-2026-10-08/addon-snapshot/CraftSim/Modules/Explanations/Explanations.lua: Lua error: ...-snapshot/CraftSim/Modules/Explanations/Explanations.lua:9: attempt to call method 'RegisterModule' (a nil value)
stack traceback:
	(string):1: in main chunk
Lua error: Lua Error: @/home/osso/.worktrees/wow-ui-sim-p510-page/data/patch-api/evidence/5.1.0-session-2026-10-08/addon-snapshot/CraftSim/Modules/Explanations/Explanations.lua: Lua error: ...-snapshot/CraftSim/Modules/Explanations/Explanations.lua:9: attempt to call method 'RegisterModule' (a nil value)
stack traceback:
	(string):1: in main chunk
[Interface/AddOns/Blizzard_ScriptErrors/Blizzard_ScriptErrors.lua]:59: in function 'GetErrorData'
[Interface/AddOns/Blizzard_ScriptErrors/Blizzard_ScriptErrors.lua]:72: in function <[Interface/AddOns/Blizzard_ScriptErrors/Blizzard_ScriptErrors.lua]:71>

Lua error: @/home/osso/.worktrees/wow-ui-sim-p510-page/data/patch-api/evidence/5.1.0-session-2026-10-08/addon-snapshot/CraftSim/Modules/CraftQueue/CraftQueue.lua: Lua error: ...ddon-snapshot/CraftSim/Modules/CraftQueue/CraftQueue.lua:8: attempt to index local 'GUTIL' (a nil value)
stack traceback:
	(string):1: in main chunk
Lua error: Lua Error: @/home/osso/.worktrees/wow-ui-sim-p510-page/data/patch-api/evidence/5.1.0-session-2026-10-08/addon-snapshot/CraftSim/Modules/CraftQueue/CraftQueue.lua: Lua error: ...ddon-snapshot/CraftSim/Modules/CraftQueue/CraftQueue.lua:8: attempt to index local 'GUTIL' (a nil value)
stack traceback:
	(string):1: in main chunk
[Interface/AddOns/Blizzard_ScriptErrors/Blizzard_ScriptErrors.lua]:59: in function 'GetErrorData'
[Interface/AddOns/Blizzard_ScriptErrors/Blizzard_ScriptErrors.lua]:72: in function <[Interface/AddOns/Blizzard_ScriptErrors/Blizzard_ScriptErrors.lua]:71>

Lua error: @/home/osso/.worktrees/wow-ui-sim-p510-page/data/patch-api/evidence/5.1.0-session-2026-10-08/addon-snapshot/CraftSim/Modules/CraftQueue/CraftLists.lua: Lua error: ...ddon-snapshot/CraftSim/Modules/CraftQueue/CraftLists.lua:8: attempt to index local 'GUTIL' (a nil value)
stack traceback:
	(string):1: in main chunk
Lua error: Lua Error: @/home/osso/.worktrees/wow-ui-sim-p510-page/data/patch-api/evidence/5.1.0-session-2026-10-08/addon-snapshot/CraftSim/Modules/CraftQueue/CraftLists.lua: Lua error: ...ddon-snapshot/CraftSim/Modules/CraftQueue/CraftLists.lua:8: attempt to index local 'GUTIL' (a nil value)
stack traceback:
	(string):1: in main chunk
[Interface/AddOns/Blizzard_ScriptErrors/Blizzard_ScriptErrors.lua]:59: in function 'GetErrorData'
[Interface/AddOns/Blizzard_ScriptErrors/Blizzard_ScriptErrors.lua]:72: in function <[Interface/AddOns/Blizzard_ScriptErrors/Blizzard_ScriptErrors.lua]:71>

Lua error: @/home/osso/.worktrees/wow-ui-sim-p510-page/data/patch-api/evidence/5.1.0-session-2026-10-08/addon-snapshot/CraftSim/Modules/CraftQueue/EditRecipe.lua: Lua error: ...ddon-snapshot/CraftSim/Modules/CraftQueue/EditRecipe.lua:8: attempt to index local 'GUTIL' (a nil value)
stack traceback:
	(string):1: in main chunk
Lua error: Lua Error: @/home/osso/.worktrees/wow-ui-sim-p510-page/data/patch-api/evidence/5.1.0-session-2026-10-08/addon-snapshot/CraftSim/Modules/CraftQueue/EditRecipe.lua: Lua error: ...ddon-snapshot/CraftSim/Modules/CraftQueue/EditRecipe.lua:8: attempt to index local 'GUTIL' (a nil value)
stack traceback:
	(string):1: in main chunk
[Interface/AddOns/Blizzard_ScriptErrors/Blizzard_ScriptErrors.lua]:59: in function 'GetErrorData'
[Interface/AddOns/Blizzard_ScriptErrors/Blizzard_ScriptErrors.lua]:72: in function <[Interface/AddOns/Blizzard_ScriptErrors/Blizzard_ScriptErrors.lua]:71>

Lua error: @/home/osso/.worktrees/wow-ui-sim-p510-page/data/patch-api/evidence/5.1.0-session-2026-10-08/addon-snapshot/CraftSim/Modules/Cooldowns/Cooldowns.lua: Lua error: .../addon-snapshot/CraftSim/Modules/Cooldowns/Cooldowns.lua:8: attempt to index local 'GUTIL' (a nil value)
stack traceback:
	(string):1: in main chunk
Lua error: Lua Error: @/home/osso/.worktrees/wow-ui-sim-p510-page/data/patch-api/evidence/5.1.0-session-2026-10-08/addon-snapshot/CraftSim/Modules/Cooldowns/Cooldowns.lua: Lua error: .../addon-snapshot/CraftSim/Modules/Cooldowns/Cooldowns.lua:8: attempt to index local 'GUTIL' (a nil value)
stack traceback:
	(string):1: in main chunk
[Interface/AddOns/Blizzard_ScriptErrors/Blizzard_ScriptErrors.lua]:59: in function 'GetErrorData'
[Interface/AddOns/Blizzard_ScriptErrors/Blizzard_ScriptErrors.lua]:72: in function <[Interface/AddOns/Blizzard_ScriptErrors/Blizzard_ScriptErrors.lua]:71>

Lua error: @/home/osso/.worktrees/wow-ui-sim-p510-page/data/patch-api/evidence/5.1.0-session-2026-10-08/addon-snapshot/CraftSim/Modules/Cooldowns/UI.lua: Lua error: ...6-10-08/addon-snapshot/CraftSim/Modules/Cooldowns/UI.lua:8: attempt to index field 'COOLDOWNS' (a nil value)
stack traceback:
	(string):1: in main chunk
Lua error: Lua Error: @/home/osso/.worktrees/wow-ui-sim-p510-page/data/patch-api/evidence/5.1.0-session-2026-10-08/addon-snapshot/CraftSim/Modules/Cooldowns/UI.lua: Lua error: ...6-10-08/addon-snapshot/CraftSim/Modules/Cooldowns/UI.lua:8: attempt to index field 'COOLDOWNS' (a nil value)
stack traceback:
	(string):1: in main chunk
[Interface/AddOns/Blizzard_ScriptErrors/Blizzard_ScriptErrors.lua]:59: in function 'GetErrorData'
[Interface/AddOns/Blizzard_ScriptErrors/Blizzard_ScriptErrors.lua]:72: in function <[Interface/AddOns/Blizzard_ScriptErrors/Blizzard_ScriptErrors.lua]:71>

Lua error: @/home/osso/.worktrees/wow-ui-sim-p510-page/data/patch-api/evidence/5.1.0-session-2026-10-08/addon-snapshot/CraftSim/Modules/CustomerHistory/CustomerHistory.lua: Lua error: ...hot/CraftSim/Modules/CustomerHistory/CustomerHistory.lua:10: attempt to index local 'GUTIL' (a nil value)
stack traceback:
	(string):1: in main chunk
Lua error: Lua Error: @/home/osso/.worktrees/wow-ui-sim-p510-page/data/patch-api/evidence/5.1.0-session-2026-10-08/addon-snapshot/CraftSim/Modules/CustomerHistory/CustomerHistory.lua: Lua error: ...hot/CraftSim/Modules/CustomerHistory/CustomerHistory.lua:10: attempt to index local 'GUTIL' (a nil value)
stack traceback:
	(string):1: in main chunk
[Interface/AddOns/Blizzard_ScriptErrors/Blizzard_ScriptErrors.lua]:59: in function 'GetErrorData'
[Interface/AddOns/Blizzard_ScriptErrors/Blizzard_ScriptErrors.lua]:72: in function <[Interface/AddOns/Blizzard_ScriptErrors/Blizzard_ScriptErrors.lua]:71>

Lua error: @/home/osso/.worktrees/wow-ui-sim-p510-page/data/patch-api/evidence/5.1.0-session-2026-10-08/addon-snapshot/CraftSim/Modules/Statistics/Statistics.lua: Lua error: ...ddon-snapshot/CraftSim/Modules/Statistics/Statistics.lua:10: attempt to call method 'RegisterModule' (a nil value)
stack traceback:
	(string):1: in main chunk
Lua error: Lua Error: @/home/osso/.worktrees/wow-ui-sim-p510-page/data/patch-api/evidence/5.1.0-session-2026-10-08/addon-snapshot/CraftSim/Modules/Statistics/Statistics.lua: Lua error: ...ddon-snapshot/CraftSim/Modules/Statistics/Statistics.lua:10: attempt to call method 'RegisterModule' (a nil value)
stack traceback:
	(string):1: in main chunk
[Interface/AddOns/Blizzard_ScriptErrors/Blizzard_ScriptErrors.lua]:59: in function 'GetErrorData'
[Interface/AddOns/Blizzard_ScriptErrors/Blizzard_ScriptErrors.lua]:72: in function <[Interface/AddOns/Blizzard_ScriptErrors/Blizzard_ScriptErrors.lua]:71>

Lua error: @/home/osso/.worktrees/wow-ui-sim-p510-page/data/patch-api/evidence/5.1.0-session-2026-10-08/addon-snapshot/CraftSim/Modules/Statistics/UI.lua: Lua error: ...-10-08/addon-snapshot/CraftSim/Modules/Statistics/UI.lua:8: attempt to index local 'GUTIL' (a nil value)
stack traceback:
	(string):1: in main chunk
Lua error: Lua Error: @/home/osso/.worktrees/wow-ui-sim-p510-page/data/patch-api/evidence/5.1.0-session-2026-10-08/addon-snapshot/CraftSim/Modules/Statistics/UI.lua: Lua error: ...-10-08/addon-snapshot/CraftSim/Modules/Statistics/UI.lua:8: attempt to index local 'GUTIL' (a nil value)
stack traceback:
	(string):1: in main chunk
[Interface/AddOns/Blizzard_ScriptErrors/Blizzard_ScriptErrors.lua]:59: in function 'GetErrorData'
[Interface/AddOns/Blizzard_ScriptErrors/Blizzard_ScriptErrors.lua]:72: in function <[Interface/AddOns/Blizzard_ScriptErrors/Blizzard_ScriptErrors.lua]:71>

Lua error: @/home/osso/.worktrees/wow-ui-sim-p510-page/data/patch-api/evidence/5.1.0-session-2026-10-08/addon-snapshot/CraftSim/Modules/CraftLog/UI.lua: Lua error: ...26-10-08/addon-snapshot/CraftSim/Modules/CraftLog/UI.lua:8: attempt to index local 'GUTIL' (a nil value)
stack traceback:
	(string):1: in main chunk
Lua error: Lua Error: @/home/osso/.worktrees/wow-ui-sim-p510-page/data/patch-api/evidence/5.1.0-session-2026-10-08/addon-snapshot/CraftSim/Modules/CraftLog/UI.lua: Lua error: ...26-10-08/addon-snapshot/CraftSim/Modules/CraftLog/UI.lua:8: attempt to index local 'GUTIL' (a nil value)
stack traceback:
	(string):1: in main chunk
[Interface/AddOns/Blizzard_ScriptErrors/Blizzard_ScriptErrors.lua]:59: in function 'GetErrorData'
[Interface/AddOns/Blizzard_ScriptErrors/Blizzard_ScriptErrors.lua]:72: in function <[Interface/AddOns/Blizzard_ScriptErrors/Blizzard_ScriptErrors.lua]:71>

Lua error: @/home/osso/.worktrees/wow-ui-sim-p510-page/data/patch-api/evidence/5.1.0-session-2026-10-08/addon-snapshot/CraftSim/Modules/Pricing/Pricing.lua: Lua error: ...0-08/addon-snapshot/CraftSim/Modules/Pricing/Pricing.lua:10: attempt to call method 'RegisterModule' (a nil value)
stack traceback:
	(string):1: in main chunk
Lua error: Lua Error: @/home/osso/.worktrees/wow-ui-sim-p510-page/data/patch-api/evidence/5.1.0-session-2026-10-08/addon-snapshot/CraftSim/Modules/Pricing/Pricing.lua: Lua error: ...0-08/addon-snapshot/CraftSim/Modules/Pricing/Pricing.lua:10: attempt to call method 'RegisterModule' (a nil value)
stack traceback:
	(string):1: in main chunk
[Interface/AddOns/Blizzard_ScriptErrors/Blizzard_ScriptErrors.lua]:59: in function 'GetErrorData'
[Interface/AddOns/Blizzard_ScriptErrors/Blizzard_ScriptErrors.lua]:72: in function <[Interface/AddOns/Blizzard_ScriptErrors/Blizzard_ScriptErrors.lua]:71>

Lua error: @/home/osso/.worktrees/wow-ui-sim-p510-page/data/patch-api/evidence/5.1.0-session-2026-10-08/addon-snapshot/CraftSim/Modules/Pricing/UI.lua: Lua error: ...ssion-2026-10-08/addon-snapshot/CraftSim/Debug/Debug.lua:60: attempt to index upvalue 'LibLog' (a nil value)
stack traceback:
	(string):1: in main chunk
Lua error: Lua Error: @/home/osso/.worktrees/wow-ui-sim-p510-page/data/patch-api/evidence/5.1.0-session-2026-10-08/addon-snapshot/CraftSim/Modules/Pricing/UI.lua: Lua error: ...ssion-2026-10-08/addon-snapshot/CraftSim/Debug/Debug.lua:60: attempt to index upvalue 'LibLog' (a nil value)
stack traceback:
	(string):1: in main chunk
[Interface/AddOns/Blizzard_ScriptErrors/Blizzard_ScriptErrors.lua]:59: in function 'GetErrorData'
[Interface/AddOns/Blizzard_ScriptErrors/Blizzard_ScriptErrors.lua]:72: in function <[Interface/AddOns/Blizzard_ScriptErrors/Blizzard_ScriptErrors.lua]:71>

Lua error: @/home/osso/.worktrees/wow-ui-sim-p510-page/data/patch-api/evidence/5.1.0-session-2026-10-08/addon-snapshot/CraftSim/Modules/SpecializationInfo/UI.lua: Lua error: ...ddon-snapshot/CraftSim/Modules/SpecializationInfo/UI.lua:7: attempt to index local 'GUTIL' (a nil value)
stack traceback:
	(string):1: in main chunk
Lua error: Lua Error: @/home/osso/.worktrees/wow-ui-sim-p510-page/data/patch-api/evidence/5.1.0-session-2026-10-08/addon-snapshot/CraftSim/Modules/SpecializationInfo/UI.lua: Lua error: ...ddon-snapshot/CraftSim/Modules/SpecializationInfo/UI.lua:7: attempt to index local 'GUTIL' (a nil value)
stack traceback:
	(string):1: in main chunk
[Interface/AddOns/Blizzard_ScriptErrors/Blizzard_ScriptErrors.lua]:59: in function 'GetErrorData'
[Interface/AddOns/Blizzard_ScriptErrors/Blizzard_ScriptErrors.lua]:72: in function <[Interface/AddOns/Blizzard_ScriptErrors/Blizzard_ScriptErrors.lua]:71>

Lua error: @/home/osso/.worktrees/wow-ui-sim-p510-page/data/patch-api/evidence/5.1.0-session-2026-10-08/addon-snapshot/CraftSim/Modules/SimulationMode/Debug.lua: Lua error: ...addon-snapshot/CraftSim/Modules/SimulationMode/Debug.lua:6: attempt to index local 'GUTIL' (a nil value)
stack traceback:
	(string):1: in main chunk
Lua error: Lua Error: @/home/osso/.worktrees/wow-ui-sim-p510-page/data/patch-api/evidence/5.1.0-session-2026-10-08/addon-snapshot/CraftSim/Modules/SimulationMode/Debug.lua: Lua error: ...addon-snapshot/CraftSim/Modules/SimulationMode/Debug.lua:6: attempt to index local 'GUTIL' (a nil value)
stack traceback:
	(string):1: in main chunk
[Interface/AddOns/Blizzard_ScriptErrors/Blizzard_ScriptErrors.lua]:59: in function 'GetErrorData'
[Interface/AddOns/Blizzard_ScriptErrors/Blizzard_ScriptErrors.lua]:72: in function <[Interface/AddOns/Blizzard_ScriptErrors/Blizzard_ScriptErrors.lua]:71>

Lua error: @/home/osso/.worktrees/wow-ui-sim-p510-page/data/patch-api/evidence/5.1.0-session-2026-10-08/addon-snapshot/CraftSim/Modules/SimulationMode/UI.lua: Lua error: ...08/addon-snapshot/CraftSim/Modules/SimulationMode/UI.lua:7: attempt to index local 'GUTIL' (a nil value)
stack traceback:
	(string):1: in main chunk
Lua error: Lua Error: @/home/osso/.worktrees/wow-ui-sim-p510-page/data/patch-api/evidence/5.1.0-session-2026-10-08/addon-snapshot/CraftSim/Modules/SimulationMode/UI.lua: Lua error: ...08/addon-snapshot/CraftSim/Modules/SimulationMode/UI.lua:7: attempt to index local 'GUTIL' (a nil value)
stack traceback:
	(string):1: in main chunk
[Interface/AddOns/Blizzard_ScriptErrors/Blizzard_ScriptErrors.lua]:59: in function 'GetErrorData'
[Interface/AddOns/Blizzard_ScriptErrors/Blizzard_ScriptErrors.lua]:72: in function <[Interface/AddOns/Blizzard_ScriptErrors/Blizzard_ScriptErrors.lua]:71>

Lua error: @/home/osso/.worktrees/wow-ui-sim-p510-page/data/patch-api/evidence/5.1.0-session-2026-10-08/addon-snapshot/CraftSim/Modules/ReagentOptimization/ReagentOptimization.lua: Lua error: ...tSim/Modules/ReagentOptimization/ReagentOptimization.lua:87: attempt to call method 'RegisterModule' (a nil value)
stack traceback:
	(string):1: in main chunk
Lua error: Lua Error: @/home/osso/.worktrees/wow-ui-sim-p510-page/data/patch-api/evidence/5.1.0-session-2026-10-08/addon-snapshot/CraftSim/Modules/ReagentOptimization/ReagentOptimization.lua: Lua error: ...tSim/Modules/ReagentOptimization/ReagentOptimization.lua:87: attempt to call method 'RegisterModule' (a nil value)
stack traceback:
	(string):1: in main chunk
[Interface/AddOns/Blizzard_ScriptErrors/Blizzard_ScriptErrors.lua]:59: in function 'GetErrorData'
[Interface/AddOns/Blizzard_ScriptErrors/Blizzard_ScriptErrors.lua]:72: in function <[Interface/AddOns/Blizzard_ScriptErrors/Blizzard_ScriptErrors.lua]:71>

Lua error: @/home/osso/.worktrees/wow-ui-sim-p510-page/data/patch-api/evidence/5.1.0-session-2026-10-08/addon-snapshot/CraftSim/Modules/ReagentOptimization/UI.lua: Lua error: ...don-snapshot/CraftSim/Modules/ReagentOptimization/UI.lua:6: attempt to index local 'GUTIL' (a nil value)
stack traceback:
	(string):1: in main chunk
Lua error: Lua Error: @/home/osso/.worktrees/wow-ui-sim-p510-page/data/patch-api/evidence/5.1.0-session-2026-10-08/addon-snapshot/CraftSim/Modules/ReagentOptimization/UI.lua: Lua error: ...don-snapshot/CraftSim/Modules/ReagentOptimization/UI.lua:6: attempt to index local 'GUTIL' (a nil value)
stack traceback:
	(string):1: in main chunk
[Interface/AddOns/Blizzard_ScriptErrors/Blizzard_ScriptErrors.lua]:59: in function 'GetErrorData'
[Interface/AddOns/Blizzard_ScriptErrors/Blizzard_ScriptErrors.lua]:72: in function <[Interface/AddOns/Blizzard_ScriptErrors/Blizzard_ScriptErrors.lua]:71>

Lua error: @/home/osso/.worktrees/wow-ui-sim-p510-page/data/patch-api/evidence/5.1.0-session-2026-10-08/addon-snapshot/CraftSim/Modules/TopGear/TopGear.lua: Lua error: ...ssion-2026-10-08/addon-snapshot/CraftSim/Debug/Debug.lua:60: attempt to index upvalue 'LibLog' (a nil value)
stack traceback:
	(string):1: in main chunk
Lua error: Lua Error: @/home/osso/.worktrees/wow-ui-sim-p510-page/data/patch-api/evidence/5.1.0-session-2026-10-08/addon-snapshot/CraftSim/Modules/TopGear/TopGear.lua: Lua error: ...ssion-2026-10-08/addon-snapshot/CraftSim/Debug/Debug.lua:60: attempt to index upvalue 'LibLog' (a nil value)
stack traceback:
	(string):1: in main chunk
[Interface/AddOns/Blizzard_ScriptErrors/Blizzard_ScriptErrors.lua]:59: in function 'GetErrorData'
[Interface/AddOns/Blizzard_ScriptErrors/Blizzard_ScriptErrors.lua]:72: in function <[Interface/AddOns/Blizzard_ScriptErrors/Blizzard_ScriptErrors.lua]:71>

Lua error: @/home/osso/.worktrees/wow-ui-sim-p510-page/data/patch-api/evidence/5.1.0-session-2026-10-08/addon-snapshot/CraftSim/Modules/TopGear/UI.lua: Lua error: ...ssion-2026-10-08/addon-snapshot/CraftSim/Debug/Debug.lua:60: attempt to index upvalue 'LibLog' (a nil value)
stack traceback:
	(string):1: in main chunk
Lua error: Lua Error: @/home/osso/.worktrees/wow-ui-sim-p510-page/data/patch-api/evidence/5.1.0-session-2026-10-08/addon-snapshot/CraftSim/Modules/TopGear/UI.lua: Lua error: ...ssion-2026-10-08/addon-snapshot/CraftSim/Debug/Debug.lua:60: attempt to index upvalue 'LibLog' (a nil value)
stack traceback:
	(string):1: in main chunk
[Interface/AddOns/Blizzard_ScriptErrors/Blizzard_ScriptErrors.lua]:59: in function 'GetErrorData'
[Interface/AddOns/Blizzard_ScriptErrors/Blizzard_ScriptErrors.lua]:72: in function <[Interface/AddOns/Blizzard_ScriptErrors/Blizzard_ScriptErrors.lua]:71>

Lua error: @/home/osso/.worktrees/wow-ui-sim-p510-page/data/patch-api/evidence/5.1.0-session-2026-10-08/addon-snapshot/CraftSim/Modules/RecipeScan/RecipeScan.lua: Lua error: ...ddon-snapshot/CraftSim/Modules/RecipeScan/RecipeScan.lua:11: attempt to call method 'RegisterModule' (a nil value)
stack traceback:
	(string):1: in main chunk
Lua error: Lua Error: @/home/osso/.worktrees/wow-ui-sim-p510-page/data/patch-api/evidence/5.1.0-session-2026-10-08/addon-snapshot/CraftSim/Modules/RecipeScan/RecipeScan.lua: Lua error: ...ddon-snapshot/CraftSim/Modules/RecipeScan/RecipeScan.lua:11: attempt to call method 'RegisterModule' (a nil value)
stack traceback:
	(string):1: in main chunk
[Interface/AddOns/Blizzard_ScriptErrors/Blizzard_ScriptErrors.lua]:59: in function 'GetErrorData'
[Interface/AddOns/Blizzard_ScriptErrors/Blizzard_ScriptErrors.lua]:72: in function <[Interface/AddOns/Blizzard_ScriptErrors/Blizzard_ScriptErrors.lua]:71>

Lua error: @/home/osso/.worktrees/wow-ui-sim-p510-page/data/patch-api/evidence/5.1.0-session-2026-10-08/addon-snapshot/CraftSim/Modules/RecipeScan/UI.lua: Lua error: ...-10-08/addon-snapshot/CraftSim/Modules/RecipeScan/UI.lua:7: attempt to index field 'GUTIL' (a nil value)
stack traceback:
	(string):1: in main chunk
Lua error: Lua Error: @/home/osso/.worktrees/wow-ui-sim-p510-page/data/patch-api/evidence/5.1.0-session-2026-10-08/addon-snapshot/CraftSim/Modules/RecipeScan/UI.lua: Lua error: ...-10-08/addon-snapshot/CraftSim/Modules/RecipeScan/UI.lua:7: attempt to index field 'GUTIL' (a nil value)
stack traceback:
	(string):1: in main chunk
[Interface/AddOns/Blizzard_ScriptErrors/Blizzard_ScriptErrors.lua]:59: in function 'GetErrorData'
[Interface/AddOns/Blizzard_ScriptErrors/Blizzard_ScriptErrors.lua]:72: in function <[Interface/AddOns/Blizzard_ScriptErrors/Blizzard_ScriptErrors.lua]:71>

Lua error: @/home/osso/.worktrees/wow-ui-sim-p510-page/data/patch-api/evidence/5.1.0-session-2026-10-08/addon-snapshot/CraftSim/Modules/Supporters/Supporters.lua: Lua error: ...ddon-snapshot/CraftSim/Modules/Supporters/Supporters.lua:6: attempt to index local 'GUTIL' (a nil value)
stack traceback:
	(string):1: in main chunk
Lua error: Lua Error: @/home/osso/.worktrees/wow-ui-sim-p510-page/data/patch-api/evidence/5.1.0-session-2026-10-08/addon-snapshot/CraftSim/Modules/Supporters/Supporters.lua: Lua error: ...ddon-snapshot/CraftSim/Modules/Supporters/Supporters.lua:6: attempt to index local 'GUTIL' (a nil value)
stack traceback:
	(string):1: in main chunk
[Interface/AddOns/Blizzard_ScriptErrors/Blizzard_ScriptErrors.lua]:59: in function 'GetErrorData'
[Interface/AddOns/Blizzard_ScriptErrors/Blizzard_ScriptErrors.lua]:72: in function <[Interface/AddOns/Blizzard_ScriptErrors/Blizzard_ScriptErrors.lua]:71>

Lua error: @/home/osso/.worktrees/wow-ui-sim-p510-page/data/patch-api/evidence/5.1.0-session-2026-10-08/addon-snapshot/CraftSim/Modules/Supporters/UI.lua: Lua error: ...-10-08/addon-snapshot/CraftSim/Modules/Supporters/UI.lua:6: attempt to index local 'GUTIL' (a nil value)
stack traceback:
	(string):1: in main chunk
Lua error: Lua Error: @/home/osso/.worktrees/wow-ui-sim-p510-page/data/patch-api/evidence/5.1.0-session-2026-10-08/addon-snapshot/CraftSim/Modules/Supporters/UI.lua: Lua error: ...-10-08/addon-snapshot/CraftSim/Modules/Supporters/UI.lua:6: attempt to index local 'GUTIL' (a nil value)
stack traceback:
	(string):1: in main chunk
[Interface/AddOns/Blizzard_ScriptErrors/Blizzard_ScriptErrors.lua]:59: in function 'GetErrorData'
[Interface/AddOns/Blizzard_ScriptErrors/Blizzard_ScriptErrors.lua]:72: in function <[Interface/AddOns/Blizzard_ScriptErrors/Blizzard_ScriptErrors.lua]:71>

Lua error: @/home/osso/.worktrees/wow-ui-sim-p510-page/data/patch-api/evidence/5.1.0-session-2026-10-08/addon-snapshot/CraftSim/Modules/CraftBuffs/CraftBuffs.lua: Lua error: ...ssion-2026-10-08/addon-snapshot/CraftSim/Debug/Debug.lua:60: attempt to index upvalue 'LibLog' (a nil value)
stack traceback:
	(string):1: in main chunk
Lua error: Lua Error: @/home/osso/.worktrees/wow-ui-sim-p510-page/data/patch-api/evidence/5.1.0-session-2026-10-08/addon-snapshot/CraftSim/Modules/CraftBuffs/CraftBuffs.lua: Lua error: ...ssion-2026-10-08/addon-snapshot/CraftSim/Debug/Debug.lua:60: attempt to index upvalue 'LibLog' (a nil value)
stack traceback:
	(string):1: in main chunk
[Interface/AddOns/Blizzard_ScriptErrors/Blizzard_ScriptErrors.lua]:59: in function 'GetErrorData'
[Interface/AddOns/Blizzard_ScriptErrors/Blizzard_ScriptErrors.lua]:72: in function <[Interface/AddOns/Blizzard_ScriptErrors/Blizzard_ScriptErrors.lua]:71>

Lua error: @/home/osso/.worktrees/wow-ui-sim-p510-page/data/patch-api/evidence/5.1.0-session-2026-10-08/addon-snapshot/CraftSim/Modules/CraftBuffs/UI.lua: Lua error: ...-10-08/addon-snapshot/CraftSim/Modules/CraftBuffs/UI.lua:11: attempt to index field 'CRAFT_BUFFS' (a nil value)
stack traceback:
	(string):1: in main chunk
Lua error: Lua Error: @/home/osso/.worktrees/wow-ui-sim-p510-page/data/patch-api/evidence/5.1.0-session-2026-10-08/addon-snapshot/CraftSim/Modules/CraftBuffs/UI.lua: Lua error: ...-10-08/addon-snapshot/CraftSim/Modules/CraftBuffs/UI.lua:11: attempt to index field 'CRAFT_BUFFS' (a nil value)
stack traceback:
	(string):1: in main chunk
[Interface/AddOns/Blizzard_ScriptErrors/Blizzard_ScriptErrors.lua]:59: in function 'GetErrorData'
[Interface/AddOns/Blizzard_ScriptErrors/Blizzard_ScriptErrors.lua]:72: in function <[Interface/AddOns/Blizzard_ScriptErrors/Blizzard_ScriptErrors.lua]:71>

Lua error: @/home/osso/.worktrees/wow-ui-sim-p510-page/data/patch-api/evidence/5.1.0-session-2026-10-08/addon-snapshot/CraftSim/Modules/ConcentrationTracker/ConcentrationTracker.lua: Lua error: ...im/Modules/ConcentrationTracker/ConcentrationTracker.lua:5: attempt to index local 'GUTIL' (a nil value)
stack traceback:
	(string):1: in main chunk
Lua error: Lua Error: @/home/osso/.worktrees/wow-ui-sim-p510-page/data/patch-api/evidence/5.1.0-session-2026-10-08/addon-snapshot/CraftSim/Modules/ConcentrationTracker/ConcentrationTracker.lua: Lua error: ...im/Modules/ConcentrationTracker/ConcentrationTracker.lua:5: attempt to index local 'GUTIL' (a nil value)
stack traceback:
	(string):1: in main chunk
[Interface/AddOns/Blizzard_ScriptErrors/Blizzard_ScriptErrors.lua]:59: in function 'GetErrorData'
[Interface/AddOns/Blizzard_ScriptErrors/Blizzard_ScriptErrors.lua]:72: in function <[Interface/AddOns/Blizzard_ScriptErrors/Blizzard_ScriptErrors.lua]:71>

Lua error: @/home/osso/.worktrees/wow-ui-sim-p510-page/data/patch-api/evidence/5.1.0-session-2026-10-08/addon-snapshot/CraftSim/Modules/ConcentrationTracker/UI.lua: Lua error: ...on-snapshot/CraftSim/Modules/ConcentrationTracker/UI.lua:11: attempt to index field 'CONCENTRATION_TRACKER' (a nil value)
stack traceback:
	(string):1: in main chunk
Lua error: Lua Error: @/home/osso/.worktrees/wow-ui-sim-p510-page/data/patch-api/evidence/5.1.0-session-2026-10-08/addon-snapshot/CraftSim/Modules/ConcentrationTracker/UI.lua: Lua error: ...on-snapshot/CraftSim/Modules/ConcentrationTracker/UI.lua:11: attempt to index field 'CONCENTRATION_TRACKER' (a nil value)
stack traceback:
	(string):1: in main chunk
[Interface/AddOns/Blizzard_ScriptErrors/Blizzard_ScriptErrors.lua]:59: in function 'GetErrorData'
[Interface/AddOns/Blizzard_ScriptErrors/Blizzard_ScriptErrors.lua]:72: in function <[Interface/AddOns/Blizzard_ScriptErrors/Blizzard_ScriptErrors.lua]:71>

Lua error: @/home/osso/.worktrees/wow-ui-sim-p510-page/data/patch-api/evidence/5.1.0-session-2026-10-08/addon-snapshot/CraftSim/Modules/WorkOrderTracker/WorkOrderTracker.lua: Lua error: ...t/CraftSim/Modules/WorkOrderTracker/WorkOrderTracker.lua:8: attempt to index local 'GUTIL' (a nil value)
stack traceback:
	(string):1: in main chunk
Lua error: Lua Error: @/home/osso/.worktrees/wow-ui-sim-p510-page/data/patch-api/evidence/5.1.0-session-2026-10-08/addon-snapshot/CraftSim/Modules/WorkOrderTracker/WorkOrderTracker.lua: Lua error: ...t/CraftSim/Modules/WorkOrderTracker/WorkOrderTracker.lua:8: attempt to index local 'GUTIL' (a nil value)
stack traceback:
	(string):1: in main chunk
[Interface/AddOns/Blizzard_ScriptErrors/Blizzard_ScriptErrors.lua]:59: in function 'GetErrorData'
[Interface/AddOns/Blizzard_ScriptErrors/Blizzard_ScriptErrors.lua]:72: in function <[Interface/AddOns/Blizzard_ScriptErrors/Blizzard_ScriptErrors.lua]:71>

Lua error: @/home/osso/.worktrees/wow-ui-sim-p510-page/data/patch-api/evidence/5.1.0-session-2026-10-08/addon-snapshot/CraftSim/Modules/WorkOrderTracker/UI.lua: Lua error: .../addon-snapshot/CraftSim/Modules/WorkOrderTracker/UI.lua:8: attempt to index field 'WORK_ORDER_TRACKER' (a nil value)
stack traceback:
	(string):1: in main chunk
Lua error: Lua Error: @/home/osso/.worktrees/wow-ui-sim-p510-page/data/patch-api/evidence/5.1.0-session-2026-10-08/addon-snapshot/CraftSim/Modules/WorkOrderTracker/UI.lua: Lua error: .../addon-snapshot/CraftSim/Modules/WorkOrderTracker/UI.lua:8: attempt to index field 'WORK_ORDER_TRACKER' (a nil value)
stack traceback:
	(string):1: in main chunk
[Interface/AddOns/Blizzard_ScriptErrors/Blizzard_ScriptErrors.lua]:59: in function 'GetErrorData'
[Interface/AddOns/Blizzard_ScriptErrors/Blizzard_ScriptErrors.lua]:72: in function <[Interface/AddOns/Blizzard_ScriptErrors/Blizzard_ScriptErrors.lua]:71>

Lua error: @/home/osso/.worktrees/wow-ui-sim-p510-page/data/patch-api/evidence/5.1.0-session-2026-10-08/addon-snapshot/CraftSim/Data/SpecializationData/Dragonflight/Blacksmithing.lua: Lua error: ...m/Data/SpecializationData/Dragonflight/Blacksmithing.lua:3: attempt to index field 'SPECIALIZATION_DATA' (a nil value)
stack traceback:
	(string):1: in main chunk
Lua error: Lua Error: @/home/osso/.worktrees/wow-ui-sim-p510-page/data/patch-api/evidence/5.1.0-session-2026-10-08/addon-snapshot/CraftSim/Data/SpecializationData/Dragonflight/Blacksmithing.lua: Lua error: ...m/Data/SpecializationData/Dragonflight/Blacksmithing.lua:3: attempt to index field 'SPECIALIZATION_DATA' (a nil value)
stack traceback:
	(string):1: in main chunk
[Interface/AddOns/Blizzard_ScriptErrors/Blizzard_ScriptErrors.lua]:59: in function 'GetErrorData'
[Interface/AddOns/Blizzard_ScriptErrors/Blizzard_ScriptErrors.lua]:72: in function <[Interface/AddOns/Blizzard_ScriptErrors/Blizzard_ScriptErrors.lua]:71>

Lua error: @/home/osso/.worktrees/wow-ui-sim-p510-page/data/patch-api/evidence/5.1.0-session-2026-10-08/addon-snapshot/CraftSim/Data/SpecializationData/Dragonflight/Enchanting.lua: Lua error: ...tSim/Data/SpecializationData/Dragonflight/Enchanting.lua:3: attempt to index field 'SPECIALIZATION_DATA' (a nil value)
stack traceback:
	(string):1: in main chunk
Lua error: Lua Error: @/home/osso/.worktrees/wow-ui-sim-p510-page/data/patch-api/evidence/5.1.0-session-2026-10-08/addon-snapshot/CraftSim/Data/SpecializationData/Dragonflight/Enchanting.lua: Lua error: ...tSim/Data/SpecializationData/Dragonflight/Enchanting.lua:3: attempt to index field 'SPECIALIZATION_DATA' (a nil value)
stack traceback:
	(string):1: in main chunk
[Interface/AddOns/Blizzard_ScriptErrors/Blizzard_ScriptErrors.lua]:59: in function 'GetErrorData'
[Interface/AddOns/Blizzard_ScriptErrors/Blizzard_ScriptErrors.lua]:72: in function <[Interface/AddOns/Blizzard_ScriptErrors/Blizzard_ScriptErrors.lua]:71>

Lua error: @/home/osso/.worktrees/wow-ui-sim-p510-page/data/patch-api/evidence/5.1.0-session-2026-10-08/addon-snapshot/CraftSim/Data/SpecializationData/Dragonflight/Leatherworking.lua: Lua error: .../Data/SpecializationData/Dragonflight/Leatherworking.lua:3: attempt to index field 'SPECIALIZATION_DATA' (a nil value)
stack traceback:
	(string):1: in main chunk
Lua error: Lua Error: @/home/osso/.worktrees/wow-ui-sim-p510-page/data/patch-api/evidence/5.1.0-session-2026-10-08/addon-snapshot/CraftSim/Data/SpecializationData/Dragonflight/Leatherworking.lua: Lua error: .../Data/SpecializationData/Dragonflight/Leatherworking.lua:3: attempt to index field 'SPECIALIZATION_DATA' (a nil value)
stack traceback:
	(string):1: in main chunk
[Interface/AddOns/Blizzard_ScriptErrors/Blizzard_ScriptErrors.lua]:59: in function 'GetErrorData'
[Interface/AddOns/Blizzard_ScriptErrors/Blizzard_ScriptErrors.lua]:72: in function <[Interface/AddOns/Blizzard_ScriptErrors/Blizzard_ScriptErrors.lua]:71>

Lua error: @/home/osso/.worktrees/wow-ui-sim-p510-page/data/patch-api/evidence/5.1.0-session-2026-10-08/addon-snapshot/CraftSim/Data/SpecializationData/Dragonflight/Engineering.lua: Lua error: ...Sim/Data/SpecializationData/Dragonflight/Engineering.lua:3: attempt to index field 'SPECIALIZATION_DATA' (a nil value)
stack traceback:
	(string):1: in main chunk
Lua error: Lua Error: @/home/osso/.worktrees/wow-ui-sim-p510-page/data/patch-api/evidence/5.1.0-session-2026-10-08/addon-snapshot/CraftSim/Data/SpecializationData/Dragonflight/Engineering.lua: Lua error: ...Sim/Data/SpecializationData/Dragonflight/Engineering.lua:3: attempt to index field 'SPECIALIZATION_DATA' (a nil value)
stack traceback:
	(string):1: in main chunk
[Interface/AddOns/Blizzard_ScriptErrors/Blizzard_ScriptErrors.lua]:59: in function 'GetErrorData'
[Interface/AddOns/Blizzard_ScriptErrors/Blizzard_ScriptErrors.lua]:72: in function <[Interface/AddOns/Blizzard_ScriptErrors/Blizzard_ScriptErrors.lua]:71>

Lua error: @/home/osso/.worktrees/wow-ui-sim-p510-page/data/patch-api/evidence/5.1.0-session-2026-10-08/addon-snapshot/CraftSim/Data/SpecializationData/The_War_Within/Blacksmithing.lua: Lua error: ...Data/SpecializationData/The_War_Within/Blacksmithing.lua:3: attempt to index field 'SPECIALIZATION_DATA' (a nil value)
stack traceback:
	(string):1: in main chunk
Lua error: Lua Error: @/home/osso/.worktrees/wow-ui-sim-p510-page/data/patch-api/evidence/5.1.0-session-2026-10-08/addon-snapshot/CraftSim/Data/SpecializationData/The_War_Within/Blacksmithing.lua: Lua error: ...Data/SpecializationData/The_War_Within/Blacksmithing.lua:3: attempt to index field 'SPECIALIZATION_DATA' (a nil value)
stack traceback:
	(string):1: in main chunk
[Interface/AddOns/Blizzard_ScriptErrors/Blizzard_ScriptErrors.lua]:59: in function 'GetErrorData'
[Interface/AddOns/Blizzard_ScriptErrors/Blizzard_ScriptErrors.lua]:72: in function <[Interface/AddOns/Blizzard_ScriptErrors/Blizzard_ScriptErrors.lua]:71>

Lua error: @/home/osso/.worktrees/wow-ui-sim-p510-page/data/patch-api/evidence/5.1.0-session-2026-10-08/addon-snapshot/CraftSim/Data/SpecializationData/The_War_Within/Inscription.lua: Lua error: ...m/Data/SpecializationData/The_War_Within/Inscription.lua:3: attempt to index field 'SPECIALIZATION_DATA' (a nil value)
stack traceback:
	(string):1: in main chunk
Lua error: Lua Error: @/home/osso/.worktrees/wow-ui-sim-p510-page/data/patch-api/evidence/5.1.0-session-2026-10-08/addon-snapshot/CraftSim/Data/SpecializationData/The_War_Within/Inscription.lua: Lua error: ...m/Data/SpecializationData/The_War_Within/Inscription.lua:3: attempt to index field 'SPECIALIZATION_DATA' (a nil value)
stack traceback:
	(string):1: in main chunk
[Interface/AddOns/Blizzard_ScriptErrors/Blizzard_ScriptErrors.lua]:59: in function 'GetErrorData'
[Interface/AddOns/Blizzard_ScriptErrors/Blizzard_ScriptErrors.lua]:72: in function <[Interface/AddOns/Blizzard_ScriptErrors/Blizzard_ScriptErrors.lua]:71>

Lua error: @/home/osso/.worktrees/wow-ui-sim-p510-page/data/patch-api/evidence/5.1.0-session-2026-10-08/addon-snapshot/CraftSim/Data/SpecializationData/The_War_Within/Jewelcrafting.lua: Lua error: ...Data/SpecializationData/The_War_Within/Jewelcrafting.lua:3: attempt to index field 'SPECIALIZATION_DATA' (a nil value)
stack traceback:
	(string):1: in main chunk
Lua error: Lua Error: @/home/osso/.worktrees/wow-ui-sim-p510-page/data/patch-api/evidence/5.1.0-session-2026-10-08/addon-snapshot/CraftSim/Data/SpecializationData/The_War_Within/Jewelcrafting.lua: Lua error: ...Data/SpecializationData/The_War_Within/Jewelcrafting.lua:3: attempt to index field 'SPECIALIZATION_DATA' (a nil value)
stack traceback:
	(string):1: in main chunk
[Interface/AddOns/Blizzard_ScriptErrors/Blizzard_ScriptErrors.lua]:59: in function 'GetErrorData'
[Interface/AddOns/Blizzard_ScriptErrors/Blizzard_ScriptErrors.lua]:72: in function <[Interface/AddOns/Blizzard_ScriptErrors/Blizzard_ScriptErrors.lua]:71>

Lua error: @/home/osso/.worktrees/wow-ui-sim-p510-page/data/patch-api/evidence/5.1.0-session-2026-10-08/addon-snapshot/CraftSim/Data/SpecializationData/The_War_Within/Engineering.lua: Lua error: ...m/Data/SpecializationData/The_War_Within/Engineering.lua:3: attempt to index field 'SPECIALIZATION_DATA' (a nil value)
stack traceback:
	(string):1: in main chunk
Lua error: Lua Error: @/home/osso/.worktrees/wow-ui-sim-p510-page/data/patch-api/evidence/5.1.0-session-2026-10-08/addon-snapshot/CraftSim/Data/SpecializationData/The_War_Within/Engineering.lua: Lua error: ...m/Data/SpecializationData/The_War_Within/Engineering.lua:3: attempt to index field 'SPECIALIZATION_DATA' (a nil value)
stack traceback:
	(string):1: in main chunk
[Interface/AddOns/Blizzard_ScriptErrors/Blizzard_ScriptErrors.lua]:59: in function 'GetErrorData'
[Interface/AddOns/Blizzard_ScriptErrors/Blizzard_ScriptErrors.lua]:72: in function <[Interface/AddOns/Blizzard_ScriptErrors/Blizzard_ScriptErrors.lua]:71>

Lua error: @/home/osso/.worktrees/wow-ui-sim-p510-page/data/patch-api/evidence/5.1.0-session-2026-10-08/addon-snapshot/CraftSim/Data/SpecializationData/Midnight/Alchemy.lua: Lua error: ...ot/CraftSim/Data/SpecializationData/Midnight/Alchemy.lua:3: attempt to index field 'SPECIALIZATION_DATA' (a nil value)
stack traceback:
	(string):1: in main chunk
Lua error: Lua Error: @/home/osso/.worktrees/wow-ui-sim-p510-page/data/patch-api/evidence/5.1.0-session-2026-10-08/addon-snapshot/CraftSim/Data/SpecializationData/Midnight/Alchemy.lua: Lua error: ...ot/CraftSim/Data/SpecializationData/Midnight/Alchemy.lua:3: attempt to index field 'SPECIALIZATION_DATA' (a nil value)
stack traceback:
	(string):1: in main chunk
[Interface/AddOns/Blizzard_ScriptErrors/Blizzard_ScriptErrors.lua]:59: in function 'GetErrorData'
[Interface/AddOns/Blizzard_ScriptErrors/Blizzard_ScriptErrors.lua]:72: in function <[Interface/AddOns/Blizzard_ScriptErrors/Blizzard_ScriptErrors.lua]:71>

Lua error: @/home/osso/.worktrees/wow-ui-sim-p510-page/data/patch-api/evidence/5.1.0-session-2026-10-08/addon-snapshot/CraftSim/Data/SpecializationData/Midnight/Enchanting.lua: Lua error: ...CraftSim/Data/SpecializationData/Midnight/Enchanting.lua:3: attempt to index field 'SPECIALIZATION_DATA' (a nil value)
stack traceback:
	(string):1: in main chunk
Lua error: Lua Error: @/home/osso/.worktrees/wow-ui-sim-p510-page/data/patch-api/evidence/5.1.0-session-2026-10-08/addon-snapshot/CraftSim/Data/SpecializationData/Midnight/Enchanting.lua: Lua error: ...CraftSim/Data/SpecializationData/Midnight/Enchanting.lua:3: attempt to index field 'SPECIALIZATION_DATA' (a nil value)
stack traceback:
	(string):1: in main chunk
[Interface/AddOns/Blizzard_ScriptErrors/Blizzard_ScriptErrors.lua]:59: in function 'GetErrorData'
[Interface/AddOns/Blizzard_ScriptErrors/Blizzard_ScriptErrors.lua]:72: in function <[Interface/AddOns/Blizzard_ScriptErrors/Blizzard_ScriptErrors.lua]:71>

Lua error: @/home/osso/.worktrees/wow-ui-sim-p510-page/data/patch-api/evidence/5.1.0-session-2026-10-08/addon-snapshot/CraftSim/Data/SpecializationData/Midnight/Jewelcrafting.lua: Lua error: ...ftSim/Data/SpecializationData/Midnight/Jewelcrafting.lua:3: attempt to index field 'SPECIALIZATION_DATA' (a nil value)
stack traceback:
	(string):1: in main chunk
Lua error: Lua Error: @/home/osso/.worktrees/wow-ui-sim-p510-page/data/patch-api/evidence/5.1.0-session-2026-10-08/addon-snapshot/CraftSim/Data/SpecializationData/Midnight/Jewelcrafting.lua: Lua error: ...ftSim/Data/SpecializationData/Midnight/Jewelcrafting.lua:3: attempt to index field 'SPECIALIZATION_DATA' (a nil value)
stack traceback:
	(string):1: in main chunk
[Interface/AddOns/Blizzard_ScriptErrors/Blizzard_ScriptErrors.lua]:59: in function 'GetErrorData'
[Interface/AddOns/Blizzard_ScriptErrors/Blizzard_ScriptErrors.lua]:72: in function <[Interface/AddOns/Blizzard_ScriptErrors/Blizzard_ScriptErrors.lua]:71>

Lua error: @/home/osso/.worktrees/wow-ui-sim-p510-page/data/patch-api/evidence/5.1.0-session-2026-10-08/addon-snapshot/CraftSim/Data/SpecializationData/Midnight/Tailoring.lua: Lua error: .../CraftSim/Data/SpecializationData/Midnight/Tailoring.lua:3: attempt to index field 'SPECIALIZATION_DATA' (a nil value)
stack traceback:
	(string):1: in main chunk
Lua error: Lua Error: @/home/osso/.worktrees/wow-ui-sim-p510-page/data/patch-api/evidence/5.1.0-session-2026-10-08/addon-snapshot/CraftSim/Data/SpecializationData/Midnight/Tailoring.lua: Lua error: .../CraftSim/Data/SpecializationData/Midnight/Tailoring.lua:3: attempt to index field 'SPECIALIZATION_DATA' (a nil value)
stack traceback:
	(string):1: in main chunk
[Interface/AddOns/Blizzard_ScriptErrors/Blizzard_ScriptErrors.lua]:59: in function 'GetErrorData'
[Interface/AddOns/Blizzard_ScriptErrors/Blizzard_ScriptErrors.lua]:72: in function <[Interface/AddOns/Blizzard_ScriptErrors/Blizzard_ScriptErrors.lua]:71>

Lua error: @/home/osso/.worktrees/wow-ui-sim-p510-page/data/patch-api/evidence/5.1.0-session-2026-10-08/addon-snapshot/CraftSim/Data/SpecializationData/Midnight/Engineering.lua: Lua error: ...raftSim/Data/SpecializationData/Midnight/Engineering.lua:3: attempt to index field 'SPECIALIZATION_DATA' (a nil value)
stack traceback:
	(string):1: in main chunk
Lua error: Lua Error: @/home/osso/.worktrees/wow-ui-sim-p510-page/data/patch-api/evidence/5.1.0-session-2026-10-08/addon-snapshot/CraftSim/Data/SpecializationData/Midnight/Engineering.lua: Lua error: ...raftSim/Data/SpecializationData/Midnight/Engineering.lua:3: attempt to index field 'SPECIALIZATION_DATA' (a nil value)
stack traceback:
	(string):1: in main chunk
[Interface/AddOns/Blizzard_ScriptErrors/Blizzard_ScriptErrors.lua]:59: in function 'GetErrorData'
[Interface/AddOns/Blizzard_ScriptErrors/Blizzard_ScriptErrors.lua]:72: in function <[Interface/AddOns/Blizzard_ScriptErrors/Blizzard_ScriptErrors.lua]:71>

Lua error: @/home/osso/.worktrees/wow-ui-sim-p510-page/data/patch-api/evidence/5.1.0-session-2026-10-08/addon-snapshot/CraftSim/Classes/OnCraftData.lua: Lua error: ...26-10-08/addon-snapshot/CraftSim/Classes/OnCraftData.lua:8: attempt to index field 'CraftSimObject' (a nil value)
stack traceback:
	(string):1: in main chunk
Lua error: Lua Error: @/home/osso/.worktrees/wow-ui-sim-p510-page/data/patch-api/evidence/5.1.0-session-2026-10-08/addon-snapshot/CraftSim/Classes/OnCraftData.lua: Lua error: ...26-10-08/addon-snapshot/CraftSim/Classes/OnCraftData.lua:8: attempt to index field 'CraftSimObject' (a nil value)
stack traceback:
	(string):1: in main chunk
[Interface/AddOns/Blizzard_ScriptErrors/Blizzard_ScriptErrors.lua]:59: in function 'GetErrorData'
[Interface/AddOns/Blizzard_ScriptErrors/Blizzard_ScriptErrors.lua]:72: in function <[Interface/AddOns/Blizzard_ScriptErrors/Blizzard_ScriptErrors.lua]:71>

Lua error: @/home/osso/.worktrees/wow-ui-sim-p510-page/data/patch-api/evidence/5.1.0-session-2026-10-08/addon-snapshot/CraftSim/Classes/ProfessionData.lua: Lua error: ...ssion-2026-10-08/addon-snapshot/CraftSim/Debug/Debug.lua:60: attempt to index upvalue 'LibLog' (a nil value)
stack traceback:
	(string):1: in main chunk
Lua error: Lua Error: @/home/osso/.worktrees/wow-ui-sim-p510-page/data/patch-api/evidence/5.1.0-session-2026-10-08/addon-snapshot/CraftSim/Classes/ProfessionData.lua: Lua error: ...ssion-2026-10-08/addon-snapshot/CraftSim/Debug/Debug.lua:60: attempt to index upvalue 'LibLog' (a nil value)
stack traceback:
	(string):1: in main chunk
[Interface/AddOns/Blizzard_ScriptErrors/Blizzard_ScriptErrors.lua]:59: in function 'GetErrorData'
[Interface/AddOns/Blizzard_ScriptErrors/Blizzard_ScriptErrors.lua]:72: in function <[Interface/AddOns/Blizzard_ScriptErrors/Blizzard_ScriptErrors.lua]:71>

Lua error: @/home/osso/.worktrees/wow-ui-sim-p510-page/data/patch-api/evidence/5.1.0-session-2026-10-08/addon-snapshot/CraftSim/Classes/RecipeData.lua: Lua error: ...ssion-2026-10-08/addon-snapshot/CraftSim/Debug/Debug.lua:60: attempt to index upvalue 'LibLog' (a nil value)
stack traceback:
	(string):1: in main chunk
Lua error: Lua Error: @/home/osso/.worktrees/wow-ui-sim-p510-page/data/patch-api/evidence/5.1.0-session-2026-10-08/addon-snapshot/CraftSim/Classes/RecipeData.lua: Lua error: ...ssion-2026-10-08/addon-snapshot/CraftSim/Debug/Debug.lua:60: attempt to index upvalue 'LibLog' (a nil value)
stack traceback:
	(string):1: in main chunk
[Interface/AddOns/Blizzard_ScriptErrors/Blizzard_ScriptErrors.lua]:59: in function 'GetErrorData'
[Interface/AddOns/Blizzard_ScriptErrors/Blizzard_ScriptErrors.lua]:72: in function <[Interface/AddOns/Blizzard_ScriptErrors/Blizzard_ScriptErrors.lua]:71>

Lua error: @/home/osso/.worktrees/wow-ui-sim-p510-page/data/patch-api/evidence/5.1.0-session-2026-10-08/addon-snapshot/CraftSim/Classes/ReagentItem.lua: Lua error: ...26-10-08/addon-snapshot/CraftSim/Classes/ReagentItem.lua:7: attempt to index field 'CraftSimObject' (a nil value)
stack traceback:
	(string):1: in main chunk
Lua error: Lua Error: @/home/osso/.worktrees/wow-ui-sim-p510-page/data/patch-api/evidence/5.1.0-session-2026-10-08/addon-snapshot/CraftSim/Classes/ReagentItem.lua: Lua error: ...26-10-08/addon-snapshot/CraftSim/Classes/ReagentItem.lua:7: attempt to index field 'CraftSimObject' (a nil value)
stack traceback:
	(string):1: in main chunk
[Interface/AddOns/Blizzard_ScriptErrors/Blizzard_ScriptErrors.lua]:59: in function 'GetErrorData'
[Interface/AddOns/Blizzard_ScriptErrors/Blizzard_ScriptErrors.lua]:72: in function <[Interface/AddOns/Blizzard_ScriptErrors/Blizzard_ScriptErrors.lua]:71>

Lua error: @/home/osso/.worktrees/wow-ui-sim-p510-page/data/patch-api/evidence/5.1.0-session-2026-10-08/addon-snapshot/CraftSim/Classes/ProfessionStats.lua: Lua error: ...0-08/addon-snapshot/CraftSim/Classes/ProfessionStats.lua:6: attempt to index field 'CraftSimObject' (a nil value)
stack traceback:
	(string):1: in main chunk
Lua error: Lua Error: @/home/osso/.worktrees/wow-ui-sim-p510-page/data/patch-api/evidence/5.1.0-session-2026-10-08/addon-snapshot/CraftSim/Classes/ProfessionStats.lua: Lua error: ...0-08/addon-snapshot/CraftSim/Classes/ProfessionStats.lua:6: attempt to index field 'CraftSimObject' (a nil value)
stack traceback:
	(string):1: in main chunk
[Interface/AddOns/Blizzard_ScriptErrors/Blizzard_ScriptErrors.lua]:59: in function 'GetErrorData'
[Interface/AddOns/Blizzard_ScriptErrors/Blizzard_ScriptErrors.lua]:72: in function <[Interface/AddOns/Blizzard_ScriptErrors/Blizzard_ScriptErrors.lua]:71>

Lua error: @/home/osso/.worktrees/wow-ui-sim-p510-page/data/patch-api/evidence/5.1.0-session-2026-10-08/addon-snapshot/CraftSim/Classes/ProfessionStat.lua: Lua error: ...10-08/addon-snapshot/CraftSim/Classes/ProfessionStat.lua:7: attempt to index field 'CraftSimObject' (a nil value)
stack traceback:
	(string):1: in main chunk
Lua error: Lua Error: @/home/osso/.worktrees/wow-ui-sim-p510-page/data/patch-api/evidence/5.1.0-session-2026-10-08/addon-snapshot/CraftSim/Classes/ProfessionStat.lua: Lua error: ...10-08/addon-snapshot/CraftSim/Classes/ProfessionStat.lua:7: attempt to index field 'CraftSimObject' (a nil value)
stack traceback:
	(string):1: in main chunk
[Interface/AddOns/Blizzard_ScriptErrors/Blizzard_ScriptErrors.lua]:59: in function 'GetErrorData'
[Interface/AddOns/Blizzard_ScriptErrors/Blizzard_ScriptErrors.lua]:72: in function <[Interface/AddOns/Blizzard_ScriptErrors/Blizzard_ScriptErrors.lua]:71>

Lua error: @/home/osso/.worktrees/wow-ui-sim-p510-page/data/patch-api/evidence/5.1.0-session-2026-10-08/addon-snapshot/CraftSim/Classes/ProfessionGearSet.lua: Lua error: ...08/addon-snapshot/CraftSim/Classes/ProfessionGearSet.lua:6: attempt to index field 'CraftSimObject' (a nil value)
stack traceback:
	(string):1: in main chunk
Lua error: Lua Error: @/home/osso/.worktrees/wow-ui-sim-p510-page/data/patch-api/evidence/5.1.0-session-2026-10-08/addon-snapshot/CraftSim/Classes/ProfessionGearSet.lua: Lua error: ...08/addon-snapshot/CraftSim/Classes/ProfessionGearSet.lua:6: attempt to index field 'CraftSimObject' (a nil value)
stack traceback:
	(string):1: in main chunk
[Interface/AddOns/Blizzard_ScriptErrors/Blizzard_ScriptErrors.lua]:59: in function 'GetErrorData'
[Interface/AddOns/Blizzard_ScriptErrors/Blizzard_ScriptErrors.lua]:72: in function <[Interface/AddOns/Blizzard_ScriptErrors/Blizzard_ScriptErrors.lua]:71>

Lua error: @/home/osso/.worktrees/wow-ui-sim-p510-page/data/patch-api/evidence/5.1.0-session-2026-10-08/addon-snapshot/CraftSim/Classes/ProfessionGear.lua: Lua error: ...10-08/addon-snapshot/CraftSim/Classes/ProfessionGear.lua:8: attempt to index field 'CraftSimObject' (a nil value)
stack traceback:
	(string):1: in main chunk
Lua error: Lua Error: @/home/osso/.worktrees/wow-ui-sim-p510-page/data/patch-api/evidence/5.1.0-session-2026-10-08/addon-snapshot/CraftSim/Classes/ProfessionGear.lua: Lua error: ...10-08/addon-snapshot/CraftSim/Classes/ProfessionGear.lua:8: attempt to index field 'CraftSimObject' (a nil value)
stack traceback:
	(string):1: in main chunk
[Interface/AddOns/Blizzard_ScriptErrors/Blizzard_ScriptErrors.lua]:59: in function 'GetErrorData'
[Interface/AddOns/Blizzard_ScriptErrors/Blizzard_ScriptErrors.lua]:72: in function <[Interface/AddOns/Blizzard_ScriptErrors/Blizzard_ScriptErrors.lua]:71>

Lua error: @/home/osso/.worktrees/wow-ui-sim-p510-page/data/patch-api/evidence/5.1.0-session-2026-10-08/addon-snapshot/CraftSim/Classes/ResultData.lua: Lua error: ...ssion-2026-10-08/addon-snapshot/CraftSim/Debug/Debug.lua:60: attempt to index upvalue 'LibLog' (a nil value)
stack traceback:
	(string):1: in main chunk
Lua error: Lua Error: @/home/osso/.worktrees/wow-ui-sim-p510-page/data/patch-api/evidence/5.1.0-session-2026-10-08/addon-snapshot/CraftSim/Classes/ResultData.lua: Lua error: ...ssion-2026-10-08/addon-snapshot/CraftSim/Debug/Debug.lua:60: attempt to index upvalue 'LibLog' (a nil value)
stack traceback:
	(string):1: in main chunk
[Interface/AddOns/Blizzard_ScriptErrors/Blizzard_ScriptErrors.lua]:59: in function 'GetErrorData'
[Interface/AddOns/Blizzard_ScriptErrors/Blizzard_ScriptErrors.lua]:72: in function <[Interface/AddOns/Blizzard_ScriptErrors/Blizzard_ScriptErrors.lua]:71>

Lua error: @/home/osso/.worktrees/wow-ui-sim-p510-page/data/patch-api/evidence/5.1.0-session-2026-10-08/addon-snapshot/CraftSim/Classes/SalvageReagentSlot.lua: Lua error: ...8/addon-snapshot/CraftSim/Classes/SalvageReagentSlot.lua:8: attempt to index field 'CraftSimObject' (a nil value)
stack traceback:
	(string):1: in main chunk
Lua error: Lua Error: @/home/osso/.worktrees/wow-ui-sim-p510-page/data/patch-api/evidence/5.1.0-session-2026-10-08/addon-snapshot/CraftSim/Classes/SalvageReagentSlot.lua: Lua error: ...8/addon-snapshot/CraftSim/Classes/SalvageReagentSlot.lua:8: attempt to index field 'CraftSimObject' (a nil value)
stack traceback:
	(string):1: in main chunk
[Interface/AddOns/Blizzard_ScriptErrors/Blizzard_ScriptErrors.lua]:59: in function 'GetErrorData'
[Interface/AddOns/Blizzard_ScriptErrors/Blizzard_ScriptErrors.lua]:72: in function <[Interface/AddOns/Blizzard_ScriptErrors/Blizzard_ScriptErrors.lua]:71>

Lua error: @/home/osso/.worktrees/wow-ui-sim-p510-page/data/patch-api/evidence/5.1.0-session-2026-10-08/addon-snapshot/CraftSim/Classes/SpecializationData.lua: Lua error: ...ssion-2026-10-08/addon-snapshot/CraftSim/Debug/Debug.lua:60: attempt to index upvalue 'LibLog' (a nil value)
stack traceback:
	(string):1: in main chunk
Lua error: Lua Error: @/home/osso/.worktrees/wow-ui-sim-p510-page/data/patch-api/evidence/5.1.0-session-2026-10-08/addon-snapshot/CraftSim/Classes/SpecializationData.lua: Lua error: ...ssion-2026-10-08/addon-snapshot/CraftSim/Debug/Debug.lua:60: attempt to index upvalue 'LibLog' (a nil value)
stack traceback:
	(string):1: in main chunk
[Interface/AddOns/Blizzard_ScriptErrors/Blizzard_ScriptErrors.lua]:59: in function 'GetErrorData'
[Interface/AddOns/Blizzard_ScriptErrors/Blizzard_ScriptErrors.lua]:72: in function <[Interface/AddOns/Blizzard_ScriptErrors/Blizzard_ScriptErrors.lua]:71>

Lua error: @/home/osso/.worktrees/wow-ui-sim-p510-page/data/patch-api/evidence/5.1.0-session-2026-10-08/addon-snapshot/CraftSim/Classes/NodeData.lua: Lua error: ...-2026-10-08/addon-snapshot/CraftSim/Classes/NodeData.lua:6: attempt to index local 'GUTIL' (a nil value)
stack traceback:
	(string):1: in main chunk
Lua error: Lua Error: @/home/osso/.worktrees/wow-ui-sim-p510-page/data/patch-api/evidence/5.1.0-session-2026-10-08/addon-snapshot/CraftSim/Classes/NodeData.lua: Lua error: ...-2026-10-08/addon-snapshot/CraftSim/Classes/NodeData.lua:6: attempt to index local 'GUTIL' (a nil value)
stack traceback:
	(string):1: in main chunk
[Interface/AddOns/Blizzard_ScriptErrors/Blizzard_ScriptErrors.lua]:59: in function 'GetErrorData'
[Interface/AddOns/Blizzard_ScriptErrors/Blizzard_ScriptErrors.lua]:72: in function <[Interface/AddOns/Blizzard_ScriptErrors/Blizzard_ScriptErrors.lua]:71>

Lua error: @/home/osso/.worktrees/wow-ui-sim-p510-page/data/patch-api/evidence/5.1.0-session-2026-10-08/addon-snapshot/CraftSim/Classes/PerkData.lua: Lua error: ...ssion-2026-10-08/addon-snapshot/CraftSim/Debug/Debug.lua:60: attempt to index upvalue 'LibLog' (a nil value)
stack traceback:
	(string):1: in main chunk
Lua error: Lua Error: @/home/osso/.worktrees/wow-ui-sim-p510-page/data/patch-api/evidence/5.1.0-session-2026-10-08/addon-snapshot/CraftSim/Classes/PerkData.lua: Lua error: ...ssion-2026-10-08/addon-snapshot/CraftSim/Debug/Debug.lua:60: attempt to index upvalue 'LibLog' (a nil value)
stack traceback:
	(string):1: in main chunk
[Interface/AddOns/Blizzard_ScriptErrors/Blizzard_ScriptErrors.lua]:59: in function 'GetErrorData'
[Interface/AddOns/Blizzard_ScriptErrors/Blizzard_ScriptErrors.lua]:72: in function <[Interface/AddOns/Blizzard_ScriptErrors/Blizzard_ScriptErrors.lua]:71>

Lua error: @/home/osso/.worktrees/wow-ui-sim-p510-page/data/patch-api/evidence/5.1.0-session-2026-10-08/addon-snapshot/CraftSim/Classes/CraftRecipeData.lua: Lua error: ...0-08/addon-snapshot/CraftSim/Classes/CraftRecipeData.lua:65: attempt to index field 'CraftSimObject' (a nil value)
stack traceback:
	(string):1: in main chunk
Lua error: Lua Error: @/home/osso/.worktrees/wow-ui-sim-p510-page/data/patch-api/evidence/5.1.0-session-2026-10-08/addon-snapshot/CraftSim/Classes/CraftRecipeData.lua: Lua error: ...0-08/addon-snapshot/CraftSim/Classes/CraftRecipeData.lua:65: attempt to index field 'CraftSimObject' (a nil value)
stack traceback:
	(string):1: in main chunk
[Interface/AddOns/Blizzard_ScriptErrors/Blizzard_ScriptErrors.lua]:59: in function 'GetErrorData'
[Interface/AddOns/Blizzard_ScriptErrors/Blizzard_ScriptErrors.lua]:72: in function <[Interface/AddOns/Blizzard_ScriptErrors/Blizzard_ScriptErrors.lua]:71>

Lua error: @/home/osso/.worktrees/wow-ui-sim-p510-page/data/patch-api/evidence/5.1.0-session-2026-10-08/addon-snapshot/CraftSim/Classes/JSONBuilder.lua: Lua error: ...26-10-08/addon-snapshot/CraftSim/Classes/JSONBuilder.lua:7: attempt to index field 'CraftSimObject' (a nil value)
stack traceback:
	(string):1: in main chunk
Lua error: Lua Error: @/home/osso/.worktrees/wow-ui-sim-p510-page/data/patch-api/evidence/5.1.0-session-2026-10-08/addon-snapshot/CraftSim/Classes/JSONBuilder.lua: Lua error: ...26-10-08/addon-snapshot/CraftSim/Classes/JSONBuilder.lua:7: attempt to index field 'CraftSimObject' (a nil value)
stack traceback:
	(string):1: in main chunk
[Interface/AddOns/Blizzard_ScriptErrors/Blizzard_ScriptErrors.lua]:59: in function 'GetErrorData'
[Interface/AddOns/Blizzard_ScriptErrors/Blizzard_ScriptErrors.lua]:72: in function <[Interface/AddOns/Blizzard_ScriptErrors/Blizzard_ScriptErrors.lua]:71>

Lua error: @/home/osso/.worktrees/wow-ui-sim-p510-page/data/patch-api/evidence/5.1.0-session-2026-10-08/addon-snapshot/CraftSim/Classes/Buff.lua: Lua error: ...ssion-2026-10-08/addon-snapshot/CraftSim/Debug/Debug.lua:60: attempt to index upvalue 'LibLog' (a nil value)
stack traceback:
	(string):1: in main chunk
Lua error: Lua Error: @/home/osso/.worktrees/wow-ui-sim-p510-page/data/patch-api/evidence/5.1.0-session-2026-10-08/addon-snapshot/CraftSim/Classes/Buff.lua: Lua error: ...ssion-2026-10-08/addon-snapshot/CraftSim/Debug/Debug.lua:60: attempt to index upvalue 'LibLog' (a nil value)
stack traceback:
	(string):1: in main chunk
[Interface/AddOns/Blizzard_ScriptErrors/Blizzard_ScriptErrors.lua]:59: in function 'GetErrorData'
[Interface/AddOns/Blizzard_ScriptErrors/Blizzard_ScriptErrors.lua]:72: in function <[Interface/AddOns/Blizzard_ScriptErrors/Blizzard_ScriptErrors.lua]:71>

Lua error: @/home/osso/.worktrees/wow-ui-sim-p510-page/data/patch-api/evidence/5.1.0-session-2026-10-08/addon-snapshot/CraftSim/Classes/CraftQueue.lua: Lua error: ...026-10-08/addon-snapshot/CraftSim/Classes/CraftQueue.lua:7: attempt to index field 'CraftSimObject' (a nil value)
stack traceback:
	(string):1: in main chunk
Lua error: Lua Error: @/home/osso/.worktrees/wow-ui-sim-p510-page/data/patch-api/evidence/5.1.0-session-2026-10-08/addon-snapshot/CraftSim/Classes/CraftQueue.lua: Lua error: ...026-10-08/addon-snapshot/CraftSim/Classes/CraftQueue.lua:7: attempt to index field 'CraftSimObject' (a nil value)
stack traceback:
	(string):1: in main chunk
[Interface/AddOns/Blizzard_ScriptErrors/Blizzard_ScriptErrors.lua]:59: in function 'GetErrorData'
[Interface/AddOns/Blizzard_ScriptErrors/Blizzard_ScriptErrors.lua]:72: in function <[Interface/AddOns/Blizzard_ScriptErrors/Blizzard_ScriptErrors.lua]:71>

Lua error: @/home/osso/.worktrees/wow-ui-sim-p510-page/data/patch-api/evidence/5.1.0-session-2026-10-08/addon-snapshot/CraftSim/Classes/CraftQueueItem.lua: Lua error: ...10-08/addon-snapshot/CraftSim/Classes/CraftQueueItem.lua:8: attempt to index field 'CraftSimObject' (a nil value)
stack traceback:
	(string):1: in main chunk
Lua error: Lua Error: @/home/osso/.worktrees/wow-ui-sim-p510-page/data/patch-api/evidence/5.1.0-session-2026-10-08/addon-snapshot/CraftSim/Classes/CraftQueueItem.lua: Lua error: ...10-08/addon-snapshot/CraftSim/Classes/CraftQueueItem.lua:8: attempt to index field 'CraftSimObject' (a nil value)
stack traceback:
	(string):1: in main chunk
[Interface/AddOns/Blizzard_ScriptErrors/Blizzard_ScriptErrors.lua]:59: in function 'GetErrorData'
[Interface/AddOns/Blizzard_ScriptErrors/Blizzard_ScriptErrors.lua]:72: in function <[Interface/AddOns/Blizzard_ScriptErrors/Blizzard_ScriptErrors.lua]:71>

Lua error: IO error reading /home/osso/.worktrees/wow-ui-sim-p510-page/data/patch-api/evidence/5.1.0-session-2026-10-08/addon-snapshot/XIV_Databar_Continued/Libs/CallbackHandler-1.0/CallbackHandler-1.0.lua: No such file or directory (os error 2)
stack traceback:
	(string):1: in main chunk
Lua error: Lua Error: IO error reading /home/osso/.worktrees/wow-ui-sim-p510-page/data/patch-api/evidence/5.1.0-session-2026-10-08/addon-snapshot/XIV_Databar_Continued/Libs/CallbackHandler-1.0/CallbackHandler-1.0.lua: No such file or directory (os error 2)
stack traceback:
	(string):1: in main chunk
[Interface/AddOns/Blizzard_ScriptErrors/Blizzard_ScriptErrors.lua]:59: in function 'GetErrorData'
[Interface/AddOns/Blizzard_ScriptErrors/Blizzard_ScriptErrors.lua]:72: in function <[Interface/AddOns/Blizzard_ScriptErrors/Blizzard_ScriptErrors.lua]:71>

Lua error: Lua Error: IO error reading /home/osso/.worktrees/wow-ui-sim-p510-page/data/patch-api/evidence/5.1.0-session-2026-10-08/addon-snapshot/XIV_Databar_Continued/Libs/CallbackHandler-1.0/CallbackHandler-1.0.lua: No such file or directory (os error 2)
stack traceback:
	(string):1: in main chunk
[Interface/AddOns/Blizzard_ScriptErrors/Blizzard_ScriptErrors.lua]:59: in function 'GetErrorData'
[Interface/AddOns/Blizzard_ScriptErrors/Blizzard_ScriptErrors.lua]:72: in function <[Interface/AddOns/Blizzard_ScriptErrors/Blizzard_ScriptErrors.lua]:71>

Lua error: @/home/osso/.worktrees/wow-ui-sim-p510-page/data/patch-api/evidence/5.1.0-session-2026-10-08/addon-snapshot/XIV_Databar_Continued/locales/enUS.lua: Lua error: ...08/addon-snapshot/XIV_Databar_Continued/locales/enUS.lua:4: Cannot find a library instance of "AceLocale-3.0".
stack traceback:
	(string):1: in main chunk
Lua error: Lua Error: @/home/osso/.worktrees/wow-ui-sim-p510-page/data/patch-api/evidence/5.1.0-session-2026-10-08/addon-snapshot/XIV_Databar_Continued/locales/enUS.lua: Lua error: ...08/addon-snapshot/XIV_Databar_Continued/locales/enUS.lua:4: Cannot find a library instance of "AceLocale-3.0".
stack traceback:
	(string):1: in main chunk
[Interface/AddOns/Blizzard_ScriptErrors/Blizzard_ScriptErrors.lua]:59: in function 'GetErrorData'
[Interface/AddOns/Blizzard_ScriptErrors/Blizzard_ScriptErrors.lua]:72: in function <[Interface/AddOns/Blizzard_ScriptErrors/Blizzard_ScriptErrors.lua]:71>

Lua error: @/home/osso/.worktrees/wow-ui-sim-p510-page/data/patch-api/evidence/5.1.0-session-2026-10-08/addon-snapshot/XIV_Databar_Continued/core.lua: Lua error: ...2026-10-08/addon-snapshot/XIV_Databar_Continued/core.lua:6: Cannot find a library instance of "AceAddon-3.0".
stack traceback:
	(string):1: in main chunk
Lua error: Lua Error: @/home/osso/.worktrees/wow-ui-sim-p510-page/data/patch-api/evidence/5.1.0-session-2026-10-08/addon-snapshot/XIV_Databar_Continued/core.lua: Lua error: ...2026-10-08/addon-snapshot/XIV_Databar_Continued/core.lua:6: Cannot find a library instance of "AceAddon-3.0".
stack traceback:
	(string):1: in main chunk
[Interface/AddOns/Blizzard_ScriptErrors/Blizzard_ScriptErrors.lua]:59: in function 'GetErrorData'
[Interface/AddOns/Blizzard_ScriptErrors/Blizzard_ScriptErrors.lua]:72: in function <[Interface/AddOns/Blizzard_ScriptErrors/Blizzard_ScriptErrors.lua]:71>

Lua error: @/home/osso/.worktrees/wow-ui-sim-p510-page/data/patch-api/evidence/5.1.0-session-2026-10-08/addon-snapshot/XIV_Databar_Continued/options.lua: Lua error: ...6-10-08/addon-snapshot/XIV_Databar_Continued/options.lua:5: Cannot find a library instance of "AceConfig-3.0".
stack traceback:
	(string):1: in main chunk
Lua error: Lua Error: @/home/osso/.worktrees/wow-ui-sim-p510-page/data/patch-api/evidence/5.1.0-session-2026-10-08/addon-snapshot/XIV_Databar_Continued/options.lua: Lua error: ...6-10-08/addon-snapshot/XIV_Databar_Continued/options.lua:5: Cannot find a library instance of "AceConfig-3.0".
stack traceback:
	(string):1: in main chunk
[Interface/AddOns/Blizzard_ScriptErrors/Blizzard_ScriptErrors.lua]:59: in function 'GetErrorData'
[Interface/AddOns/Blizzard_ScriptErrors/Blizzard_ScriptErrors.lua]:72: in function <[Interface/AddOns/Blizzard_ScriptErrors/Blizzard_ScriptErrors.lua]:71>

Lua error: @/home/osso/.worktrees/wow-ui-sim-p510-page/data/patch-api/evidence/5.1.0-session-2026-10-08/addon-snapshot/XIV_Databar_Continued/Core/utils/changelog/Old/v1/1.0.lua: Lua error: ...IV_Databar_Continued/Core/utils/changelog/Old/v1/1.0.lua:3: attempt to index field 'Changelog' (a nil value)
stack traceback:
	(string):1: in main chunk
Lua error: Lua Error: @/home/osso/.worktrees/wow-ui-sim-p510-page/data/patch-api/evidence/5.1.0-session-2026-10-08/addon-snapshot/XIV_Databar_Continued/Core/utils/changelog/Old/v1/1.0.lua: Lua error: ...IV_Databar_Continued/Core/utils/changelog/Old/v1/1.0.lua:3: attempt to index field 'Changelog' (a nil value)
stack traceback:
	(string):1: in main chunk
[Interface/AddOns/Blizzard_ScriptErrors/Blizzard_ScriptErrors.lua]:59: in function 'GetErrorData'
[Interface/AddOns/Blizzard_ScriptErrors/Blizzard_ScriptErrors.lua]:72: in function <[Interface/AddOns/Blizzard_ScriptErrors/Blizzard_ScriptErrors.lua]:71>

Lua error: @/home/osso/.worktrees/wow-ui-sim-p510-page/data/patch-api/evidence/5.1.0-session-2026-10-08/addon-snapshot/XIV_Databar_Continued/Core/utils/mythicteleports/expansions/classic.lua: Lua error: ...tinued/Core/utils/mythicteleports/expansions/classic.lua:6: attempt to index local 'L' (a nil value)
stack traceback:
	(string):1: in main chunk
Lua error: Lua Error: @/home/osso/.worktrees/wow-ui-sim-p510-page/data/patch-api/evidence/5.1.0-session-2026-10-08/addon-snapshot/XIV_Databar_Continued/Core/utils/mythicteleports/expansions/classic.lua: Lua error: ...tinued/Core/utils/mythicteleports/expansions/classic.lua:6: attempt to index local 'L' (a nil value)
stack traceback:
	(string):1: in main chunk
[Interface/AddOns/Blizzard_ScriptErrors/Blizzard_ScriptErrors.lua]:59: in function 'GetErrorData'
[Interface/AddOns/Blizzard_ScriptErrors/Blizzard_ScriptErrors.lua]:72: in function <[Interface/AddOns/Blizzard_ScriptErrors/Blizzard_ScriptErrors.lua]:71>


=== Addon loading summary (before startup events) ===
Loaded: 28/47 addons
Failed during loading: 26
Load failures: 3
Loaded with Lua errors during loading: 23
Total: 205 Lua files, 11 XML files, 620 warnings
Total time: 783.98ms
  IO:         50.39ms (6.4%)
  XML parse:  14.49ms (1.8%)
  XML proc:   7.76ms (1.0%)
  XML frames: 1.98ms (0.3%, subset of XML proc)
    setup:  1.63ms  (code_build=11.92µs exec_lua=1.62ms props=5.74µs)
    finalize: 149.58µs  (layers=491.00ns anim=240.00ns button=3.77µs lifecycle=139.30µs)
    1 frames, 0 textures, 0 fontstrings, 1 lifecycle fires
  Lua exec:   711.32ms (90.7%)
    compile:  596.98ms (76.1%, subset of Lua exec)
    call:     114.34ms (14.6%, subset of Lua exec)
  SavedVars:  9.69µs (0.0%)
Bytecode cache: 0/430 hits (0%, lookup_miss=0 replay_fail=0 stored=0 store_fail=0)

Slowest addons:
  136.7ms  DandersFrames (lua=129.2ms compile=111.6ms call=17.6ms sv=250.0ns xml=0.0ns)
  131.8ms  CraftSim (lua=117.6ms compile=92.0ms call=25.6ms sv=281.0ns xml=0.0ns)
   76.4ms  BetterBlizzFrames (lua=73.6ms compile=68.3ms call=5.3ms sv=120.0ns xml=160.6µs)
   66.9ms  Leatrix_Plus (lua=65.3ms compile=63.3ms call=2.1ms sv=931.0ns xml=462.4µs)
   62.0ms  Plumber (lua=55.0ms compile=43.3ms call=11.8ms sv=821.0ns xml=4.5ms)
   52.9ms  EnhanceQoL (lua=46.9ms compile=40.2ms call=6.7ms sv=361.0ns xml=2.1ms)
   34.9ms  ItemVersion (lua=34.1ms compile=31.3ms call=2.8ms sv=331.0ns xml=0.0ns)
   29.5ms  BossHelper (lua=25.9ms compile=20.4ms call=5.5ms sv=261.0ns xml=0.0ns)
   26.6ms  Leatrix_Maps (lua=25.5ms compile=25.0ms call=531.9µs sv=571.0ns xml=437.4µs)
   25.1ms  SavedInstances (lua=23.6ms compile=20.0ms call=3.6ms sv=281.0ns xml=0.0ns)
[  4.855s] [Startup] end load third-party addons in 1.02s
[  4.855s] [Startup] begin sync addon names to Lua
[  4.855s] [Startup] end sync addon names to Lua in 577.69µs
[  4.855s] [Startup] applying post-load workarounds
[  4.855s] [Startup] apply_post_load_workarounds: begin
[  4.855s] [Workarounds] starting patch_edit_mode_manager
[  4.855s] [Workarounds] finished patch_edit_mode_manager in 403.12µs
[  4.855s] [Workarounds] starting init_edit_mode_layout
[  4.855s] [EditMode] starting setup_layout_info
[  4.860s] [EditMode] finished setup_layout_info in 4.83ms
[  4.860s] [EditMode] starting apply_system_anchors
[  5.027s] [EditMode] finished apply_system_anchors in 166.75ms
[  5.027s] [EditMode] starting finalize_action_bar_positions
[  5.030s] [EditMode] finished finalize_action_bar_positions in 2.83ms
[  5.030s] [EditMode] starting invoke_anchor_changed_hooks
[  5.036s] [EditMode] finished invoke_anchor_changed_hooks in 5.96ms
[  5.036s] [EditMode] starting fix_action_bar_nan_size
[  5.036s] [EditMode] finished fix_action_bar_nan_size in 76.69µs
[  5.036s] [EditMode] starting fix_action_bar_scale
[  5.036s] [EditMode] finished fix_action_bar_scale in 8.68µs
[  5.036s] [Workarounds] finished init_edit_mode_layout in 180.62ms
[  5.036s] [Workarounds] starting patch_ui_parent_panel_toggles
[  5.036s] [Workarounds] finished patch_ui_parent_panel_toggles in 240.14µs
[  5.036s] [Workarounds] starting patch_uiparent_onupdate_worklists
[  5.036s] [Workarounds] finished patch_uiparent_onupdate_worklists in 113.27µs
[  5.036s] [Workarounds] starting init_chat_type_colors
[  5.037s] [Workarounds] finished init_chat_type_colors in 157.10µs
[  5.037s] [Workarounds] starting patch_chat_voice_button_surface
[  5.037s] [Workarounds] finished patch_chat_voice_button_surface in 332.00µs
[  5.037s] [Workarounds] starting patch_item_socketing_tooltips
[  5.037s] [Workarounds] finished patch_item_socketing_tooltips in 65.35µs
[  5.037s] [Workarounds] starting patch_character_select_selected_name
[  5.037s] [Workarounds] finished patch_character_select_selected_name in 36.30µs
[  5.037s] [Workarounds] starting patch_character_create_defaults
[  5.037s] [Workarounds] finished patch_character_create_defaults in 245.75µs
[  5.037s] [Workarounds] starting patch_character_frame_title_refresh
[  5.045s] [Workarounds] finished patch_character_frame_title_refresh in 7.78ms
[  5.045s] [Workarounds] starting patch_vignette_pin_template
[  5.045s] [Workarounds] finished patch_vignette_pin_template in 166.13µs
[  5.045s] [Workarounds] starting patch_fog_of_war_pin_mixin
[  5.045s] [Workarounds] finished patch_fog_of_war_pin_mixin in 303.34µs
[  5.046s] [Workarounds] starting patch_map_exploration_pin_mixin
[  5.046s] [Workarounds] finished patch_map_exploration_pin_mixin in 364.99µs
[  5.046s] [Workarounds] starting patch_map_canvas_data_provider_attachment
[  5.046s] [Workarounds] finished patch_map_canvas_data_provider_attachment in 64.18µs
[  5.046s] [Workarounds] starting ensure_adventure_map_frame_surface
[  5.046s] [Workarounds] finished ensure_adventure_map_frame_surface in 154.47µs
[  5.046s] [Workarounds] starting patch_action_bar_button_event_fanout
[  5.046s] [Workarounds] finished patch_action_bar_button_event_fanout in 137.93µs
[  5.046s] [Workarounds] starting patch_paging_controls_page_text
[  5.046s] [Workarounds] finished patch_paging_controls_page_text in 48.05µs
[  5.046s] [Workarounds] starting patch_talent_edge_frame_level_sync
[  5.046s] [Workarounds] finished patch_talent_edge_frame_level_sync in 31.12µs
[  5.046s] [Workarounds] starting patch_catalog_shop_product_card_defaults
[  5.046s] [Workarounds] finished patch_catalog_shop_product_card_defaults in 69.60µs
[  5.046s] [Workarounds] starting patch_game_time_defaults
[  5.046s] [Workarounds] finished patch_game_time_defaults in 9.14µs
[  5.046s] [Workarounds] starting patch_tooltip_nineslice_surface
[  5.046s] [Workarounds] finished patch_tooltip_nineslice_surface in 44.94µs
[  5.046s] [Workarounds] starting patch_container_frame_token_tracker
[  5.047s] [Workarounds] finished patch_container_frame_token_tracker in 39.75µs
[  5.047s] [Workarounds] starting patch_achievement_display_set_achievements
[  5.047s] [Workarounds] finished patch_achievement_display_set_achievements in 9.14µs
[  5.047s] [Workarounds] starting patch_housing_dashboard_preload
[  5.047s] [Workarounds] finished patch_housing_dashboard_preload in 178.47µs
[  5.047s] [Workarounds] starting patch_lfg_lock_list
[  5.047s] [Workarounds] finished patch_lfg_lock_list in 7.28µs
[  5.047s] [Workarounds] starting patch_auction_house_browse_results_event
[  5.047s] [Workarounds] finished patch_auction_house_browse_results_event in 73.72µs
[  5.047s] [Workarounds] starting patch_auction_house_search_context_aliases
[  5.047s] [Workarounds] finished patch_auction_house_search_context_aliases in 32.33µs
[  5.047s] [Workarounds] starting patch_auth_challenge_frame_parent
[  5.047s] [Workarounds] finished patch_auth_challenge_frame_parent in 47.65µs
[  5.047s] [Workarounds] starting patch_settings_surface_defaults
[  5.047s] [Workarounds] finished patch_settings_surface_defaults in 372.61µs
[  5.047s] [Workarounds] starting patch_settings_canvas_layout_visibility
[  5.047s] [Workarounds] finished patch_settings_canvas_layout_visibility in 122.59µs
[  5.047s] [Startup] apply_post_load_workarounds: workarounds complete
[  5.150s] [Startup] apply_post_load_workarounds: globals restored
[  5.151s] [Startup] apply_post_load_workarounds: patch 12.1 compatibility restored
[  5.151s] [Startup] apply_post_load_workarounds: seterrorhandler restored
[  5.151s] [Startup] post-load workarounds complete in 295.88ms
[  5.151s] [Startup] restarting GC after bootstrap
[  5.451s] [Startup] GC restart complete in 299.59ms
=== Final observed Lua error summary ===
Status: FAILED
Lua errors: 497 unique, 511 occurrence(s)
Attributed owners: 27
  AdvancedInterfaceOptions: 6 occurrence(s)
  AstralKeys: 18 occurrence(s)
  BetterBlizzFrames: 12 occurrence(s)
  BlizzMove: 10 occurrence(s)
  BossHelper: 20 occurrence(s)
  BugSack: 2 occurrence(s)
  Chattynator: 28 occurrence(s)
  Clicked: 22 occurrence(s)
  Collectionator: 1 occurrence(s)
  CraftSim: 158 occurrence(s)
  CursorRing: 16 occurrence(s)
  DandersFrames: 14 occurrence(s)
  DeModal: 2 occurrence(s)
  Dejunk: 2 occurrence(s)
  DialogueUI: 22 occurrence(s)
  EXBOSS-LocaleBase: 1 occurrence(s)
  EllesmereUICooldownManager: 1 occurrence(s)
  EnhanceQoL: 32 occurrence(s)
  Falcon: 10 occurrence(s)
  InTime: 4 occurrence(s)
  ItemVersion: 12 occurrence(s)
  Leatrix_Plus: 4 occurrence(s)
  Plumber: 50 occurrence(s)
  SavedInstances: 24 occurrence(s)
  Simulationcraft: 6 occurrence(s)
  Syndicator: 16 occurrence(s)
  XIV_Databar_Continued: 14 occurrence(s)
Unattributed Lua errors: 4 occurrence(s)
[
  {
    "message": "@/home/osso/.worktrees/wow-ui-sim-p510-page/data/patch-api/evidence/5.1.0-session-2026-10-08/addon-snapshot/AdvancedInterfaceOptions/cvars.lua: Lua error: ...-10-08/addon-snapshot/AdvancedInterfaceOptions/cvars.lua:1165: attempt to call local '(for state)' (a nil value)\nstack traceback:\n\t(string):1: in main chunk",
    "count": 1
  },
  {
    "message": "Lua Error: @/home/osso/.worktrees/wow-ui-sim-p510-page/data/patch-api/evidence/5.1.0-session-2026-10-08/addon-snapshot/AdvancedInterfaceOptions/cvars.lua: Lua error: ...-10-08/addon-snapshot/AdvancedInterfaceOptions/cvars.lua:1165: attempt to call local '(for state)' (a nil value)\nstack traceback:\n\t(string):1: in main chunk\n[Interface/AddOns/Blizzard_ScriptErrors/Blizzard_ScriptErrors.lua]:59: in function 'GetErrorData'\n[Interface/AddOns/Blizzard_ScriptErrors/Blizzard_ScriptErrors.lua]:72: in function <[Interface/AddOns/Blizzard_ScriptErrors/Blizzard_ScriptErrors.lua]:71>",
    "count": 1
  },
  {
    "message": "@/home/osso/.worktrees/wow-ui-sim-p510-page/data/patch-api/evidence/5.1.0-session-2026-10-08/addon-snapshot/AdvancedInterfaceOptions/browser.lua: Lua error: ...0-08/addon-snapshot/AdvancedInterfaceOptions/browser.lua:2: attempt to call method 'Eve' (a nil value)\nstack traceback:\n\t(string):1: in main chunk",
    "count": 1
  },
  {
    "message": "Lua Error: @/home/osso/.worktrees/wow-ui-sim-p510-page/data/patch-api/evidence/5.1.0-session-2026-10-08/addon-snapshot/AdvancedInterfaceOptions/browser.lua: Lua error: ...0-08/addon-snapshot/AdvancedInterfaceOptions/browser.lua:2: attempt to call method 'Eve' (a nil value)\nstack traceback:\n\t(string):1: in main chunk\n[Interface/AddOns/Blizzard_ScriptErrors/Blizzard_ScriptErrors.lua]:59: in function 'GetErrorData'\n[Interface/AddOns/Blizzard_ScriptErrors/Blizzard_ScriptErrors.lua]:72: in function <[Interface/AddOns/Blizzard_ScriptErrors/Blizzard_ScriptErrors.lua]:71>",
    "count": 1
  },
  {
    "message": "@/home/osso/.worktrees/wow-ui-sim-p510-page/data/patch-api/evidence/5.1.0-session-2026-10-08/addon-snapshot/AdvancedInterfaceOptions/basicOptions.lua: Lua error: ...addon-snapshot/AdvancedInterfaceOptions/basicOptions.lua:2: attempt to call method 'Eve' (a nil value)\nstack traceback:\n\t(string):1: in main chunk",
    "count": 1
  },
  {
    "message": "Lua Error: @/home/osso/.worktrees/wow-ui-sim-p510-page/data/patch-api/evidence/5.1.0-session-2026-10-08/addon-snapshot/AdvancedInterfaceOptions/basicOptions.lua: Lua error: ...addon-snapshot/AdvancedInterfaceOptions/basicOptions.lua:2: attempt to call method 'Eve' (a nil value)\nstack traceback:\n\t(string):1: in main chunk\n[Interface/AddOns/Blizzard_ScriptErrors/Blizzard_ScriptErrors.lua]:59: in function 'GetErrorData'\n[Interface/AddOns/Blizzard_ScriptErrors/Blizzard_ScriptErrors.lua]:72: in function <[Interface/AddOns/Blizzard_ScriptErrors/Blizzard_ScriptErrors.lua]:71>",
    "count": 1
  },
  {
    "message": "IO error reading /home/osso/.worktrees/wow-ui-sim-p510-page/data/patch-api/evidence/5.1.0-session-2026-10-08/addon-snapshot/AstralKeys/Libs/LibStub/LibStub.lua: No such file or directory (os error 2)\nstack traceback:\n\t(string):1: in main chunk",
    "count": 1
  },
  {
    "message": "Lua Error: IO error reading /home/osso/.worktrees/wow-ui-sim-p510-page/data/patch-api/evidence/5.1.0-session-2026-10-08/addon-snapshot/AstralKeys/Libs/LibStub/LibStub.lua: No such file or directory (os error 2)\nstack traceback:\n\t(string):1: in main chunk\n[Interface/AddOns/Blizzard_ScriptErrors/Blizzard_ScriptErrors.lua]:59: in function 'GetErrorData'\n[Interface/AddOns/Blizzard_ScriptErrors/Blizzard_ScriptErrors.lua]:72: in function <[Interface/AddOns/Blizzard_ScriptErrors/Blizzard_ScriptErrors.lua]:71>",
    "count": 1
  },
  {
    "message": "@/home/osso/.worktrees/wow-ui-sim-p510-page/data/patch-api/evidence/5.1.0-session-2026-10-08/addon-snapshot/AstralKeys/Dialog.lua: Lua error: .../addon-snapshot/AstralKeys/Localization/Localization.lua:17: stack overflow\nstack traceback:\n\t(string):1: in main chunk",
    "count": 1
  },
  {
    "message": "Lua Error: @/home/osso/.worktrees/wow-ui-sim-p510-page/data/patch-api/evidence/5.1.0-session-2026-10-08/addon-snapshot/AstralKeys/Dialog.lua: Lua error: .../addon-snapshot/AstralKeys/Localization/Localization.lua:17: stack overflow\nstack traceback:\n\t(string):1: in main chunk\n[Interface/AddOns/Blizzard_ScriptErrors/Blizzard_ScriptErrors.lua]:59: in function 'GetErrorData'\n[Interface/AddOns/Blizzard_ScriptErrors/Blizzard_ScriptErrors.lua]:72: in function <[Interface/AddOns/Blizzard_ScriptErrors/Blizzard_ScriptErrors.lua]:71>",
    "count": 1
  },
  {
    "message": "@/home/osso/.worktrees/wow-ui-sim-p510-page/data/patch-api/evidence/5.1.0-session-2026-10-08/addon-snapshot/AstralKeys/Communications.lua: Lua error: ...-2026-10-08/addon-snapshot/AstralKeys/Communications.lua:252: attempt to index global 'AstralEvents' (a nil value)\nstack traceback:\n\t(string):1: in main chunk",
    "count": 1
  },
  {
    "message": "Lua Error: @/home/osso/.worktrees/wow-ui-sim-p510-page/data/patch-api/evidence/5.1.0-session-2026-10-08/addon-snapshot/AstralKeys/Communications.lua: Lua error: ...-2026-10-08/addon-snapshot/AstralKeys/Communications.lua:252: attempt to index global 'AstralEvents' (a nil value)\nstack traceback:\n\t(string):1: in main chunk\n[Interface/AddOns/Blizzard_ScriptErrors/Blizzard_ScriptErrors.lua]:59: in function 'GetErrorData'\n[Interface/AddOns/Blizzard_ScriptErrors/Blizzard_ScriptErrors.lua]:72: in function <[Interface/AddOns/Blizzard_ScriptErrors/Blizzard_ScriptErrors.lua]:71>",
    "count": 1
  },
  {
    "message": "@/home/osso/.worktrees/wow-ui-sim-p510-page/data/patch-api/evidence/5.1.0-session-2026-10-08/addon-snapshot/AstralKeys/Lists/Friends.lua: Lua error: ...n-2026-10-08/addon-snapshot/AstralKeys/Lists/Friends.lua:75: attempt to index global 'AstralEvents' (a nil value)\nstack traceback:\n\t(string):1: in main chunk",
    "count": 1
  },
  {
    "message": "Lua Error: @/home/osso/.worktrees/wow-ui-sim-p510-page/data/patch-api/evidence/5.1.0-session-2026-10-08/addon-snapshot/AstralKeys/Lists/Friends.lua: Lua error: ...n-2026-10-08/addon-snapshot/AstralKeys/Lists/Friends.lua:75: attempt to index global 'AstralEvents' (a nil value)\nstack traceback:\n\t(string):1: in main chunk\n[Interface/AddOns/Blizzard_ScriptErrors/Blizzard_ScriptErrors.lua]:59: in function 'GetErrorData'\n[Interface/AddOns/Blizzard_ScriptErrors/Blizzard_ScriptErrors.lua]:72: in function <[Interface/AddOns/Blizzard_ScriptErrors/Blizzard_ScriptErrors.lua]:71>",
    "count": 1
  },
  {
    "message": "@/home/osso/.worktrees/wow-ui-sim-p510-page/data/patch-api/evidence/5.1.0-session-2026-10-08/addon-snapshot/AstralKeys/Lists/Guild.lua: Lua error: ...ion-2026-10-08/addon-snapshot/AstralKeys/Lists/Guild.lua:19: attempt to index global 'AstralEvents' (a nil value)\nstack traceback:\n\t(string):1: in main chunk",
    "count": 1
  },
  {
    "message": "Lua Error: @/home/osso/.worktrees/wow-ui-sim-p510-page/data/patch-api/evidence/5.1.0-session-2026-10-08/addon-snapshot/AstralKeys/Lists/Guild.lua: Lua error: ...ion-2026-10-08/addon-snapshot/AstralKeys/Lists/Guild.lua:19: attempt to index global 'AstralEvents' (a nil value)\nstack traceback:\n\t(string):1: in main chunk\n[Interface/AddOns/Blizzard_ScriptErrors/Blizzard_ScriptErrors.lua]:59: in function 'GetErrorData'\n[Interface/AddOns/Blizzard_ScriptErrors/Blizzard_ScriptErrors.lua]:72: in function <[Interface/AddOns/Blizzard_ScriptErrors/Blizzard_ScriptErrors.lua]:71>",
    "count": 1
  },
  {
    "message": "@/home/osso/.worktrees/wow-ui-sim-p510-page/data/patch-api/evidence/5.1.0-session-2026-10-08/addon-snapshot/AstralKeys/Dungeons.lua: Lua error: .../addon-snapshot/AstralKeys/Localization/Localization.lua:17: stack overflow\nstack traceback:\n\t(string):1: in main chunk",
    "count": 1
  },
  {
    "message": "Lua Error: @/home/osso/.worktrees/wow-ui-sim-p510-page/data/patch-api/evidence/5.1.0-session-2026-10-08/addon-snapshot/AstralKeys/Dungeons.lua: Lua error: .../addon-snapshot/AstralKeys/Localization/Localization.lua:17: stack overflow\nstack traceback:\n\t(string):1: in main chunk\n[Interface/AddOns/Blizzard_ScriptErrors/Blizzard_ScriptErrors.lua]:59: in function 'GetErrorData'\n[Interface/AddOns/Blizzard_ScriptErrors/Blizzard_ScriptErrors.lua]:72: in function <[Interface/AddOns/Blizzard_ScriptErrors/Blizzard_ScriptErrors.lua]:71>",
    "count": 1
  },
  {
    "message": "@/home/osso/.worktrees/wow-ui-sim-p510-page/data/patch-api/evidence/5.1.0-session-2026-10-08/addon-snapshot/AstralKeys/AstralKeys.lua: Lua error: ...sion-2026-10-08/addon-snapshot/AstralKeys/AstralKeys.lua:93: attempt to index global 'AstralEvents' (a nil value)\nstack traceback:\n\t(string):1: in main chunk",
    "count": 1
  },
  {
    "message": "Lua Error: @/home/osso/.worktrees/wow-ui-sim-p510-page/data/patch-api/evidence/5.1.0-session-2026-10-08/addon-snapshot/AstralKeys/AstralKeys.lua: Lua error: ...sion-2026-10-08/addon-snapshot/AstralKeys/AstralKeys.lua:93: attempt to index global 'AstralEvents' (a nil value)\nstack traceback:\n\t(string):1: in main chunk\n[Interface/AddOns/Blizzard_ScriptErrors/Blizzard_ScriptErrors.lua]:59: in function 'GetErrorData'\n[Interface/AddOns/Blizzard_ScriptErrors/Blizzard_ScriptErrors.lua]:72: in function <[Interface/AddOns/Blizzard_ScriptErrors/Blizzard_ScriptErrors.lua]:71>",
    "count": 1
  },
  {
    "message": "IO error reading /home/osso/.worktrees/wow-ui-sim-p510-page/data/patch-api/evidence/5.1.0-session-2026-10-08/addon-snapshot/AstralKeys/Frame.lua: No such file or directory (os error 2)\nstack traceback:\n\t(string):1: in main chunk",
    "count": 1
  },
  {
    "message": "Lua Error: IO error reading /home/osso/.worktrees/wow-ui-sim-p510-page/data/patch-api/evidence/5.1.0-session-2026-10-08/addon-snapshot/AstralKeys/Frame.lua: No such file or directory (os error 2)\nstack traceback:\n\t(string):1: in main chunk\n[Interface/AddOns/Blizzard_ScriptErrors/Blizzard_ScriptErrors.lua]:59: in function 'GetErrorData'\n[Interface/AddOns/Blizzard_ScriptErrors/Blizzard_ScriptErrors.lua]:72: in function <[Interface/AddOns/Blizzard_ScriptErrors/Blizzard_ScriptErrors.lua]:71>",
    "count": 1
  },
  {
    "message": "@/home/osso/.worktrees/wow-ui-sim-p510-page/data/patch-api/evidence/5.1.0-session-2026-10-08/addon-snapshot/AstralKeys/MinimapButton.lua: Lua error: ...n-2026-10-08/addon-snapshot/AstralKeys/MinimapButton.lua:4: attempt to call a nil value\nstack traceback:\n\t(string):1: in main chunk",
    "count": 1
  },
  {
    "message": "Lua Error: @/home/osso/.worktrees/wow-ui-sim-p510-page/data/patch-api/evidence/5.1.0-session-2026-10-08/addon-snapshot/AstralKeys/MinimapButton.lua: Lua error: ...n-2026-10-08/addon-snapshot/AstralKeys/MinimapButton.lua:4: attempt to call a nil value\nstack traceback:\n\t(string):1: in main chunk\n[Interface/AddOns/Blizzard_ScriptErrors/Blizzard_ScriptErrors.lua]:59: in function 'GetErrorData'\n[Interface/AddOns/Blizzard_ScriptErrors/Blizzard_ScriptErrors.lua]:72: in function <[Interface/AddOns/Blizzard_ScriptErrors/Blizzard_ScriptErrors.lua]:71>",
    "count": 1
  },
  {
    "message": "IO error reading /home/osso/.worktrees/wow-ui-sim-p510-page/data/patch-api/evidence/5.1.0-session-2026-10-08/addon-snapshot/BetterBlizzFrames/libs/LibStub/LibStub.lua: No such file or directory (os error 2)\nstack traceback:\n\t(string):1: in main chunk",
    "count": 1
  },
  {
    "message": "Lua Error: IO error reading /home/osso/.worktrees/wow-ui-sim-p510-page/data/patch-api/evidence/5.1.0-session-2026-10-08/addon-snapshot/BetterBlizzFrames/libs/LibStub/LibStub.lua: No such file or directory (os error 2)\nstack traceback:\n\t(string):1: in main chunk\n[Interface/AddOns/Blizzard_ScriptErrors/Blizzard_ScriptErrors.lua]:59: in function 'GetErrorData'\n[Interface/AddOns/Blizzard_ScriptErrors/Blizzard_ScriptErrors.lua]:72: in function <[Interface/AddOns/Blizzard_ScriptErrors/Blizzard_ScriptErrors.lua]:71>",
    "count": 1
  },
  {
    "message": "@/home/osso/.worktrees/wow-ui-sim-p510-page/data/patch-api/evidence/5.1.0-session-2026-10-08/addon-snapshot/BetterBlizzFrames/shared/functions.lua: Lua error: ...08/addon-snapshot/BetterBlizzFrames/shared/functions.lua:329: attempt to call a nil value\nstack traceback:\n\t(string):1: in main chunk",
    "count": 1
  },
  {
    "message": "Lua Error: @/home/osso/.worktrees/wow-ui-sim-p510-page/data/patch-api/evidence/5.1.0-session-2026-10-08/addon-snapshot/BetterBlizzFrames/shared/functions.lua: Lua error: ...08/addon-snapshot/BetterBlizzFrames/shared/functions.lua:329: attempt to call a nil value\nstack traceback:\n\t(string):1: in main chunk\n[Interface/AddOns/Blizzard_ScriptErrors/Blizzard_ScriptErrors.lua]:59: in function 'GetErrorData'\n[Interface/AddOns/Blizzard_ScriptErrors/Blizzard_ScriptErrors.lua]:72: in function <[Interface/AddOns/Blizzard_ScriptErrors/Blizzard_ScriptErrors.lua]:71>",
    "count": 1
  },
  {
    "message": "@/home/osso/.worktrees/wow-ui-sim-p510-page/data/patch-api/evidence/5.1.0-session-2026-10-08/addon-snapshot/BetterBlizzFrames/shared/ImportExport.lua: Lua error: ...addon-snapshot/BetterBlizzFrames/shared/ImportExport.lua:2: attempt to call a nil value\nstack traceback:\n\t(string):1: in main chunk",
    "count": 1
  },
  {
    "message": "Lua Error: @/home/osso/.worktrees/wow-ui-sim-p510-page/data/patch-api/evidence/5.1.0-session-2026-10-08/addon-snapshot/BetterBlizzFrames/shared/ImportExport.lua: Lua error: ...addon-snapshot/BetterBlizzFrames/shared/ImportExport.lua:2: attempt to call a nil value\nstack traceback:\n\t(string):1: in main chunk\n[Interface/AddOns/Blizzard_ScriptErrors/Blizzard_ScriptErrors.lua]:59: in function 'GetErrorData'\n[Interface/AddOns/Blizzard_ScriptErrors/Blizzard_ScriptErrors.lua]:72: in function <[Interface/AddOns/Blizzard_ScriptErrors/Blizzard_ScriptErrors.lua]:71>",
    "count": 1
  },
  {
    "message": "@/home/osso/.worktrees/wow-ui-sim-p510-page/data/patch-api/evidence/5.1.0-session-2026-10-08/addon-snapshot/BetterBlizzFrames/retail/modules/interruptIcon.lua: Lua error: ...pshot/BetterBlizzFrames/retail/modules/interruptIcon.lua:333: attempt to call a nil value\nstack traceback:\n\t(string):1: in main chunk",
    "count": 1
  },
  {
    "message": "Lua Error: @/home/osso/.worktrees/wow-ui-sim-p510-page/data/patch-api/evidence/5.1.0-session-2026-10-08/addon-snapshot/BetterBlizzFrames/retail/modules/interruptIcon.lua: Lua error: ...pshot/BetterBlizzFrames/retail/modules/interruptIcon.lua:333: attempt to call a nil value\nstack traceback:\n\t(string):1: in main chunk\n[Interface/AddOns/Blizzard_ScriptErrors/Blizzard_ScriptErrors.lua]:59: in function 'GetErrorData'\n[Interface/AddOns/Blizzard_ScriptErrors/Blizzard_ScriptErrors.lua]:72: in function <[Interface/AddOns/Blizzard_ScriptErrors/Blizzard_ScriptErrors.lua]:71>",
    "count": 1
  },
  {
    "message": "@/home/osso/.worktrees/wow-ui-sim-p510-page/data/patch-api/evidence/5.1.0-session-2026-10-08/addon-snapshot/BetterBlizzFrames/retail/modules/prd.lua: Lua error: .../addon-snapshot/BetterBlizzFrames/retail/modules/prd.lua:1: attempt to call a nil value\nstack traceback:\n\t(string):1: in main chunk",
    "count": 1
  },
  {
    "message": "Lua Error: @/home/osso/.worktrees/wow-ui-sim-p510-page/data/patch-api/evidence/5.1.0-session-2026-10-08/addon-snapshot/BetterBlizzFrames/retail/modules/prd.lua: Lua error: .../addon-snapshot/BetterBlizzFrames/retail/modules/prd.lua:1: attempt to call a nil value\nstack traceback:\n\t(string):1: in main chunk\n[Interface/AddOns/Blizzard_ScriptErrors/Blizzard_ScriptErrors.lua]:59: in function 'GetErrorData'\n[Interface/AddOns/Blizzard_ScriptErrors/Blizzard_ScriptErrors.lua]:72: in function <[Interface/AddOns/Blizzard_ScriptErrors/Blizzard_ScriptErrors.lua]:71>",
    "count": 1
  },
  {
    "message": "@/home/osso/.worktrees/wow-ui-sim-p510-page/data/patch-api/evidence/5.1.0-session-2026-10-08/addon-snapshot/BetterBlizzFrames/retail/gui.lua: Lua error: ...26-10-08/addon-snapshot/BetterBlizzFrames/retail/gui.lua:2: attempt to index global 'LibStub' (a nil value)\nstack traceback:\n\t(string):1: in main chunk",
    "count": 1
  },
  {
    "message": "Lua Error: @/home/osso/.worktrees/wow-ui-sim-p510-page/data/patch-api/evidence/5.1.0-session-2026-10-08/addon-snapshot/BetterBlizzFrames/retail/gui.lua: Lua error: ...26-10-08/addon-snapshot/BetterBlizzFrames/retail/gui.lua:2: attempt to index global 'LibStub' (a nil value)\nstack traceback:\n\t(string):1: in main chunk\n[Interface/AddOns/Blizzard_ScriptErrors/Blizzard_ScriptErrors.lua]:59: in function 'GetErrorData'\n[Interface/AddOns/Blizzard_ScriptErrors/Blizzard_ScriptErrors.lua]:72: in function <[Interface/AddOns/Blizzard_ScriptErrors/Blizzard_ScriptErrors.lua]:71>",
    "count": 1
  },
  {
    "message": "IO error loading /home/osso/.worktrees/wow-ui-sim-p510-page/data/patch-api/evidence/5.1.0-session-2026-10-08/addon-snapshot/BlizzMove/Libs/CallbackHandler-1.0/CallbackHandler-1.0.xml: No such file or directory (os error 2)\nstack traceback:\n\t(string):1: in main chunk",
    "count": 1
  },
  {
    "message": "Lua Error: IO error loading /home/osso/.worktrees/wow-ui-sim-p510-page/data/patch-api/evidence/5.1.0-session-2026-10-08/addon-snapshot/BlizzMove/Libs/CallbackHandler-1.0/CallbackHandler-1.0.xml: No such file or directory (os error 2)\nstack traceback:\n\t(string):1: in main chunk\n[Interface/AddOns/Blizzard_ScriptErrors/Blizzard_ScriptErrors.lua]:59: in function 'GetErrorData'\n[Interface/AddOns/Blizzard_ScriptErrors/Blizzard_ScriptErrors.lua]:72: in function <[Interface/AddOns/Blizzard_ScriptErrors/Blizzard_ScriptErrors.lua]:71>",
    "count": 1
  },
  {
    "message": "XML error: IO error loading /home/osso/.worktrees/wow-ui-sim-p510-page/data/patch-api/evidence/5.1.0-session-2026-10-08/addon-snapshot/BlizzMove/Libs/CallbackHandler-1.0/CallbackHandler-1.0.xml: No such file or directory (os error 2)\nstack traceback:\n\t(string):1: in main chunk",
    "count": 1
  },
  {
    "message": "Lua Error: XML error: IO error loading /home/osso/.worktrees/wow-ui-sim-p510-page/data/patch-api/evidence/5.1.0-session-2026-10-08/addon-snapshot/BlizzMove/Libs/CallbackHandler-1.0/CallbackHandler-1.0.xml: No such file or directory (os error 2)\nstack traceback:\n\t(string):1: in main chunk\n[Interface/AddOns/Blizzard_ScriptErrors/Blizzard_ScriptErrors.lua]:59: in function 'GetErrorData'\n[Interface/AddOns/Blizzard_ScriptErrors/Blizzard_ScriptErrors.lua]:72: in function <[Interface/AddOns/Blizzard_ScriptErrors/Blizzard_ScriptErrors.lua]:71>",
    "count": 1
  },
  {
    "message": "IO error reading /home/osso/.worktrees/wow-ui-sim-p510-page/data/patch-api/evidence/5.1.0-session-2026-10-08/addon-snapshot/BlizzMove/Locale/enUS.lua: No such file or directory (os error 2)\nstack traceback:\n\t(string):1: in main chunk",
    "count": 1
  },
  {
    "message": "Lua Error: IO error reading /home/osso/.worktrees/wow-ui-sim-p510-page/data/patch-api/evidence/5.1.0-session-2026-10-08/addon-snapshot/BlizzMove/Locale/enUS.lua: No such file or directory (os error 2)\nstack traceback:\n\t(string):1: in main chunk\n[Interface/AddOns/Blizzard_ScriptErrors/Blizzard_ScriptErrors.lua]:59: in function 'GetErrorData'\n[Interface/AddOns/Blizzard_ScriptErrors/Blizzard_ScriptErrors.lua]:72: in function <[Interface/AddOns/Blizzard_ScriptErrors/Blizzard_ScriptErrors.lua]:71>",
    "count": 1
  },
  {
    "message": "@/home/osso/.worktrees/wow-ui-sim-p510-page/data/patch-api/evidence/5.1.0-session-2026-10-08/addon-snapshot/BlizzMove/BlizzMove.lua: Lua error: ...ession-2026-10-08/addon-snapshot/BlizzMove/BlizzMove.lua:34: Cannot find a library instance of \"AceAddon-3.0\".\nstack traceback:\n\t(string):1: in main chunk",
    "count": 1
  },
  {
    "message": "Lua Error: @/home/osso/.worktrees/wow-ui-sim-p510-page/data/patch-api/evidence/5.1.0-session-2026-10-08/addon-snapshot/BlizzMove/BlizzMove.lua: Lua error: ...ession-2026-10-08/addon-snapshot/BlizzMove/BlizzMove.lua:34: Cannot find a library instance of \"AceAddon-3.0\".\nstack traceback:\n\t(string):1: in main chunk\n[Interface/AddOns/Blizzard_ScriptErrors/Blizzard_ScriptErrors.lua]:59: in function 'GetErrorData'\n[Interface/AddOns/Blizzard_ScriptErrors/Blizzard_ScriptErrors.lua]:72: in function <[Interface/AddOns/Blizzard_ScriptErrors/Blizzard_ScriptErrors.lua]:71>",
    "count": 1
  },
  {
    "message": "@/home/osso/.worktrees/wow-ui-sim-p510-page/data/patch-api/evidence/5.1.0-session-2026-10-08/addon-snapshot/BlizzMove/BlizzMoveConfig.lua: Lua error: ...-2026-10-08/addon-snapshot/BlizzMove/BlizzMoveConfig.lua:13: Cannot find a library instance of \"AceAddon-3.0\".\nstack traceback:\n\t(string):1: in main chunk",
    "count": 1
  },
  {
    "message": "Lua Error: @/home/osso/.worktrees/wow-ui-sim-p510-page/data/patch-api/evidence/5.1.0-session-2026-10-08/addon-snapshot/BlizzMove/BlizzMoveConfig.lua: Lua error: ...-2026-10-08/addon-snapshot/BlizzMove/BlizzMoveConfig.lua:13: Cannot find a library instance of \"AceAddon-3.0\".\nstack traceback:\n\t(string):1: in main chunk\n[Interface/AddOns/Blizzard_ScriptErrors/Blizzard_ScriptErrors.lua]:59: in function 'GetErrorData'\n[Interface/AddOns/Blizzard_ScriptErrors/Blizzard_ScriptErrors.lua]:72: in function <[Interface/AddOns/Blizzard_ScriptErrors/Blizzard_ScriptErrors.lua]:71>",
    "count": 1
  },
  {
    "message": "@/home/osso/.worktrees/wow-ui-sim-p510-page/data/patch-api/evidence/5.1.0-session-2026-10-08/addon-snapshot/BossHelper/Core/BossData.lua: Lua error: ...n-2026-10-08/addon-snapshot/BossHelper/Core/BossData.lua:37: attempt to index global 'BossHelper' (a nil value)\nstack traceback:\n\t(string):1: in main chunk",
    "count": 1
  },
  {
    "message": "Lua Error: @/home/osso/.worktrees/wow-ui-sim-p510-page/data/patch-api/evidence/5.1.0-session-2026-10-08/addon-snapshot/BossHelper/Core/BossData.lua: Lua error: ...n-2026-10-08/addon-snapshot/BossHelper/Core/BossData.lua:37: attempt to index global 'BossHelper' (a nil value)\nstack traceback:\n\t(string):1: in main chunk\n[Interface/AddOns/Blizzard_ScriptErrors/Blizzard_ScriptErrors.lua]:59: in function 'GetErrorData'\n[Interface/AddOns/Blizzard_ScriptErrors/Blizzard_ScriptErrors.lua]:72: in function <[Interface/AddOns/Blizzard_ScriptErrors/Blizzard_ScriptErrors.lua]:71>",
    "count": 1
  },
  {
    "message": "@/home/osso/.worktrees/wow-ui-sim-p510-page/data/patch-api/evidence/5.1.0-session-2026-10-08/addon-snapshot/BossHelper/Core/AffixData.lua: Lua error: ...-2026-10-08/addon-snapshot/BossHelper/Core/AffixData.lua:8: attempt to index global 'BossHelper' (a nil value)\nstack traceback:\n\t(string):1: in main chunk",
    "count": 1
  },
  {
    "message": "Lua Error: @/home/osso/.worktrees/wow-ui-sim-p510-page/data/patch-api/evidence/5.1.0-session-2026-10-08/addon-snapshot/BossHelper/Core/AffixData.lua: Lua error: ...-2026-10-08/addon-snapshot/BossHelper/Core/AffixData.lua:8: attempt to index global 'BossHelper' (a nil value)\nstack traceback:\n\t(string):1: in main chunk\n[Interface/AddOns/Blizzard_ScriptErrors/Blizzard_ScriptErrors.lua]:59: in function 'GetErrorData'\n[Interface/AddOns/Blizzard_ScriptErrors/Blizzard_ScriptErrors.lua]:72: in function <[Interface/AddOns/Blizzard_ScriptErrors/Blizzard_ScriptErrors.lua]:71>",
    "count": 1
  },
  {
    "message": "@/home/osso/.worktrees/wow-ui-sim-p510-page/data/patch-api/evidence/5.1.0-session-2026-10-08/addon-snapshot/BossHelper/Core/Functions.lua: Lua error: ...-2026-10-08/addon-snapshot/BossHelper/Core/Functions.lua:10: attempt to index global 'BossHelper' (a nil value)\nstack traceback:\n\t(string):1: in main chunk",
    "count": 1
  },
  {
    "message": "Lua Error: @/home/osso/.worktrees/wow-ui-sim-p510-page/data/patch-api/evidence/5.1.0-session-2026-10-08/addon-snapshot/BossHelper/Core/Functions.lua: Lua error: ...-2026-10-08/addon-snapshot/BossHelper/Core/Functions.lua:10: attempt to index global 'BossHelper' (a nil value)\nstack traceback:\n\t(string):1: in main chunk\n[Interface/AddOns/Blizzard_ScriptErrors/Blizzard_ScriptErrors.lua]:59: in function 'GetErrorData'\n[Interface/AddOns/Blizzard_ScriptErrors/Blizzard_ScriptErrors.lua]:72: in function <[Interface/AddOns/Blizzard_ScriptErrors/Blizzard_ScriptErrors.lua]:71>",
    "count": 1
  },
  {
    "message": "@/home/osso/.worktrees/wow-ui-sim-p510-page/data/patch-api/evidence/5.1.0-session-2026-10-08/addon-snapshot/BossHelper/Core/EditModeLogic.lua: Lua error: ...6-10-08/addon-snapshot/BossHelper/Core/EditModeLogic.lua:3: attempt to index global 'BossHelper' (a nil value)\nstack traceback:\n\t(string):1: in main chunk",
    "count": 1
  },
  {
    "message": "Lua Error: @/home/osso/.worktrees/wow-ui-sim-p510-page/data/patch-api/evidence/5.1.0-session-2026-10-08/addon-snapshot/BossHelper/Core/EditModeLogic.lua: Lua error: ...6-10-08/addon-snapshot/BossHelper/Core/EditModeLogic.lua:3: attempt to index global 'BossHelper' (a nil value)\nstack traceback:\n\t(string):1: in main chunk\n[Interface/AddOns/Blizzard_ScriptErrors/Blizzard_ScriptErrors.lua]:59: in function 'GetErrorData'\n[Interface/AddOns/Blizzard_ScriptErrors/Blizzard_ScriptErrors.lua]:72: in function <[Interface/AddOns/Blizzard_ScriptErrors/Blizzard_ScriptErrors.lua]:71>",
    "count": 1
  },
  {
    "message": "@/home/osso/.worktrees/wow-ui-sim-p510-page/data/patch-api/evidence/5.1.0-session-2026-10-08/addon-snapshot/BossHelper/UI/StartPage.lua: Lua error: ...on-2026-10-08/addon-snapshot/BossHelper/UI/StartPage.lua:12: attempt to index field 'UI' (a nil value)\nstack traceback:\n\t(string):1: in main chunk",
    "count": 1
  },
  {
    "message": "Lua Error: @/home/osso/.worktrees/wow-ui-sim-p510-page/data/patch-api/evidence/5.1.0-session-2026-10-08/addon-snapshot/BossHelper/UI/StartPage.lua: Lua error: ...on-2026-10-08/addon-snapshot/BossHelper/UI/StartPage.lua:12: attempt to index field 'UI' (a nil value)\nstack traceback:\n\t(string):1: in main chunk\n[Interface/AddOns/Blizzard_ScriptErrors/Blizzard_ScriptErrors.lua]:59: in function 'GetErrorData'\n[Interface/AddOns/Blizzard_ScriptErrors/Blizzard_ScriptErrors.lua]:72: in function <[Interface/AddOns/Blizzard_ScriptErrors/Blizzard_ScriptErrors.lua]:71>",
    "count": 1
  },
  {
    "message": "@/home/osso/.worktrees/wow-ui-sim-p510-page/data/patch-api/evidence/5.1.0-session-2026-10-08/addon-snapshot/BossHelper/UI/Settings.lua: Lua error: ...ion-2026-10-08/addon-snapshot/BossHelper/UI/Settings.lua:40: attempt to index field 'UI' (a nil value)\nstack traceback:\n\t(string):1: in main chunk",
    "count": 1
  },
  {
    "message": "Lua Error: @/home/osso/.worktrees/wow-ui-sim-p510-page/data/patch-api/evidence/5.1.0-session-2026-10-08/addon-snapshot/BossHelper/UI/Settings.lua: Lua error: ...ion-2026-10-08/addon-snapshot/BossHelper/UI/Settings.lua:40: attempt to index field 'UI' (a nil value)\nstack traceback:\n\t(string):1: in main chunk\n[Interface/AddOns/Blizzard_ScriptErrors/Blizzard_ScriptErrors.lua]:59: in function 'GetErrorData'\n[Interface/AddOns/Blizzard_ScriptErrors/Blizzard_ScriptErrors.lua]:72: in function <[Interface/AddOns/Blizzard_ScriptErrors/Blizzard_ScriptErrors.lua]:71>",
    "count": 1
  },
  {
    "message": "@/home/osso/.worktrees/wow-ui-sim-p510-page/data/patch-api/evidence/5.1.0-session-2026-10-08/addon-snapshot/BossHelper/UI/EditTactics.lua: Lua error: ...-2026-10-08/addon-snapshot/BossHelper/UI/EditTactics.lua:28: attempt to index field 'UI' (a nil value)\nstack traceback:\n\t(string):1: in main chunk",
    "count": 1
  },
  {
    "message": "Lua Error: @/home/osso/.worktrees/wow-ui-sim-p510-page/data/patch-api/evidence/5.1.0-session-2026-10-08/addon-snapshot/BossHelper/UI/EditTactics.lua: Lua error: ...-2026-10-08/addon-snapshot/BossHelper/UI/EditTactics.lua:28: attempt to index field 'UI' (a nil value)\nstack traceback:\n\t(string):1: in main chunk\n[Interface/AddOns/Blizzard_ScriptErrors/Blizzard_ScriptErrors.lua]:59: in function 'GetErrorData'\n[Interface/AddOns/Blizzard_ScriptErrors/Blizzard_ScriptErrors.lua]:72: in function <[Interface/AddOns/Blizzard_ScriptErrors/Blizzard_ScriptErrors.lua]:71>",
    "count": 1
  },
  {
    "message": "@/home/osso/.worktrees/wow-ui-sim-p510-page/data/patch-api/evidence/5.1.0-session-2026-10-08/addon-snapshot/BossHelper/UI/Affixes.lua: Lua error: ...sion-2026-10-08/addon-snapshot/BossHelper/UI/Affixes.lua:10: attempt to index field 'AffixData' (a nil value)\nstack traceback:\n\t(string):1: in main chunk",
    "count": 1
  },
  {
    "message": "Lua Error: @/home/osso/.worktrees/wow-ui-sim-p510-page/data/patch-api/evidence/5.1.0-session-2026-10-08/addon-snapshot/BossHelper/UI/Affixes.lua: Lua error: ...sion-2026-10-08/addon-snapshot/BossHelper/UI/Affixes.lua:10: attempt to index field 'AffixData' (a nil value)\nstack traceback:\n\t(string):1: in main chunk\n[Interface/AddOns/Blizzard_ScriptErrors/Blizzard_ScriptErrors.lua]:59: in function 'GetErrorData'\n[Interface/AddOns/Blizzard_ScriptErrors/Blizzard_ScriptErrors.lua]:72: in function <[Interface/AddOns/Blizzard_ScriptErrors/Blizzard_ScriptErrors.lua]:71>",
    "count": 1
  },
  {
    "message": "@/home/osso/.worktrees/wow-ui-sim-p510-page/data/patch-api/evidence/5.1.0-session-2026-10-08/addon-snapshot/BossHelper/UI/QuickStart.lua: Lua error: ...n-2026-10-08/addon-snapshot/BossHelper/UI/QuickStart.lua:11: attempt to index field 'UI' (a nil value)\nstack traceback:\n\t(string):1: in main chunk",
    "count": 1
  },
  {
    "message": "Lua Error: @/home/osso/.worktrees/wow-ui-sim-p510-page/data/patch-api/evidence/5.1.0-session-2026-10-08/addon-snapshot/BossHelper/UI/QuickStart.lua: Lua error: ...n-2026-10-08/addon-snapshot/BossHelper/UI/QuickStart.lua:11: attempt to index field 'UI' (a nil value)\nstack traceback:\n\t(string):1: in main chunk\n[Interface/AddOns/Blizzard_ScriptErrors/Blizzard_ScriptErrors.lua]:59: in function 'GetErrorData'\n[Interface/AddOns/Blizzard_ScriptErrors/Blizzard_ScriptErrors.lua]:72: in function <[Interface/AddOns/Blizzard_ScriptErrors/Blizzard_ScriptErrors.lua]:71>",
    "count": 1
  },
  {
    "message": "@/home/osso/.worktrees/wow-ui-sim-p510-page/data/patch-api/evidence/5.1.0-session-2026-10-08/addon-snapshot/BossHelper/Modules/MiniWindow.lua: Lua error: ...6-10-08/addon-snapshot/BossHelper/Modules/MiniWindow.lua:97: attempt to index field 'UI' (a nil value)\nstack traceback:\n\t(string):1: in main chunk",
    "count": 1
  },
  {
    "message": "Lua Error: @/home/osso/.worktrees/wow-ui-sim-p510-page/data/patch-api/evidence/5.1.0-session-2026-10-08/addon-snapshot/BossHelper/Modules/MiniWindow.lua: Lua error: ...6-10-08/addon-snapshot/BossHelper/Modules/MiniWindow.lua:97: attempt to index field 'UI' (a nil value)\nstack traceback:\n\t(string):1: in main chunk\n[Interface/AddOns/Blizzard_ScriptErrors/Blizzard_ScriptErrors.lua]:59: in function 'GetErrorData'\n[Interface/AddOns/Blizzard_ScriptErrors/Blizzard_ScriptErrors.lua]:72: in function <[Interface/AddOns/Blizzard_ScriptErrors/Blizzard_ScriptErrors.lua]:71>",
    "count": 1
  },
  {
    "message": "IO error reading /home/osso/.worktrees/wow-ui-sim-p510-page/data/patch-api/evidence/5.1.0-session-2026-10-08/addon-snapshot/BugSack/Libs/LibStub/LibStub.lua: No such file or directory (os error 2)\nstack traceback:\n\t(string):1: in main chunk",
    "count": 1
  },
  {
    "message": "Lua Error: IO error reading /home/osso/.worktrees/wow-ui-sim-p510-page/data/patch-api/evidence/5.1.0-session-2026-10-08/addon-snapshot/BugSack/Libs/LibStub/LibStub.lua: No such file or directory (os error 2)\nstack traceback:\n\t(string):1: in main chunk\n[Interface/AddOns/Blizzard_ScriptErrors/Blizzard_ScriptErrors.lua]:59: in function 'GetErrorData'\n[Interface/AddOns/Blizzard_ScriptErrors/Blizzard_ScriptErrors.lua]:72: in function <[Interface/AddOns/Blizzard_ScriptErrors/Blizzard_ScriptErrors.lua]:71>",
    "count": 1
  },
  {
    "message": "IO error reading /home/osso/.worktrees/wow-ui-sim-p510-page/data/patch-api/evidence/5.1.0-session-2026-10-08/addon-snapshot/Chattynator/Libs/LibSharedMedia-3.0/LibSharedMedia-3.0.lua: No such file or directory (os error 2)\nstack traceback:\n\t(string):1: in main chunk",
    "count": 1
  },
  {
    "message": "Lua Error: IO error reading /home/osso/.worktrees/wow-ui-sim-p510-page/data/patch-api/evidence/5.1.0-session-2026-10-08/addon-snapshot/Chattynator/Libs/LibSharedMedia-3.0/LibSharedMedia-3.0.lua: No such file or directory (os error 2)\nstack traceback:\n\t(string):1: in main chunk\n[Interface/AddOns/Blizzard_ScriptErrors/Blizzard_ScriptErrors.lua]:59: in function 'GetErrorData'\n[Interface/AddOns/Blizzard_ScriptErrors/Blizzard_ScriptErrors.lua]:72: in function <[Interface/AddOns/Blizzard_ScriptErrors/Blizzard_ScriptErrors.lua]:71>",
    "count": 1
  },
  {
    "message": "@/home/osso/.worktrees/wow-ui-sim-p510-page/data/patch-api/evidence/5.1.0-session-2026-10-08/addon-snapshot/Chattynator/Core/Config.lua: Lua error: ...on-2026-10-08/addon-snapshot/Chattynator/Core/Config.lua:77: attempt to index field 'Constants' (a nil value)\nstack traceback:\n\t(string):1: in main chunk",
    "count": 1
  },
  {
    "message": "Lua Error: @/home/osso/.worktrees/wow-ui-sim-p510-page/data/patch-api/evidence/5.1.0-session-2026-10-08/addon-snapshot/Chattynator/Core/Config.lua: Lua error: ...on-2026-10-08/addon-snapshot/Chattynator/Core/Config.lua:77: attempt to index field 'Constants' (a nil value)\nstack traceback:\n\t(string):1: in main chunk\n[Interface/AddOns/Blizzard_ScriptErrors/Blizzard_ScriptErrors.lua]:59: in function 'GetErrorData'\n[Interface/AddOns/Blizzard_ScriptErrors/Blizzard_ScriptErrors.lua]:72: in function <[Interface/AddOns/Blizzard_ScriptErrors/Blizzard_ScriptErrors.lua]:71>",
    "count": 1
  },
  {
    "message": "@/home/osso/.worktrees/wow-ui-sim-p510-page/data/patch-api/evidence/5.1.0-session-2026-10-08/addon-snapshot/Chattynator/Core/Utilities.lua: Lua error: ...2026-10-08/addon-snapshot/Chattynator/Core/Utilities.lua:4: attempt to index field 'Utilities' (a nil value)\nstack traceback:\n\t(string):1: in main chunk",
    "count": 1
  },
  {
    "message": "Lua Error: @/home/osso/.worktrees/wow-ui-sim-p510-page/data/patch-api/evidence/5.1.0-session-2026-10-08/addon-snapshot/Chattynator/Core/Utilities.lua: Lua error: ...2026-10-08/addon-snapshot/Chattynator/Core/Utilities.lua:4: attempt to index field 'Utilities' (a nil value)\nstack traceback:\n\t(string):1: in main chunk\n[Interface/AddOns/Blizzard_ScriptErrors/Blizzard_ScriptErrors.lua]:59: in function 'GetErrorData'\n[Interface/AddOns/Blizzard_ScriptErrors/Blizzard_ScriptErrors.lua]:72: in function <[Interface/AddOns/Blizzard_ScriptErrors/Blizzard_ScriptErrors.lua]:71>",
    "count": 1
  },
  {
    "message": "@/home/osso/.worktrees/wow-ui-sim-p510-page/data/patch-api/evidence/5.1.0-session-2026-10-08/addon-snapshot/Chattynator/Core/Fonts.lua: Lua error: ...ion-2026-10-08/addon-snapshot/Chattynator/Core/Fonts.lua:4: Cannot find a library instance of \"LibSharedMedia-3.0\".\nstack traceback:\n\t(string):1: in main chunk",
    "count": 1
  },
  {
    "message": "Lua Error: @/home/osso/.worktrees/wow-ui-sim-p510-page/data/patch-api/evidence/5.1.0-session-2026-10-08/addon-snapshot/Chattynator/Core/Fonts.lua: Lua error: ...ion-2026-10-08/addon-snapshot/Chattynator/Core/Fonts.lua:4: Cannot find a library instance of \"LibSharedMedia-3.0\".\nstack traceback:\n\t(string):1: in main chunk\n[Interface/AddOns/Blizzard_ScriptErrors/Blizzard_ScriptErrors.lua]:59: in function 'GetErrorData'\n[Interface/AddOns/Blizzard_ScriptErrors/Blizzard_ScriptErrors.lua]:72: in function <[Interface/AddOns/Blizzard_ScriptErrors/Blizzard_ScriptErrors.lua]:71>",
    "count": 1
  },
  {
    "message": "@/home/osso/.worktrees/wow-ui-sim-p510-page/data/patch-api/evidence/5.1.0-session-2026-10-08/addon-snapshot/Chattynator/Core/Overrides.lua: Lua error: ...2026-10-08/addon-snapshot/Chattynator/Core/Overrides.lua:4: attempt to index field 'Core' (a nil value)\nstack traceback:\n\t(string):1: in main chunk",
    "count": 1
  },
  {
    "message": "Lua Error: @/home/osso/.worktrees/wow-ui-sim-p510-page/data/patch-api/evidence/5.1.0-session-2026-10-08/addon-snapshot/Chattynator/Core/Overrides.lua: Lua error: ...2026-10-08/addon-snapshot/Chattynator/Core/Overrides.lua:4: attempt to index field 'Core' (a nil value)\nstack traceback:\n\t(string):1: in main chunk\n[Interface/AddOns/Blizzard_ScriptErrors/Blizzard_ScriptErrors.lua]:59: in function 'GetErrorData'\n[Interface/AddOns/Blizzard_ScriptErrors/Blizzard_ScriptErrors.lua]:72: in function <[Interface/AddOns/Blizzard_ScriptErrors/Blizzard_ScriptErrors.lua]:71>",
    "count": 1
  },
  {
    "message": "@/home/osso/.worktrees/wow-ui-sim-p510-page/data/patch-api/evidence/5.1.0-session-2026-10-08/addon-snapshot/Chattynator/Core/Initialize.lua: Lua error: ...026-10-08/addon-snapshot/Chattynator/Core/Initialize.lua:6: attempt to index field 'Constants' (a nil value)\nstack traceback:\n\t(string):1: in main chunk",
    "count": 1
  },
  {
    "message": "Lua Error: @/home/osso/.worktrees/wow-ui-sim-p510-page/data/patch-api/evidence/5.1.0-session-2026-10-08/addon-snapshot/Chattynator/Core/Initialize.lua: Lua error: ...026-10-08/addon-snapshot/Chattynator/Core/Initialize.lua:6: attempt to index field 'Constants' (a nil value)\nstack traceback:\n\t(string):1: in main chunk\n[Interface/AddOns/Blizzard_ScriptErrors/Blizzard_ScriptErrors.lua]:59: in function 'GetErrorData'\n[Interface/AddOns/Blizzard_ScriptErrors/Blizzard_ScriptErrors.lua]:72: in function <[Interface/AddOns/Blizzard_ScriptErrors/Blizzard_ScriptErrors.lua]:71>",
    "count": 1
  },
  {
    "message": "@/home/osso/.worktrees/wow-ui-sim-p510-page/data/patch-api/evidence/5.1.0-session-2026-10-08/addon-snapshot/Chattynator/Display/Tabs.lua: Lua error: ...n-2026-10-08/addon-snapshot/Chattynator/Display/Tabs.lua:23: attempt to index field 'Display' (a nil value)\nstack traceback:\n\t(string):1: in main chunk",
    "count": 1
  },
  {
    "message": "Lua Error: @/home/osso/.worktrees/wow-ui-sim-p510-page/data/patch-api/evidence/5.1.0-session-2026-10-08/addon-snapshot/Chattynator/Display/Tabs.lua: Lua error: ...n-2026-10-08/addon-snapshot/Chattynator/Display/Tabs.lua:23: attempt to index field 'Display' (a nil value)\nstack traceback:\n\t(string):1: in main chunk\n[Interface/AddOns/Blizzard_ScriptErrors/Blizzard_ScriptErrors.lua]:59: in function 'GetErrorData'\n[Interface/AddOns/Blizzard_ScriptErrors/Blizzard_ScriptErrors.lua]:72: in function <[Interface/AddOns/Blizzard_ScriptErrors/Blizzard_ScriptErrors.lua]:71>",
    "count": 1
  },
  {
    "message": "@/home/osso/.worktrees/wow-ui-sim-p510-page/data/patch-api/evidence/5.1.0-session-2026-10-08/addon-snapshot/Chattynator/Modifiers/URLs.lua: Lua error: ...2026-10-08/addon-snapshot/Chattynator/Modifiers/URLs.lua:23: attempt to index field 'Modifiers' (a nil value)\nstack traceback:\n\t(string):1: in main chunk",
    "count": 1
  },
  {
    "message": "Lua Error: @/home/osso/.worktrees/wow-ui-sim-p510-page/data/patch-api/evidence/5.1.0-session-2026-10-08/addon-snapshot/Chattynator/Modifiers/URLs.lua: Lua error: ...2026-10-08/addon-snapshot/Chattynator/Modifiers/URLs.lua:23: attempt to index field 'Modifiers' (a nil value)\nstack traceback:\n\t(string):1: in main chunk\n[Interface/AddOns/Blizzard_ScriptErrors/Blizzard_ScriptErrors.lua]:59: in function 'GetErrorData'\n[Interface/AddOns/Blizzard_ScriptErrors/Blizzard_ScriptErrors.lua]:72: in function <[Interface/AddOns/Blizzard_ScriptErrors/Blizzard_ScriptErrors.lua]:71>",
    "count": 1
  },
  {
    "message": "@/home/osso/.worktrees/wow-ui-sim-p510-page/data/patch-api/evidence/5.1.0-session-2026-10-08/addon-snapshot/Chattynator/Modifiers/RedundantText.lua: Lua error: ...8/addon-snapshot/Chattynator/Modifiers/RedundantText.lua:37: attempt to index field 'Modifiers' (a nil value)\nstack traceback:\n\t(string):1: in main chunk",
    "count": 1
  },
  {
    "message": "Lua Error: @/home/osso/.worktrees/wow-ui-sim-p510-page/data/patch-api/evidence/5.1.0-session-2026-10-08/addon-snapshot/Chattynator/Modifiers/RedundantText.lua: Lua error: ...8/addon-snapshot/Chattynator/Modifiers/RedundantText.lua:37: attempt to index field 'Modifiers' (a nil value)\nstack traceback:\n\t(string):1: in main chunk\n[Interface/AddOns/Blizzard_ScriptErrors/Blizzard_ScriptErrors.lua]:59: in function 'GetErrorData'\n[Interface/AddOns/Blizzard_ScriptErrors/Blizzard_ScriptErrors.lua]:72: in function <[Interface/AddOns/Blizzard_ScriptErrors/Blizzard_ScriptErrors.lua]:71>",
    "count": 1
  },
  {
    "message": "@/home/osso/.worktrees/wow-ui-sim-p510-page/data/patch-api/evidence/5.1.0-session-2026-10-08/addon-snapshot/Chattynator/Skins/Main.lua: Lua error: ...ion-2026-10-08/addon-snapshot/Chattynator/Skins/Main.lua:4: attempt to index field 'Skins' (a nil value)\nstack traceback:\n\t(string):1: in main chunk",
    "count": 1
  },
  {
    "message": "Lua Error: @/home/osso/.worktrees/wow-ui-sim-p510-page/data/patch-api/evidence/5.1.0-session-2026-10-08/addon-snapshot/Chattynator/Skins/Main.lua: Lua error: ...ion-2026-10-08/addon-snapshot/Chattynator/Skins/Main.lua:4: attempt to index field 'Skins' (a nil value)\nstack traceback:\n\t(string):1: in main chunk\n[Interface/AddOns/Blizzard_ScriptErrors/Blizzard_ScriptErrors.lua]:59: in function 'GetErrorData'\n[Interface/AddOns/Blizzard_ScriptErrors/Blizzard_ScriptErrors.lua]:72: in function <[Interface/AddOns/Blizzard_ScriptErrors/Blizzard_ScriptErrors.lua]:71>",
    "count": 1
  },
  {
    "message": "@/home/osso/.worktrees/wow-ui-sim-p510-page/data/patch-api/evidence/5.1.0-session-2026-10-08/addon-snapshot/Chattynator/Skins/Blizzard.lua: Lua error: ...2026-10-08/addon-snapshot/Chattynator/Skins/Blizzard.lua:294: attempt to index field 'Skins' (a nil value)\nstack traceback:\n\t(string):1: in main chunk",
    "count": 1
  },
  {
    "message": "Lua Error: @/home/osso/.worktrees/wow-ui-sim-p510-page/data/patch-api/evidence/5.1.0-session-2026-10-08/addon-snapshot/Chattynator/Skins/Blizzard.lua: Lua error: ...2026-10-08/addon-snapshot/Chattynator/Skins/Blizzard.lua:294: attempt to index field 'Skins' (a nil value)\nstack traceback:\n\t(string):1: in main chunk\n[Interface/AddOns/Blizzard_ScriptErrors/Blizzard_ScriptErrors.lua]:59: in function 'GetErrorData'\n[Interface/AddOns/Blizzard_ScriptErrors/Blizzard_ScriptErrors.lua]:72: in function <[Interface/AddOns/Blizzard_ScriptErrors/Blizzard_ScriptErrors.lua]:71>",
    "count": 1
  },
  {
    "message": "@/home/osso/.worktrees/wow-ui-sim-p510-page/data/patch-api/evidence/5.1.0-session-2026-10-08/addon-snapshot/Chattynator/Skins/Dark.lua: Lua error: ...ion-2026-10-08/addon-snapshot/Chattynator/Skins/Dark.lua:457: attempt to index field 'Skins' (a nil value)\nstack traceback:\n\t(string):1: in main chunk",
    "count": 1
  },
  {
    "message": "Lua Error: @/home/osso/.worktrees/wow-ui-sim-p510-page/data/patch-api/evidence/5.1.0-session-2026-10-08/addon-snapshot/Chattynator/Skins/Dark.lua: Lua error: ...ion-2026-10-08/addon-snapshot/Chattynator/Skins/Dark.lua:457: attempt to index field 'Skins' (a nil value)\nstack traceback:\n\t(string):1: in main chunk\n[Interface/AddOns/Blizzard_ScriptErrors/Blizzard_ScriptErrors.lua]:59: in function 'GetErrorData'\n[Interface/AddOns/Blizzard_ScriptErrors/Blizzard_ScriptErrors.lua]:72: in function <[Interface/AddOns/Blizzard_ScriptErrors/Blizzard_ScriptErrors.lua]:71>",
    "count": 1
  },
  {
    "message": "@/home/osso/.worktrees/wow-ui-sim-p510-page/data/patch-api/evidence/5.1.0-session-2026-10-08/addon-snapshot/Chattynator/CustomiseDialog/Initialize.lua: Lua error: ...ddon-snapshot/Chattynator/CustomiseDialog/Initialize.lua:5: attempt to index field 'CustomiseDialog' (a nil value)\nstack traceback:\n\t(string):1: in main chunk",
    "count": 1
  },
  {
    "message": "Lua Error: @/home/osso/.worktrees/wow-ui-sim-p510-page/data/patch-api/evidence/5.1.0-session-2026-10-08/addon-snapshot/Chattynator/CustomiseDialog/Initialize.lua: Lua error: ...ddon-snapshot/Chattynator/CustomiseDialog/Initialize.lua:5: attempt to index field 'CustomiseDialog' (a nil value)\nstack traceback:\n\t(string):1: in main chunk\n[Interface/AddOns/Blizzard_ScriptErrors/Blizzard_ScriptErrors.lua]:59: in function 'GetErrorData'\n[Interface/AddOns/Blizzard_ScriptErrors/Blizzard_ScriptErrors.lua]:72: in function <[Interface/AddOns/Blizzard_ScriptErrors/Blizzard_ScriptErrors.lua]:71>",
    "count": 1
  },
  {
    "message": "@/home/osso/.worktrees/wow-ui-sim-p510-page/data/patch-api/evidence/5.1.0-session-2026-10-08/addon-snapshot/Chattynator/CustomiseDialog/Filtering.lua: Lua error: ...addon-snapshot/Chattynator/CustomiseDialog/Filtering.lua:4: attempt to index field 'CustomiseDialog' (a nil value)\nstack traceback:\n\t(string):1: in main chunk",
    "count": 1
  },
  {
    "message": "Lua Error: @/home/osso/.worktrees/wow-ui-sim-p510-page/data/patch-api/evidence/5.1.0-session-2026-10-08/addon-snapshot/Chattynator/CustomiseDialog/Filtering.lua: Lua error: ...addon-snapshot/Chattynator/CustomiseDialog/Filtering.lua:4: attempt to index field 'CustomiseDialog' (a nil value)\nstack traceback:\n\t(string):1: in main chunk\n[Interface/AddOns/Blizzard_ScriptErrors/Blizzard_ScriptErrors.lua]:59: in function 'GetErrorData'\n[Interface/AddOns/Blizzard_ScriptErrors/Blizzard_ScriptErrors.lua]:72: in function <[Interface/AddOns/Blizzard_ScriptErrors/Blizzard_ScriptErrors.lua]:71>",
    "count": 1
  },
  {
    "message": "IO error reading /home/osso/.worktrees/wow-ui-sim-p510-page/data/patch-api/evidence/5.1.0-session-2026-10-08/addon-snapshot/Clicked/Libs/LibStub/LibStub.lua: No such file or directory (os error 2)\nstack traceback:\n\t(string):1: in main chunk",
    "count": 1
  },
  {
    "message": "Lua Error: IO error reading /home/osso/.worktrees/wow-ui-sim-p510-page/data/patch-api/evidence/5.1.0-session-2026-10-08/addon-snapshot/Clicked/Libs/LibStub/LibStub.lua: No such file or directory (os error 2)\nstack traceback:\n\t(string):1: in main chunk\n[Interface/AddOns/Blizzard_ScriptErrors/Blizzard_ScriptErrors.lua]:59: in function 'GetErrorData'\n[Interface/AddOns/Blizzard_ScriptErrors/Blizzard_ScriptErrors.lua]:72: in function <[Interface/AddOns/Blizzard_ScriptErrors/Blizzard_ScriptErrors.lua]:71>",
    "count": 1
  },
  {
    "message": "IO error reading /home/osso/.worktrees/wow-ui-sim-p510-page/data/patch-api/evidence/5.1.0-session-2026-10-08/addon-snapshot/Clicked/Widgets/AceGUIContainer-ClickedTreeGroup.lua: No such file or directory (os error 2)\nstack traceback:\n\t(string):1: in main chunk",
    "count": 1
  },
  {
    "message": "Lua Error: IO error reading /home/osso/.worktrees/wow-ui-sim-p510-page/data/patch-api/evidence/5.1.0-session-2026-10-08/addon-snapshot/Clicked/Widgets/AceGUIContainer-ClickedTreeGroup.lua: No such file or directory (os error 2)\nstack traceback:\n\t(string):1: in main chunk\n[Interface/AddOns/Blizzard_ScriptErrors/Blizzard_ScriptErrors.lua]:59: in function 'GetErrorData'\n[Interface/AddOns/Blizzard_ScriptErrors/Blizzard_ScriptErrors.lua]:72: in function <[Interface/AddOns/Blizzard_ScriptErrors/Blizzard_ScriptErrors.lua]:71>",
    "count": 1
  },
  {
    "message": "@/home/osso/.worktrees/wow-ui-sim-p510-page/data/patch-api/evidence/5.1.0-session-2026-10-08/addon-snapshot/Clicked/Core/BindingProcessor.lua: Lua error: ...6-10-08/addon-snapshot/Clicked/Core/BindingProcessor.lua:24: attempt to index global 'Clicked' (a nil value)\nstack traceback:\n\t(string):1: in main chunk",
    "count": 1
  },
  {
    "message": "Lua Error: @/home/osso/.worktrees/wow-ui-sim-p510-page/data/patch-api/evidence/5.1.0-session-2026-10-08/addon-snapshot/Clicked/Core/BindingProcessor.lua: Lua error: ...6-10-08/addon-snapshot/Clicked/Core/BindingProcessor.lua:24: attempt to index global 'Clicked' (a nil value)\nstack traceback:\n\t(string):1: in main chunk\n[Interface/AddOns/Blizzard_ScriptErrors/Blizzard_ScriptErrors.lua]:59: in function 'GetErrorData'\n[Interface/AddOns/Blizzard_ScriptErrors/Blizzard_ScriptErrors.lua]:72: in function <[Interface/AddOns/Blizzard_ScriptErrors/Blizzard_ScriptErrors.lua]:71>",
    "count": 1
  },
  {
    "message": "@/home/osso/.worktrees/wow-ui-sim-p510-page/data/patch-api/evidence/5.1.0-session-2026-10-08/addon-snapshot/Clicked/Core/LocaleUtils.lua: Lua error: ...n-2026-10-08/addon-snapshot/Clicked/Core/LocaleUtils.lua:23: Cannot find a library instance of \"LibTalentInfo-1.0\".\nstack traceback:\n\t(string):1: in main chunk",
    "count": 1
  },
  {
    "message": "Lua Error: @/home/osso/.worktrees/wow-ui-sim-p510-page/data/patch-api/evidence/5.1.0-session-2026-10-08/addon-snapshot/Clicked/Core/LocaleUtils.lua: Lua error: ...n-2026-10-08/addon-snapshot/Clicked/Core/LocaleUtils.lua:23: Cannot find a library instance of \"LibTalentInfo-1.0\".\nstack traceback:\n\t(string):1: in main chunk\n[Interface/AddOns/Blizzard_ScriptErrors/Blizzard_ScriptErrors.lua]:59: in function 'GetErrorData'\n[Interface/AddOns/Blizzard_ScriptErrors/Blizzard_ScriptErrors.lua]:72: in function <[Interface/AddOns/Blizzard_ScriptErrors/Blizzard_ScriptErrors.lua]:71>",
    "count": 1
  },
  {
    "message": "@/home/osso/.worktrees/wow-ui-sim-p510-page/data/patch-api/evidence/5.1.0-session-2026-10-08/addon-snapshot/Clicked/Conditions/ConditionUtils.lua: Lua error: ...-08/addon-snapshot/Clicked/Conditions/ConditionUtils.lua:37: Cannot find a library instance of \"LibTalentInfo-1.0\".\nstack traceback:\n\t(string):1: in main chunk",
    "count": 1
  },
  {
    "message": "Lua Error: @/home/osso/.worktrees/wow-ui-sim-p510-page/data/patch-api/evidence/5.1.0-session-2026-10-08/addon-snapshot/Clicked/Conditions/ConditionUtils.lua: Lua error: ...-08/addon-snapshot/Clicked/Conditions/ConditionUtils.lua:37: Cannot find a library instance of \"LibTalentInfo-1.0\".\nstack traceback:\n\t(string):1: in main chunk\n[Interface/AddOns/Blizzard_ScriptErrors/Blizzard_ScriptErrors.lua]:59: in function 'GetErrorData'\n[Interface/AddOns/Blizzard_ScriptErrors/Blizzard_ScriptErrors.lua]:72: in function <[Interface/AddOns/Blizzard_ScriptErrors/Blizzard_ScriptErrors.lua]:71>",
    "count": 1
  },
  {
    "message": "@/home/osso/.worktrees/wow-ui-sim-p510-page/data/patch-api/evidence/5.1.0-session-2026-10-08/addon-snapshot/Clicked/Conditions/LoadConditions.lua: Lua error: ...-08/addon-snapshot/Clicked/Conditions/LoadConditions.lua:47: attempt to call method 'IsForever' (a nil value)\nstack traceback:\n\t(string):1: in main chunk",
    "count": 1
  },
  {
    "message": "Lua Error: @/home/osso/.worktrees/wow-ui-sim-p510-page/data/patch-api/evidence/5.1.0-session-2026-10-08/addon-snapshot/Clicked/Conditions/LoadConditions.lua: Lua error: ...-08/addon-snapshot/Clicked/Conditions/LoadConditions.lua:47: attempt to call method 'IsForever' (a nil value)\nstack traceback:\n\t(string):1: in main chunk\n[Interface/AddOns/Blizzard_ScriptErrors/Blizzard_ScriptErrors.lua]:59: in function 'GetErrorData'\n[Interface/AddOns/Blizzard_ScriptErrors/Blizzard_ScriptErrors.lua]:72: in function <[Interface/AddOns/Blizzard_ScriptErrors/Blizzard_ScriptErrors.lua]:71>",
    "count": 1
  },
  {
    "message": "@/home/osso/.worktrees/wow-ui-sim-p510-page/data/patch-api/evidence/5.1.0-session-2026-10-08/addon-snapshot/Clicked/Config/Profile.lua: Lua error: ...ion-2026-10-08/addon-snapshot/Clicked/Config/Profile.lua:17: Cannot find a library instance of \"AceConfig-3.0\".\nstack traceback:\n\t(string):1: in main chunk",
    "count": 1
  },
  {
    "message": "Lua Error: @/home/osso/.worktrees/wow-ui-sim-p510-page/data/patch-api/evidence/5.1.0-session-2026-10-08/addon-snapshot/Clicked/Config/Profile.lua: Lua error: ...ion-2026-10-08/addon-snapshot/Clicked/Config/Profile.lua:17: Cannot find a library instance of \"AceConfig-3.0\".\nstack traceback:\n\t(string):1: in main chunk\n[Interface/AddOns/Blizzard_ScriptErrors/Blizzard_ScriptErrors.lua]:59: in function 'GetErrorData'\n[Interface/AddOns/Blizzard_ScriptErrors/Blizzard_ScriptErrors.lua]:72: in function <[Interface/AddOns/Blizzard_ScriptErrors/Blizzard_ScriptErrors.lua]:71>",
    "count": 1
  },
  {
    "message": "@/home/osso/.worktrees/wow-ui-sim-p510-page/data/patch-api/evidence/5.1.0-session-2026-10-08/addon-snapshot/Clicked/Config/KeyVisualizer.lua: Lua error: ...26-10-08/addon-snapshot/Clicked/Config/KeyVisualizer.lua:17: Cannot find a library instance of \"AceGUI-3.0\".\nstack traceback:\n\t(string):1: in main chunk",
    "count": 1
  },
  {
    "message": "Lua Error: @/home/osso/.worktrees/wow-ui-sim-p510-page/data/patch-api/evidence/5.1.0-session-2026-10-08/addon-snapshot/Clicked/Config/KeyVisualizer.lua: Lua error: ...26-10-08/addon-snapshot/Clicked/Config/KeyVisualizer.lua:17: Cannot find a library instance of \"AceGUI-3.0\".\nstack traceback:\n\t(string):1: in main chunk\n[Interface/AddOns/Blizzard_ScriptErrors/Blizzard_ScriptErrors.lua]:59: in function 'GetErrorData'\n[Interface/AddOns/Blizzard_ScriptErrors/Blizzard_ScriptErrors.lua]:72: in function <[Interface/AddOns/Blizzard_ScriptErrors/Blizzard_ScriptErrors.lua]:71>",
    "count": 1
  },
  {
    "message": "@/home/osso/.worktrees/wow-ui-sim-p510-page/data/patch-api/evidence/5.1.0-session-2026-10-08/addon-snapshot/Clicked/Debug/StatusOutput.lua: Lua error: ...2026-10-08/addon-snapshot/Clicked/Debug/StatusOutput.lua:17: Cannot find a library instance of \"AceGUI-3.0\".\nstack traceback:\n\t(string):1: in main chunk",
    "count": 1
  },
  {
    "message": "Lua Error: @/home/osso/.worktrees/wow-ui-sim-p510-page/data/patch-api/evidence/5.1.0-session-2026-10-08/addon-snapshot/Clicked/Debug/StatusOutput.lua: Lua error: ...2026-10-08/addon-snapshot/Clicked/Debug/StatusOutput.lua:17: Cannot find a library instance of \"AceGUI-3.0\".\nstack traceback:\n\t(string):1: in main chunk\n[Interface/AddOns/Blizzard_ScriptErrors/Blizzard_ScriptErrors.lua]:59: in function 'GetErrorData'\n[Interface/AddOns/Blizzard_ScriptErrors/Blizzard_ScriptErrors.lua]:72: in function <[Interface/AddOns/Blizzard_ScriptErrors/Blizzard_ScriptErrors.lua]:71>",
    "count": 1
  },
  {
    "message": "IO error reading /home/osso/.worktrees/wow-ui-sim-p510-page/data/patch-api/evidence/5.1.0-session-2026-10-08/addon-snapshot/Clicked/BindingConfig/Tabs/Action.lua: No such file or directory (os error 2)\nstack traceback:\n\t(string):1: in main chunk",
    "count": 1
  },
  {
    "message": "Lua Error: IO error reading /home/osso/.worktrees/wow-ui-sim-p510-page/data/patch-api/evidence/5.1.0-session-2026-10-08/addon-snapshot/Clicked/BindingConfig/Tabs/Action.lua: No such file or directory (os error 2)\nstack traceback:\n\t(string):1: in main chunk\n[Interface/AddOns/Blizzard_ScriptErrors/Blizzard_ScriptErrors.lua]:59: in function 'GetErrorData'\n[Interface/AddOns/Blizzard_ScriptErrors/Blizzard_ScriptErrors.lua]:72: in function <[Interface/AddOns/Blizzard_ScriptErrors/Blizzard_ScriptErrors.lua]:71>",
    "count": 1
  },
  {
    "message": "@/home/osso/.worktrees/wow-ui-sim-p510-page/data/patch-api/evidence/5.1.0-session-2026-10-08/addon-snapshot/Clicked/BindingConfig/BindingConfig.lua: Lua error: ...8/addon-snapshot/Clicked/BindingConfig/BindingConfig.lua:31: Cannot find a library instance of \"AceGUI-3.0\".\nstack traceback:\n\t(string):1: in main chunk",
    "count": 1
  },
  {
    "message": "Lua Error: @/home/osso/.worktrees/wow-ui-sim-p510-page/data/patch-api/evidence/5.1.0-session-2026-10-08/addon-snapshot/Clicked/BindingConfig/BindingConfig.lua: Lua error: ...8/addon-snapshot/Clicked/BindingConfig/BindingConfig.lua:31: Cannot find a library instance of \"AceGUI-3.0\".\nstack traceback:\n\t(string):1: in main chunk\n[Interface/AddOns/Blizzard_ScriptErrors/Blizzard_ScriptErrors.lua]:59: in function 'GetErrorData'\n[Interface/AddOns/Blizzard_ScriptErrors/Blizzard_ScriptErrors.lua]:72: in function <[Interface/AddOns/Blizzard_ScriptErrors/Blizzard_ScriptErrors.lua]:71>",
    "count": 1
  },
  {
    "message": "Collectionator missing required TOC dependencies: Auctionator",
    "count": 1
  },
  {
    "message": "@/home/osso/.worktrees/wow-ui-sim-p510-page/data/patch-api/evidence/5.1.0-session-2026-10-08/addon-snapshot/CursorRing/Locales/enUS.lua: Lua error: ...on-2026-10-08/addon-snapshot/CursorRing/Locales/enUS.lua:2: attempt to call field 'NewLocale' (a nil value)\nstack traceback:\n\t(string):1: in main chunk",
    "count": 1
  },
  {
    "message": "Lua Error: @/home/osso/.worktrees/wow-ui-sim-p510-page/data/patch-api/evidence/5.1.0-session-2026-10-08/addon-snapshot/CursorRing/Locales/enUS.lua: Lua error: ...on-2026-10-08/addon-snapshot/CursorRing/Locales/enUS.lua:2: attempt to call field 'NewLocale' (a nil value)\nstack traceback:\n\t(string):1: in main chunk\n[Interface/AddOns/Blizzard_ScriptErrors/Blizzard_ScriptErrors.lua]:59: in function 'GetErrorData'\n[Interface/AddOns/Blizzard_ScriptErrors/Blizzard_ScriptErrors.lua]:72: in function <[Interface/AddOns/Blizzard_ScriptErrors/Blizzard_ScriptErrors.lua]:71>",
    "count": 1
  },
  {
    "message": "@/home/osso/.worktrees/wow-ui-sim-p510-page/data/patch-api/evidence/5.1.0-session-2026-10-08/addon-snapshot/CursorRing/Locales/deDE.lua: Lua error: ...on-2026-10-08/addon-snapshot/CursorRing/Locales/deDE.lua:2: attempt to call field 'NewLocale' (a nil value)\nstack traceback:\n\t(string):1: in main chunk",
    "count": 1
  },
  {
    "message": "Lua Error: @/home/osso/.worktrees/wow-ui-sim-p510-page/data/patch-api/evidence/5.1.0-session-2026-10-08/addon-snapshot/CursorRing/Locales/deDE.lua: Lua error: ...on-2026-10-08/addon-snapshot/CursorRing/Locales/deDE.lua:2: attempt to call field 'NewLocale' (a nil value)\nstack traceback:\n\t(string):1: in main chunk\n[Interface/AddOns/Blizzard_ScriptErrors/Blizzard_ScriptErrors.lua]:59: in function 'GetErrorData'\n[Interface/AddOns/Blizzard_ScriptErrors/Blizzard_ScriptErrors.lua]:72: in function <[Interface/AddOns/Blizzard_ScriptErrors/Blizzard_ScriptErrors.lua]:71>",
    "count": 1
  },
  {
    "message": "@/home/osso/.worktrees/wow-ui-sim-p510-page/data/patch-api/evidence/5.1.0-session-2026-10-08/addon-snapshot/CursorRing/Locales/zhCN.lua: Lua error: ...on-2026-10-08/addon-snapshot/CursorRing/Locales/zhCN.lua:2: attempt to call field 'NewLocale' (a nil value)\nstack traceback:\n\t(string):1: in main chunk",
    "count": 1
  },
  {
    "message": "Lua Error: @/home/osso/.worktrees/wow-ui-sim-p510-page/data/patch-api/evidence/5.1.0-session-2026-10-08/addon-snapshot/CursorRing/Locales/zhCN.lua: Lua error: ...on-2026-10-08/addon-snapshot/CursorRing/Locales/zhCN.lua:2: attempt to call field 'NewLocale' (a nil value)\nstack traceback:\n\t(string):1: in main chunk\n[Interface/AddOns/Blizzard_ScriptErrors/Blizzard_ScriptErrors.lua]:59: in function 'GetErrorData'\n[Interface/AddOns/Blizzard_ScriptErrors/Blizzard_ScriptErrors.lua]:72: in function <[Interface/AddOns/Blizzard_ScriptErrors/Blizzard_ScriptErrors.lua]:71>",
    "count": 1
  },
  {
    "message": "@/home/osso/.worktrees/wow-ui-sim-p510-page/data/patch-api/evidence/5.1.0-session-2026-10-08/addon-snapshot/CursorRing/Modules/Resources/Druid.lua: Lua error: ...08/addon-snapshot/CursorRing/Modules/Resources/Druid.lua:5: attempt to call field 'RegisterResourceModule' (a nil value)\nstack traceback:\n\t(string):1: in main chunk",
    "count": 1
  },
  {
    "message": "Lua Error: @/home/osso/.worktrees/wow-ui-sim-p510-page/data/patch-api/evidence/5.1.0-session-2026-10-08/addon-snapshot/CursorRing/Modules/Resources/Druid.lua: Lua error: ...08/addon-snapshot/CursorRing/Modules/Resources/Druid.lua:5: attempt to call field 'RegisterResourceModule' (a nil value)\nstack traceback:\n\t(string):1: in main chunk\n[Interface/AddOns/Blizzard_ScriptErrors/Blizzard_ScriptErrors.lua]:59: in function 'GetErrorData'\n[Interface/AddOns/Blizzard_ScriptErrors/Blizzard_ScriptErrors.lua]:72: in function <[Interface/AddOns/Blizzard_ScriptErrors/Blizzard_ScriptErrors.lua]:71>",
    "count": 1
  },
  {
    "message": "@/home/osso/.worktrees/wow-ui-sim-p510-page/data/patch-api/evidence/5.1.0-session-2026-10-08/addon-snapshot/CursorRing/Modules/Resources/Paladin.lua: Lua error: .../addon-snapshot/CursorRing/Modules/Resources/Paladin.lua:5: attempt to call field 'RegisterResourceModule' (a nil value)\nstack traceback:\n\t(string):1: in main chunk",
    "count": 1
  },
  {
    "message": "Lua Error: @/home/osso/.worktrees/wow-ui-sim-p510-page/data/patch-api/evidence/5.1.0-session-2026-10-08/addon-snapshot/CursorRing/Modules/Resources/Paladin.lua: Lua error: .../addon-snapshot/CursorRing/Modules/Resources/Paladin.lua:5: attempt to call field 'RegisterResourceModule' (a nil value)\nstack traceback:\n\t(string):1: in main chunk\n[Interface/AddOns/Blizzard_ScriptErrors/Blizzard_ScriptErrors.lua]:59: in function 'GetErrorData'\n[Interface/AddOns/Blizzard_ScriptErrors/Blizzard_ScriptErrors.lua]:72: in function <[Interface/AddOns/Blizzard_ScriptErrors/Blizzard_ScriptErrors.lua]:71>",
    "count": 1
  },
  {
    "message": "@/home/osso/.worktrees/wow-ui-sim-p510-page/data/patch-api/evidence/5.1.0-session-2026-10-08/addon-snapshot/CursorRing/Modules/Resources/Monk.lua: Lua error: ...-08/addon-snapshot/CursorRing/Modules/Resources/Monk.lua:5: attempt to call field 'RegisterResourceModule' (a nil value)\nstack traceback:\n\t(string):1: in main chunk",
    "count": 1
  },
  {
    "message": "Lua Error: @/home/osso/.worktrees/wow-ui-sim-p510-page/data/patch-api/evidence/5.1.0-session-2026-10-08/addon-snapshot/CursorRing/Modules/Resources/Monk.lua: Lua error: ...-08/addon-snapshot/CursorRing/Modules/Resources/Monk.lua:5: attempt to call field 'RegisterResourceModule' (a nil value)\nstack traceback:\n\t(string):1: in main chunk\n[Interface/AddOns/Blizzard_ScriptErrors/Blizzard_ScriptErrors.lua]:59: in function 'GetErrorData'\n[Interface/AddOns/Blizzard_ScriptErrors/Blizzard_ScriptErrors.lua]:72: in function <[Interface/AddOns/Blizzard_ScriptErrors/Blizzard_ScriptErrors.lua]:71>",
    "count": 1
  },
  {
    "message": "@/home/osso/.worktrees/wow-ui-sim-p510-page/data/patch-api/evidence/5.1.0-session-2026-10-08/addon-snapshot/CursorRing/Modules/Resources/Warlock.lua: Lua error: .../addon-snapshot/CursorRing/Modules/Resources/Warlock.lua:30: attempt to call field 'RegisterResourceModule' (a nil value)\nstack traceback:\n\t(string):1: in main chunk",
    "count": 1
  },
  {
    "message": "Lua Error: @/home/osso/.worktrees/wow-ui-sim-p510-page/data/patch-api/evidence/5.1.0-session-2026-10-08/addon-snapshot/CursorRing/Modules/Resources/Warlock.lua: Lua error: .../addon-snapshot/CursorRing/Modules/Resources/Warlock.lua:30: attempt to call field 'RegisterResourceModule' (a nil value)\nstack traceback:\n\t(string):1: in main chunk\n[Interface/AddOns/Blizzard_ScriptErrors/Blizzard_ScriptErrors.lua]:59: in function 'GetErrorData'\n[Interface/AddOns/Blizzard_ScriptErrors/Blizzard_ScriptErrors.lua]:72: in function <[Interface/AddOns/Blizzard_ScriptErrors/Blizzard_ScriptErrors.lua]:71>",
    "count": 1
  },
  {
    "message": "@/home/osso/.worktrees/wow-ui-sim-p510-page/data/patch-api/evidence/5.1.0-session-2026-10-08/addon-snapshot/CursorRing/Modules/Resources/Evoker.lua: Lua error: ...8/addon-snapshot/CursorRing/Modules/Resources/Evoker.lua:18: attempt to call field 'RegisterResourceModule' (a nil value)\nstack traceback:\n\t(string):1: in main chunk",
    "count": 1
  },
  {
    "message": "Lua Error: @/home/osso/.worktrees/wow-ui-sim-p510-page/data/patch-api/evidence/5.1.0-session-2026-10-08/addon-snapshot/CursorRing/Modules/Resources/Evoker.lua: Lua error: ...8/addon-snapshot/CursorRing/Modules/Resources/Evoker.lua:18: attempt to call field 'RegisterResourceModule' (a nil value)\nstack traceback:\n\t(string):1: in main chunk\n[Interface/AddOns/Blizzard_ScriptErrors/Blizzard_ScriptErrors.lua]:59: in function 'GetErrorData'\n[Interface/AddOns/Blizzard_ScriptErrors/Blizzard_ScriptErrors.lua]:72: in function <[Interface/AddOns/Blizzard_ScriptErrors/Blizzard_ScriptErrors.lua]:71>",
    "count": 1
  },
  {
    "message": "@/home/osso/.worktrees/wow-ui-sim-p510-page/data/patch-api/evidence/5.1.0-session-2026-10-08/addon-snapshot/DandersFrames/Core/AutoProfiles.lua: Lua error: ...10-08/addon-snapshot/DandersFrames/Core/AutoProfiles.lua:97: attempt to index upvalue 'L' (a nil value)\nstack traceback:\n\t(string):1: in main chunk",
    "count": 1
  },
  {
    "message": "Lua Error: @/home/osso/.worktrees/wow-ui-sim-p510-page/data/patch-api/evidence/5.1.0-session-2026-10-08/addon-snapshot/DandersFrames/Core/AutoProfiles.lua: Lua error: ...10-08/addon-snapshot/DandersFrames/Core/AutoProfiles.lua:97: attempt to index upvalue 'L' (a nil value)\nstack traceback:\n\t(string):1: in main chunk\n[Interface/AddOns/Blizzard_ScriptErrors/Blizzard_ScriptErrors.lua]:59: in function 'GetErrorData'\n[Interface/AddOns/Blizzard_ScriptErrors/Blizzard_ScriptErrors.lua]:72: in function <[Interface/AddOns/Blizzard_ScriptErrors/Blizzard_ScriptErrors.lua]:71>",
    "count": 1
  },
  {
    "message": "@/home/osso/.worktrees/wow-ui-sim-p510-page/data/patch-api/evidence/5.1.0-session-2026-10-08/addon-snapshot/DandersFrames/Frames/Headers.lua: Lua error: ...26-10-08/addon-snapshot/DandersFrames/Frames/Headers.lua:506: attempt to call method 'RegisterDebugSlash' (a nil value)\nstack traceback:\n\t(string):1: in main chunk",
    "count": 1
  },
  {
    "message": "Lua Error: @/home/osso/.worktrees/wow-ui-sim-p510-page/data/patch-api/evidence/5.1.0-session-2026-10-08/addon-snapshot/DandersFrames/Frames/Headers.lua: Lua error: ...26-10-08/addon-snapshot/DandersFrames/Frames/Headers.lua:506: attempt to call method 'RegisterDebugSlash' (a nil value)\nstack traceback:\n\t(string):1: in main chunk\n[Interface/AddOns/Blizzard_ScriptErrors/Blizzard_ScriptErrors.lua]:59: in function 'GetErrorData'\n[Interface/AddOns/Blizzard_ScriptErrors/Blizzard_ScriptErrors.lua]:72: in function <[Interface/AddOns/Blizzard_ScriptErrors/Blizzard_ScriptErrors.lua]:71>",
    "count": 1
  },
  {
    "message": "@/home/osso/.worktrees/wow-ui-sim-p510-page/data/patch-api/evidence/5.1.0-session-2026-10-08/addon-snapshot/DandersFrames/Frames/Position.lua: Lua error: ...6-10-08/addon-snapshot/DandersFrames/Frames/Position.lua:72: attempt to index local 'L' (a nil value)\nstack traceback:\n\t(string):1: in main chunk",
    "count": 1
  },
  {
    "message": "Lua Error: @/home/osso/.worktrees/wow-ui-sim-p510-page/data/patch-api/evidence/5.1.0-session-2026-10-08/addon-snapshot/DandersFrames/Frames/Position.lua: Lua error: ...6-10-08/addon-snapshot/DandersFrames/Frames/Position.lua:72: attempt to index local 'L' (a nil value)\nstack traceback:\n\t(string):1: in main chunk\n[Interface/AddOns/Blizzard_ScriptErrors/Blizzard_ScriptErrors.lua]:59: in function 'GetErrorData'\n[Interface/AddOns/Blizzard_ScriptErrors/Blizzard_ScriptErrors.lua]:72: in function <[Interface/AddOns/Blizzard_ScriptErrors/Blizzard_ScriptErrors.lua]:71>",
    "count": 1
  },
  {
    "message": "@/home/osso/.worktrees/wow-ui-sim-p510-page/data/patch-api/evidence/5.1.0-session-2026-10-08/addon-snapshot/DandersFrames/Features/Range.lua: Lua error: ...26-10-08/addon-snapshot/DandersFrames/Features/Range.lua:984: attempt to call method 'RegisterRosterUnitEvent' (a nil value)\nstack traceback:\n\t(string):1: in main chunk",
    "count": 1
  },
  {
    "message": "Lua Error: @/home/osso/.worktrees/wow-ui-sim-p510-page/data/patch-api/evidence/5.1.0-session-2026-10-08/addon-snapshot/DandersFrames/Features/Range.lua: Lua error: ...26-10-08/addon-snapshot/DandersFrames/Features/Range.lua:984: attempt to call method 'RegisterRosterUnitEvent' (a nil value)\nstack traceback:\n\t(string):1: in main chunk\n[Interface/AddOns/Blizzard_ScriptErrors/Blizzard_ScriptErrors.lua]:59: in function 'GetErrorData'\n[Interface/AddOns/Blizzard_ScriptErrors/Blizzard_ScriptErrors.lua]:72: in function <[Interface/AddOns/Blizzard_ScriptErrors/Blizzard_ScriptErrors.lua]:71>",
    "count": 1
  },
  {
    "message": "@/home/osso/.worktrees/wow-ui-sim-p510-page/data/patch-api/evidence/5.1.0-session-2026-10-08/addon-snapshot/DandersFrames/Features/Dispel.lua: Lua error: ...6-10-08/addon-snapshot/DandersFrames/Features/Dispel.lua:3133: attempt to call method 'RegisterDebugSlash' (a nil value)\nstack traceback:\n\t(string):1: in main chunk",
    "count": 1
  },
  {
    "message": "Lua Error: @/home/osso/.worktrees/wow-ui-sim-p510-page/data/patch-api/evidence/5.1.0-session-2026-10-08/addon-snapshot/DandersFrames/Features/Dispel.lua: Lua error: ...6-10-08/addon-snapshot/DandersFrames/Features/Dispel.lua:3133: attempt to call method 'RegisterDebugSlash' (a nil value)\nstack traceback:\n\t(string):1: in main chunk\n[Interface/AddOns/Blizzard_ScriptErrors/Blizzard_ScriptErrors.lua]:59: in function 'GetErrorData'\n[Interface/AddOns/Blizzard_ScriptErrors/Blizzard_ScriptErrors.lua]:72: in function <[Interface/AddOns/Blizzard_ScriptErrors/Blizzard_ScriptErrors.lua]:71>",
    "count": 1
  },
  {
    "message": "@/home/osso/.worktrees/wow-ui-sim-p510-page/data/patch-api/evidence/5.1.0-session-2026-10-08/addon-snapshot/DeModal/DeModal.lua: Lua error: ....0-session-2026-10-08/addon-snapshot/DeModal/DeModal.lua:9: attempt to call field 'LoadSlashCommands' (a nil value)\nstack traceback:\n\t(string):1: in main chunk",
    "count": 1
  },
  {
    "message": "Lua Error: @/home/osso/.worktrees/wow-ui-sim-p510-page/data/patch-api/evidence/5.1.0-session-2026-10-08/addon-snapshot/DeModal/DeModal.lua: Lua error: ....0-session-2026-10-08/addon-snapshot/DeModal/DeModal.lua:9: attempt to call field 'LoadSlashCommands' (a nil value)\nstack traceback:\n\t(string):1: in main chunk\n[Interface/AddOns/Blizzard_ScriptErrors/Blizzard_ScriptErrors.lua]:59: in function 'GetErrorData'\n[Interface/AddOns/Blizzard_ScriptErrors/Blizzard_ScriptErrors.lua]:72: in function <[Interface/AddOns/Blizzard_ScriptErrors/Blizzard_ScriptErrors.lua]:71>",
    "count": 1
  },
  {
    "message": "IO error reading /home/osso/.worktrees/wow-ui-sim-p510-page/data/patch-api/evidence/5.1.0-session-2026-10-08/addon-snapshot/Dejunk/src/addon.lua: No such file or directory (os error 2)\nstack traceback:\n\t(string):1: in main chunk",
    "count": 1
  },
  {
    "message": "Lua Error: IO error reading /home/osso/.worktrees/wow-ui-sim-p510-page/data/patch-api/evidence/5.1.0-session-2026-10-08/addon-snapshot/Dejunk/src/addon.lua: No such file or directory (os error 2)\nstack traceback:\n\t(string):1: in main chunk\n[Interface/AddOns/Blizzard_ScriptErrors/Blizzard_ScriptErrors.lua]:59: in function 'GetErrorData'\n[Interface/AddOns/Blizzard_ScriptErrors/Blizzard_ScriptErrors.lua]:72: in function <[Interface/AddOns/Blizzard_ScriptErrors/Blizzard_ScriptErrors.lua]:71>",
    "count": 1
  },
  {
    "message": "IO error reading /home/osso/.worktrees/wow-ui-sim-p510-page/data/patch-api/evidence/5.1.0-session-2026-10-08/addon-snapshot/DialogueUI/Code/Utility/FontUtil.lua: No such file or directory (os error 2)\nstack traceback:\n\t(string):1: in main chunk",
    "count": 1
  },
  {
    "message": "Lua Error: IO error reading /home/osso/.worktrees/wow-ui-sim-p510-page/data/patch-api/evidence/5.1.0-session-2026-10-08/addon-snapshot/DialogueUI/Code/Utility/FontUtil.lua: No such file or directory (os error 2)\nstack traceback:\n\t(string):1: in main chunk\n[Interface/AddOns/Blizzard_ScriptErrors/Blizzard_ScriptErrors.lua]:59: in function 'GetErrorData'\n[Interface/AddOns/Blizzard_ScriptErrors/Blizzard_ScriptErrors.lua]:72: in function <[Interface/AddOns/Blizzard_ScriptErrors/Blizzard_ScriptErrors.lua]:71>",
    "count": 1
  },
  {
    "message": "@/home/osso/.worktrees/wow-ui-sim-p510-page/data/patch-api/evidence/5.1.0-session-2026-10-08/addon-snapshot/DialogueUI/Code/Sound.lua: Lua error: ...sion-2026-10-08/addon-snapshot/DialogueUI/Code/Sound.lua:78: attempt to index field 'CallbackRegistry' (a nil value)\nstack traceback:\n\t(string):1: in main chunk",
    "count": 1
  },
  {
    "message": "Lua Error: @/home/osso/.worktrees/wow-ui-sim-p510-page/data/patch-api/evidence/5.1.0-session-2026-10-08/addon-snapshot/DialogueUI/Code/Sound.lua: Lua error: ...sion-2026-10-08/addon-snapshot/DialogueUI/Code/Sound.lua:78: attempt to index field 'CallbackRegistry' (a nil value)\nstack traceback:\n\t(string):1: in main chunk\n[Interface/AddOns/Blizzard_ScriptErrors/Blizzard_ScriptErrors.lua]:59: in function 'GetErrorData'\n[Interface/AddOns/Blizzard_ScriptErrors/Blizzard_ScriptErrors.lua]:72: in function <[Interface/AddOns/Blizzard_ScriptErrors/Blizzard_ScriptErrors.lua]:71>",
    "count": 1
  },
  {
    "message": "IO error reading /home/osso/.worktrees/wow-ui-sim-p510-page/data/patch-api/evidence/5.1.0-session-2026-10-08/addon-snapshot/DialogueUI/Code/Scroll/Scroll_Swipe.lua: No such file or directory (os error 2)\nstack traceback:\n\t(string):1: in main chunk",
    "count": 1
  },
  {
    "message": "Lua Error: IO error reading /home/osso/.worktrees/wow-ui-sim-p510-page/data/patch-api/evidence/5.1.0-session-2026-10-08/addon-snapshot/DialogueUI/Code/Scroll/Scroll_Swipe.lua: No such file or directory (os error 2)\nstack traceback:\n\t(string):1: in main chunk\n[Interface/AddOns/Blizzard_ScriptErrors/Blizzard_ScriptErrors.lua]:59: in function 'GetErrorData'\n[Interface/AddOns/Blizzard_ScriptErrors/Blizzard_ScriptErrors.lua]:72: in function <[Interface/AddOns/Blizzard_ScriptErrors/Blizzard_ScriptErrors.lua]:71>",
    "count": 1
  },
  {
    "message": "IO error reading /home/osso/.worktrees/wow-ui-sim-p510-page/data/patch-api/evidence/5.1.0-session-2026-10-08/addon-snapshot/DialogueUI/Code/Settings/Settings_Definitions.lua: No such file or directory (os error 2)\nstack traceback:\n\t(string):1: in main chunk",
    "count": 1
  },
  {
    "message": "Lua Error: IO error reading /home/osso/.worktrees/wow-ui-sim-p510-page/data/patch-api/evidence/5.1.0-session-2026-10-08/addon-snapshot/DialogueUI/Code/Settings/Settings_Definitions.lua: No such file or directory (os error 2)\nstack traceback:\n\t(string):1: in main chunk\n[Interface/AddOns/Blizzard_ScriptErrors/Blizzard_ScriptErrors.lua]:59: in function 'GetErrorData'\n[Interface/AddOns/Blizzard_ScriptErrors/Blizzard_ScriptErrors.lua]:72: in function <[Interface/AddOns/Blizzard_ScriptErrors/Blizzard_ScriptErrors.lua]:71>",
    "count": 1
  },
  {
    "message": "@/home/osso/.worktrees/wow-ui-sim-p510-page/data/patch-api/evidence/5.1.0-session-2026-10-08/addon-snapshot/DialogueUI/Code/NameplateGossip.lua: Lua error: ...10-08/addon-snapshot/DialogueUI/Code/NameplateGossip.lua:260: attempt to index field 'CallbackRegistry' (a nil value)\nstack traceback:\n\t(string):1: in main chunk",
    "count": 1
  },
  {
    "message": "Lua Error: @/home/osso/.worktrees/wow-ui-sim-p510-page/data/patch-api/evidence/5.1.0-session-2026-10-08/addon-snapshot/DialogueUI/Code/NameplateGossip.lua: Lua error: ...10-08/addon-snapshot/DialogueUI/Code/NameplateGossip.lua:260: attempt to index field 'CallbackRegistry' (a nil value)\nstack traceback:\n\t(string):1: in main chunk\n[Interface/AddOns/Blizzard_ScriptErrors/Blizzard_ScriptErrors.lua]:59: in function 'GetErrorData'\n[Interface/AddOns/Blizzard_ScriptErrors/Blizzard_ScriptErrors.lua]:72: in function <[Interface/AddOns/Blizzard_ScriptErrors/Blizzard_ScriptErrors.lua]:71>",
    "count": 1
  },
  {
    "message": "IO error reading /home/osso/.worktrees/wow-ui-sim-p510-page/data/patch-api/evidence/5.1.0-session-2026-10-08/addon-snapshot/DialogueUI/Code/Dialogue/Clipboard.lua: No such file or directory (os error 2)\nstack traceback:\n\t(string):1: in main chunk",
    "count": 1
  },
  {
    "message": "Lua Error: IO error reading /home/osso/.worktrees/wow-ui-sim-p510-page/data/patch-api/evidence/5.1.0-session-2026-10-08/addon-snapshot/DialogueUI/Code/Dialogue/Clipboard.lua: No such file or directory (os error 2)\nstack traceback:\n\t(string):1: in main chunk\n[Interface/AddOns/Blizzard_ScriptErrors/Blizzard_ScriptErrors.lua]:59: in function 'GetErrorData'\n[Interface/AddOns/Blizzard_ScriptErrors/Blizzard_ScriptErrors.lua]:72: in function <[Interface/AddOns/Blizzard_ScriptErrors/Blizzard_ScriptErrors.lua]:71>",
    "count": 1
  },
  {
    "message": "@/home/osso/.worktrees/wow-ui-sim-p510-page/data/patch-api/evidence/5.1.0-session-2026-10-08/addon-snapshot/DialogueUI/Code/Book/BookUI_Component.lua: Lua error: ...addon-snapshot/DialogueUI/Code/Book/BookUI_Component.lua:440: attempt to index field 'TooltipAPI' (a nil value)\nstack traceback:\n\t(string):1: in main chunk",
    "count": 1
  },
  {
    "message": "Lua Error: @/home/osso/.worktrees/wow-ui-sim-p510-page/data/patch-api/evidence/5.1.0-session-2026-10-08/addon-snapshot/DialogueUI/Code/Book/BookUI_Component.lua: Lua error: ...addon-snapshot/DialogueUI/Code/Book/BookUI_Component.lua:440: attempt to index field 'TooltipAPI' (a nil value)\nstack traceback:\n\t(string):1: in main chunk\n[Interface/AddOns/Blizzard_ScriptErrors/Blizzard_ScriptErrors.lua]:59: in function 'GetErrorData'\n[Interface/AddOns/Blizzard_ScriptErrors/Blizzard_ScriptErrors.lua]:72: in function <[Interface/AddOns/Blizzard_ScriptErrors/Blizzard_ScriptErrors.lua]:71>",
    "count": 1
  },
  {
    "message": "IO error reading /home/osso/.worktrees/wow-ui-sim-p510-page/data/patch-api/evidence/5.1.0-session-2026-10-08/addon-snapshot/DialogueUI/Code/Widget/WidgetManager.lua: No such file or directory (os error 2)\nstack traceback:\n\t(string):1: in main chunk",
    "count": 1
  },
  {
    "message": "Lua Error: IO error reading /home/osso/.worktrees/wow-ui-sim-p510-page/data/patch-api/evidence/5.1.0-session-2026-10-08/addon-snapshot/DialogueUI/Code/Widget/WidgetManager.lua: No such file or directory (os error 2)\nstack traceback:\n\t(string):1: in main chunk\n[Interface/AddOns/Blizzard_ScriptErrors/Blizzard_ScriptErrors.lua]:59: in function 'GetErrorData'\n[Interface/AddOns/Blizzard_ScriptErrors/Blizzard_ScriptErrors.lua]:72: in function <[Interface/AddOns/Blizzard_ScriptErrors/Blizzard_ScriptErrors.lua]:71>",
    "count": 1
  },
  {
    "message": "@/home/osso/.worktrees/wow-ui-sim-p510-page/data/patch-api/evidence/5.1.0-session-2026-10-08/addon-snapshot/DialogueUI/Code/Core.lua: Lua error: ...ssion-2026-10-08/addon-snapshot/DialogueUI/Code/Core.lua:74: attempt to call field 'AddCustomLinkType' (a nil value)\nstack traceback:\n\t(string):1: in main chunk",
    "count": 1
  },
  {
    "message": "Lua Error: @/home/osso/.worktrees/wow-ui-sim-p510-page/data/patch-api/evidence/5.1.0-session-2026-10-08/addon-snapshot/DialogueUI/Code/Core.lua: Lua error: ...ssion-2026-10-08/addon-snapshot/DialogueUI/Code/Core.lua:74: attempt to call field 'AddCustomLinkType' (a nil value)\nstack traceback:\n\t(string):1: in main chunk\n[Interface/AddOns/Blizzard_ScriptErrors/Blizzard_ScriptErrors.lua]:59: in function 'GetErrorData'\n[Interface/AddOns/Blizzard_ScriptErrors/Blizzard_ScriptErrors.lua]:72: in function <[Interface/AddOns/Blizzard_ScriptErrors/Blizzard_ScriptErrors.lua]:71>",
    "count": 1
  },
  {
    "message": "[OnEvent] frame=#48564 addon=DialogueUI source=@/home/osso/.worktrees/wow-ui-sim-p510-page/data/patch-api/evidence/5.1.0-session-2026-10-08/addon-snapshot/DialogueUI/Initialization.lua:204: ...-2026-10-08/addon-snapshot/DialogueUI/Initialization.lua:137: attempt to index field 'CallbackRegistry' (a nil value)\nstack traceback:\n\t(string):12: in function <(string):12>\n\t[C]: in function 'native_xpcall'\n\t(string):11: in function <(string):10>\n\t...-2026-10-08/addon-snapshot/DialogueUI/Initialization.lua:137: in function 'SetDBValue'\n\t...-2026-10-08/addon-snapshot/DialogueUI/Initialization.lua:177: in function 'LoadDatabase'\n\t...-2026-10-08/addon-snapshot/DialogueUI/Initialization.lua:209: in function <...-2026-10-08/addon-snapshot/DialogueUI/Initialization.lua:204>\n\t(tail call): ?\n\t(tail call): ?\n\t[C]: in function 'native_xpcall'\n\t(string):8: in function <(string):5>\n\t(tail call): ?",
    "count": 2
  },
  {
    "message": "Lua Error: [OnEvent] frame=#48564 addon=DialogueUI source=@/home/osso/.worktrees/wow-ui-sim-p510-page/data/patch-api/evidence/5.1.0-session-2026-10-08/addon-snapshot/DialogueUI/Initialization.lua:204: ...-2026-10-08/addon-snapshot/DialogueUI/Initialization.lua:137: attempt to index field 'CallbackRegistry' (a nil value)\nstack traceback:\n\t(string):12: in function <(string):12>\n\t[C]: in function 'native_xpcall'\n\t(string):11: in function <(string):10>\n\t...-2026-10-08/addon-snapshot/DialogueUI/Initialization.lua:137: in function 'SetDBValue'\n\t...-2026-10-08/addon-snapshot/DialogueUI/Initialization.lua:177: in function 'LoadDatabase'\n\t...-2026-10-08/addon-snapshot/DialogueUI/Initialization.lua:209: in function <...-2026-10-08/addon-snapshot/DialogueUI/Initialization.lua:204>\n\t(tail call): ?\n\t(tail call): ?\n\t[C]: in function 'native_xpcall'\n\t(string):8: in function <(string):5>\n\t(tail call): ?\n[Interface/AddOns/Blizzard_ScriptErrors/Blizzard_ScriptErrors.lua]:59: in function 'GetErrorData'\n[Interface/AddOns/Blizzard_ScriptErrors/Blizzard_ScriptErrors.lua]:72: in function <[Interface/AddOns/Blizzard_ScriptErrors/Blizzard_ScriptErrors.lua]:71>",
    "count": 2
  },
  {
    "message": "EXBOSS-LocaleBase missing required TOC dependencies: ExwindCore, EXBossData",
    "count": 1
  },
  {
    "message": "EllesmereUICooldownManager missing required TOC dependencies: EllesmereUI",
    "count": 1
  },
  {
    "message": "IO error reading /home/osso/.worktrees/wow-ui-sim-p510-page/data/patch-api/evidence/5.1.0-session-2026-10-08/addon-snapshot/EnhanceQoL/libs/AceLocale-3.0/AceLocale-3.0.lua: No such file or directory (os error 2)\nstack traceback:\n\t(string):1: in main chunk",
    "count": 1
  },
  {
    "message": "Lua Error: IO error reading /home/osso/.worktrees/wow-ui-sim-p510-page/data/patch-api/evidence/5.1.0-session-2026-10-08/addon-snapshot/EnhanceQoL/libs/AceLocale-3.0/AceLocale-3.0.lua: No such file or directory (os error 2)\nstack traceback:\n\t(string):1: in main chunk\n[Interface/AddOns/Blizzard_ScriptErrors/Blizzard_ScriptErrors.lua]:59: in function 'GetErrorData'\n[Interface/AddOns/Blizzard_ScriptErrors/Blizzard_ScriptErrors.lua]:72: in function <[Interface/AddOns/Blizzard_ScriptErrors/Blizzard_ScriptErrors.lua]:71>",
    "count": 1
  },
  {
    "message": "@/home/osso/.worktrees/wow-ui-sim-p510-page/data/patch-api/evidence/5.1.0-session-2026-10-08/addon-snapshot/EnhanceQoL/Init.lua: Lua error: ....0-session-2026-10-08/addon-snapshot/EnhanceQoL/Init.lua:70: Cannot find a library instance of \"AceLocale-3.0\".\nstack traceback:\n\t(string):1: in main chunk",
    "count": 1
  },
  {
    "message": "Lua Error: @/home/osso/.worktrees/wow-ui-sim-p510-page/data/patch-api/evidence/5.1.0-session-2026-10-08/addon-snapshot/EnhanceQoL/Init.lua: Lua error: ....0-session-2026-10-08/addon-snapshot/EnhanceQoL/Init.lua:70: Cannot find a library instance of \"AceLocale-3.0\".\nstack traceback:\n\t(string):1: in main chunk\n[Interface/AddOns/Blizzard_ScriptErrors/Blizzard_ScriptErrors.lua]:59: in function 'GetErrorData'\n[Interface/AddOns/Blizzard_ScriptErrors/Blizzard_ScriptErrors.lua]:72: in function <[Interface/AddOns/Blizzard_ScriptErrors/Blizzard_ScriptErrors.lua]:71>",
    "count": 1
  },
  {
    "message": "IO error reading /home/osso/.worktrees/wow-ui-sim-p510-page/data/patch-api/evidence/5.1.0-session-2026-10-08/addon-snapshot/EnhanceQoL/libs/LibDeflate/LibDeflate.lua: No such file or directory (os error 2)\nstack traceback:\n\t(string):1: in main chunk",
    "count": 1
  },
  {
    "message": "Lua Error: IO error reading /home/osso/.worktrees/wow-ui-sim-p510-page/data/patch-api/evidence/5.1.0-session-2026-10-08/addon-snapshot/EnhanceQoL/libs/LibDeflate/LibDeflate.lua: No such file or directory (os error 2)\nstack traceback:\n\t(string):1: in main chunk\n[Interface/AddOns/Blizzard_ScriptErrors/Blizzard_ScriptErrors.lua]:59: in function 'GetErrorData'\n[Interface/AddOns/Blizzard_ScriptErrors/Blizzard_ScriptErrors.lua]:72: in function <[Interface/AddOns/Blizzard_ScriptErrors/Blizzard_ScriptErrors.lua]:71>",
    "count": 1
  },
  {
    "message": "IO error reading /home/osso/.worktrees/wow-ui-sim-p510-page/data/patch-api/evidence/5.1.0-session-2026-10-08/addon-snapshot/EnhanceQoL/libs/LibSettingsDesigner/LibSettingsDesignerUI.lua: No such file or directory (os error 2)\nstack traceback:\n\t(string):1: in main chunk",
    "count": 1
  },
  {
    "message": "Lua Error: IO error reading /home/osso/.worktrees/wow-ui-sim-p510-page/data/patch-api/evidence/5.1.0-session-2026-10-08/addon-snapshot/EnhanceQoL/libs/LibSettingsDesigner/LibSettingsDesignerUI.lua: No such file or directory (os error 2)\nstack traceback:\n\t(string):1: in main chunk\n[Interface/AddOns/Blizzard_ScriptErrors/Blizzard_ScriptErrors.lua]:59: in function 'GetErrorData'\n[Interface/AddOns/Blizzard_ScriptErrors/Blizzard_ScriptErrors.lua]:72: in function <[Interface/AddOns/Blizzard_ScriptErrors/Blizzard_ScriptErrors.lua]:71>",
    "count": 1
  },
  {
    "message": "@/home/osso/.worktrees/wow-ui-sim-p510-page/data/patch-api/evidence/5.1.0-session-2026-10-08/addon-snapshot/EnhanceQoL/Core/EditMode.lua: Lua error: EnhanceQoL Edit Mode integration is not loaded\nstack traceback:\n\t(string):1: in main chunk",
    "count": 1
  },
  {
    "message": "Lua Error: @/home/osso/.worktrees/wow-ui-sim-p510-page/data/patch-api/evidence/5.1.0-session-2026-10-08/addon-snapshot/EnhanceQoL/Core/EditMode.lua: Lua error: EnhanceQoL Edit Mode integration is not loaded\nstack traceback:\n\t(string):1: in main chunk\n[Interface/AddOns/Blizzard_ScriptErrors/Blizzard_ScriptErrors.lua]:59: in function 'GetErrorData'\n[Interface/AddOns/Blizzard_ScriptErrors/Blizzard_ScriptErrors.lua]:72: in function <[Interface/AddOns/Blizzard_ScriptErrors/Blizzard_ScriptErrors.lua]:71>",
    "count": 1
  },
  {
    "message": "@/home/osso/.worktrees/wow-ui-sim-p510-page/data/patch-api/evidence/5.1.0-session-2026-10-08/addon-snapshot/EnhanceQoL/Core/SharedAnchors.lua: Lua error: ...6-10-08/addon-snapshot/EnhanceQoL/Core/SharedAnchors.lua:14: Cannot find a library instance of \"AceLocale-3.0\".\nstack traceback:\n\t(string):1: in main chunk",
    "count": 1
  },
  {
    "message": "Lua Error: @/home/osso/.worktrees/wow-ui-sim-p510-page/data/patch-api/evidence/5.1.0-session-2026-10-08/addon-snapshot/EnhanceQoL/Core/SharedAnchors.lua: Lua error: ...6-10-08/addon-snapshot/EnhanceQoL/Core/SharedAnchors.lua:14: Cannot find a library instance of \"AceLocale-3.0\".\nstack traceback:\n\t(string):1: in main chunk\n[Interface/AddOns/Blizzard_ScriptErrors/Blizzard_ScriptErrors.lua]:59: in function 'GetErrorData'\n[Interface/AddOns/Blizzard_ScriptErrors/Blizzard_ScriptErrors.lua]:72: in function <[Interface/AddOns/Blizzard_ScriptErrors/Blizzard_ScriptErrors.lua]:71>",
    "count": 1
  },
  {
    "message": "@/home/osso/.worktrees/wow-ui-sim-p510-page/data/patch-api/evidence/5.1.0-session-2026-10-08/addon-snapshot/EnhanceQoL/Core/EditModeAnchors.lua: Lua error: ...10-08/addon-snapshot/EnhanceQoL/Core/EditModeAnchors.lua:8: Cannot find a library instance of \"AceLocale-3.0\".\nstack traceback:\n\t(string):1: in main chunk",
    "count": 1
  },
  {
    "message": "Lua Error: @/home/osso/.worktrees/wow-ui-sim-p510-page/data/patch-api/evidence/5.1.0-session-2026-10-08/addon-snapshot/EnhanceQoL/Core/EditModeAnchors.lua: Lua error: ...10-08/addon-snapshot/EnhanceQoL/Core/EditModeAnchors.lua:8: Cannot find a library instance of \"AceLocale-3.0\".\nstack traceback:\n\t(string):1: in main chunk\n[Interface/AddOns/Blizzard_ScriptErrors/Blizzard_ScriptErrors.lua]:59: in function 'GetErrorData'\n[Interface/AddOns/Blizzard_ScriptErrors/Blizzard_ScriptErrors.lua]:72: in function <[Interface/AddOns/Blizzard_ScriptErrors/Blizzard_ScriptErrors.lua]:71>",
    "count": 1
  },
  {
    "message": "@/home/osso/.worktrees/wow-ui-sim-p510-page/data/patch-api/evidence/5.1.0-session-2026-10-08/addon-snapshot/EnhanceQoL/Core/EditModeAnchorUI.lua: Lua error: ...0-08/addon-snapshot/EnhanceQoL/Core/EditModeAnchorUI.lua:6: Cannot find a library instance of \"AceLocale-3.0\".\nstack traceback:\n\t(string):1: in main chunk",
    "count": 1
  },
  {
    "message": "Lua Error: @/home/osso/.worktrees/wow-ui-sim-p510-page/data/patch-api/evidence/5.1.0-session-2026-10-08/addon-snapshot/EnhanceQoL/Core/EditModeAnchorUI.lua: Lua error: ...0-08/addon-snapshot/EnhanceQoL/Core/EditModeAnchorUI.lua:6: Cannot find a library instance of \"AceLocale-3.0\".\nstack traceback:\n\t(string):1: in main chunk\n[Interface/AddOns/Blizzard_ScriptErrors/Blizzard_ScriptErrors.lua]:59: in function 'GetErrorData'\n[Interface/AddOns/Blizzard_ScriptErrors/Blizzard_ScriptErrors.lua]:72: in function <[Interface/AddOns/Blizzard_ScriptErrors/Blizzard_ScriptErrors.lua]:71>",
    "count": 1
  },
  {
    "message": "@/home/osso/.worktrees/wow-ui-sim-p510-page/data/patch-api/evidence/5.1.0-session-2026-10-08/addon-snapshot/EnhanceQoL/Core/Streams/Stream_Currency.lua: Lua error: ...don-snapshot/EnhanceQoL/Core/Streams/Stream_Currency.lua:18: attempt to index local 'L' (a nil value)\nstack traceback:\n\t(string):1: in main chunk",
    "count": 1
  },
  {
    "message": "Lua Error: @/home/osso/.worktrees/wow-ui-sim-p510-page/data/patch-api/evidence/5.1.0-session-2026-10-08/addon-snapshot/EnhanceQoL/Core/Streams/Stream_Currency.lua: Lua error: ...don-snapshot/EnhanceQoL/Core/Streams/Stream_Currency.lua:18: attempt to index local 'L' (a nil value)\nstack traceback:\n\t(string):1: in main chunk\n[Interface/AddOns/Blizzard_ScriptErrors/Blizzard_ScriptErrors.lua]:59: in function 'GetErrorData'\n[Interface/AddOns/Blizzard_ScriptErrors/Blizzard_ScriptErrors.lua]:72: in function <[Interface/AddOns/Blizzard_ScriptErrors/Blizzard_ScriptErrors.lua]:71>",
    "count": 1
  },
  {
    "message": "@/home/osso/.worktrees/wow-ui-sim-p510-page/data/patch-api/evidence/5.1.0-session-2026-10-08/addon-snapshot/EnhanceQoL/Submodules/GemHelper.lua: Lua error: ...10-08/addon-snapshot/EnhanceQoL/Submodules/GemHelper.lua:3: Cannot find a library instance of \"AceLocale-3.0\".\nstack traceback:\n\t(string):1: in main chunk",
    "count": 1
  },
  {
    "message": "Lua Error: @/home/osso/.worktrees/wow-ui-sim-p510-page/data/patch-api/evidence/5.1.0-session-2026-10-08/addon-snapshot/EnhanceQoL/Submodules/GemHelper.lua: Lua error: ...10-08/addon-snapshot/EnhanceQoL/Submodules/GemHelper.lua:3: Cannot find a library instance of \"AceLocale-3.0\".\nstack traceback:\n\t(string):1: in main chunk\n[Interface/AddOns/Blizzard_ScriptErrors/Blizzard_ScriptErrors.lua]:59: in function 'GetErrorData'\n[Interface/AddOns/Blizzard_ScriptErrors/Blizzard_ScriptErrors.lua]:72: in function <[Interface/AddOns/Blizzard_ScriptErrors/Blizzard_ScriptErrors.lua]:71>",
    "count": 1
  },
  {
    "message": "@/home/osso/.worktrees/wow-ui-sim-p510-page/data/patch-api/evidence/5.1.0-session-2026-10-08/addon-snapshot/EnhanceQoL/Submodules/MountActions.lua: Lua error: ...08/addon-snapshot/EnhanceQoL/Submodules/MountActions.lua:9: Cannot find a library instance of \"AceLocale-3.0\".\nstack traceback:\n\t(string):1: in main chunk",
    "count": 1
  },
  {
    "message": "Lua Error: @/home/osso/.worktrees/wow-ui-sim-p510-page/data/patch-api/evidence/5.1.0-session-2026-10-08/addon-snapshot/EnhanceQoL/Submodules/MountActions.lua: Lua error: ...08/addon-snapshot/EnhanceQoL/Submodules/MountActions.lua:9: Cannot find a library instance of \"AceLocale-3.0\".\nstack traceback:\n\t(string):1: in main chunk\n[Interface/AddOns/Blizzard_ScriptErrors/Blizzard_ScriptErrors.lua]:59: in function 'GetErrorData'\n[Interface/AddOns/Blizzard_ScriptErrors/Blizzard_ScriptErrors.lua]:72: in function <[Interface/AddOns/Blizzard_ScriptErrors/Blizzard_ScriptErrors.lua]:71>",
    "count": 1
  },
  {
    "message": "@/home/osso/.worktrees/wow-ui-sim-p510-page/data/patch-api/evidence/5.1.0-session-2026-10-08/addon-snapshot/EnhanceQoL/Submodules/ActionTracker.lua: Lua error: ...8/addon-snapshot/EnhanceQoL/Submodules/ActionTracker.lua:13: Cannot find a library instance of \"AceLocale-3.0\".\nstack traceback:\n\t(string):1: in main chunk",
    "count": 1
  },
  {
    "message": "Lua Error: @/home/osso/.worktrees/wow-ui-sim-p510-page/data/patch-api/evidence/5.1.0-session-2026-10-08/addon-snapshot/EnhanceQoL/Submodules/ActionTracker.lua: Lua error: ...8/addon-snapshot/EnhanceQoL/Submodules/ActionTracker.lua:13: Cannot find a library instance of \"AceLocale-3.0\".\nstack traceback:\n\t(string):1: in main chunk\n[Interface/AddOns/Blizzard_ScriptErrors/Blizzard_ScriptErrors.lua]:59: in function 'GetErrorData'\n[Interface/AddOns/Blizzard_ScriptErrors/Blizzard_ScriptErrors.lua]:72: in function <[Interface/AddOns/Blizzard_ScriptErrors/Blizzard_ScriptErrors.lua]:71>",
    "count": 1
  },
  {
    "message": "@/home/osso/.worktrees/wow-ui-sim-p510-page/data/patch-api/evidence/5.1.0-session-2026-10-08/addon-snapshot/EnhanceQoL/Submodules/GroupTools.lua: Lua error: ...0-08/addon-snapshot/EnhanceQoL/Submodules/GroupTools.lua:14: Cannot find a library instance of \"AceLocale-3.0\".\nstack traceback:\n\t(string):1: in main chunk",
    "count": 1
  },
  {
    "message": "Lua Error: @/home/osso/.worktrees/wow-ui-sim-p510-page/data/patch-api/evidence/5.1.0-session-2026-10-08/addon-snapshot/EnhanceQoL/Submodules/GroupTools.lua: Lua error: ...0-08/addon-snapshot/EnhanceQoL/Submodules/GroupTools.lua:14: Cannot find a library instance of \"AceLocale-3.0\".\nstack traceback:\n\t(string):1: in main chunk\n[Interface/AddOns/Blizzard_ScriptErrors/Blizzard_ScriptErrors.lua]:59: in function 'GetErrorData'\n[Interface/AddOns/Blizzard_ScriptErrors/Blizzard_ScriptErrors.lua]:72: in function <[Interface/AddOns/Blizzard_ScriptErrors/Blizzard_ScriptErrors.lua]:71>",
    "count": 1
  },
  {
    "message": "IO error reading /home/osso/.worktrees/wow-ui-sim-p510-page/data/patch-api/evidence/5.1.0-session-2026-10-08/addon-snapshot/EnhanceQoL/Settings/SettingsUI.lua: No such file or directory (os error 2)\nstack traceback:\n\t(string):1: in main chunk",
    "count": 1
  },
  {
    "message": "Lua Error: IO error reading /home/osso/.worktrees/wow-ui-sim-p510-page/data/patch-api/evidence/5.1.0-session-2026-10-08/addon-snapshot/EnhanceQoL/Settings/SettingsUI.lua: No such file or directory (os error 2)\nstack traceback:\n\t(string):1: in main chunk\n[Interface/AddOns/Blizzard_ScriptErrors/Blizzard_ScriptErrors.lua]:59: in function 'GetErrorData'\n[Interface/AddOns/Blizzard_ScriptErrors/Blizzard_ScriptErrors.lua]:72: in function <[Interface/AddOns/Blizzard_ScriptErrors/Blizzard_ScriptErrors.lua]:71>",
    "count": 1
  },
  {
    "message": "@/home/osso/.worktrees/wow-ui-sim-p510-page/data/patch-api/evidence/5.1.0-session-2026-10-08/addon-snapshot/EnhanceQoL/Modules/Mouse/Mouse.lua: Lua error: ...-10-08/addon-snapshot/EnhanceQoL/Modules/Mouse/Mouse.lua:10: Cannot find a library instance of \"AceLocale-3.0\".\nstack traceback:\n\t(string):1: in main chunk",
    "count": 1
  },
  {
    "message": "Lua Error: @/home/osso/.worktrees/wow-ui-sim-p510-page/data/patch-api/evidence/5.1.0-session-2026-10-08/addon-snapshot/EnhanceQoL/Modules/Mouse/Mouse.lua: Lua error: ...-10-08/addon-snapshot/EnhanceQoL/Modules/Mouse/Mouse.lua:10: Cannot find a library instance of \"AceLocale-3.0\".\nstack traceback:\n\t(string):1: in main chunk\n[Interface/AddOns/Blizzard_ScriptErrors/Blizzard_ScriptErrors.lua]:59: in function 'GetErrorData'\n[Interface/AddOns/Blizzard_ScriptErrors/Blizzard_ScriptErrors.lua]:72: in function <[Interface/AddOns/Blizzard_ScriptErrors/Blizzard_ScriptErrors.lua]:71>",
    "count": 1
  },
  {
    "message": "IO error reading /home/osso/.worktrees/wow-ui-sim-p510-page/data/patch-api/evidence/5.1.0-session-2026-10-08/addon-snapshot/EnhanceQoL/Modules/Food/Drinks.lua: No such file or directory (os error 2)\nstack traceback:\n\t(string):1: in main chunk",
    "count": 1
  },
  {
    "message": "Lua Error: IO error reading /home/osso/.worktrees/wow-ui-sim-p510-page/data/patch-api/evidence/5.1.0-session-2026-10-08/addon-snapshot/EnhanceQoL/Modules/Food/Drinks.lua: No such file or directory (os error 2)\nstack traceback:\n\t(string):1: in main chunk\n[Interface/AddOns/Blizzard_ScriptErrors/Blizzard_ScriptErrors.lua]:59: in function 'GetErrorData'\n[Interface/AddOns/Blizzard_ScriptErrors/Blizzard_ScriptErrors.lua]:72: in function <[Interface/AddOns/Blizzard_ScriptErrors/Blizzard_ScriptErrors.lua]:71>",
    "count": 1
  },
  {
    "message": "@/home/osso/.worktrees/wow-ui-sim-p510-page/data/patch-api/evidence/5.1.0-session-2026-10-08/addon-snapshot/InTime/InTime_UI.lua: Lua error: ...0-session-2026-10-08/addon-snapshot/InTime/InTime_UI.lua:131: attempt to index local 'L' (a nil value)\nstack traceback:\n\t(string):1: in main chunk",
    "count": 1
  },
  {
    "message": "Lua Error: @/home/osso/.worktrees/wow-ui-sim-p510-page/data/patch-api/evidence/5.1.0-session-2026-10-08/addon-snapshot/InTime/InTime_UI.lua: Lua error: ...0-session-2026-10-08/addon-snapshot/InTime/InTime_UI.lua:131: attempt to index local 'L' (a nil value)\nstack traceback:\n\t(string):1: in main chunk\n[Interface/AddOns/Blizzard_ScriptErrors/Blizzard_ScriptErrors.lua]:59: in function 'GetErrorData'\n[Interface/AddOns/Blizzard_ScriptErrors/Blizzard_ScriptErrors.lua]:72: in function <[Interface/AddOns/Blizzard_ScriptErrors/Blizzard_ScriptErrors.lua]:71>",
    "count": 1
  },
  {
    "message": "@/home/osso/.worktrees/wow-ui-sim-p510-page/data/patch-api/evidence/5.1.0-session-2026-10-08/addon-snapshot/InTime/InTime_Core.lua: Lua error: ...session-2026-10-08/addon-snapshot/InTime/InTime_Core.lua:20: attempt to index local 'L' (a nil value)\nstack traceback:\n\t(string):1: in main chunk",
    "count": 1
  },
  {
    "message": "Lua Error: @/home/osso/.worktrees/wow-ui-sim-p510-page/data/patch-api/evidence/5.1.0-session-2026-10-08/addon-snapshot/InTime/InTime_Core.lua: Lua error: ...session-2026-10-08/addon-snapshot/InTime/InTime_Core.lua:20: attempt to index local 'L' (a nil value)\nstack traceback:\n\t(string):1: in main chunk\n[Interface/AddOns/Blizzard_ScriptErrors/Blizzard_ScriptErrors.lua]:59: in function 'GetErrorData'\n[Interface/AddOns/Blizzard_ScriptErrors/Blizzard_ScriptErrors.lua]:72: in function <[Interface/AddOns/Blizzard_ScriptErrors/Blizzard_ScriptErrors.lua]:71>",
    "count": 1
  },
  {
    "message": "@/home/osso/.worktrees/wow-ui-sim-p510-page/data/patch-api/evidence/5.1.0-session-2026-10-08/addon-snapshot/ItemVersion/Locales/enUS.lua: Lua error: ...n-2026-10-08/addon-snapshot/ItemVersion/Locales/enUS.lua:6: Cannot find a library instance of \"AceLocale-3.0\".\nstack traceback:\n\t(string):1: in main chunk",
    "count": 1
  },
  {
    "message": "Lua Error: @/home/osso/.worktrees/wow-ui-sim-p510-page/data/patch-api/evidence/5.1.0-session-2026-10-08/addon-snapshot/ItemVersion/Locales/enUS.lua: Lua error: ...n-2026-10-08/addon-snapshot/ItemVersion/Locales/enUS.lua:6: Cannot find a library instance of \"AceLocale-3.0\".\nstack traceback:\n\t(string):1: in main chunk\n[Interface/AddOns/Blizzard_ScriptErrors/Blizzard_ScriptErrors.lua]:59: in function 'GetErrorData'\n[Interface/AddOns/Blizzard_ScriptErrors/Blizzard_ScriptErrors.lua]:72: in function <[Interface/AddOns/Blizzard_ScriptErrors/Blizzard_ScriptErrors.lua]:71>",
    "count": 1
  },
  {
    "message": "@/home/osso/.worktrees/wow-ui-sim-p510-page/data/patch-api/evidence/5.1.0-session-2026-10-08/addon-snapshot/ItemVersion/Locales/zhCN.lua: Lua error: ...n-2026-10-08/addon-snapshot/ItemVersion/Locales/zhCN.lua:6: Cannot find a library instance of \"AceLocale-3.0\".\nstack traceback:\n\t(string):1: in main chunk",
    "count": 1
  },
  {
    "message": "Lua Error: @/home/osso/.worktrees/wow-ui-sim-p510-page/data/patch-api/evidence/5.1.0-session-2026-10-08/addon-snapshot/ItemVersion/Locales/zhCN.lua: Lua error: ...n-2026-10-08/addon-snapshot/ItemVersion/Locales/zhCN.lua:6: Cannot find a library instance of \"AceLocale-3.0\".\nstack traceback:\n\t(string):1: in main chunk\n[Interface/AddOns/Blizzard_ScriptErrors/Blizzard_ScriptErrors.lua]:59: in function 'GetErrorData'\n[Interface/AddOns/Blizzard_ScriptErrors/Blizzard_ScriptErrors.lua]:72: in function <[Interface/AddOns/Blizzard_ScriptErrors/Blizzard_ScriptErrors.lua]:71>",
    "count": 1
  },
  {
    "message": "@/home/osso/.worktrees/wow-ui-sim-p510-page/data/patch-api/evidence/5.1.0-session-2026-10-08/addon-snapshot/ItemVersion/Profile.lua: Lua error: ...ession-2026-10-08/addon-snapshot/ItemVersion/Profile.lua:3: Cannot find a library instance of \"AceLocale-3.0\".\nstack traceback:\n\t(string):1: in main chunk",
    "count": 1
  },
  {
    "message": "Lua Error: @/home/osso/.worktrees/wow-ui-sim-p510-page/data/patch-api/evidence/5.1.0-session-2026-10-08/addon-snapshot/ItemVersion/Profile.lua: Lua error: ...ession-2026-10-08/addon-snapshot/ItemVersion/Profile.lua:3: Cannot find a library instance of \"AceLocale-3.0\".\nstack traceback:\n\t(string):1: in main chunk\n[Interface/AddOns/Blizzard_ScriptErrors/Blizzard_ScriptErrors.lua]:59: in function 'GetErrorData'\n[Interface/AddOns/Blizzard_ScriptErrors/Blizzard_ScriptErrors.lua]:72: in function <[Interface/AddOns/Blizzard_ScriptErrors/Blizzard_ScriptErrors.lua]:71>",
    "count": 1
  },
  {
    "message": "@/home/osso/.worktrees/wow-ui-sim-p510-page/data/patch-api/evidence/5.1.0-session-2026-10-08/addon-snapshot/ItemVersion/Expansion.lua: Lua error: ...sion-2026-10-08/addon-snapshot/ItemVersion/Expansion.lua:3: Cannot find a library instance of \"AceLocale-3.0\".\nstack traceback:\n\t(string):1: in main chunk",
    "count": 1
  },
  {
    "message": "Lua Error: @/home/osso/.worktrees/wow-ui-sim-p510-page/data/patch-api/evidence/5.1.0-session-2026-10-08/addon-snapshot/ItemVersion/Expansion.lua: Lua error: ...sion-2026-10-08/addon-snapshot/ItemVersion/Expansion.lua:3: Cannot find a library instance of \"AceLocale-3.0\".\nstack traceback:\n\t(string):1: in main chunk\n[Interface/AddOns/Blizzard_ScriptErrors/Blizzard_ScriptErrors.lua]:59: in function 'GetErrorData'\n[Interface/AddOns/Blizzard_ScriptErrors/Blizzard_ScriptErrors.lua]:72: in function <[Interface/AddOns/Blizzard_ScriptErrors/Blizzard_ScriptErrors.lua]:71>",
    "count": 1
  },
  {
    "message": "@/home/osso/.worktrees/wow-ui-sim-p510-page/data/patch-api/evidence/5.1.0-session-2026-10-08/addon-snapshot/ItemVersion/Options.lua: Lua error: ...ession-2026-10-08/addon-snapshot/ItemVersion/Options.lua:3: Cannot find a library instance of \"AceLocale-3.0\".\nstack traceback:\n\t(string):1: in main chunk",
    "count": 1
  },
  {
    "message": "Lua Error: @/home/osso/.worktrees/wow-ui-sim-p510-page/data/patch-api/evidence/5.1.0-session-2026-10-08/addon-snapshot/ItemVersion/Options.lua: Lua error: ...ession-2026-10-08/addon-snapshot/ItemVersion/Options.lua:3: Cannot find a library instance of \"AceLocale-3.0\".\nstack traceback:\n\t(string):1: in main chunk\n[Interface/AddOns/Blizzard_ScriptErrors/Blizzard_ScriptErrors.lua]:59: in function 'GetErrorData'\n[Interface/AddOns/Blizzard_ScriptErrors/Blizzard_ScriptErrors.lua]:72: in function <[Interface/AddOns/Blizzard_ScriptErrors/Blizzard_ScriptErrors.lua]:71>",
    "count": 1
  },
  {
    "message": "@/home/osso/.worktrees/wow-ui-sim-p510-page/data/patch-api/evidence/5.1.0-session-2026-10-08/addon-snapshot/ItemVersion/SlashCommands.lua: Lua error: ...-2026-10-08/addon-snapshot/ItemVersion/SlashCommands.lua:3: Cannot find a library instance of \"AceLocale-3.0\".\nstack traceback:\n\t(string):1: in main chunk",
    "count": 1
  },
  {
    "message": "Lua Error: @/home/osso/.worktrees/wow-ui-sim-p510-page/data/patch-api/evidence/5.1.0-session-2026-10-08/addon-snapshot/ItemVersion/SlashCommands.lua: Lua error: ...-2026-10-08/addon-snapshot/ItemVersion/SlashCommands.lua:3: Cannot find a library instance of \"AceLocale-3.0\".\nstack traceback:\n\t(string):1: in main chunk\n[Interface/AddOns/Blizzard_ScriptErrors/Blizzard_ScriptErrors.lua]:59: in function 'GetErrorData'\n[Interface/AddOns/Blizzard_ScriptErrors/Blizzard_ScriptErrors.lua]:72: in function <[Interface/AddOns/Blizzard_ScriptErrors/Blizzard_ScriptErrors.lua]:71>",
    "count": 1
  },
  {
    "message": "@/home/osso/.worktrees/wow-ui-sim-p510-page/data/patch-api/evidence/5.1.0-session-2026-10-08/addon-snapshot/Leatrix_Plus/Leatrix_Plus_Media.lua: Lua error: ...10-08/addon-snapshot/Leatrix_Plus/Leatrix_Plus_Media.lua:10: attempt to index local 'L' (a nil value)\nstack traceback:\n\t(string):1: in main chunk",
    "count": 1
  },
  {
    "message": "Lua Error: @/home/osso/.worktrees/wow-ui-sim-p510-page/data/patch-api/evidence/5.1.0-session-2026-10-08/addon-snapshot/Leatrix_Plus/Leatrix_Plus_Media.lua: Lua error: ...10-08/addon-snapshot/Leatrix_Plus/Leatrix_Plus_Media.lua:10: attempt to index local 'L' (a nil value)\nstack traceback:\n\t(string):1: in main chunk\n[Interface/AddOns/Blizzard_ScriptErrors/Blizzard_ScriptErrors.lua]:59: in function 'GetErrorData'\n[Interface/AddOns/Blizzard_ScriptErrors/Blizzard_ScriptErrors.lua]:72: in function <[Interface/AddOns/Blizzard_ScriptErrors/Blizzard_ScriptErrors.lua]:71>",
    "count": 1
  },
  {
    "message": "@/home/osso/.worktrees/wow-ui-sim-p510-page/data/patch-api/evidence/5.1.0-session-2026-10-08/addon-snapshot/Leatrix_Plus/Leatrix_Plus.lua: Lua error: ...-2026-10-08/addon-snapshot/Leatrix_Plus/Leatrix_Plus.lua:61: attempt to index local 'L' (a nil value)\nstack traceback:\n\t(string):1: in main chunk",
    "count": 1
  },
  {
    "message": "Lua Error: @/home/osso/.worktrees/wow-ui-sim-p510-page/data/patch-api/evidence/5.1.0-session-2026-10-08/addon-snapshot/Leatrix_Plus/Leatrix_Plus.lua: Lua error: ...-2026-10-08/addon-snapshot/Leatrix_Plus/Leatrix_Plus.lua:61: attempt to index local 'L' (a nil value)\nstack traceback:\n\t(string):1: in main chunk\n[Interface/AddOns/Blizzard_ScriptErrors/Blizzard_ScriptErrors.lua]:59: in function 'GetErrorData'\n[Interface/AddOns/Blizzard_ScriptErrors/Blizzard_ScriptErrors.lua]:72: in function <[Interface/AddOns/Blizzard_ScriptErrors/Blizzard_ScriptErrors.lua]:71>",
    "count": 1
  },
  {
    "message": "@/home/osso/.worktrees/wow-ui-sim-p510-page/data/patch-api/evidence/5.1.0-session-2026-10-08/addon-snapshot/Plumber/Locales/enUS.lua: Lua error: ...ssion-2026-10-08/addon-snapshot/Plumber/Locales/enUS.lua:17: attempt to index local 'L' (a nil value)\nstack traceback:\n\t(string):1: in main chunk",
    "count": 1
  },
  {
    "message": "Lua Error: @/home/osso/.worktrees/wow-ui-sim-p510-page/data/patch-api/evidence/5.1.0-session-2026-10-08/addon-snapshot/Plumber/Locales/enUS.lua: Lua error: ...ssion-2026-10-08/addon-snapshot/Plumber/Locales/enUS.lua:17: attempt to index local 'L' (a nil value)\nstack traceback:\n\t(string):1: in main chunk\n[Interface/AddOns/Blizzard_ScriptErrors/Blizzard_ScriptErrors.lua]:59: in function 'GetErrorData'\n[Interface/AddOns/Blizzard_ScriptErrors/Blizzard_ScriptErrors.lua]:72: in function <[Interface/AddOns/Blizzard_ScriptErrors/Blizzard_ScriptErrors.lua]:71>",
    "count": 1
  },
  {
    "message": "@/home/osso/.worktrees/wow-ui-sim-p510-page/data/patch-api/evidence/5.1.0-session-2026-10-08/addon-snapshot/Plumber/Modules/Shared/SharedData.lua: Lua error: ...-08/addon-snapshot/Plumber/Modules/Shared/SharedData.lua:51: attempt to index local 'L' (a nil value)\nstack traceback:\n\t(string):1: in main chunk",
    "count": 1
  },
  {
    "message": "Lua Error: @/home/osso/.worktrees/wow-ui-sim-p510-page/data/patch-api/evidence/5.1.0-session-2026-10-08/addon-snapshot/Plumber/Modules/Shared/SharedData.lua: Lua error: ...-08/addon-snapshot/Plumber/Modules/Shared/SharedData.lua:51: attempt to index local 'L' (a nil value)\nstack traceback:\n\t(string):1: in main chunk\n[Interface/AddOns/Blizzard_ScriptErrors/Blizzard_ScriptErrors.lua]:59: in function 'GetErrorData'\n[Interface/AddOns/Blizzard_ScriptErrors/Blizzard_ScriptErrors.lua]:72: in function <[Interface/AddOns/Blizzard_ScriptErrors/Blizzard_ScriptErrors.lua]:71>",
    "count": 1
  },
  {
    "message": "IO error loading /home/osso/.worktrees/wow-ui-sim-p510-page/data/patch-api/evidence/5.1.0-session-2026-10-08/addon-snapshot/Plumber/Modules/Shared/SharedWidgets.xml: No such file or directory (os error 2)\nstack traceback:\n\t(string):1: in main chunk",
    "count": 1
  },
  {
    "message": "Lua Error: IO error loading /home/osso/.worktrees/wow-ui-sim-p510-page/data/patch-api/evidence/5.1.0-session-2026-10-08/addon-snapshot/Plumber/Modules/Shared/SharedWidgets.xml: No such file or directory (os error 2)\nstack traceback:\n\t(string):1: in main chunk\n[Interface/AddOns/Blizzard_ScriptErrors/Blizzard_ScriptErrors.lua]:59: in function 'GetErrorData'\n[Interface/AddOns/Blizzard_ScriptErrors/Blizzard_ScriptErrors.lua]:72: in function <[Interface/AddOns/Blizzard_ScriptErrors/Blizzard_ScriptErrors.lua]:71>",
    "count": 1
  },
  {
    "message": "XML error: IO error loading /home/osso/.worktrees/wow-ui-sim-p510-page/data/patch-api/evidence/5.1.0-session-2026-10-08/addon-snapshot/Plumber/Modules/Shared/SharedWidgets.xml: No such file or directory (os error 2)\nstack traceback:\n\t(string):1: in main chunk",
    "count": 1
  },
  {
    "message": "Lua Error: XML error: IO error loading /home/osso/.worktrees/wow-ui-sim-p510-page/data/patch-api/evidence/5.1.0-session-2026-10-08/addon-snapshot/Plumber/Modules/Shared/SharedWidgets.xml: No such file or directory (os error 2)\nstack traceback:\n\t(string):1: in main chunk\n[Interface/AddOns/Blizzard_ScriptErrors/Blizzard_ScriptErrors.lua]:59: in function 'GetErrorData'\n[Interface/AddOns/Blizzard_ScriptErrors/Blizzard_ScriptErrors.lua]:72: in function <[Interface/AddOns/Blizzard_ScriptErrors/Blizzard_ScriptErrors.lua]:71>",
    "count": 1
  },
  {
    "message": "@/home/osso/.worktrees/wow-ui-sim-p510-page/data/patch-api/evidence/5.1.0-session-2026-10-08/addon-snapshot/Plumber/Modules/ScenarioTracker.lua: Lua error: ...10-08/addon-snapshot/Plumber/Modules/ScenarioTracker.lua:150: attempt to index local 'API' (a nil value)\nstack traceback:\n\t(string):1: in main chunk",
    "count": 1
  },
  {
    "message": "Lua Error: @/home/osso/.worktrees/wow-ui-sim-p510-page/data/patch-api/evidence/5.1.0-session-2026-10-08/addon-snapshot/Plumber/Modules/ScenarioTracker.lua: Lua error: ...10-08/addon-snapshot/Plumber/Modules/ScenarioTracker.lua:150: attempt to index local 'API' (a nil value)\nstack traceback:\n\t(string):1: in main chunk\n[Interface/AddOns/Blizzard_ScriptErrors/Blizzard_ScriptErrors.lua]:59: in function 'GetErrorData'\n[Interface/AddOns/Blizzard_ScriptErrors/Blizzard_ScriptErrors.lua]:72: in function <[Interface/AddOns/Blizzard_ScriptErrors/Blizzard_ScriptErrors.lua]:71>",
    "count": 1
  },
  {
    "message": "IO error reading /home/osso/.worktrees/wow-ui-sim-p510-page/data/patch-api/evidence/5.1.0-session-2026-10-08/addon-snapshot/Plumber/Modules/ControlCenter/Preload.lua: No such file or directory (os error 2)\nstack traceback:\n\t(string):1: in main chunk",
    "count": 1
  },
  {
    "message": "Lua Error: IO error reading /home/osso/.worktrees/wow-ui-sim-p510-page/data/patch-api/evidence/5.1.0-session-2026-10-08/addon-snapshot/Plumber/Modules/ControlCenter/Preload.lua: No such file or directory (os error 2)\nstack traceback:\n\t(string):1: in main chunk\n[Interface/AddOns/Blizzard_ScriptErrors/Blizzard_ScriptErrors.lua]:59: in function 'GetErrorData'\n[Interface/AddOns/Blizzard_ScriptErrors/Blizzard_ScriptErrors.lua]:72: in function <[Interface/AddOns/Blizzard_ScriptErrors/Blizzard_ScriptErrors.lua]:71>",
    "count": 1
  },
  {
    "message": "@/home/osso/.worktrees/wow-ui-sim-p510-page/data/patch-api/evidence/5.1.0-session-2026-10-08/addon-snapshot/Plumber/Modules/Macros.lua: Lua error: ...ion-2026-10-08/addon-snapshot/Plumber/Modules/Macros.lua:47: attempt to index local 'API' (a nil value)\nstack traceback:\n\t(string):1: in main chunk",
    "count": 1
  },
  {
    "message": "Lua Error: @/home/osso/.worktrees/wow-ui-sim-p510-page/data/patch-api/evidence/5.1.0-session-2026-10-08/addon-snapshot/Plumber/Modules/Macros.lua: Lua error: ...ion-2026-10-08/addon-snapshot/Plumber/Modules/Macros.lua:47: attempt to index local 'API' (a nil value)\nstack traceback:\n\t(string):1: in main chunk\n[Interface/AddOns/Blizzard_ScriptErrors/Blizzard_ScriptErrors.lua]:59: in function 'GetErrorData'\n[Interface/AddOns/Blizzard_ScriptErrors/Blizzard_ScriptErrors.lua]:72: in function <[Interface/AddOns/Blizzard_ScriptErrors/Blizzard_ScriptErrors.lua]:71>",
    "count": 1
  },
  {
    "message": "@/home/osso/.worktrees/wow-ui-sim-p510-page/data/patch-api/evidence/5.1.0-session-2026-10-08/addon-snapshot/Plumber/Modules/BackpackItemTracker.lua: Lua error: ...8/addon-snapshot/Plumber/Modules/BackpackItemTracker.lua:20: attempt to index local 'API' (a nil value)\nstack traceback:\n\t(string):1: in main chunk",
    "count": 1
  },
  {
    "message": "Lua Error: @/home/osso/.worktrees/wow-ui-sim-p510-page/data/patch-api/evidence/5.1.0-session-2026-10-08/addon-snapshot/Plumber/Modules/BackpackItemTracker.lua: Lua error: ...8/addon-snapshot/Plumber/Modules/BackpackItemTracker.lua:20: attempt to index local 'API' (a nil value)\nstack traceback:\n\t(string):1: in main chunk\n[Interface/AddOns/Blizzard_ScriptErrors/Blizzard_ScriptErrors.lua]:59: in function 'GetErrorData'\n[Interface/AddOns/Blizzard_ScriptErrors/Blizzard_ScriptErrors.lua]:72: in function <[Interface/AddOns/Blizzard_ScriptErrors/Blizzard_ScriptErrors.lua]:71>",
    "count": 1
  },
  {
    "message": "@/home/osso/.worktrees/wow-ui-sim-p510-page/data/patch-api/evidence/5.1.0-session-2026-10-08/addon-snapshot/Plumber/Modules/AutoJoinEvents.lua: Lua error: ...-10-08/addon-snapshot/Plumber/Modules/AutoJoinEvents.lua:7: attempt to index field 'API' (a nil value)\nstack traceback:\n\t(string):1: in main chunk",
    "count": 1
  },
  {
    "message": "Lua Error: @/home/osso/.worktrees/wow-ui-sim-p510-page/data/patch-api/evidence/5.1.0-session-2026-10-08/addon-snapshot/Plumber/Modules/AutoJoinEvents.lua: Lua error: ...-10-08/addon-snapshot/Plumber/Modules/AutoJoinEvents.lua:7: attempt to index field 'API' (a nil value)\nstack traceback:\n\t(string):1: in main chunk\n[Interface/AddOns/Blizzard_ScriptErrors/Blizzard_ScriptErrors.lua]:59: in function 'GetErrorData'\n[Interface/AddOns/Blizzard_ScriptErrors/Blizzard_ScriptErrors.lua]:72: in function <[Interface/AddOns/Blizzard_ScriptErrors/Blizzard_ScriptErrors.lua]:71>",
    "count": 1
  },
  {
    "message": "@/home/osso/.worktrees/wow-ui-sim-p510-page/data/patch-api/evidence/5.1.0-session-2026-10-08/addon-snapshot/Plumber/Modules/PlayerChoiceFrameToken.lua: Lua error: ...ddon-snapshot/Plumber/Modules/PlayerChoiceFrameToken.lua:5: attempt to index field 'API' (a nil value)\nstack traceback:\n\t(string):1: in main chunk",
    "count": 1
  },
  {
    "message": "Lua Error: @/home/osso/.worktrees/wow-ui-sim-p510-page/data/patch-api/evidence/5.1.0-session-2026-10-08/addon-snapshot/Plumber/Modules/PlayerChoiceFrameToken.lua: Lua error: ...ddon-snapshot/Plumber/Modules/PlayerChoiceFrameToken.lua:5: attempt to index field 'API' (a nil value)\nstack traceback:\n\t(string):1: in main chunk\n[Interface/AddOns/Blizzard_ScriptErrors/Blizzard_ScriptErrors.lua]:59: in function 'GetErrorData'\n[Interface/AddOns/Blizzard_ScriptErrors/Blizzard_ScriptErrors.lua]:72: in function <[Interface/AddOns/Blizzard_ScriptErrors/Blizzard_ScriptErrors.lua]:71>",
    "count": 1
  },
  {
    "message": "@/home/osso/.worktrees/wow-ui-sim-p510-page/data/patch-api/evidence/5.1.0-session-2026-10-08/addon-snapshot/Plumber/Modules/QuickSlot.lua: Lua error: ...-2026-10-08/addon-snapshot/Plumber/Modules/QuickSlot.lua:4: attempt to index local 'API' (a nil value)\nstack traceback:\n\t(string):1: in main chunk",
    "count": 1
  },
  {
    "message": "Lua Error: @/home/osso/.worktrees/wow-ui-sim-p510-page/data/patch-api/evidence/5.1.0-session-2026-10-08/addon-snapshot/Plumber/Modules/QuickSlot.lua: Lua error: ...-2026-10-08/addon-snapshot/Plumber/Modules/QuickSlot.lua:4: attempt to index local 'API' (a nil value)\nstack traceback:\n\t(string):1: in main chunk\n[Interface/AddOns/Blizzard_ScriptErrors/Blizzard_ScriptErrors.lua]:59: in function 'GetErrorData'\n[Interface/AddOns/Blizzard_ScriptErrors/Blizzard_ScriptErrors.lua]:72: in function <[Interface/AddOns/Blizzard_ScriptErrors/Blizzard_ScriptErrors.lua]:71>",
    "count": 1
  },
  {
    "message": "@/home/osso/.worktrees/wow-ui-sim-p510-page/data/patch-api/evidence/5.1.0-session-2026-10-08/addon-snapshot/Plumber/Modules/RareAnnouncement.lua: Lua error: ...0-08/addon-snapshot/Plumber/Modules/RareAnnouncement.lua:6: attempt to index local 'API' (a nil value)\nstack traceback:\n\t(string):1: in main chunk",
    "count": 1
  },
  {
    "message": "Lua Error: @/home/osso/.worktrees/wow-ui-sim-p510-page/data/patch-api/evidence/5.1.0-session-2026-10-08/addon-snapshot/Plumber/Modules/RareAnnouncement.lua: Lua error: ...0-08/addon-snapshot/Plumber/Modules/RareAnnouncement.lua:6: attempt to index local 'API' (a nil value)\nstack traceback:\n\t(string):1: in main chunk\n[Interface/AddOns/Blizzard_ScriptErrors/Blizzard_ScriptErrors.lua]:59: in function 'GetErrorData'\n[Interface/AddOns/Blizzard_ScriptErrors/Blizzard_ScriptErrors.lua]:72: in function <[Interface/AddOns/Blizzard_ScriptErrors/Blizzard_ScriptErrors.lua]:71>",
    "count": 1
  },
  {
    "message": "@/home/osso/.worktrees/wow-ui-sim-p510-page/data/patch-api/evidence/5.1.0-session-2026-10-08/addon-snapshot/Plumber/Modules/MerchantPrice.lua: Lua error: ...6-10-08/addon-snapshot/Plumber/Modules/MerchantPrice.lua:27: attempt to index local 'API' (a nil value)\nstack traceback:\n\t(string):1: in main chunk",
    "count": 1
  },
  {
    "message": "Lua Error: @/home/osso/.worktrees/wow-ui-sim-p510-page/data/patch-api/evidence/5.1.0-session-2026-10-08/addon-snapshot/Plumber/Modules/MerchantPrice.lua: Lua error: ...6-10-08/addon-snapshot/Plumber/Modules/MerchantPrice.lua:27: attempt to index local 'API' (a nil value)\nstack traceback:\n\t(string):1: in main chunk\n[Interface/AddOns/Blizzard_ScriptErrors/Blizzard_ScriptErrors.lua]:59: in function 'GetErrorData'\n[Interface/AddOns/Blizzard_ScriptErrors/Blizzard_ScriptErrors.lua]:72: in function <[Interface/AddOns/Blizzard_ScriptErrors/Blizzard_ScriptErrors.lua]:71>",
    "count": 1
  },
  {
    "message": "@/home/osso/.worktrees/wow-ui-sim-p510-page/data/patch-api/evidence/5.1.0-session-2026-10-08/addon-snapshot/Plumber/Modules/DelvesAutomation.lua: Lua error: ...0-08/addon-snapshot/Plumber/Modules/DelvesAutomation.lua:75: attempt to index field 'L' (a nil value)\nstack traceback:\n\t(string):1: in main chunk",
    "count": 1
  },
  {
    "message": "Lua Error: @/home/osso/.worktrees/wow-ui-sim-p510-page/data/patch-api/evidence/5.1.0-session-2026-10-08/addon-snapshot/Plumber/Modules/DelvesAutomation.lua: Lua error: ...0-08/addon-snapshot/Plumber/Modules/DelvesAutomation.lua:75: attempt to index field 'L' (a nil value)\nstack traceback:\n\t(string):1: in main chunk\n[Interface/AddOns/Blizzard_ScriptErrors/Blizzard_ScriptErrors.lua]:59: in function 'GetErrorData'\n[Interface/AddOns/Blizzard_ScriptErrors/Blizzard_ScriptErrors.lua]:72: in function <[Interface/AddOns/Blizzard_ScriptErrors/Blizzard_ScriptErrors.lua]:71>",
    "count": 1
  },
  {
    "message": "IO error reading /home/osso/.worktrees/wow-ui-sim-p510-page/data/patch-api/evidence/5.1.0-session-2026-10-08/addon-snapshot/Plumber/Modules/GameTooltip_Core.lua: No such file or directory (os error 2)\nstack traceback:\n\t(string):1: in main chunk",
    "count": 1
  },
  {
    "message": "Lua Error: IO error reading /home/osso/.worktrees/wow-ui-sim-p510-page/data/patch-api/evidence/5.1.0-session-2026-10-08/addon-snapshot/Plumber/Modules/GameTooltip_Core.lua: No such file or directory (os error 2)\nstack traceback:\n\t(string):1: in main chunk\n[Interface/AddOns/Blizzard_ScriptErrors/Blizzard_ScriptErrors.lua]:59: in function 'GetErrorData'\n[Interface/AddOns/Blizzard_ScriptErrors/Blizzard_ScriptErrors.lua]:72: in function <[Interface/AddOns/Blizzard_ScriptErrors/Blizzard_ScriptErrors.lua]:71>",
    "count": 1
  },
  {
    "message": "@/home/osso/.worktrees/wow-ui-sim-p510-page/data/patch-api/evidence/5.1.0-session-2026-10-08/addon-snapshot/Plumber/Modules/UnderlightAngler.lua: Lua error: ...0-08/addon-snapshot/Plumber/Modules/UnderlightAngler.lua:69: attempt to index field 'L' (a nil value)\nstack traceback:\n\t(string):1: in main chunk",
    "count": 1
  },
  {
    "message": "Lua Error: @/home/osso/.worktrees/wow-ui-sim-p510-page/data/patch-api/evidence/5.1.0-session-2026-10-08/addon-snapshot/Plumber/Modules/UnderlightAngler.lua: Lua error: ...0-08/addon-snapshot/Plumber/Modules/UnderlightAngler.lua:69: attempt to index field 'L' (a nil value)\nstack traceback:\n\t(string):1: in main chunk\n[Interface/AddOns/Blizzard_ScriptErrors/Blizzard_ScriptErrors.lua]:59: in function 'GetErrorData'\n[Interface/AddOns/Blizzard_ScriptErrors/Blizzard_ScriptErrors.lua]:72: in function <[Interface/AddOns/Blizzard_ScriptErrors/Blizzard_ScriptErrors.lua]:71>",
    "count": 1
  },
  {
    "message": "@/home/osso/.worktrees/wow-ui-sim-p510-page/data/patch-api/evidence/5.1.0-session-2026-10-08/addon-snapshot/Plumber/Modules/ChatOptions.lua: Lua error: ...026-10-08/addon-snapshot/Plumber/Modules/ChatOptions.lua:205: attempt to index local 'API' (a nil value)\nstack traceback:\n\t(string):1: in main chunk",
    "count": 1
  },
  {
    "message": "Lua Error: @/home/osso/.worktrees/wow-ui-sim-p510-page/data/patch-api/evidence/5.1.0-session-2026-10-08/addon-snapshot/Plumber/Modules/ChatOptions.lua: Lua error: ...026-10-08/addon-snapshot/Plumber/Modules/ChatOptions.lua:205: attempt to index local 'API' (a nil value)\nstack traceback:\n\t(string):1: in main chunk\n[Interface/AddOns/Blizzard_ScriptErrors/Blizzard_ScriptErrors.lua]:59: in function 'GetErrorData'\n[Interface/AddOns/Blizzard_ScriptErrors/Blizzard_ScriptErrors.lua]:72: in function <[Interface/AddOns/Blizzard_ScriptErrors/Blizzard_ScriptErrors.lua]:71>",
    "count": 1
  },
  {
    "message": "IO error reading /home/osso/.worktrees/wow-ui-sim-p510-page/data/patch-api/evidence/5.1.0-session-2026-10-08/addon-snapshot/Plumber/Modules/StaticPopup_QuestItemDestroyAlert.lua: No such file or directory (os error 2)\nstack traceback:\n\t(string):1: in main chunk",
    "count": 1
  },
  {
    "message": "Lua Error: IO error reading /home/osso/.worktrees/wow-ui-sim-p510-page/data/patch-api/evidence/5.1.0-session-2026-10-08/addon-snapshot/Plumber/Modules/StaticPopup_QuestItemDestroyAlert.lua: No such file or directory (os error 2)\nstack traceback:\n\t(string):1: in main chunk\n[Interface/AddOns/Blizzard_ScriptErrors/Blizzard_ScriptErrors.lua]:59: in function 'GetErrorData'\n[Interface/AddOns/Blizzard_ScriptErrors/Blizzard_ScriptErrors.lua]:72: in function <[Interface/AddOns/Blizzard_ScriptErrors/Blizzard_ScriptErrors.lua]:71>",
    "count": 1
  },
  {
    "message": "@/home/osso/.worktrees/wow-ui-sim-p510-page/data/patch-api/evidence/5.1.0-session-2026-10-08/addon-snapshot/Plumber/Modules/ProfessionsBook.lua: Lua error: ...10-08/addon-snapshot/Plumber/Modules/ProfessionsBook.lua:7: attempt to index field 'GameTooltipManager' (a nil value)\nstack traceback:\n\t(string):1: in main chunk",
    "count": 1
  },
  {
    "message": "Lua Error: @/home/osso/.worktrees/wow-ui-sim-p510-page/data/patch-api/evidence/5.1.0-session-2026-10-08/addon-snapshot/Plumber/Modules/ProfessionsBook.lua: Lua error: ...10-08/addon-snapshot/Plumber/Modules/ProfessionsBook.lua:7: attempt to index field 'GameTooltipManager' (a nil value)\nstack traceback:\n\t(string):1: in main chunk\n[Interface/AddOns/Blizzard_ScriptErrors/Blizzard_ScriptErrors.lua]:59: in function 'GetErrorData'\n[Interface/AddOns/Blizzard_ScriptErrors/Blizzard_ScriptErrors.lua]:72: in function <[Interface/AddOns/Blizzard_ScriptErrors/Blizzard_ScriptErrors.lua]:71>",
    "count": 1
  },
  {
    "message": "@/home/osso/.worktrees/wow-ui-sim-p510-page/data/patch-api/evidence/5.1.0-session-2026-10-08/addon-snapshot/Plumber/Modules/HolidayDungeon.lua: Lua error: ...-10-08/addon-snapshot/Plumber/Modules/HolidayDungeon.lua:90: attempt to index field 'L' (a nil value)\nstack traceback:\n\t(string):1: in main chunk",
    "count": 1
  },
  {
    "message": "Lua Error: @/home/osso/.worktrees/wow-ui-sim-p510-page/data/patch-api/evidence/5.1.0-session-2026-10-08/addon-snapshot/Plumber/Modules/HolidayDungeon.lua: Lua error: ...-10-08/addon-snapshot/Plumber/Modules/HolidayDungeon.lua:90: attempt to index field 'L' (a nil value)\nstack traceback:\n\t(string):1: in main chunk\n[Interface/AddOns/Blizzard_ScriptErrors/Blizzard_ScriptErrors.lua]:59: in function 'GetErrorData'\n[Interface/AddOns/Blizzard_ScriptErrors/Blizzard_ScriptErrors.lua]:72: in function <[Interface/AddOns/Blizzard_ScriptErrors/Blizzard_ScriptErrors.lua]:71>",
    "count": 1
  },
  {
    "message": "@/home/osso/.worktrees/wow-ui-sim-p510-page/data/patch-api/evidence/5.1.0-session-2026-10-08/addon-snapshot/Plumber/Modules/SourceAchievementLink.lua: Lua error: ...addon-snapshot/Plumber/Modules/SourceAchievementLink.lua:6: attempt to index local 'API' (a nil value)\nstack traceback:\n\t(string):1: in main chunk",
    "count": 1
  },
  {
    "message": "Lua Error: @/home/osso/.worktrees/wow-ui-sim-p510-page/data/patch-api/evidence/5.1.0-session-2026-10-08/addon-snapshot/Plumber/Modules/SourceAchievementLink.lua: Lua error: ...addon-snapshot/Plumber/Modules/SourceAchievementLink.lua:6: attempt to index local 'API' (a nil value)\nstack traceback:\n\t(string):1: in main chunk\n[Interface/AddOns/Blizzard_ScriptErrors/Blizzard_ScriptErrors.lua]:59: in function 'GetErrorData'\n[Interface/AddOns/Blizzard_ScriptErrors/Blizzard_ScriptErrors.lua]:72: in function <[Interface/AddOns/Blizzard_ScriptErrors/Blizzard_ScriptErrors.lua]:71>",
    "count": 1
  },
  {
    "message": "@/home/osso/.worktrees/wow-ui-sim-p510-page/data/patch-api/evidence/5.1.0-session-2026-10-08/addon-snapshot/Plumber/Modules/OutfitSelect.lua: Lua error: ...26-10-08/addon-snapshot/Plumber/Modules/OutfitSelect.lua:4: attempt to index field 'CooldownUtil' (a nil value)\nstack traceback:\n\t(string):1: in main chunk",
    "count": 1
  },
  {
    "message": "Lua Error: @/home/osso/.worktrees/wow-ui-sim-p510-page/data/patch-api/evidence/5.1.0-session-2026-10-08/addon-snapshot/Plumber/Modules/OutfitSelect.lua: Lua error: ...26-10-08/addon-snapshot/Plumber/Modules/OutfitSelect.lua:4: attempt to index field 'CooldownUtil' (a nil value)\nstack traceback:\n\t(string):1: in main chunk\n[Interface/AddOns/Blizzard_ScriptErrors/Blizzard_ScriptErrors.lua]:59: in function 'GetErrorData'\n[Interface/AddOns/Blizzard_ScriptErrors/Blizzard_ScriptErrors.lua]:72: in function <[Interface/AddOns/Blizzard_ScriptErrors/Blizzard_ScriptErrors.lua]:71>",
    "count": 1
  },
  {
    "message": "@/home/osso/.worktrees/wow-ui-sim-p510-page/data/patch-api/evidence/5.1.0-session-2026-10-08/addon-snapshot/Plumber/Modules/CatalystUI.lua: Lua error: ...2026-10-08/addon-snapshot/Plumber/Modules/CatalystUI.lua:178: attempt to index field 'L' (a nil value)\nstack traceback:\n\t(string):1: in main chunk",
    "count": 1
  },
  {
    "message": "Lua Error: @/home/osso/.worktrees/wow-ui-sim-p510-page/data/patch-api/evidence/5.1.0-session-2026-10-08/addon-snapshot/Plumber/Modules/CatalystUI.lua: Lua error: ...2026-10-08/addon-snapshot/Plumber/Modules/CatalystUI.lua:178: attempt to index field 'L' (a nil value)\nstack traceback:\n\t(string):1: in main chunk\n[Interface/AddOns/Blizzard_ScriptErrors/Blizzard_ScriptErrors.lua]:59: in function 'GetErrorData'\n[Interface/AddOns/Blizzard_ScriptErrors/Blizzard_ScriptErrors.lua]:72: in function <[Interface/AddOns/Blizzard_ScriptErrors/Blizzard_ScriptErrors.lua]:71>",
    "count": 1
  },
  {
    "message": "@/home/osso/.worktrees/wow-ui-sim-p510-page/data/patch-api/evidence/5.1.0-session-2026-10-08/addon-snapshot/Plumber/Modules/HuntTable.lua: Lua error: ...-2026-10-08/addon-snapshot/Plumber/Modules/HuntTable.lua:3: attempt to index field 'API' (a nil value)\nstack traceback:\n\t(string):1: in main chunk",
    "count": 1
  },
  {
    "message": "Lua Error: @/home/osso/.worktrees/wow-ui-sim-p510-page/data/patch-api/evidence/5.1.0-session-2026-10-08/addon-snapshot/Plumber/Modules/HuntTable.lua: Lua error: ...-2026-10-08/addon-snapshot/Plumber/Modules/HuntTable.lua:3: attempt to index field 'API' (a nil value)\nstack traceback:\n\t(string):1: in main chunk\n[Interface/AddOns/Blizzard_ScriptErrors/Blizzard_ScriptErrors.lua]:59: in function 'GetErrorData'\n[Interface/AddOns/Blizzard_ScriptErrors/Blizzard_ScriptErrors.lua]:72: in function <[Interface/AddOns/Blizzard_ScriptErrors/Blizzard_ScriptErrors.lua]:71>",
    "count": 1
  },
  {
    "message": "@/home/osso/.worktrees/wow-ui-sim-p510-page/data/patch-api/evidence/5.1.0-session-2026-10-08/addon-snapshot/Plumber/Modules/TransmogRestorePending.lua: Lua error: ...ddon-snapshot/Plumber/Modules/TransmogRestorePending.lua:840: attempt to index local 'L' (a nil value)\nstack traceback:\n\t(string):1: in main chunk",
    "count": 1
  },
  {
    "message": "Lua Error: @/home/osso/.worktrees/wow-ui-sim-p510-page/data/patch-api/evidence/5.1.0-session-2026-10-08/addon-snapshot/Plumber/Modules/TransmogRestorePending.lua: Lua error: ...ddon-snapshot/Plumber/Modules/TransmogRestorePending.lua:840: attempt to index local 'L' (a nil value)\nstack traceback:\n\t(string):1: in main chunk\n[Interface/AddOns/Blizzard_ScriptErrors/Blizzard_ScriptErrors.lua]:59: in function 'GetErrorData'\n[Interface/AddOns/Blizzard_ScriptErrors/Blizzard_ScriptErrors.lua]:72: in function <[Interface/AddOns/Blizzard_ScriptErrors/Blizzard_ScriptErrors.lua]:71>",
    "count": 1
  },
  {
    "message": "@/home/osso/.worktrees/wow-ui-sim-p510-page/data/patch-api/evidence/5.1.0-session-2026-10-08/addon-snapshot/SavedInstances/Init.lua: Lua error: ...ession-2026-10-08/addon-snapshot/SavedInstances/Init.lua:2: Cannot find a library instance of \"AceAddon-3.0\".\nstack traceback:\n\t(string):1: in main chunk",
    "count": 1
  },
  {
    "message": "Lua Error: @/home/osso/.worktrees/wow-ui-sim-p510-page/data/patch-api/evidence/5.1.0-session-2026-10-08/addon-snapshot/SavedInstances/Init.lua: Lua error: ...ession-2026-10-08/addon-snapshot/SavedInstances/Init.lua:2: Cannot find a library instance of \"AceAddon-3.0\".\nstack traceback:\n\t(string):1: in main chunk\n[Interface/AddOns/Blizzard_ScriptErrors/Blizzard_ScriptErrors.lua]:59: in function 'GetErrorData'\n[Interface/AddOns/Blizzard_ScriptErrors/Blizzard_ScriptErrors.lua]:72: in function <[Interface/AddOns/Blizzard_ScriptErrors/Blizzard_ScriptErrors.lua]:71>",
    "count": 1
  },
  {
    "message": "@/home/osso/.worktrees/wow-ui-sim-p510-page/data/patch-api/evidence/5.1.0-session-2026-10-08/addon-snapshot/SavedInstances/Locales/Locale.lua: Lua error: bad argument #1 to 'setmetatable' (table expected)\nstack traceback:\n\t(string):1: in main chunk",
    "count": 1
  },
  {
    "message": "Lua Error: @/home/osso/.worktrees/wow-ui-sim-p510-page/data/patch-api/evidence/5.1.0-session-2026-10-08/addon-snapshot/SavedInstances/Locales/Locale.lua: Lua error: bad argument #1 to 'setmetatable' (table expected)\nstack traceback:\n\t(string):1: in main chunk\n[Interface/AddOns/Blizzard_ScriptErrors/Blizzard_ScriptErrors.lua]:59: in function 'GetErrorData'\n[Interface/AddOns/Blizzard_ScriptErrors/Blizzard_ScriptErrors.lua]:72: in function <[Interface/AddOns/Blizzard_ScriptErrors/Blizzard_ScriptErrors.lua]:71>",
    "count": 1
  },
  {
    "message": "@/home/osso/.worktrees/wow-ui-sim-p510-page/data/patch-api/evidence/5.1.0-session-2026-10-08/addon-snapshot/SavedInstances/Core/Tooltip.lua: Lua error: ...026-10-08/addon-snapshot/SavedInstances/Core/Tooltip.lua:2: attempt to index local 'SI' (a nil value)\nstack traceback:\n\t(string):1: in main chunk",
    "count": 1
  },
  {
    "message": "Lua Error: @/home/osso/.worktrees/wow-ui-sim-p510-page/data/patch-api/evidence/5.1.0-session-2026-10-08/addon-snapshot/SavedInstances/Core/Tooltip.lua: Lua error: ...026-10-08/addon-snapshot/SavedInstances/Core/Tooltip.lua:2: attempt to index local 'SI' (a nil value)\nstack traceback:\n\t(string):1: in main chunk\n[Interface/AddOns/Blizzard_ScriptErrors/Blizzard_ScriptErrors.lua]:59: in function 'GetErrorData'\n[Interface/AddOns/Blizzard_ScriptErrors/Blizzard_ScriptErrors.lua]:72: in function <[Interface/AddOns/Blizzard_ScriptErrors/Blizzard_ScriptErrors.lua]:71>",
    "count": 1
  },
  {
    "message": "@/home/osso/.worktrees/wow-ui-sim-p510-page/data/patch-api/evidence/5.1.0-session-2026-10-08/addon-snapshot/SavedInstances/Core/Debug.lua: Lua error: ...-2026-10-08/addon-snapshot/SavedInstances/Core/Debug.lua:18: attempt to index local 'SI' (a nil value)\nstack traceback:\n\t(string):1: in main chunk",
    "count": 1
  },
  {
    "message": "Lua Error: @/home/osso/.worktrees/wow-ui-sim-p510-page/data/patch-api/evidence/5.1.0-session-2026-10-08/addon-snapshot/SavedInstances/Core/Debug.lua: Lua error: ...-2026-10-08/addon-snapshot/SavedInstances/Core/Debug.lua:18: attempt to index local 'SI' (a nil value)\nstack traceback:\n\t(string):1: in main chunk\n[Interface/AddOns/Blizzard_ScriptErrors/Blizzard_ScriptErrors.lua]:59: in function 'GetErrorData'\n[Interface/AddOns/Blizzard_ScriptErrors/Blizzard_ScriptErrors.lua]:72: in function <[Interface/AddOns/Blizzard_ScriptErrors/Blizzard_ScriptErrors.lua]:71>",
    "count": 1
  },
  {
    "message": "@/home/osso/.worktrees/wow-ui-sim-p510-page/data/patch-api/evidence/5.1.0-session-2026-10-08/addon-snapshot/SavedInstances/Modules/BonusRoll.lua: Lua error: ...0-08/addon-snapshot/SavedInstances/Modules/BonusRoll.lua:2: attempt to index local 'SI' (a nil value)\nstack traceback:\n\t(string):1: in main chunk",
    "count": 1
  },
  {
    "message": "Lua Error: @/home/osso/.worktrees/wow-ui-sim-p510-page/data/patch-api/evidence/5.1.0-session-2026-10-08/addon-snapshot/SavedInstances/Modules/BonusRoll.lua: Lua error: ...0-08/addon-snapshot/SavedInstances/Modules/BonusRoll.lua:2: attempt to index local 'SI' (a nil value)\nstack traceback:\n\t(string):1: in main chunk\n[Interface/AddOns/Blizzard_ScriptErrors/Blizzard_ScriptErrors.lua]:59: in function 'GetErrorData'\n[Interface/AddOns/Blizzard_ScriptErrors/Blizzard_ScriptErrors.lua]:72: in function <[Interface/AddOns/Blizzard_ScriptErrors/Blizzard_ScriptErrors.lua]:71>",
    "count": 1
  },
  {
    "message": "@/home/osso/.worktrees/wow-ui-sim-p510-page/data/patch-api/evidence/5.1.0-session-2026-10-08/addon-snapshot/SavedInstances/Modules/Calling.lua: Lua error: ...-10-08/addon-snapshot/SavedInstances/Modules/Calling.lua:2: attempt to index local 'SI' (a nil value)\nstack traceback:\n\t(string):1: in main chunk",
    "count": 1
  },
  {
    "message": "Lua Error: @/home/osso/.worktrees/wow-ui-sim-p510-page/data/patch-api/evidence/5.1.0-session-2026-10-08/addon-snapshot/SavedInstances/Modules/Calling.lua: Lua error: ...-10-08/addon-snapshot/SavedInstances/Modules/Calling.lua:2: attempt to index local 'SI' (a nil value)\nstack traceback:\n\t(string):1: in main chunk\n[Interface/AddOns/Blizzard_ScriptErrors/Blizzard_ScriptErrors.lua]:59: in function 'GetErrorData'\n[Interface/AddOns/Blizzard_ScriptErrors/Blizzard_ScriptErrors.lua]:72: in function <[Interface/AddOns/Blizzard_ScriptErrors/Blizzard_ScriptErrors.lua]:71>",
    "count": 1
  },
  {
    "message": "@/home/osso/.worktrees/wow-ui-sim-p510-page/data/patch-api/evidence/5.1.0-session-2026-10-08/addon-snapshot/SavedInstances/Modules/Emissary.lua: Lua error: ...10-08/addon-snapshot/SavedInstances/Modules/Emissary.lua:2: attempt to index local 'SI' (a nil value)\nstack traceback:\n\t(string):1: in main chunk",
    "count": 1
  },
  {
    "message": "Lua Error: @/home/osso/.worktrees/wow-ui-sim-p510-page/data/patch-api/evidence/5.1.0-session-2026-10-08/addon-snapshot/SavedInstances/Modules/Emissary.lua: Lua error: ...10-08/addon-snapshot/SavedInstances/Modules/Emissary.lua:2: attempt to index local 'SI' (a nil value)\nstack traceback:\n\t(string):1: in main chunk\n[Interface/AddOns/Blizzard_ScriptErrors/Blizzard_ScriptErrors.lua]:59: in function 'GetErrorData'\n[Interface/AddOns/Blizzard_ScriptErrors/Blizzard_ScriptErrors.lua]:72: in function <[Interface/AddOns/Blizzard_ScriptErrors/Blizzard_ScriptErrors.lua]:71>",
    "count": 1
  },
  {
    "message": "@/home/osso/.worktrees/wow-ui-sim-p510-page/data/patch-api/evidence/5.1.0-session-2026-10-08/addon-snapshot/SavedInstances/Modules/MythicPlus.lua: Lua error: ...-08/addon-snapshot/SavedInstances/Modules/MythicPlus.lua:2: attempt to index local 'SI' (a nil value)\nstack traceback:\n\t(string):1: in main chunk",
    "count": 1
  },
  {
    "message": "Lua Error: @/home/osso/.worktrees/wow-ui-sim-p510-page/data/patch-api/evidence/5.1.0-session-2026-10-08/addon-snapshot/SavedInstances/Modules/MythicPlus.lua: Lua error: ...-08/addon-snapshot/SavedInstances/Modules/MythicPlus.lua:2: attempt to index local 'SI' (a nil value)\nstack traceback:\n\t(string):1: in main chunk\n[Interface/AddOns/Blizzard_ScriptErrors/Blizzard_ScriptErrors.lua]:59: in function 'GetErrorData'\n[Interface/AddOns/Blizzard_ScriptErrors/Blizzard_ScriptErrors.lua]:72: in function <[Interface/AddOns/Blizzard_ScriptErrors/Blizzard_ScriptErrors.lua]:71>",
    "count": 1
  },
  {
    "message": "@/home/osso/.worktrees/wow-ui-sim-p510-page/data/patch-api/evidence/5.1.0-session-2026-10-08/addon-snapshot/SavedInstances/Modules/Paragon.lua: Lua error: ...-10-08/addon-snapshot/SavedInstances/Modules/Paragon.lua:2: attempt to index local 'SI' (a nil value)\nstack traceback:\n\t(string):1: in main chunk",
    "count": 1
  },
  {
    "message": "Lua Error: @/home/osso/.worktrees/wow-ui-sim-p510-page/data/patch-api/evidence/5.1.0-session-2026-10-08/addon-snapshot/SavedInstances/Modules/Paragon.lua: Lua error: ...-10-08/addon-snapshot/SavedInstances/Modules/Paragon.lua:2: attempt to index local 'SI' (a nil value)\nstack traceback:\n\t(string):1: in main chunk\n[Interface/AddOns/Blizzard_ScriptErrors/Blizzard_ScriptErrors.lua]:59: in function 'GetErrorData'\n[Interface/AddOns/Blizzard_ScriptErrors/Blizzard_ScriptErrors.lua]:72: in function <[Interface/AddOns/Blizzard_ScriptErrors/Blizzard_ScriptErrors.lua]:71>",
    "count": 1
  },
  {
    "message": "@/home/osso/.worktrees/wow-ui-sim-p510-page/data/patch-api/evidence/5.1.0-session-2026-10-08/addon-snapshot/SavedInstances/Modules/Progress.lua: Lua error: ...10-08/addon-snapshot/SavedInstances/Modules/Progress.lua:2: attempt to index local 'SI' (a nil value)\nstack traceback:\n\t(string):1: in main chunk",
    "count": 1
  },
  {
    "message": "Lua Error: @/home/osso/.worktrees/wow-ui-sim-p510-page/data/patch-api/evidence/5.1.0-session-2026-10-08/addon-snapshot/SavedInstances/Modules/Progress.lua: Lua error: ...10-08/addon-snapshot/SavedInstances/Modules/Progress.lua:2: attempt to index local 'SI' (a nil value)\nstack traceback:\n\t(string):1: in main chunk\n[Interface/AddOns/Blizzard_ScriptErrors/Blizzard_ScriptErrors.lua]:59: in function 'GetErrorData'\n[Interface/AddOns/Blizzard_ScriptErrors/Blizzard_ScriptErrors.lua]:72: in function <[Interface/AddOns/Blizzard_ScriptErrors/Blizzard_ScriptErrors.lua]:71>",
    "count": 1
  },
  {
    "message": "@/home/osso/.worktrees/wow-ui-sim-p510-page/data/patch-api/evidence/5.1.0-session-2026-10-08/addon-snapshot/SavedInstances/Modules/TradeSkill.lua: Lua error: ...-08/addon-snapshot/SavedInstances/Modules/TradeSkill.lua:2: attempt to index local 'SI' (a nil value)\nstack traceback:\n\t(string):1: in main chunk",
    "count": 1
  },
  {
    "message": "Lua Error: @/home/osso/.worktrees/wow-ui-sim-p510-page/data/patch-api/evidence/5.1.0-session-2026-10-08/addon-snapshot/SavedInstances/Modules/TradeSkill.lua: Lua error: ...-08/addon-snapshot/SavedInstances/Modules/TradeSkill.lua:2: attempt to index local 'SI' (a nil value)\nstack traceback:\n\t(string):1: in main chunk\n[Interface/AddOns/Blizzard_ScriptErrors/Blizzard_ScriptErrors.lua]:59: in function 'GetErrorData'\n[Interface/AddOns/Blizzard_ScriptErrors/Blizzard_ScriptErrors.lua]:72: in function <[Interface/AddOns/Blizzard_ScriptErrors/Blizzard_ScriptErrors.lua]:71>",
    "count": 1
  },
  {
    "message": "@/home/osso/.worktrees/wow-ui-sim-p510-page/data/patch-api/evidence/5.1.0-session-2026-10-08/addon-snapshot/SavedInstances/Modules/WorldBoss.lua: Lua error: ...0-08/addon-snapshot/SavedInstances/Modules/WorldBoss.lua:2: attempt to index local 'SI' (a nil value)\nstack traceback:\n\t(string):1: in main chunk",
    "count": 1
  },
  {
    "message": "Lua Error: @/home/osso/.worktrees/wow-ui-sim-p510-page/data/patch-api/evidence/5.1.0-session-2026-10-08/addon-snapshot/SavedInstances/Modules/WorldBoss.lua: Lua error: ...0-08/addon-snapshot/SavedInstances/Modules/WorldBoss.lua:2: attempt to index local 'SI' (a nil value)\nstack traceback:\n\t(string):1: in main chunk\n[Interface/AddOns/Blizzard_ScriptErrors/Blizzard_ScriptErrors.lua]:59: in function 'GetErrorData'\n[Interface/AddOns/Blizzard_ScriptErrors/Blizzard_ScriptErrors.lua]:72: in function <[Interface/AddOns/Blizzard_ScriptErrors/Blizzard_ScriptErrors.lua]:71>",
    "count": 1
  },
  {
    "message": "IO error reading /home/osso/.worktrees/wow-ui-sim-p510-page/data/patch-api/evidence/5.1.0-session-2026-10-08/addon-snapshot/Simulationcraft/libs/AceDB-3.0/AceDB-3.0.lua: No such file or directory (os error 2)\nstack traceback:\n\t(string):1: in main chunk",
    "count": 1
  },
  {
    "message": "Lua Error: IO error reading /home/osso/.worktrees/wow-ui-sim-p510-page/data/patch-api/evidence/5.1.0-session-2026-10-08/addon-snapshot/Simulationcraft/libs/AceDB-3.0/AceDB-3.0.lua: No such file or directory (os error 2)\nstack traceback:\n\t(string):1: in main chunk\n[Interface/AddOns/Blizzard_ScriptErrors/Blizzard_ScriptErrors.lua]:59: in function 'GetErrorData'\n[Interface/AddOns/Blizzard_ScriptErrors/Blizzard_ScriptErrors.lua]:72: in function <[Interface/AddOns/Blizzard_ScriptErrors/Blizzard_ScriptErrors.lua]:71>",
    "count": 1
  },
  {
    "message": "IO error reading /home/osso/.worktrees/wow-ui-sim-p510-page/data/patch-api/evidence/5.1.0-session-2026-10-08/addon-snapshot/Simulationcraft/libs/LibDBIcon-1.0/LibDBIcon-1.0.lua: No such file or directory (os error 2)\nstack traceback:\n\t(string):1: in main chunk",
    "count": 1
  },
  {
    "message": "Lua Error: IO error reading /home/osso/.worktrees/wow-ui-sim-p510-page/data/patch-api/evidence/5.1.0-session-2026-10-08/addon-snapshot/Simulationcraft/libs/LibDBIcon-1.0/LibDBIcon-1.0.lua: No such file or directory (os error 2)\nstack traceback:\n\t(string):1: in main chunk\n[Interface/AddOns/Blizzard_ScriptErrors/Blizzard_ScriptErrors.lua]:59: in function 'GetErrorData'\n[Interface/AddOns/Blizzard_ScriptErrors/Blizzard_ScriptErrors.lua]:72: in function <[Interface/AddOns/Blizzard_ScriptErrors/Blizzard_ScriptErrors.lua]:71>",
    "count": 1
  },
  {
    "message": "@/home/osso/.worktrees/wow-ui-sim-p510-page/data/patch-api/evidence/5.1.0-session-2026-10-08/addon-snapshot/Simulationcraft/core.lua: Lua error: ...ssion-2026-10-08/addon-snapshot/Simulationcraft/core.lua:6: Cannot find a library instance of \"AceAddon-3.0\".\nstack traceback:\n\t(string):1: in main chunk",
    "count": 1
  },
  {
    "message": "Lua Error: @/home/osso/.worktrees/wow-ui-sim-p510-page/data/patch-api/evidence/5.1.0-session-2026-10-08/addon-snapshot/Simulationcraft/core.lua: Lua error: ...ssion-2026-10-08/addon-snapshot/Simulationcraft/core.lua:6: Cannot find a library instance of \"AceAddon-3.0\".\nstack traceback:\n\t(string):1: in main chunk\n[Interface/AddOns/Blizzard_ScriptErrors/Blizzard_ScriptErrors.lua]:59: in function 'GetErrorData'\n[Interface/AddOns/Blizzard_ScriptErrors/Blizzard_ScriptErrors.lua]:72: in function <[Interface/AddOns/Blizzard_ScriptErrors/Blizzard_ScriptErrors.lua]:71>",
    "count": 1
  },
  {
    "message": "IO error reading /home/osso/.worktrees/wow-ui-sim-p510-page/data/patch-api/evidence/5.1.0-session-2026-10-08/addon-snapshot/Syndicator/Libs/LibBattlePetTooltipLine/LibBattlePetTooltipLine.lua: No such file or directory (os error 2)\nstack traceback:\n\t(string):1: in main chunk",
    "count": 1
  },
  {
    "message": "Lua Error: IO error reading /home/osso/.worktrees/wow-ui-sim-p510-page/data/patch-api/evidence/5.1.0-session-2026-10-08/addon-snapshot/Syndicator/Libs/LibBattlePetTooltipLine/LibBattlePetTooltipLine.lua: No such file or directory (os error 2)\nstack traceback:\n\t(string):1: in main chunk\n[Interface/AddOns/Blizzard_ScriptErrors/Blizzard_ScriptErrors.lua]:59: in function 'GetErrorData'\n[Interface/AddOns/Blizzard_ScriptErrors/Blizzard_ScriptErrors.lua]:72: in function <[Interface/AddOns/Blizzard_ScriptErrors/Blizzard_ScriptErrors.lua]:71>",
    "count": 1
  },
  {
    "message": "@/home/osso/.worktrees/wow-ui-sim-p510-page/data/patch-api/evidence/5.1.0-session-2026-10-08/addon-snapshot/Syndicator/Core/Utilities.lua: Lua error: ...-2026-10-08/addon-snapshot/Syndicator/Core/Utilities.lua:66: attempt to index field 'Constants' (a nil value)\nstack traceback:\n\t(string):1: in main chunk",
    "count": 1
  },
  {
    "message": "Lua Error: @/home/osso/.worktrees/wow-ui-sim-p510-page/data/patch-api/evidence/5.1.0-session-2026-10-08/addon-snapshot/Syndicator/Core/Utilities.lua: Lua error: ...-2026-10-08/addon-snapshot/Syndicator/Core/Utilities.lua:66: attempt to index field 'Constants' (a nil value)\nstack traceback:\n\t(string):1: in main chunk\n[Interface/AddOns/Blizzard_ScriptErrors/Blizzard_ScriptErrors.lua]:59: in function 'GetErrorData'\n[Interface/AddOns/Blizzard_ScriptErrors/Blizzard_ScriptErrors.lua]:72: in function <[Interface/AddOns/Blizzard_ScriptErrors/Blizzard_ScriptErrors.lua]:71>",
    "count": 1
  },
  {
    "message": "@/home/osso/.worktrees/wow-ui-sim-p510-page/data/patch-api/evidence/5.1.0-session-2026-10-08/addon-snapshot/Syndicator/Core/Initialize.lua: Lua error: ...2026-10-08/addon-snapshot/Syndicator/Core/Initialize.lua:6: attempt to index field 'Constants' (a nil value)\nstack traceback:\n\t(string):1: in main chunk",
    "count": 1
  },
  {
    "message": "Lua Error: @/home/osso/.worktrees/wow-ui-sim-p510-page/data/patch-api/evidence/5.1.0-session-2026-10-08/addon-snapshot/Syndicator/Core/Initialize.lua: Lua error: ...2026-10-08/addon-snapshot/Syndicator/Core/Initialize.lua:6: attempt to index field 'Constants' (a nil value)\nstack traceback:\n\t(string):1: in main chunk\n[Interface/AddOns/Blizzard_ScriptErrors/Blizzard_ScriptErrors.lua]:59: in function 'GetErrorData'\n[Interface/AddOns/Blizzard_ScriptErrors/Blizzard_ScriptErrors.lua]:72: in function <[Interface/AddOns/Blizzard_ScriptErrors/Blizzard_ScriptErrors.lua]:71>",
    "count": 1
  },
  {
    "message": "@/home/osso/.worktrees/wow-ui-sim-p510-page/data/patch-api/evidence/5.1.0-session-2026-10-08/addon-snapshot/Syndicator/Tracking/BagCache.lua: Lua error: ...26-10-08/addon-snapshot/Syndicator/Tracking/BagCache.lua:10: attempt to index local '(for state)' (a nil value)\nstack traceback:\n\t(string):1: in main chunk",
    "count": 1
  },
  {
    "message": "Lua Error: @/home/osso/.worktrees/wow-ui-sim-p510-page/data/patch-api/evidence/5.1.0-session-2026-10-08/addon-snapshot/Syndicator/Tracking/BagCache.lua: Lua error: ...26-10-08/addon-snapshot/Syndicator/Tracking/BagCache.lua:10: attempt to index local '(for state)' (a nil value)\nstack traceback:\n\t(string):1: in main chunk\n[Interface/AddOns/Blizzard_ScriptErrors/Blizzard_ScriptErrors.lua]:59: in function 'GetErrorData'\n[Interface/AddOns/Blizzard_ScriptErrors/Blizzard_ScriptErrors.lua]:72: in function <[Interface/AddOns/Blizzard_ScriptErrors/Blizzard_ScriptErrors.lua]:71>",
    "count": 1
  },
  {
    "message": "@/home/osso/.worktrees/wow-ui-sim-p510-page/data/patch-api/evidence/5.1.0-session-2026-10-08/addon-snapshot/Syndicator/Tracking/Tooltips.lua: Lua error: ...26-10-08/addon-snapshot/Syndicator/Tracking/Tooltips.lua:6: Cannot find a library instance of \"LibBattlePetTooltipLine-1-0\".\nstack traceback:\n\t(string):1: in main chunk",
    "count": 1
  },
  {
    "message": "Lua Error: @/home/osso/.worktrees/wow-ui-sim-p510-page/data/patch-api/evidence/5.1.0-session-2026-10-08/addon-snapshot/Syndicator/Tracking/Tooltips.lua: Lua error: ...26-10-08/addon-snapshot/Syndicator/Tracking/Tooltips.lua:6: Cannot find a library instance of \"LibBattlePetTooltipLine-1-0\".\nstack traceback:\n\t(string):1: in main chunk\n[Interface/AddOns/Blizzard_ScriptErrors/Blizzard_ScriptErrors.lua]:59: in function 'GetErrorData'\n[Interface/AddOns/Blizzard_ScriptErrors/Blizzard_ScriptErrors.lua]:72: in function <[Interface/AddOns/Blizzard_ScriptErrors/Blizzard_ScriptErrors.lua]:71>",
    "count": 1
  },
  {
    "message": "@/home/osso/.worktrees/wow-ui-sim-p510-page/data/patch-api/evidence/5.1.0-session-2026-10-08/addon-snapshot/Syndicator/Search/CheckItem.lua: Lua error: ...026-10-08/addon-snapshot/Syndicator/Search/CheckItem.lua:25: attempt to index field 'Constants' (a nil value)\nstack traceback:\n\t(string):1: in main chunk",
    "count": 1
  },
  {
    "message": "Lua Error: @/home/osso/.worktrees/wow-ui-sim-p510-page/data/patch-api/evidence/5.1.0-session-2026-10-08/addon-snapshot/Syndicator/Search/CheckItem.lua: Lua error: ...026-10-08/addon-snapshot/Syndicator/Search/CheckItem.lua:25: attempt to index field 'Constants' (a nil value)\nstack traceback:\n\t(string):1: in main chunk\n[Interface/AddOns/Blizzard_ScriptErrors/Blizzard_ScriptErrors.lua]:59: in function 'GetErrorData'\n[Interface/AddOns/Blizzard_ScriptErrors/Blizzard_ScriptErrors.lua]:72: in function <[Interface/AddOns/Blizzard_ScriptErrors/Blizzard_ScriptErrors.lua]:71>",
    "count": 1
  },
  {
    "message": "@/home/osso/.worktrees/wow-ui-sim-p510-page/data/patch-api/evidence/5.1.0-session-2026-10-08/addon-snapshot/Syndicator/Search/UI/Builder.lua: Lua error: ...26-10-08/addon-snapshot/Syndicator/Search/UI/Builder.lua:283: attempt to index field 'Locales' (a nil value)\nstack traceback:\n\t(string):1: in main chunk",
    "count": 1
  },
  {
    "message": "Lua Error: @/home/osso/.worktrees/wow-ui-sim-p510-page/data/patch-api/evidence/5.1.0-session-2026-10-08/addon-snapshot/Syndicator/Search/UI/Builder.lua: Lua error: ...26-10-08/addon-snapshot/Syndicator/Search/UI/Builder.lua:283: attempt to index field 'Locales' (a nil value)\nstack traceback:\n\t(string):1: in main chunk\n[Interface/AddOns/Blizzard_ScriptErrors/Blizzard_ScriptErrors.lua]:59: in function 'GetErrorData'\n[Interface/AddOns/Blizzard_ScriptErrors/Blizzard_ScriptErrors.lua]:72: in function <[Interface/AddOns/Blizzard_ScriptErrors/Blizzard_ScriptErrors.lua]:71>",
    "count": 1
  },
  {
    "message": "@/home/osso/.worktrees/wow-ui-sim-p510-page/data/patch-api/evidence/5.1.0-session-2026-10-08/addon-snapshot/Syndicator/Search/Utilities.lua: Lua error: ...026-10-08/addon-snapshot/Syndicator/Search/Utilities.lua:47: attempt to index field 'Constants' (a nil value)\nstack traceback:\n\t(string):1: in main chunk",
    "count": 1
  },
  {
    "message": "Lua Error: @/home/osso/.worktrees/wow-ui-sim-p510-page/data/patch-api/evidence/5.1.0-session-2026-10-08/addon-snapshot/Syndicator/Search/Utilities.lua: Lua error: ...026-10-08/addon-snapshot/Syndicator/Search/Utilities.lua:47: attempt to index field 'Constants' (a nil value)\nstack traceback:\n\t(string):1: in main chunk\n[Interface/AddOns/Blizzard_ScriptErrors/Blizzard_ScriptErrors.lua]:59: in function 'GetErrorData'\n[Interface/AddOns/Blizzard_ScriptErrors/Blizzard_ScriptErrors.lua]:72: in function <[Interface/AddOns/Blizzard_ScriptErrors/Blizzard_ScriptErrors.lua]:71>",
    "count": 1
  },
  {
    "message": "@/home/osso/.worktrees/wow-ui-sim-p510-page/data/patch-api/evidence/5.1.0-session-2026-10-08/addon-snapshot/CraftSim/Init/GLibs.lua: Lua error: ...ession-2026-10-08/addon-snapshot/CraftSim/Init/GLibs.lua:6: Cannot find a library instance of \"GGUI-2.1\".\nstack traceback:\n\t(string):1: in main chunk",
    "count": 1
  },
  {
    "message": "Lua Error: @/home/osso/.worktrees/wow-ui-sim-p510-page/data/patch-api/evidence/5.1.0-session-2026-10-08/addon-snapshot/CraftSim/Init/GLibs.lua: Lua error: ...ession-2026-10-08/addon-snapshot/CraftSim/Init/GLibs.lua:6: Cannot find a library instance of \"GGUI-2.1\".\nstack traceback:\n\t(string):1: in main chunk\n[Interface/AddOns/Blizzard_ScriptErrors/Blizzard_ScriptErrors.lua]:59: in function 'GetErrorData'\n[Interface/AddOns/Blizzard_ScriptErrors/Blizzard_ScriptErrors.lua]:72: in function <[Interface/AddOns/Blizzard_ScriptErrors/Blizzard_ScriptErrors.lua]:71>",
    "count": 1
  },
  {
    "message": "@/home/osso/.worktrees/wow-ui-sim-p510-page/data/patch-api/evidence/5.1.0-session-2026-10-08/addon-snapshot/CraftSim/Locals/enUS.lua: Lua error: ...ssion-2026-10-08/addon-snapshot/CraftSim/Locals/enUS.lua:5: attempt to index local 'GUTIL' (a nil value)\nstack traceback:\n\t(string):1: in main chunk",
    "count": 1
  },
  {
    "message": "Lua Error: @/home/osso/.worktrees/wow-ui-sim-p510-page/data/patch-api/evidence/5.1.0-session-2026-10-08/addon-snapshot/CraftSim/Locals/enUS.lua: Lua error: ...ssion-2026-10-08/addon-snapshot/CraftSim/Locals/enUS.lua:5: attempt to index local 'GUTIL' (a nil value)\nstack traceback:\n\t(string):1: in main chunk\n[Interface/AddOns/Blizzard_ScriptErrors/Blizzard_ScriptErrors.lua]:59: in function 'GetErrorData'\n[Interface/AddOns/Blizzard_ScriptErrors/Blizzard_ScriptErrors.lua]:72: in function <[Interface/AddOns/Blizzard_ScriptErrors/Blizzard_ScriptErrors.lua]:71>",
    "count": 1
  },
  {
    "message": "@/home/osso/.worktrees/wow-ui-sim-p510-page/data/patch-api/evidence/5.1.0-session-2026-10-08/addon-snapshot/CraftSim/Locals/Localization.lua: Lua error: ...26-10-08/addon-snapshot/CraftSim/Locals/Localization.lua:24: attempt to index field 'LOCAL_EN' (a nil value)\nstack traceback:\n\t(string):1: in main chunk",
    "count": 1
  },
  {
    "message": "Lua Error: @/home/osso/.worktrees/wow-ui-sim-p510-page/data/patch-api/evidence/5.1.0-session-2026-10-08/addon-snapshot/CraftSim/Locals/Localization.lua: Lua error: ...26-10-08/addon-snapshot/CraftSim/Locals/Localization.lua:24: attempt to index field 'LOCAL_EN' (a nil value)\nstack traceback:\n\t(string):1: in main chunk\n[Interface/AddOns/Blizzard_ScriptErrors/Blizzard_ScriptErrors.lua]:59: in function 'GetErrorData'\n[Interface/AddOns/Blizzard_ScriptErrors/Blizzard_ScriptErrors.lua]:72: in function <[Interface/AddOns/Blizzard_ScriptErrors/Blizzard_ScriptErrors.lua]:71>",
    "count": 1
  },
  {
    "message": "@/home/osso/.worktrees/wow-ui-sim-p510-page/data/patch-api/evidence/5.1.0-session-2026-10-08/addon-snapshot/CraftSim/Debug/Debug.lua: Lua error: ...ssion-2026-10-08/addon-snapshot/CraftSim/Debug/Debug.lua:60: attempt to index upvalue 'LibLog' (a nil value)\nstack traceback:\n\t(string):1: in main chunk",
    "count": 1
  },
  {
    "message": "Lua Error: @/home/osso/.worktrees/wow-ui-sim-p510-page/data/patch-api/evidence/5.1.0-session-2026-10-08/addon-snapshot/CraftSim/Debug/Debug.lua: Lua error: ...ssion-2026-10-08/addon-snapshot/CraftSim/Debug/Debug.lua:60: attempt to index upvalue 'LibLog' (a nil value)\nstack traceback:\n\t(string):1: in main chunk\n[Interface/AddOns/Blizzard_ScriptErrors/Blizzard_ScriptErrors.lua]:59: in function 'GetErrorData'\n[Interface/AddOns/Blizzard_ScriptErrors/Blizzard_ScriptErrors.lua]:72: in function <[Interface/AddOns/Blizzard_ScriptErrors/Blizzard_ScriptErrors.lua]:71>",
    "count": 1
  },
  {
    "message": "@/home/osso/.worktrees/wow-ui-sim-p510-page/data/patch-api/evidence/5.1.0-session-2026-10-08/addon-snapshot/CraftSim/Util/Util.lua: Lua error: ...session-2026-10-08/addon-snapshot/CraftSim/Util/Util.lua:7: attempt to index local 'GUTIL' (a nil value)\nstack traceback:\n\t(string):1: in main chunk",
    "count": 1
  },
  {
    "message": "Lua Error: @/home/osso/.worktrees/wow-ui-sim-p510-page/data/patch-api/evidence/5.1.0-session-2026-10-08/addon-snapshot/CraftSim/Util/Util.lua: Lua error: ...session-2026-10-08/addon-snapshot/CraftSim/Util/Util.lua:7: attempt to index local 'GUTIL' (a nil value)\nstack traceback:\n\t(string):1: in main chunk\n[Interface/AddOns/Blizzard_ScriptErrors/Blizzard_ScriptErrors.lua]:59: in function 'GetErrorData'\n[Interface/AddOns/Blizzard_ScriptErrors/Blizzard_ScriptErrors.lua]:72: in function <[Interface/AddOns/Blizzard_ScriptErrors/Blizzard_ScriptErrors.lua]:71>",
    "count": 1
  },
  {
    "message": "@/home/osso/.worktrees/wow-ui-sim-p510-page/data/patch-api/evidence/5.1.0-session-2026-10-08/addon-snapshot/CraftSim/Util/RecipeAcquisition.lua: Lua error: ...10-08/addon-snapshot/CraftSim/Util/RecipeAcquisition.lua:10: attempt to index local 'GUTIL' (a nil value)\nstack traceback:\n\t(string):1: in main chunk",
    "count": 1
  },
  {
    "message": "Lua Error: @/home/osso/.worktrees/wow-ui-sim-p510-page/data/patch-api/evidence/5.1.0-session-2026-10-08/addon-snapshot/CraftSim/Util/RecipeAcquisition.lua: Lua error: ...10-08/addon-snapshot/CraftSim/Util/RecipeAcquisition.lua:10: attempt to index local 'GUTIL' (a nil value)\nstack traceback:\n\t(string):1: in main chunk\n[Interface/AddOns/Blizzard_ScriptErrors/Blizzard_ScriptErrors.lua]:59: in function 'GetErrorData'\n[Interface/AddOns/Blizzard_ScriptErrors/Blizzard_ScriptErrors.lua]:72: in function <[Interface/AddOns/Blizzard_ScriptErrors/Blizzard_ScriptErrors.lua]:71>",
    "count": 1
  },
  {
    "message": "@/home/osso/.worktrees/wow-ui-sim-p510-page/data/patch-api/evidence/5.1.0-session-2026-10-08/addon-snapshot/CraftSim/DB/DB.lua: Lua error: ...1.0-session-2026-10-08/addon-snapshot/CraftSim/DB/DB.lua:6: attempt to index local 'GUTIL' (a nil value)\nstack traceback:\n\t(string):1: in main chunk",
    "count": 1
  },
  {
    "message": "Lua Error: @/home/osso/.worktrees/wow-ui-sim-p510-page/data/patch-api/evidence/5.1.0-session-2026-10-08/addon-snapshot/CraftSim/DB/DB.lua: Lua error: ...1.0-session-2026-10-08/addon-snapshot/CraftSim/DB/DB.lua:6: attempt to index local 'GUTIL' (a nil value)\nstack traceback:\n\t(string):1: in main chunk\n[Interface/AddOns/Blizzard_ScriptErrors/Blizzard_ScriptErrors.lua]:59: in function 'GetErrorData'\n[Interface/AddOns/Blizzard_ScriptErrors/Blizzard_ScriptErrors.lua]:72: in function <[Interface/AddOns/Blizzard_ScriptErrors/Blizzard_ScriptErrors.lua]:71>",
    "count": 1
  },
  {
    "message": "@/home/osso/.worktrees/wow-ui-sim-p510-page/data/patch-api/evidence/5.1.0-session-2026-10-08/addon-snapshot/CraftSim/DB/patronMoxieValuesDB.lua: Lua error: ...10-08/addon-snapshot/CraftSim/DB/patronMoxieValuesDB.lua:9: attempt to index field 'DB' (a nil value)\nstack traceback:\n\t(string):1: in main chunk",
    "count": 1
  },
  {
    "message": "Lua Error: @/home/osso/.worktrees/wow-ui-sim-p510-page/data/patch-api/evidence/5.1.0-session-2026-10-08/addon-snapshot/CraftSim/DB/patronMoxieValuesDB.lua: Lua error: ...10-08/addon-snapshot/CraftSim/DB/patronMoxieValuesDB.lua:9: attempt to index field 'DB' (a nil value)\nstack traceback:\n\t(string):1: in main chunk\n[Interface/AddOns/Blizzard_ScriptErrors/Blizzard_ScriptErrors.lua]:59: in function 'GetErrorData'\n[Interface/AddOns/Blizzard_ScriptErrors/Blizzard_ScriptErrors.lua]:72: in function <[Interface/AddOns/Blizzard_ScriptErrors/Blizzard_ScriptErrors.lua]:71>",
    "count": 1
  },
  {
    "message": "@/home/osso/.worktrees/wow-ui-sim-p510-page/data/patch-api/evidence/5.1.0-session-2026-10-08/addon-snapshot/CraftSim/DB/ItemCountDB.lua: Lua error: ...ssion-2026-10-08/addon-snapshot/CraftSim/Debug/Debug.lua:60: attempt to index upvalue 'LibLog' (a nil value)\nstack traceback:\n\t(string):1: in main chunk",
    "count": 1
  },
  {
    "message": "Lua Error: @/home/osso/.worktrees/wow-ui-sim-p510-page/data/patch-api/evidence/5.1.0-session-2026-10-08/addon-snapshot/CraftSim/DB/ItemCountDB.lua: Lua error: ...ssion-2026-10-08/addon-snapshot/CraftSim/Debug/Debug.lua:60: attempt to index upvalue 'LibLog' (a nil value)\nstack traceback:\n\t(string):1: in main chunk\n[Interface/AddOns/Blizzard_ScriptErrors/Blizzard_ScriptErrors.lua]:59: in function 'GetErrorData'\n[Interface/AddOns/Blizzard_ScriptErrors/Blizzard_ScriptErrors.lua]:72: in function <[Interface/AddOns/Blizzard_ScriptErrors/Blizzard_ScriptErrors.lua]:71>",
    "count": 1
  },
  {
    "message": "@/home/osso/.worktrees/wow-ui-sim-p510-page/data/patch-api/evidence/5.1.0-session-2026-10-08/addon-snapshot/CraftSim/DB/craftQueueDB.lua: Lua error: ...n-2026-10-08/addon-snapshot/CraftSim/DB/craftQueueDB.lua:10: attempt to index field 'DB' (a nil value)\nstack traceback:\n\t(string):1: in main chunk",
    "count": 1
  },
  {
    "message": "Lua Error: @/home/osso/.worktrees/wow-ui-sim-p510-page/data/patch-api/evidence/5.1.0-session-2026-10-08/addon-snapshot/CraftSim/DB/craftQueueDB.lua: Lua error: ...n-2026-10-08/addon-snapshot/CraftSim/DB/craftQueueDB.lua:10: attempt to index field 'DB' (a nil value)\nstack traceback:\n\t(string):1: in main chunk\n[Interface/AddOns/Blizzard_ScriptErrors/Blizzard_ScriptErrors.lua]:59: in function 'GetErrorData'\n[Interface/AddOns/Blizzard_ScriptErrors/Blizzard_ScriptErrors.lua]:72: in function <[Interface/AddOns/Blizzard_ScriptErrors/Blizzard_ScriptErrors.lua]:71>",
    "count": 1
  },
  {
    "message": "@/home/osso/.worktrees/wow-ui-sim-p510-page/data/patch-api/evidence/5.1.0-session-2026-10-08/addon-snapshot/CraftSim/DB/multicraftPreloadDB.lua: Lua error: ...10-08/addon-snapshot/CraftSim/DB/multicraftPreloadDB.lua:10: attempt to index field 'DB' (a nil value)\nstack traceback:\n\t(string):1: in main chunk",
    "count": 1
  },
  {
    "message": "Lua Error: @/home/osso/.worktrees/wow-ui-sim-p510-page/data/patch-api/evidence/5.1.0-session-2026-10-08/addon-snapshot/CraftSim/DB/multicraftPreloadDB.lua: Lua error: ...10-08/addon-snapshot/CraftSim/DB/multicraftPreloadDB.lua:10: attempt to index field 'DB' (a nil value)\nstack traceback:\n\t(string):1: in main chunk\n[Interface/AddOns/Blizzard_ScriptErrors/Blizzard_ScriptErrors.lua]:59: in function 'GetErrorData'\n[Interface/AddOns/Blizzard_ScriptErrors/Blizzard_ScriptErrors.lua]:72: in function <[Interface/AddOns/Blizzard_ScriptErrors/Blizzard_ScriptErrors.lua]:71>",
    "count": 1
  },
  {
    "message": "@/home/osso/.worktrees/wow-ui-sim-p510-page/data/patch-api/evidence/5.1.0-session-2026-10-08/addon-snapshot/CraftSim/Util/Widgets/QualityMeter.lua: Lua error: ...08/addon-snapshot/CraftSim/Util/Widgets/QualityMeter.lua:8: attempt to index local 'GUTIL' (a nil value)\nstack traceback:\n\t(string):1: in main chunk",
    "count": 1
  },
  {
    "message": "Lua Error: @/home/osso/.worktrees/wow-ui-sim-p510-page/data/patch-api/evidence/5.1.0-session-2026-10-08/addon-snapshot/CraftSim/Util/Widgets/QualityMeter.lua: Lua error: ...08/addon-snapshot/CraftSim/Util/Widgets/QualityMeter.lua:8: attempt to index local 'GUTIL' (a nil value)\nstack traceback:\n\t(string):1: in main chunk\n[Interface/AddOns/Blizzard_ScriptErrors/Blizzard_ScriptErrors.lua]:59: in function 'GetErrorData'\n[Interface/AddOns/Blizzard_ScriptErrors/Blizzard_ScriptErrors.lua]:72: in function <[Interface/AddOns/Blizzard_ScriptErrors/Blizzard_ScriptErrors.lua]:71>",
    "count": 1
  },
  {
    "message": "@/home/osso/.worktrees/wow-ui-sim-p510-page/data/patch-api/evidence/5.1.0-session-2026-10-08/addon-snapshot/CraftSim/Pricing/ProfitCalculation.lua: Lua error: ...ssion-2026-10-08/addon-snapshot/CraftSim/Debug/Debug.lua:60: attempt to index upvalue 'LibLog' (a nil value)\nstack traceback:\n\t(string):1: in main chunk",
    "count": 1
  },
  {
    "message": "Lua Error: @/home/osso/.worktrees/wow-ui-sim-p510-page/data/patch-api/evidence/5.1.0-session-2026-10-08/addon-snapshot/CraftSim/Pricing/ProfitCalculation.lua: Lua error: ...ssion-2026-10-08/addon-snapshot/CraftSim/Debug/Debug.lua:60: attempt to index upvalue 'LibLog' (a nil value)\nstack traceback:\n\t(string):1: in main chunk\n[Interface/AddOns/Blizzard_ScriptErrors/Blizzard_ScriptErrors.lua]:59: in function 'GetErrorData'\n[Interface/AddOns/Blizzard_ScriptErrors/Blizzard_ScriptErrors.lua]:72: in function <[Interface/AddOns/Blizzard_ScriptErrors/Blizzard_ScriptErrors.lua]:71>",
    "count": 1
  },
  {
    "message": "@/home/osso/.worktrees/wow-ui-sim-p510-page/data/patch-api/evidence/5.1.0-session-2026-10-08/addon-snapshot/CraftSim/DataSource/PriceSource.lua: Lua error: ...ssion-2026-10-08/addon-snapshot/CraftSim/Debug/Debug.lua:60: attempt to index upvalue 'LibLog' (a nil value)\nstack traceback:\n\t(string):1: in main chunk",
    "count": 1
  },
  {
    "message": "Lua Error: @/home/osso/.worktrees/wow-ui-sim-p510-page/data/patch-api/evidence/5.1.0-session-2026-10-08/addon-snapshot/CraftSim/DataSource/PriceSource.lua: Lua error: ...ssion-2026-10-08/addon-snapshot/CraftSim/Debug/Debug.lua:60: attempt to index upvalue 'LibLog' (a nil value)\nstack traceback:\n\t(string):1: in main chunk\n[Interface/AddOns/Blizzard_ScriptErrors/Blizzard_ScriptErrors.lua]:59: in function 'GetErrorData'\n[Interface/AddOns/Blizzard_ScriptErrors/Blizzard_ScriptErrors.lua]:72: in function <[Interface/AddOns/Blizzard_ScriptErrors/Blizzard_ScriptErrors.lua]:71>",
    "count": 1
  },
  {
    "message": "@/home/osso/.worktrees/wow-ui-sim-p510-page/data/patch-api/evidence/5.1.0-session-2026-10-08/addon-snapshot/CraftSim/DataSource/InventorySource.lua: Lua error: ...ssion-2026-10-08/addon-snapshot/CraftSim/Debug/Debug.lua:60: attempt to index upvalue 'LibLog' (a nil value)\nstack traceback:\n\t(string):1: in main chunk",
    "count": 1
  },
  {
    "message": "Lua Error: @/home/osso/.worktrees/wow-ui-sim-p510-page/data/patch-api/evidence/5.1.0-session-2026-10-08/addon-snapshot/CraftSim/DataSource/InventorySource.lua: Lua error: ...ssion-2026-10-08/addon-snapshot/CraftSim/Debug/Debug.lua:60: attempt to index upvalue 'LibLog' (a nil value)\nstack traceback:\n\t(string):1: in main chunk\n[Interface/AddOns/Blizzard_ScriptErrors/Blizzard_ScriptErrors.lua]:59: in function 'GetErrorData'\n[Interface/AddOns/Blizzard_ScriptErrors/Blizzard_ScriptErrors.lua]:72: in function <[Interface/AddOns/Blizzard_ScriptErrors/Blizzard_ScriptErrors.lua]:71>",
    "count": 1
  },
  {
    "message": "@/home/osso/.worktrees/wow-ui-sim-p510-page/data/patch-api/evidence/5.1.0-session-2026-10-08/addon-snapshot/CraftSim/Modules/Modules.lua: Lua error: ...n-2026-10-08/addon-snapshot/CraftSim/Modules/Modules.lua:63: attempt to index local 'GUTIL' (a nil value)\nstack traceback:\n\t(string):1: in main chunk",
    "count": 1
  },
  {
    "message": "Lua Error: @/home/osso/.worktrees/wow-ui-sim-p510-page/data/patch-api/evidence/5.1.0-session-2026-10-08/addon-snapshot/CraftSim/Modules/Modules.lua: Lua error: ...n-2026-10-08/addon-snapshot/CraftSim/Modules/Modules.lua:63: attempt to index local 'GUTIL' (a nil value)\nstack traceback:\n\t(string):1: in main chunk\n[Interface/AddOns/Blizzard_ScriptErrors/Blizzard_ScriptErrors.lua]:59: in function 'GetErrorData'\n[Interface/AddOns/Blizzard_ScriptErrors/Blizzard_ScriptErrors.lua]:72: in function <[Interface/AddOns/Blizzard_ScriptErrors/Blizzard_ScriptErrors.lua]:71>",
    "count": 1
  },
  {
    "message": "@/home/osso/.worktrees/wow-ui-sim-p510-page/data/patch-api/evidence/5.1.0-session-2026-10-08/addon-snapshot/CraftSim/Modules/ControlPanel/ControlPanel.lua: Lua error: ...-snapshot/CraftSim/Modules/ControlPanel/ControlPanel.lua:9: attempt to call method 'RegisterModule' (a nil value)\nstack traceback:\n\t(string):1: in main chunk",
    "count": 1
  },
  {
    "message": "Lua Error: @/home/osso/.worktrees/wow-ui-sim-p510-page/data/patch-api/evidence/5.1.0-session-2026-10-08/addon-snapshot/CraftSim/Modules/ControlPanel/ControlPanel.lua: Lua error: ...-snapshot/CraftSim/Modules/ControlPanel/ControlPanel.lua:9: attempt to call method 'RegisterModule' (a nil value)\nstack traceback:\n\t(string):1: in main chunk\n[Interface/AddOns/Blizzard_ScriptErrors/Blizzard_ScriptErrors.lua]:59: in function 'GetErrorData'\n[Interface/AddOns/Blizzard_ScriptErrors/Blizzard_ScriptErrors.lua]:72: in function <[Interface/AddOns/Blizzard_ScriptErrors/Blizzard_ScriptErrors.lua]:71>",
    "count": 1
  },
  {
    "message": "@/home/osso/.worktrees/wow-ui-sim-p510-page/data/patch-api/evidence/5.1.0-session-2026-10-08/addon-snapshot/CraftSim/Modules/ItemCount/ItemCount.lua: Lua error: ...ssion-2026-10-08/addon-snapshot/CraftSim/Debug/Debug.lua:60: attempt to index upvalue 'LibLog' (a nil value)\nstack traceback:\n\t(string):1: in main chunk",
    "count": 1
  },
  {
    "message": "Lua Error: @/home/osso/.worktrees/wow-ui-sim-p510-page/data/patch-api/evidence/5.1.0-session-2026-10-08/addon-snapshot/CraftSim/Modules/ItemCount/ItemCount.lua: Lua error: ...ssion-2026-10-08/addon-snapshot/CraftSim/Debug/Debug.lua:60: attempt to index upvalue 'LibLog' (a nil value)\nstack traceback:\n\t(string):1: in main chunk\n[Interface/AddOns/Blizzard_ScriptErrors/Blizzard_ScriptErrors.lua]:59: in function 'GetErrorData'\n[Interface/AddOns/Blizzard_ScriptErrors/Blizzard_ScriptErrors.lua]:72: in function <[Interface/AddOns/Blizzard_ScriptErrors/Blizzard_ScriptErrors.lua]:71>",
    "count": 1
  },
  {
    "message": "@/home/osso/.worktrees/wow-ui-sim-p510-page/data/patch-api/evidence/5.1.0-session-2026-10-08/addon-snapshot/CraftSim/Modules/Disenchant/UI.lua: Lua error: ...-10-08/addon-snapshot/CraftSim/Modules/Disenchant/UI.lua:8: attempt to index field 'DISENCHANT' (a nil value)\nstack traceback:\n\t(string):1: in main chunk",
    "count": 1
  },
  {
    "message": "Lua Error: @/home/osso/.worktrees/wow-ui-sim-p510-page/data/patch-api/evidence/5.1.0-session-2026-10-08/addon-snapshot/CraftSim/Modules/Disenchant/UI.lua: Lua error: ...-10-08/addon-snapshot/CraftSim/Modules/Disenchant/UI.lua:8: attempt to index field 'DISENCHANT' (a nil value)\nstack traceback:\n\t(string):1: in main chunk\n[Interface/AddOns/Blizzard_ScriptErrors/Blizzard_ScriptErrors.lua]:59: in function 'GetErrorData'\n[Interface/AddOns/Blizzard_ScriptErrors/Blizzard_ScriptErrors.lua]:72: in function <[Interface/AddOns/Blizzard_ScriptErrors/Blizzard_ScriptErrors.lua]:71>",
    "count": 1
  },
  {
    "message": "@/home/osso/.worktrees/wow-ui-sim-p510-page/data/patch-api/evidence/5.1.0-session-2026-10-08/addon-snapshot/CraftSim/Modules/Explanations/Explanations.lua: Lua error: ...-snapshot/CraftSim/Modules/Explanations/Explanations.lua:9: attempt to call method 'RegisterModule' (a nil value)\nstack traceback:\n\t(string):1: in main chunk",
    "count": 1
  },
  {
    "message": "Lua Error: @/home/osso/.worktrees/wow-ui-sim-p510-page/data/patch-api/evidence/5.1.0-session-2026-10-08/addon-snapshot/CraftSim/Modules/Explanations/Explanations.lua: Lua error: ...-snapshot/CraftSim/Modules/Explanations/Explanations.lua:9: attempt to call method 'RegisterModule' (a nil value)\nstack traceback:\n\t(string):1: in main chunk\n[Interface/AddOns/Blizzard_ScriptErrors/Blizzard_ScriptErrors.lua]:59: in function 'GetErrorData'\n[Interface/AddOns/Blizzard_ScriptErrors/Blizzard_ScriptErrors.lua]:72: in function <[Interface/AddOns/Blizzard_ScriptErrors/Blizzard_ScriptErrors.lua]:71>",
    "count": 1
  },
  {
    "message": "@/home/osso/.worktrees/wow-ui-sim-p510-page/data/patch-api/evidence/5.1.0-session-2026-10-08/addon-snapshot/CraftSim/Modules/CraftQueue/CraftQueue.lua: Lua error: ...ddon-snapshot/CraftSim/Modules/CraftQueue/CraftQueue.lua:8: attempt to index local 'GUTIL' (a nil value)\nstack traceback:\n\t(string):1: in main chunk",
    "count": 1
  },
  {
    "message": "Lua Error: @/home/osso/.worktrees/wow-ui-sim-p510-page/data/patch-api/evidence/5.1.0-session-2026-10-08/addon-snapshot/CraftSim/Modules/CraftQueue/CraftQueue.lua: Lua error: ...ddon-snapshot/CraftSim/Modules/CraftQueue/CraftQueue.lua:8: attempt to index local 'GUTIL' (a nil value)\nstack traceback:\n\t(string):1: in main chunk\n[Interface/AddOns/Blizzard_ScriptErrors/Blizzard_ScriptErrors.lua]:59: in function 'GetErrorData'\n[Interface/AddOns/Blizzard_ScriptErrors/Blizzard_ScriptErrors.lua]:72: in function <[Interface/AddOns/Blizzard_ScriptErrors/Blizzard_ScriptErrors.lua]:71>",
    "count": 1
  },
  {
    "message": "@/home/osso/.worktrees/wow-ui-sim-p510-page/data/patch-api/evidence/5.1.0-session-2026-10-08/addon-snapshot/CraftSim/Modules/CraftQueue/CraftLists.lua: Lua error: ...ddon-snapshot/CraftSim/Modules/CraftQueue/CraftLists.lua:8: attempt to index local 'GUTIL' (a nil value)\nstack traceback:\n\t(string):1: in main chunk",
    "count": 1
  },
  {
    "message": "Lua Error: @/home/osso/.worktrees/wow-ui-sim-p510-page/data/patch-api/evidence/5.1.0-session-2026-10-08/addon-snapshot/CraftSim/Modules/CraftQueue/CraftLists.lua: Lua error: ...ddon-snapshot/CraftSim/Modules/CraftQueue/CraftLists.lua:8: attempt to index local 'GUTIL' (a nil value)\nstack traceback:\n\t(string):1: in main chunk\n[Interface/AddOns/Blizzard_ScriptErrors/Blizzard_ScriptErrors.lua]:59: in function 'GetErrorData'\n[Interface/AddOns/Blizzard_ScriptErrors/Blizzard_ScriptErrors.lua]:72: in function <[Interface/AddOns/Blizzard_ScriptErrors/Blizzard_ScriptErrors.lua]:71>",
    "count": 1
  },
  {
    "message": "@/home/osso/.worktrees/wow-ui-sim-p510-page/data/patch-api/evidence/5.1.0-session-2026-10-08/addon-snapshot/CraftSim/Modules/CraftQueue/EditRecipe.lua: Lua error: ...ddon-snapshot/CraftSim/Modules/CraftQueue/EditRecipe.lua:8: attempt to index local 'GUTIL' (a nil value)\nstack traceback:\n\t(string):1: in main chunk",
    "count": 1
  },
  {
    "message": "Lua Error: @/home/osso/.worktrees/wow-ui-sim-p510-page/data/patch-api/evidence/5.1.0-session-2026-10-08/addon-snapshot/CraftSim/Modules/CraftQueue/EditRecipe.lua: Lua error: ...ddon-snapshot/CraftSim/Modules/CraftQueue/EditRecipe.lua:8: attempt to index local 'GUTIL' (a nil value)\nstack traceback:\n\t(string):1: in main chunk\n[Interface/AddOns/Blizzard_ScriptErrors/Blizzard_ScriptErrors.lua]:59: in function 'GetErrorData'\n[Interface/AddOns/Blizzard_ScriptErrors/Blizzard_ScriptErrors.lua]:72: in function <[Interface/AddOns/Blizzard_ScriptErrors/Blizzard_ScriptErrors.lua]:71>",
    "count": 1
  },
  {
    "message": "@/home/osso/.worktrees/wow-ui-sim-p510-page/data/patch-api/evidence/5.1.0-session-2026-10-08/addon-snapshot/CraftSim/Modules/Cooldowns/Cooldowns.lua: Lua error: .../addon-snapshot/CraftSim/Modules/Cooldowns/Cooldowns.lua:8: attempt to index local 'GUTIL' (a nil value)\nstack traceback:\n\t(string):1: in main chunk",
    "count": 1
  },
  {
    "message": "Lua Error: @/home/osso/.worktrees/wow-ui-sim-p510-page/data/patch-api/evidence/5.1.0-session-2026-10-08/addon-snapshot/CraftSim/Modules/Cooldowns/Cooldowns.lua: Lua error: .../addon-snapshot/CraftSim/Modules/Cooldowns/Cooldowns.lua:8: attempt to index local 'GUTIL' (a nil value)\nstack traceback:\n\t(string):1: in main chunk\n[Interface/AddOns/Blizzard_ScriptErrors/Blizzard_ScriptErrors.lua]:59: in function 'GetErrorData'\n[Interface/AddOns/Blizzard_ScriptErrors/Blizzard_ScriptErrors.lua]:72: in function <[Interface/AddOns/Blizzard_ScriptErrors/Blizzard_ScriptErrors.lua]:71>",
    "count": 1
  },
  {
    "message": "@/home/osso/.worktrees/wow-ui-sim-p510-page/data/patch-api/evidence/5.1.0-session-2026-10-08/addon-snapshot/CraftSim/Modules/Cooldowns/UI.lua: Lua error: ...6-10-08/addon-snapshot/CraftSim/Modules/Cooldowns/UI.lua:8: attempt to index field 'COOLDOWNS' (a nil value)\nstack traceback:\n\t(string):1: in main chunk",
    "count": 1
  },
  {
    "message": "Lua Error: @/home/osso/.worktrees/wow-ui-sim-p510-page/data/patch-api/evidence/5.1.0-session-2026-10-08/addon-snapshot/CraftSim/Modules/Cooldowns/UI.lua: Lua error: ...6-10-08/addon-snapshot/CraftSim/Modules/Cooldowns/UI.lua:8: attempt to index field 'COOLDOWNS' (a nil value)\nstack traceback:\n\t(string):1: in main chunk\n[Interface/AddOns/Blizzard_ScriptErrors/Blizzard_ScriptErrors.lua]:59: in function 'GetErrorData'\n[Interface/AddOns/Blizzard_ScriptErrors/Blizzard_ScriptErrors.lua]:72: in function <[Interface/AddOns/Blizzard_ScriptErrors/Blizzard_ScriptErrors.lua]:71>",
    "count": 1
  },
  {
    "message": "@/home/osso/.worktrees/wow-ui-sim-p510-page/data/patch-api/evidence/5.1.0-session-2026-10-08/addon-snapshot/CraftSim/Modules/CustomerHistory/CustomerHistory.lua: Lua error: ...hot/CraftSim/Modules/CustomerHistory/CustomerHistory.lua:10: attempt to index local 'GUTIL' (a nil value)\nstack traceback:\n\t(string):1: in main chunk",
    "count": 1
  },
  {
    "message": "Lua Error: @/home/osso/.worktrees/wow-ui-sim-p510-page/data/patch-api/evidence/5.1.0-session-2026-10-08/addon-snapshot/CraftSim/Modules/CustomerHistory/CustomerHistory.lua: Lua error: ...hot/CraftSim/Modules/CustomerHistory/CustomerHistory.lua:10: attempt to index local 'GUTIL' (a nil value)\nstack traceback:\n\t(string):1: in main chunk\n[Interface/AddOns/Blizzard_ScriptErrors/Blizzard_ScriptErrors.lua]:59: in function 'GetErrorData'\n[Interface/AddOns/Blizzard_ScriptErrors/Blizzard_ScriptErrors.lua]:72: in function <[Interface/AddOns/Blizzard_ScriptErrors/Blizzard_ScriptErrors.lua]:71>",
    "count": 1
  },
  {
    "message": "@/home/osso/.worktrees/wow-ui-sim-p510-page/data/patch-api/evidence/5.1.0-session-2026-10-08/addon-snapshot/CraftSim/Modules/Statistics/Statistics.lua: Lua error: ...ddon-snapshot/CraftSim/Modules/Statistics/Statistics.lua:10: attempt to call method 'RegisterModule' (a nil value)\nstack traceback:\n\t(string):1: in main chunk",
    "count": 1
  },
  {
    "message": "Lua Error: @/home/osso/.worktrees/wow-ui-sim-p510-page/data/patch-api/evidence/5.1.0-session-2026-10-08/addon-snapshot/CraftSim/Modules/Statistics/Statistics.lua: Lua error: ...ddon-snapshot/CraftSim/Modules/Statistics/Statistics.lua:10: attempt to call method 'RegisterModule' (a nil value)\nstack traceback:\n\t(string):1: in main chunk\n[Interface/AddOns/Blizzard_ScriptErrors/Blizzard_ScriptErrors.lua]:59: in function 'GetErrorData'\n[Interface/AddOns/Blizzard_ScriptErrors/Blizzard_ScriptErrors.lua]:72: in function <[Interface/AddOns/Blizzard_ScriptErrors/Blizzard_ScriptErrors.lua]:71>",
    "count": 1
  },
  {
    "message": "@/home/osso/.worktrees/wow-ui-sim-p510-page/data/patch-api/evidence/5.1.0-session-2026-10-08/addon-snapshot/CraftSim/Modules/Statistics/UI.lua: Lua error: ...-10-08/addon-snapshot/CraftSim/Modules/Statistics/UI.lua:8: attempt to index local 'GUTIL' (a nil value)\nstack traceback:\n\t(string):1: in main chunk",
    "count": 1
  },
  {
    "message": "Lua Error: @/home/osso/.worktrees/wow-ui-sim-p510-page/data/patch-api/evidence/5.1.0-session-2026-10-08/addon-snapshot/CraftSim/Modules/Statistics/UI.lua: Lua error: ...-10-08/addon-snapshot/CraftSim/Modules/Statistics/UI.lua:8: attempt to index local 'GUTIL' (a nil value)\nstack traceback:\n\t(string):1: in main chunk\n[Interface/AddOns/Blizzard_ScriptErrors/Blizzard_ScriptErrors.lua]:59: in function 'GetErrorData'\n[Interface/AddOns/Blizzard_ScriptErrors/Blizzard_ScriptErrors.lua]:72: in function <[Interface/AddOns/Blizzard_ScriptErrors/Blizzard_ScriptErrors.lua]:71>",
    "count": 1
  },
  {
    "message": "@/home/osso/.worktrees/wow-ui-sim-p510-page/data/patch-api/evidence/5.1.0-session-2026-10-08/addon-snapshot/CraftSim/Modules/CraftLog/UI.lua: Lua error: ...26-10-08/addon-snapshot/CraftSim/Modules/CraftLog/UI.lua:8: attempt to index local 'GUTIL' (a nil value)\nstack traceback:\n\t(string):1: in main chunk",
    "count": 1
  },
  {
    "message": "Lua Error: @/home/osso/.worktrees/wow-ui-sim-p510-page/data/patch-api/evidence/5.1.0-session-2026-10-08/addon-snapshot/CraftSim/Modules/CraftLog/UI.lua: Lua error: ...26-10-08/addon-snapshot/CraftSim/Modules/CraftLog/UI.lua:8: attempt to index local 'GUTIL' (a nil value)\nstack traceback:\n\t(string):1: in main chunk\n[Interface/AddOns/Blizzard_ScriptErrors/Blizzard_ScriptErrors.lua]:59: in function 'GetErrorData'\n[Interface/AddOns/Blizzard_ScriptErrors/Blizzard_ScriptErrors.lua]:72: in function <[Interface/AddOns/Blizzard_ScriptErrors/Blizzard_ScriptErrors.lua]:71>",
    "count": 1
  },
  {
    "message": "@/home/osso/.worktrees/wow-ui-sim-p510-page/data/patch-api/evidence/5.1.0-session-2026-10-08/addon-snapshot/CraftSim/Modules/Pricing/Pricing.lua: Lua error: ...0-08/addon-snapshot/CraftSim/Modules/Pricing/Pricing.lua:10: attempt to call method 'RegisterModule' (a nil value)\nstack traceback:\n\t(string):1: in main chunk",
    "count": 1
  },
  {
    "message": "Lua Error: @/home/osso/.worktrees/wow-ui-sim-p510-page/data/patch-api/evidence/5.1.0-session-2026-10-08/addon-snapshot/CraftSim/Modules/Pricing/Pricing.lua: Lua error: ...0-08/addon-snapshot/CraftSim/Modules/Pricing/Pricing.lua:10: attempt to call method 'RegisterModule' (a nil value)\nstack traceback:\n\t(string):1: in main chunk\n[Interface/AddOns/Blizzard_ScriptErrors/Blizzard_ScriptErrors.lua]:59: in function 'GetErrorData'\n[Interface/AddOns/Blizzard_ScriptErrors/Blizzard_ScriptErrors.lua]:72: in function <[Interface/AddOns/Blizzard_ScriptErrors/Blizzard_ScriptErrors.lua]:71>",
    "count": 1
  },
  {
    "message": "@/home/osso/.worktrees/wow-ui-sim-p510-page/data/patch-api/evidence/5.1.0-session-2026-10-08/addon-snapshot/CraftSim/Modules/Pricing/UI.lua: Lua error: ...ssion-2026-10-08/addon-snapshot/CraftSim/Debug/Debug.lua:60: attempt to index upvalue 'LibLog' (a nil value)\nstack traceback:\n\t(string):1: in main chunk",
    "count": 1
  },
  {
    "message": "Lua Error: @/home/osso/.worktrees/wow-ui-sim-p510-page/data/patch-api/evidence/5.1.0-session-2026-10-08/addon-snapshot/CraftSim/Modules/Pricing/UI.lua: Lua error: ...ssion-2026-10-08/addon-snapshot/CraftSim/Debug/Debug.lua:60: attempt to index upvalue 'LibLog' (a nil value)\nstack traceback:\n\t(string):1: in main chunk\n[Interface/AddOns/Blizzard_ScriptErrors/Blizzard_ScriptErrors.lua]:59: in function 'GetErrorData'\n[Interface/AddOns/Blizzard_ScriptErrors/Blizzard_ScriptErrors.lua]:72: in function <[Interface/AddOns/Blizzard_ScriptErrors/Blizzard_ScriptErrors.lua]:71>",
    "count": 1
  },
  {
    "message": "@/home/osso/.worktrees/wow-ui-sim-p510-page/data/patch-api/evidence/5.1.0-session-2026-10-08/addon-snapshot/CraftSim/Modules/SpecializationInfo/UI.lua: Lua error: ...ddon-snapshot/CraftSim/Modules/SpecializationInfo/UI.lua:7: attempt to index local 'GUTIL' (a nil value)\nstack traceback:\n\t(string):1: in main chunk",
    "count": 1
  },
  {
    "message": "Lua Error: @/home/osso/.worktrees/wow-ui-sim-p510-page/data/patch-api/evidence/5.1.0-session-2026-10-08/addon-snapshot/CraftSim/Modules/SpecializationInfo/UI.lua: Lua error: ...ddon-snapshot/CraftSim/Modules/SpecializationInfo/UI.lua:7: attempt to index local 'GUTIL' (a nil value)\nstack traceback:\n\t(string):1: in main chunk\n[Interface/AddOns/Blizzard_ScriptErrors/Blizzard_ScriptErrors.lua]:59: in function 'GetErrorData'\n[Interface/AddOns/Blizzard_ScriptErrors/Blizzard_ScriptErrors.lua]:72: in function <[Interface/AddOns/Blizzard_ScriptErrors/Blizzard_ScriptErrors.lua]:71>",
    "count": 1
  },
  {
    "message": "@/home/osso/.worktrees/wow-ui-sim-p510-page/data/patch-api/evidence/5.1.0-session-2026-10-08/addon-snapshot/CraftSim/Modules/SimulationMode/Debug.lua: Lua error: ...addon-snapshot/CraftSim/Modules/SimulationMode/Debug.lua:6: attempt to index local 'GUTIL' (a nil value)\nstack traceback:\n\t(string):1: in main chunk",
    "count": 1
  },
  {
    "message": "Lua Error: @/home/osso/.worktrees/wow-ui-sim-p510-page/data/patch-api/evidence/5.1.0-session-2026-10-08/addon-snapshot/CraftSim/Modules/SimulationMode/Debug.lua: Lua error: ...addon-snapshot/CraftSim/Modules/SimulationMode/Debug.lua:6: attempt to index local 'GUTIL' (a nil value)\nstack traceback:\n\t(string):1: in main chunk\n[Interface/AddOns/Blizzard_ScriptErrors/Blizzard_ScriptErrors.lua]:59: in function 'GetErrorData'\n[Interface/AddOns/Blizzard_ScriptErrors/Blizzard_ScriptErrors.lua]:72: in function <[Interface/AddOns/Blizzard_ScriptErrors/Blizzard_ScriptErrors.lua]:71>",
    "count": 1
  },
  {
    "message": "@/home/osso/.worktrees/wow-ui-sim-p510-page/data/patch-api/evidence/5.1.0-session-2026-10-08/addon-snapshot/CraftSim/Modules/SimulationMode/UI.lua: Lua error: ...08/addon-snapshot/CraftSim/Modules/SimulationMode/UI.lua:7: attempt to index local 'GUTIL' (a nil value)\nstack traceback:\n\t(string):1: in main chunk",
    "count": 1
  },
  {
    "message": "Lua Error: @/home/osso/.worktrees/wow-ui-sim-p510-page/data/patch-api/evidence/5.1.0-session-2026-10-08/addon-snapshot/CraftSim/Modules/SimulationMode/UI.lua: Lua error: ...08/addon-snapshot/CraftSim/Modules/SimulationMode/UI.lua:7: attempt to index local 'GUTIL' (a nil value)\nstack traceback:\n\t(string):1: in main chunk\n[Interface/AddOns/Blizzard_ScriptErrors/Blizzard_ScriptErrors.lua]:59: in function 'GetErrorData'\n[Interface/AddOns/Blizzard_ScriptErrors/Blizzard_ScriptErrors.lua]:72: in function <[Interface/AddOns/Blizzard_ScriptErrors/Blizzard_ScriptErrors.lua]:71>",
    "count": 1
  },
  {
    "message": "@/home/osso/.worktrees/wow-ui-sim-p510-page/data/patch-api/evidence/5.1.0-session-2026-10-08/addon-snapshot/CraftSim/Modules/ReagentOptimization/ReagentOptimization.lua: Lua error: ...tSim/Modules/ReagentOptimization/ReagentOptimization.lua:87: attempt to call method 'RegisterModule' (a nil value)\nstack traceback:\n\t(string):1: in main chunk",
    "count": 1
  },
  {
    "message": "Lua Error: @/home/osso/.worktrees/wow-ui-sim-p510-page/data/patch-api/evidence/5.1.0-session-2026-10-08/addon-snapshot/CraftSim/Modules/ReagentOptimization/ReagentOptimization.lua: Lua error: ...tSim/Modules/ReagentOptimization/ReagentOptimization.lua:87: attempt to call method 'RegisterModule' (a nil value)\nstack traceback:\n\t(string):1: in main chunk\n[Interface/AddOns/Blizzard_ScriptErrors/Blizzard_ScriptErrors.lua]:59: in function 'GetErrorData'\n[Interface/AddOns/Blizzard_ScriptErrors/Blizzard_ScriptErrors.lua]:72: in function <[Interface/AddOns/Blizzard_ScriptErrors/Blizzard_ScriptErrors.lua]:71>",
    "count": 1
  },
  {
    "message": "@/home/osso/.worktrees/wow-ui-sim-p510-page/data/patch-api/evidence/5.1.0-session-2026-10-08/addon-snapshot/CraftSim/Modules/ReagentOptimization/UI.lua: Lua error: ...don-snapshot/CraftSim/Modules/ReagentOptimization/UI.lua:6: attempt to index local 'GUTIL' (a nil value)\nstack traceback:\n\t(string):1: in main chunk",
    "count": 1
  },
  {
    "message": "Lua Error: @/home/osso/.worktrees/wow-ui-sim-p510-page/data/patch-api/evidence/5.1.0-session-2026-10-08/addon-snapshot/CraftSim/Modules/ReagentOptimization/UI.lua: Lua error: ...don-snapshot/CraftSim/Modules/ReagentOptimization/UI.lua:6: attempt to index local 'GUTIL' (a nil value)\nstack traceback:\n\t(string):1: in main chunk\n[Interface/AddOns/Blizzard_ScriptErrors/Blizzard_ScriptErrors.lua]:59: in function 'GetErrorData'\n[Interface/AddOns/Blizzard_ScriptErrors/Blizzard_ScriptErrors.lua]:72: in function <[Interface/AddOns/Blizzard_ScriptErrors/Blizzard_ScriptErrors.lua]:71>",
    "count": 1
  },
  {
    "message": "@/home/osso/.worktrees/wow-ui-sim-p510-page/data/patch-api/evidence/5.1.0-session-2026-10-08/addon-snapshot/CraftSim/Modules/TopGear/TopGear.lua: Lua error: ...ssion-2026-10-08/addon-snapshot/CraftSim/Debug/Debug.lua:60: attempt to index upvalue 'LibLog' (a nil value)\nstack traceback:\n\t(string):1: in main chunk",
    "count": 1
  },
  {
    "message": "Lua Error: @/home/osso/.worktrees/wow-ui-sim-p510-page/data/patch-api/evidence/5.1.0-session-2026-10-08/addon-snapshot/CraftSim/Modules/TopGear/TopGear.lua: Lua error: ...ssion-2026-10-08/addon-snapshot/CraftSim/Debug/Debug.lua:60: attempt to index upvalue 'LibLog' (a nil value)\nstack traceback:\n\t(string):1: in main chunk\n[Interface/AddOns/Blizzard_ScriptErrors/Blizzard_ScriptErrors.lua]:59: in function 'GetErrorData'\n[Interface/AddOns/Blizzard_ScriptErrors/Blizzard_ScriptErrors.lua]:72: in function <[Interface/AddOns/Blizzard_ScriptErrors/Blizzard_ScriptErrors.lua]:71>",
    "count": 1
  },
  {
    "message": "@/home/osso/.worktrees/wow-ui-sim-p510-page/data/patch-api/evidence/5.1.0-session-2026-10-08/addon-snapshot/CraftSim/Modules/TopGear/UI.lua: Lua error: ...ssion-2026-10-08/addon-snapshot/CraftSim/Debug/Debug.lua:60: attempt to index upvalue 'LibLog' (a nil value)\nstack traceback:\n\t(string):1: in main chunk",
    "count": 1
  },
  {
    "message": "Lua Error: @/home/osso/.worktrees/wow-ui-sim-p510-page/data/patch-api/evidence/5.1.0-session-2026-10-08/addon-snapshot/CraftSim/Modules/TopGear/UI.lua: Lua error: ...ssion-2026-10-08/addon-snapshot/CraftSim/Debug/Debug.lua:60: attempt to index upvalue 'LibLog' (a nil value)\nstack traceback:\n\t(string):1: in main chunk\n[Interface/AddOns/Blizzard_ScriptErrors/Blizzard_ScriptErrors.lua]:59: in function 'GetErrorData'\n[Interface/AddOns/Blizzard_ScriptErrors/Blizzard_ScriptErrors.lua]:72: in function <[Interface/AddOns/Blizzard_ScriptErrors/Blizzard_ScriptErrors.lua]:71>",
    "count": 1
  },
  {
    "message": "@/home/osso/.worktrees/wow-ui-sim-p510-page/data/patch-api/evidence/5.1.0-session-2026-10-08/addon-snapshot/CraftSim/Modules/RecipeScan/RecipeScan.lua: Lua error: ...ddon-snapshot/CraftSim/Modules/RecipeScan/RecipeScan.lua:11: attempt to call method 'RegisterModule' (a nil value)\nstack traceback:\n\t(string):1: in main chunk",
    "count": 1
  },
  {
    "message": "Lua Error: @/home/osso/.worktrees/wow-ui-sim-p510-page/data/patch-api/evidence/5.1.0-session-2026-10-08/addon-snapshot/CraftSim/Modules/RecipeScan/RecipeScan.lua: Lua error: ...ddon-snapshot/CraftSim/Modules/RecipeScan/RecipeScan.lua:11: attempt to call method 'RegisterModule' (a nil value)\nstack traceback:\n\t(string):1: in main chunk\n[Interface/AddOns/Blizzard_ScriptErrors/Blizzard_ScriptErrors.lua]:59: in function 'GetErrorData'\n[Interface/AddOns/Blizzard_ScriptErrors/Blizzard_ScriptErrors.lua]:72: in function <[Interface/AddOns/Blizzard_ScriptErrors/Blizzard_ScriptErrors.lua]:71>",
    "count": 1
  },
  {
    "message": "@/home/osso/.worktrees/wow-ui-sim-p510-page/data/patch-api/evidence/5.1.0-session-2026-10-08/addon-snapshot/CraftSim/Modules/RecipeScan/UI.lua: Lua error: ...-10-08/addon-snapshot/CraftSim/Modules/RecipeScan/UI.lua:7: attempt to index field 'GUTIL' (a nil value)\nstack traceback:\n\t(string):1: in main chunk",
    "count": 1
  },
  {
    "message": "Lua Error: @/home/osso/.worktrees/wow-ui-sim-p510-page/data/patch-api/evidence/5.1.0-session-2026-10-08/addon-snapshot/CraftSim/Modules/RecipeScan/UI.lua: Lua error: ...-10-08/addon-snapshot/CraftSim/Modules/RecipeScan/UI.lua:7: attempt to index field 'GUTIL' (a nil value)\nstack traceback:\n\t(string):1: in main chunk\n[Interface/AddOns/Blizzard_ScriptErrors/Blizzard_ScriptErrors.lua]:59: in function 'GetErrorData'\n[Interface/AddOns/Blizzard_ScriptErrors/Blizzard_ScriptErrors.lua]:72: in function <[Interface/AddOns/Blizzard_ScriptErrors/Blizzard_ScriptErrors.lua]:71>",
    "count": 1
  },
  {
    "message": "@/home/osso/.worktrees/wow-ui-sim-p510-page/data/patch-api/evidence/5.1.0-session-2026-10-08/addon-snapshot/CraftSim/Modules/Supporters/Supporters.lua: Lua error: ...ddon-snapshot/CraftSim/Modules/Supporters/Supporters.lua:6: attempt to index local 'GUTIL' (a nil value)\nstack traceback:\n\t(string):1: in main chunk",
    "count": 1
  },
  {
    "message": "Lua Error: @/home/osso/.worktrees/wow-ui-sim-p510-page/data/patch-api/evidence/5.1.0-session-2026-10-08/addon-snapshot/CraftSim/Modules/Supporters/Supporters.lua: Lua error: ...ddon-snapshot/CraftSim/Modules/Supporters/Supporters.lua:6: attempt to index local 'GUTIL' (a nil value)\nstack traceback:\n\t(string):1: in main chunk\n[Interface/AddOns/Blizzard_ScriptErrors/Blizzard_ScriptErrors.lua]:59: in function 'GetErrorData'\n[Interface/AddOns/Blizzard_ScriptErrors/Blizzard_ScriptErrors.lua]:72: in function <[Interface/AddOns/Blizzard_ScriptErrors/Blizzard_ScriptErrors.lua]:71>",
    "count": 1
  },
  {
    "message": "@/home/osso/.worktrees/wow-ui-sim-p510-page/data/patch-api/evidence/5.1.0-session-2026-10-08/addon-snapshot/CraftSim/Modules/Supporters/UI.lua: Lua error: ...-10-08/addon-snapshot/CraftSim/Modules/Supporters/UI.lua:6: attempt to index local 'GUTIL' (a nil value)\nstack traceback:\n\t(string):1: in main chunk",
    "count": 1
  },
  {
    "message": "Lua Error: @/home/osso/.worktrees/wow-ui-sim-p510-page/data/patch-api/evidence/5.1.0-session-2026-10-08/addon-snapshot/CraftSim/Modules/Supporters/UI.lua: Lua error: ...-10-08/addon-snapshot/CraftSim/Modules/Supporters/UI.lua:6: attempt to index local 'GUTIL' (a nil value)\nstack traceback:\n\t(string):1: in main chunk\n[Interface/AddOns/Blizzard_ScriptErrors/Blizzard_ScriptErrors.lua]:59: in function 'GetErrorData'\n[Interface/AddOns/Blizzard_ScriptErrors/Blizzard_ScriptErrors.lua]:72: in function <[Interface/AddOns/Blizzard_ScriptErrors/Blizzard_ScriptErrors.lua]:71>",
    "count": 1
  },
  {
    "message": "@/home/osso/.worktrees/wow-ui-sim-p510-page/data/patch-api/evidence/5.1.0-session-2026-10-08/addon-snapshot/CraftSim/Modules/CraftBuffs/CraftBuffs.lua: Lua error: ...ssion-2026-10-08/addon-snapshot/CraftSim/Debug/Debug.lua:60: attempt to index upvalue 'LibLog' (a nil value)\nstack traceback:\n\t(string):1: in main chunk",
    "count": 1
  },
  {
    "message": "Lua Error: @/home/osso/.worktrees/wow-ui-sim-p510-page/data/patch-api/evidence/5.1.0-session-2026-10-08/addon-snapshot/CraftSim/Modules/CraftBuffs/CraftBuffs.lua: Lua error: ...ssion-2026-10-08/addon-snapshot/CraftSim/Debug/Debug.lua:60: attempt to index upvalue 'LibLog' (a nil value)\nstack traceback:\n\t(string):1: in main chunk\n[Interface/AddOns/Blizzard_ScriptErrors/Blizzard_ScriptErrors.lua]:59: in function 'GetErrorData'\n[Interface/AddOns/Blizzard_ScriptErrors/Blizzard_ScriptErrors.lua]:72: in function <[Interface/AddOns/Blizzard_ScriptErrors/Blizzard_ScriptErrors.lua]:71>",
    "count": 1
  },
  {
    "message": "@/home/osso/.worktrees/wow-ui-sim-p510-page/data/patch-api/evidence/5.1.0-session-2026-10-08/addon-snapshot/CraftSim/Modules/CraftBuffs/UI.lua: Lua error: ...-10-08/addon-snapshot/CraftSim/Modules/CraftBuffs/UI.lua:11: attempt to index field 'CRAFT_BUFFS' (a nil value)\nstack traceback:\n\t(string):1: in main chunk",
    "count": 1
  },
  {
    "message": "Lua Error: @/home/osso/.worktrees/wow-ui-sim-p510-page/data/patch-api/evidence/5.1.0-session-2026-10-08/addon-snapshot/CraftSim/Modules/CraftBuffs/UI.lua: Lua error: ...-10-08/addon-snapshot/CraftSim/Modules/CraftBuffs/UI.lua:11: attempt to index field 'CRAFT_BUFFS' (a nil value)\nstack traceback:\n\t(string):1: in main chunk\n[Interface/AddOns/Blizzard_ScriptErrors/Blizzard_ScriptErrors.lua]:59: in function 'GetErrorData'\n[Interface/AddOns/Blizzard_ScriptErrors/Blizzard_ScriptErrors.lua]:72: in function <[Interface/AddOns/Blizzard_ScriptErrors/Blizzard_ScriptErrors.lua]:71>",
    "count": 1
  },
  {
    "message": "@/home/osso/.worktrees/wow-ui-sim-p510-page/data/patch-api/evidence/5.1.0-session-2026-10-08/addon-snapshot/CraftSim/Modules/ConcentrationTracker/ConcentrationTracker.lua: Lua error: ...im/Modules/ConcentrationTracker/ConcentrationTracker.lua:5: attempt to index local 'GUTIL' (a nil value)\nstack traceback:\n\t(string):1: in main chunk",
    "count": 1
  },
  {
    "message": "Lua Error: @/home/osso/.worktrees/wow-ui-sim-p510-page/data/patch-api/evidence/5.1.0-session-2026-10-08/addon-snapshot/CraftSim/Modules/ConcentrationTracker/ConcentrationTracker.lua: Lua error: ...im/Modules/ConcentrationTracker/ConcentrationTracker.lua:5: attempt to index local 'GUTIL' (a nil value)\nstack traceback:\n\t(string):1: in main chunk\n[Interface/AddOns/Blizzard_ScriptErrors/Blizzard_ScriptErrors.lua]:59: in function 'GetErrorData'\n[Interface/AddOns/Blizzard_ScriptErrors/Blizzard_ScriptErrors.lua]:72: in function <[Interface/AddOns/Blizzard_ScriptErrors/Blizzard_ScriptErrors.lua]:71>",
    "count": 1
  },
  {
    "message": "@/home/osso/.worktrees/wow-ui-sim-p510-page/data/patch-api/evidence/5.1.0-session-2026-10-08/addon-snapshot/CraftSim/Modules/ConcentrationTracker/UI.lua: Lua error: ...on-snapshot/CraftSim/Modules/ConcentrationTracker/UI.lua:11: attempt to index field 'CONCENTRATION_TRACKER' (a nil value)\nstack traceback:\n\t(string):1: in main chunk",
    "count": 1
  },
  {
    "message": "Lua Error: @/home/osso/.worktrees/wow-ui-sim-p510-page/data/patch-api/evidence/5.1.0-session-2026-10-08/addon-snapshot/CraftSim/Modules/ConcentrationTracker/UI.lua: Lua error: ...on-snapshot/CraftSim/Modules/ConcentrationTracker/UI.lua:11: attempt to index field 'CONCENTRATION_TRACKER' (a nil value)\nstack traceback:\n\t(string):1: in main chunk\n[Interface/AddOns/Blizzard_ScriptErrors/Blizzard_ScriptErrors.lua]:59: in function 'GetErrorData'\n[Interface/AddOns/Blizzard_ScriptErrors/Blizzard_ScriptErrors.lua]:72: in function <[Interface/AddOns/Blizzard_ScriptErrors/Blizzard_ScriptErrors.lua]:71>",
    "count": 1
  },
  {
    "message": "@/home/osso/.worktrees/wow-ui-sim-p510-page/data/patch-api/evidence/5.1.0-session-2026-10-08/addon-snapshot/CraftSim/Modules/WorkOrderTracker/WorkOrderTracker.lua: Lua error: ...t/CraftSim/Modules/WorkOrderTracker/WorkOrderTracker.lua:8: attempt to index local 'GUTIL' (a nil value)\nstack traceback:\n\t(string):1: in main chunk",
    "count": 1
  },
  {
    "message": "Lua Error: @/home/osso/.worktrees/wow-ui-sim-p510-page/data/patch-api/evidence/5.1.0-session-2026-10-08/addon-snapshot/CraftSim/Modules/WorkOrderTracker/WorkOrderTracker.lua: Lua error: ...t/CraftSim/Modules/WorkOrderTracker/WorkOrderTracker.lua:8: attempt to index local 'GUTIL' (a nil value)\nstack traceback:\n\t(string):1: in main chunk\n[Interface/AddOns/Blizzard_ScriptErrors/Blizzard_ScriptErrors.lua]:59: in function 'GetErrorData'\n[Interface/AddOns/Blizzard_ScriptErrors/Blizzard_ScriptErrors.lua]:72: in function <[Interface/AddOns/Blizzard_ScriptErrors/Blizzard_ScriptErrors.lua]:71>",
    "count": 1
  },
  {
    "message": "@/home/osso/.worktrees/wow-ui-sim-p510-page/data/patch-api/evidence/5.1.0-session-2026-10-08/addon-snapshot/CraftSim/Modules/WorkOrderTracker/UI.lua: Lua error: .../addon-snapshot/CraftSim/Modules/WorkOrderTracker/UI.lua:8: attempt to index field 'WORK_ORDER_TRACKER' (a nil value)\nstack traceback:\n\t(string):1: in main chunk",
    "count": 1
  },
  {
    "message": "Lua Error: @/home/osso/.worktrees/wow-ui-sim-p510-page/data/patch-api/evidence/5.1.0-session-2026-10-08/addon-snapshot/CraftSim/Modules/WorkOrderTracker/UI.lua: Lua error: .../addon-snapshot/CraftSim/Modules/WorkOrderTracker/UI.lua:8: attempt to index field 'WORK_ORDER_TRACKER' (a nil value)\nstack traceback:\n\t(string):1: in main chunk\n[Interface/AddOns/Blizzard_ScriptErrors/Blizzard_ScriptErrors.lua]:59: in function 'GetErrorData'\n[Interface/AddOns/Blizzard_ScriptErrors/Blizzard_ScriptErrors.lua]:72: in function <[Interface/AddOns/Blizzard_ScriptErrors/Blizzard_ScriptErrors.lua]:71>",
    "count": 1
  },
  {
    "message": "@/home/osso/.worktrees/wow-ui-sim-p510-page/data/patch-api/evidence/5.1.0-session-2026-10-08/addon-snapshot/CraftSim/Data/SpecializationData/Dragonflight/Blacksmithing.lua: Lua error: ...m/Data/SpecializationData/Dragonflight/Blacksmithing.lua:3: attempt to index field 'SPECIALIZATION_DATA' (a nil value)\nstack traceback:\n\t(string):1: in main chunk",
    "count": 1
  },
  {
    "message": "Lua Error: @/home/osso/.worktrees/wow-ui-sim-p510-page/data/patch-api/evidence/5.1.0-session-2026-10-08/addon-snapshot/CraftSim/Data/SpecializationData/Dragonflight/Blacksmithing.lua: Lua error: ...m/Data/SpecializationData/Dragonflight/Blacksmithing.lua:3: attempt to index field 'SPECIALIZATION_DATA' (a nil value)\nstack traceback:\n\t(string):1: in main chunk\n[Interface/AddOns/Blizzard_ScriptErrors/Blizzard_ScriptErrors.lua]:59: in function 'GetErrorData'\n[Interface/AddOns/Blizzard_ScriptErrors/Blizzard_ScriptErrors.lua]:72: in function <[Interface/AddOns/Blizzard_ScriptErrors/Blizzard_ScriptErrors.lua]:71>",
    "count": 1
  },
  {
    "message": "@/home/osso/.worktrees/wow-ui-sim-p510-page/data/patch-api/evidence/5.1.0-session-2026-10-08/addon-snapshot/CraftSim/Data/SpecializationData/Dragonflight/Enchanting.lua: Lua error: ...tSim/Data/SpecializationData/Dragonflight/Enchanting.lua:3: attempt to index field 'SPECIALIZATION_DATA' (a nil value)\nstack traceback:\n\t(string):1: in main chunk",
    "count": 1
  },
  {
    "message": "Lua Error: @/home/osso/.worktrees/wow-ui-sim-p510-page/data/patch-api/evidence/5.1.0-session-2026-10-08/addon-snapshot/CraftSim/Data/SpecializationData/Dragonflight/Enchanting.lua: Lua error: ...tSim/Data/SpecializationData/Dragonflight/Enchanting.lua:3: attempt to index field 'SPECIALIZATION_DATA' (a nil value)\nstack traceback:\n\t(string):1: in main chunk\n[Interface/AddOns/Blizzard_ScriptErrors/Blizzard_ScriptErrors.lua]:59: in function 'GetErrorData'\n[Interface/AddOns/Blizzard_ScriptErrors/Blizzard_ScriptErrors.lua]:72: in function <[Interface/AddOns/Blizzard_ScriptErrors/Blizzard_ScriptErrors.lua]:71>",
    "count": 1
  },
  {
    "message": "@/home/osso/.worktrees/wow-ui-sim-p510-page/data/patch-api/evidence/5.1.0-session-2026-10-08/addon-snapshot/CraftSim/Data/SpecializationData/Dragonflight/Leatherworking.lua: Lua error: .../Data/SpecializationData/Dragonflight/Leatherworking.lua:3: attempt to index field 'SPECIALIZATION_DATA' (a nil value)\nstack traceback:\n\t(string):1: in main chunk",
    "count": 1
  },
  {
    "message": "Lua Error: @/home/osso/.worktrees/wow-ui-sim-p510-page/data/patch-api/evidence/5.1.0-session-2026-10-08/addon-snapshot/CraftSim/Data/SpecializationData/Dragonflight/Leatherworking.lua: Lua error: .../Data/SpecializationData/Dragonflight/Leatherworking.lua:3: attempt to index field 'SPECIALIZATION_DATA' (a nil value)\nstack traceback:\n\t(string):1: in main chunk\n[Interface/AddOns/Blizzard_ScriptErrors/Blizzard_ScriptErrors.lua]:59: in function 'GetErrorData'\n[Interface/AddOns/Blizzard_ScriptErrors/Blizzard_ScriptErrors.lua]:72: in function <[Interface/AddOns/Blizzard_ScriptErrors/Blizzard_ScriptErrors.lua]:71>",
    "count": 1
  },
  {
    "message": "@/home/osso/.worktrees/wow-ui-sim-p510-page/data/patch-api/evidence/5.1.0-session-2026-10-08/addon-snapshot/CraftSim/Data/SpecializationData/Dragonflight/Engineering.lua: Lua error: ...Sim/Data/SpecializationData/Dragonflight/Engineering.lua:3: attempt to index field 'SPECIALIZATION_DATA' (a nil value)\nstack traceback:\n\t(string):1: in main chunk",
    "count": 1
  },
  {
    "message": "Lua Error: @/home/osso/.worktrees/wow-ui-sim-p510-page/data/patch-api/evidence/5.1.0-session-2026-10-08/addon-snapshot/CraftSim/Data/SpecializationData/Dragonflight/Engineering.lua: Lua error: ...Sim/Data/SpecializationData/Dragonflight/Engineering.lua:3: attempt to index field 'SPECIALIZATION_DATA' (a nil value)\nstack traceback:\n\t(string):1: in main chunk\n[Interface/AddOns/Blizzard_ScriptErrors/Blizzard_ScriptErrors.lua]:59: in function 'GetErrorData'\n[Interface/AddOns/Blizzard_ScriptErrors/Blizzard_ScriptErrors.lua]:72: in function <[Interface/AddOns/Blizzard_ScriptErrors/Blizzard_ScriptErrors.lua]:71>",
    "count": 1
  },
  {
    "message": "@/home/osso/.worktrees/wow-ui-sim-p510-page/data/patch-api/evidence/5.1.0-session-2026-10-08/addon-snapshot/CraftSim/Data/SpecializationData/The_War_Within/Blacksmithing.lua: Lua error: ...Data/SpecializationData/The_War_Within/Blacksmithing.lua:3: attempt to index field 'SPECIALIZATION_DATA' (a nil value)\nstack traceback:\n\t(string):1: in main chunk",
    "count": 1
  },
  {
    "message": "Lua Error: @/home/osso/.worktrees/wow-ui-sim-p510-page/data/patch-api/evidence/5.1.0-session-2026-10-08/addon-snapshot/CraftSim/Data/SpecializationData/The_War_Within/Blacksmithing.lua: Lua error: ...Data/SpecializationData/The_War_Within/Blacksmithing.lua:3: attempt to index field 'SPECIALIZATION_DATA' (a nil value)\nstack traceback:\n\t(string):1: in main chunk\n[Interface/AddOns/Blizzard_ScriptErrors/Blizzard_ScriptErrors.lua]:59: in function 'GetErrorData'\n[Interface/AddOns/Blizzard_ScriptErrors/Blizzard_ScriptErrors.lua]:72: in function <[Interface/AddOns/Blizzard_ScriptErrors/Blizzard_ScriptErrors.lua]:71>",
    "count": 1
  },
  {
    "message": "@/home/osso/.worktrees/wow-ui-sim-p510-page/data/patch-api/evidence/5.1.0-session-2026-10-08/addon-snapshot/CraftSim/Data/SpecializationData/The_War_Within/Inscription.lua: Lua error: ...m/Data/SpecializationData/The_War_Within/Inscription.lua:3: attempt to index field 'SPECIALIZATION_DATA' (a nil value)\nstack traceback:\n\t(string):1: in main chunk",
    "count": 1
  },
  {
    "message": "Lua Error: @/home/osso/.worktrees/wow-ui-sim-p510-page/data/patch-api/evidence/5.1.0-session-2026-10-08/addon-snapshot/CraftSim/Data/SpecializationData/The_War_Within/Inscription.lua: Lua error: ...m/Data/SpecializationData/The_War_Within/Inscription.lua:3: attempt to index field 'SPECIALIZATION_DATA' (a nil value)\nstack traceback:\n\t(string):1: in main chunk\n[Interface/AddOns/Blizzard_ScriptErrors/Blizzard_ScriptErrors.lua]:59: in function 'GetErrorData'\n[Interface/AddOns/Blizzard_ScriptErrors/Blizzard_ScriptErrors.lua]:72: in function <[Interface/AddOns/Blizzard_ScriptErrors/Blizzard_ScriptErrors.lua]:71>",
    "count": 1
  },
  {
    "message": "@/home/osso/.worktrees/wow-ui-sim-p510-page/data/patch-api/evidence/5.1.0-session-2026-10-08/addon-snapshot/CraftSim/Data/SpecializationData/The_War_Within/Jewelcrafting.lua: Lua error: ...Data/SpecializationData/The_War_Within/Jewelcrafting.lua:3: attempt to index field 'SPECIALIZATION_DATA' (a nil value)\nstack traceback:\n\t(string):1: in main chunk",
    "count": 1
  },
  {
    "message": "Lua Error: @/home/osso/.worktrees/wow-ui-sim-p510-page/data/patch-api/evidence/5.1.0-session-2026-10-08/addon-snapshot/CraftSim/Data/SpecializationData/The_War_Within/Jewelcrafting.lua: Lua error: ...Data/SpecializationData/The_War_Within/Jewelcrafting.lua:3: attempt to index field 'SPECIALIZATION_DATA' (a nil value)\nstack traceback:\n\t(string):1: in main chunk\n[Interface/AddOns/Blizzard_ScriptErrors/Blizzard_ScriptErrors.lua]:59: in function 'GetErrorData'\n[Interface/AddOns/Blizzard_ScriptErrors/Blizzard_ScriptErrors.lua]:72: in function <[Interface/AddOns/Blizzard_ScriptErrors/Blizzard_ScriptErrors.lua]:71>",
    "count": 1
  },
  {
    "message": "@/home/osso/.worktrees/wow-ui-sim-p510-page/data/patch-api/evidence/5.1.0-session-2026-10-08/addon-snapshot/CraftSim/Data/SpecializationData/The_War_Within/Engineering.lua: Lua error: ...m/Data/SpecializationData/The_War_Within/Engineering.lua:3: attempt to index field 'SPECIALIZATION_DATA' (a nil value)\nstack traceback:\n\t(string):1: in main chunk",
    "count": 1
  },
  {
    "message": "Lua Error: @/home/osso/.worktrees/wow-ui-sim-p510-page/data/patch-api/evidence/5.1.0-session-2026-10-08/addon-snapshot/CraftSim/Data/SpecializationData/The_War_Within/Engineering.lua: Lua error: ...m/Data/SpecializationData/The_War_Within/Engineering.lua:3: attempt to index field 'SPECIALIZATION_DATA' (a nil value)\nstack traceback:\n\t(string):1: in main chunk\n[Interface/AddOns/Blizzard_ScriptErrors/Blizzard_ScriptErrors.lua]:59: in function 'GetErrorData'\n[Interface/AddOns/Blizzard_ScriptErrors/Blizzard_ScriptErrors.lua]:72: in function <[Interface/AddOns/Blizzard_ScriptErrors/Blizzard_ScriptErrors.lua]:71>",
    "count": 1
  },
  {
    "message": "@/home/osso/.worktrees/wow-ui-sim-p510-page/data/patch-api/evidence/5.1.0-session-2026-10-08/addon-snapshot/CraftSim/Data/SpecializationData/Midnight/Alchemy.lua: Lua error: ...ot/CraftSim/Data/SpecializationData/Midnight/Alchemy.lua:3: attempt to index field 'SPECIALIZATION_DATA' (a nil value)\nstack traceback:\n\t(string):1: in main chunk",
    "count": 1
  },
  {
    "message": "Lua Error: @/home/osso/.worktrees/wow-ui-sim-p510-page/data/patch-api/evidence/5.1.0-session-2026-10-08/addon-snapshot/CraftSim/Data/SpecializationData/Midnight/Alchemy.lua: Lua error: ...ot/CraftSim/Data/SpecializationData/Midnight/Alchemy.lua:3: attempt to index field 'SPECIALIZATION_DATA' (a nil value)\nstack traceback:\n\t(string):1: in main chunk\n[Interface/AddOns/Blizzard_ScriptErrors/Blizzard_ScriptErrors.lua]:59: in function 'GetErrorData'\n[Interface/AddOns/Blizzard_ScriptErrors/Blizzard_ScriptErrors.lua]:72: in function <[Interface/AddOns/Blizzard_ScriptErrors/Blizzard_ScriptErrors.lua]:71>",
    "count": 1
  },
  {
    "message": "@/home/osso/.worktrees/wow-ui-sim-p510-page/data/patch-api/evidence/5.1.0-session-2026-10-08/addon-snapshot/CraftSim/Data/SpecializationData/Midnight/Enchanting.lua: Lua error: ...CraftSim/Data/SpecializationData/Midnight/Enchanting.lua:3: attempt to index field 'SPECIALIZATION_DATA' (a nil value)\nstack traceback:\n\t(string):1: in main chunk",
    "count": 1
  },
  {
    "message": "Lua Error: @/home/osso/.worktrees/wow-ui-sim-p510-page/data/patch-api/evidence/5.1.0-session-2026-10-08/addon-snapshot/CraftSim/Data/SpecializationData/Midnight/Enchanting.lua: Lua error: ...CraftSim/Data/SpecializationData/Midnight/Enchanting.lua:3: attempt to index field 'SPECIALIZATION_DATA' (a nil value)\nstack traceback:\n\t(string):1: in main chunk\n[Interface/AddOns/Blizzard_ScriptErrors/Blizzard_ScriptErrors.lua]:59: in function 'GetErrorData'\n[Interface/AddOns/Blizzard_ScriptErrors/Blizzard_ScriptErrors.lua]:72: in function <[Interface/AddOns/Blizzard_ScriptErrors/Blizzard_ScriptErrors.lua]:71>",
    "count": 1
  },
  {
    "message": "@/home/osso/.worktrees/wow-ui-sim-p510-page/data/patch-api/evidence/5.1.0-session-2026-10-08/addon-snapshot/CraftSim/Data/SpecializationData/Midnight/Jewelcrafting.lua: Lua error: ...ftSim/Data/SpecializationData/Midnight/Jewelcrafting.lua:3: attempt to index field 'SPECIALIZATION_DATA' (a nil value)\nstack traceback:\n\t(string):1: in main chunk",
    "count": 1
  },
  {
    "message": "Lua Error: @/home/osso/.worktrees/wow-ui-sim-p510-page/data/patch-api/evidence/5.1.0-session-2026-10-08/addon-snapshot/CraftSim/Data/SpecializationData/Midnight/Jewelcrafting.lua: Lua error: ...ftSim/Data/SpecializationData/Midnight/Jewelcrafting.lua:3: attempt to index field 'SPECIALIZATION_DATA' (a nil value)\nstack traceback:\n\t(string):1: in main chunk\n[Interface/AddOns/Blizzard_ScriptErrors/Blizzard_ScriptErrors.lua]:59: in function 'GetErrorData'\n[Interface/AddOns/Blizzard_ScriptErrors/Blizzard_ScriptErrors.lua]:72: in function <[Interface/AddOns/Blizzard_ScriptErrors/Blizzard_ScriptErrors.lua]:71>",
    "count": 1
  },
  {
    "message": "@/home/osso/.worktrees/wow-ui-sim-p510-page/data/patch-api/evidence/5.1.0-session-2026-10-08/addon-snapshot/CraftSim/Data/SpecializationData/Midnight/Tailoring.lua: Lua error: .../CraftSim/Data/SpecializationData/Midnight/Tailoring.lua:3: attempt to index field 'SPECIALIZATION_DATA' (a nil value)\nstack traceback:\n\t(string):1: in main chunk",
    "count": 1
  },
  {
    "message": "Lua Error: @/home/osso/.worktrees/wow-ui-sim-p510-page/data/patch-api/evidence/5.1.0-session-2026-10-08/addon-snapshot/CraftSim/Data/SpecializationData/Midnight/Tailoring.lua: Lua error: .../CraftSim/Data/SpecializationData/Midnight/Tailoring.lua:3: attempt to index field 'SPECIALIZATION_DATA' (a nil value)\nstack traceback:\n\t(string):1: in main chunk\n[Interface/AddOns/Blizzard_ScriptErrors/Blizzard_ScriptErrors.lua]:59: in function 'GetErrorData'\n[Interface/AddOns/Blizzard_ScriptErrors/Blizzard_ScriptErrors.lua]:72: in function <[Interface/AddOns/Blizzard_ScriptErrors/Blizzard_ScriptErrors.lua]:71>",
    "count": 1
  },
  {
    "message": "@/home/osso/.worktrees/wow-ui-sim-p510-page/data/patch-api/evidence/5.1.0-session-2026-10-08/addon-snapshot/CraftSim/Data/SpecializationData/Midnight/Engineering.lua: Lua error: ...raftSim/Data/SpecializationData/Midnight/Engineering.lua:3: attempt to index field 'SPECIALIZATION_DATA' (a nil value)\nstack traceback:\n\t(string):1: in main chunk",
    "count": 1
  },
  {
    "message": "Lua Error: @/home/osso/.worktrees/wow-ui-sim-p510-page/data/patch-api/evidence/5.1.0-session-2026-10-08/addon-snapshot/CraftSim/Data/SpecializationData/Midnight/Engineering.lua: Lua error: ...raftSim/Data/SpecializationData/Midnight/Engineering.lua:3: attempt to index field 'SPECIALIZATION_DATA' (a nil value)\nstack traceback:\n\t(string):1: in main chunk\n[Interface/AddOns/Blizzard_ScriptErrors/Blizzard_ScriptErrors.lua]:59: in function 'GetErrorData'\n[Interface/AddOns/Blizzard_ScriptErrors/Blizzard_ScriptErrors.lua]:72: in function <[Interface/AddOns/Blizzard_ScriptErrors/Blizzard_ScriptErrors.lua]:71>",
    "count": 1
  },
  {
    "message": "@/home/osso/.worktrees/wow-ui-sim-p510-page/data/patch-api/evidence/5.1.0-session-2026-10-08/addon-snapshot/CraftSim/Classes/OnCraftData.lua: Lua error: ...26-10-08/addon-snapshot/CraftSim/Classes/OnCraftData.lua:8: attempt to index field 'CraftSimObject' (a nil value)\nstack traceback:\n\t(string):1: in main chunk",
    "count": 1
  },
  {
    "message": "Lua Error: @/home/osso/.worktrees/wow-ui-sim-p510-page/data/patch-api/evidence/5.1.0-session-2026-10-08/addon-snapshot/CraftSim/Classes/OnCraftData.lua: Lua error: ...26-10-08/addon-snapshot/CraftSim/Classes/OnCraftData.lua:8: attempt to index field 'CraftSimObject' (a nil value)\nstack traceback:\n\t(string):1: in main chunk\n[Interface/AddOns/Blizzard_ScriptErrors/Blizzard_ScriptErrors.lua]:59: in function 'GetErrorData'\n[Interface/AddOns/Blizzard_ScriptErrors/Blizzard_ScriptErrors.lua]:72: in function <[Interface/AddOns/Blizzard_ScriptErrors/Blizzard_ScriptErrors.lua]:71>",
    "count": 1
  },
  {
    "message": "@/home/osso/.worktrees/wow-ui-sim-p510-page/data/patch-api/evidence/5.1.0-session-2026-10-08/addon-snapshot/CraftSim/Classes/ProfessionData.lua: Lua error: ...ssion-2026-10-08/addon-snapshot/CraftSim/Debug/Debug.lua:60: attempt to index upvalue 'LibLog' (a nil value)\nstack traceback:\n\t(string):1: in main chunk",
    "count": 1
  },
  {
    "message": "Lua Error: @/home/osso/.worktrees/wow-ui-sim-p510-page/data/patch-api/evidence/5.1.0-session-2026-10-08/addon-snapshot/CraftSim/Classes/ProfessionData.lua: Lua error: ...ssion-2026-10-08/addon-snapshot/CraftSim/Debug/Debug.lua:60: attempt to index upvalue 'LibLog' (a nil value)\nstack traceback:\n\t(string):1: in main chunk\n[Interface/AddOns/Blizzard_ScriptErrors/Blizzard_ScriptErrors.lua]:59: in function 'GetErrorData'\n[Interface/AddOns/Blizzard_ScriptErrors/Blizzard_ScriptErrors.lua]:72: in function <[Interface/AddOns/Blizzard_ScriptErrors/Blizzard_ScriptErrors.lua]:71>",
    "count": 1
  },
  {
    "message": "@/home/osso/.worktrees/wow-ui-sim-p510-page/data/patch-api/evidence/5.1.0-session-2026-10-08/addon-snapshot/CraftSim/Classes/RecipeData.lua: Lua error: ...ssion-2026-10-08/addon-snapshot/CraftSim/Debug/Debug.lua:60: attempt to index upvalue 'LibLog' (a nil value)\nstack traceback:\n\t(string):1: in main chunk",
    "count": 1
  },
  {
    "message": "Lua Error: @/home/osso/.worktrees/wow-ui-sim-p510-page/data/patch-api/evidence/5.1.0-session-2026-10-08/addon-snapshot/CraftSim/Classes/RecipeData.lua: Lua error: ...ssion-2026-10-08/addon-snapshot/CraftSim/Debug/Debug.lua:60: attempt to index upvalue 'LibLog' (a nil value)\nstack traceback:\n\t(string):1: in main chunk\n[Interface/AddOns/Blizzard_ScriptErrors/Blizzard_ScriptErrors.lua]:59: in function 'GetErrorData'\n[Interface/AddOns/Blizzard_ScriptErrors/Blizzard_ScriptErrors.lua]:72: in function <[Interface/AddOns/Blizzard_ScriptErrors/Blizzard_ScriptErrors.lua]:71>",
    "count": 1
  },
  {
    "message": "@/home/osso/.worktrees/wow-ui-sim-p510-page/data/patch-api/evidence/5.1.0-session-2026-10-08/addon-snapshot/CraftSim/Classes/ReagentItem.lua: Lua error: ...26-10-08/addon-snapshot/CraftSim/Classes/ReagentItem.lua:7: attempt to index field 'CraftSimObject' (a nil value)\nstack traceback:\n\t(string):1: in main chunk",
    "count": 1
  },
  {
    "message": "Lua Error: @/home/osso/.worktrees/wow-ui-sim-p510-page/data/patch-api/evidence/5.1.0-session-2026-10-08/addon-snapshot/CraftSim/Classes/ReagentItem.lua: Lua error: ...26-10-08/addon-snapshot/CraftSim/Classes/ReagentItem.lua:7: attempt to index field 'CraftSimObject' (a nil value)\nstack traceback:\n\t(string):1: in main chunk\n[Interface/AddOns/Blizzard_ScriptErrors/Blizzard_ScriptErrors.lua]:59: in function 'GetErrorData'\n[Interface/AddOns/Blizzard_ScriptErrors/Blizzard_ScriptErrors.lua]:72: in function <[Interface/AddOns/Blizzard_ScriptErrors/Blizzard_ScriptErrors.lua]:71>",
    "count": 1
  },
  {
    "message": "@/home/osso/.worktrees/wow-ui-sim-p510-page/data/patch-api/evidence/5.1.0-session-2026-10-08/addon-snapshot/CraftSim/Classes/ProfessionStats.lua: Lua error: ...0-08/addon-snapshot/CraftSim/Classes/ProfessionStats.lua:6: attempt to index field 'CraftSimObject' (a nil value)\nstack traceback:\n\t(string):1: in main chunk",
    "count": 1
  },
  {
    "message": "Lua Error: @/home/osso/.worktrees/wow-ui-sim-p510-page/data/patch-api/evidence/5.1.0-session-2026-10-08/addon-snapshot/CraftSim/Classes/ProfessionStats.lua: Lua error: ...0-08/addon-snapshot/CraftSim/Classes/ProfessionStats.lua:6: attempt to index field 'CraftSimObject' (a nil value)\nstack traceback:\n\t(string):1: in main chunk\n[Interface/AddOns/Blizzard_ScriptErrors/Blizzard_ScriptErrors.lua]:59: in function 'GetErrorData'\n[Interface/AddOns/Blizzard_ScriptErrors/Blizzard_ScriptErrors.lua]:72: in function <[Interface/AddOns/Blizzard_ScriptErrors/Blizzard_ScriptErrors.lua]:71>",
    "count": 1
  },
  {
    "message": "@/home/osso/.worktrees/wow-ui-sim-p510-page/data/patch-api/evidence/5.1.0-session-2026-10-08/addon-snapshot/CraftSim/Classes/ProfessionStat.lua: Lua error: ...10-08/addon-snapshot/CraftSim/Classes/ProfessionStat.lua:7: attempt to index field 'CraftSimObject' (a nil value)\nstack traceback:\n\t(string):1: in main chunk",
    "count": 1
  },
  {
    "message": "Lua Error: @/home/osso/.worktrees/wow-ui-sim-p510-page/data/patch-api/evidence/5.1.0-session-2026-10-08/addon-snapshot/CraftSim/Classes/ProfessionStat.lua: Lua error: ...10-08/addon-snapshot/CraftSim/Classes/ProfessionStat.lua:7: attempt to index field 'CraftSimObject' (a nil value)\nstack traceback:\n\t(string):1: in main chunk\n[Interface/AddOns/Blizzard_ScriptErrors/Blizzard_ScriptErrors.lua]:59: in function 'GetErrorData'\n[Interface/AddOns/Blizzard_ScriptErrors/Blizzard_ScriptErrors.lua]:72: in function <[Interface/AddOns/Blizzard_ScriptErrors/Blizzard_ScriptErrors.lua]:71>",
    "count": 1
  },
  {
    "message": "@/home/osso/.worktrees/wow-ui-sim-p510-page/data/patch-api/evidence/5.1.0-session-2026-10-08/addon-snapshot/CraftSim/Classes/ProfessionGearSet.lua: Lua error: ...08/addon-snapshot/CraftSim/Classes/ProfessionGearSet.lua:6: attempt to index field 'CraftSimObject' (a nil value)\nstack traceback:\n\t(string):1: in main chunk",
    "count": 1
  },
  {
    "message": "Lua Error: @/home/osso/.worktrees/wow-ui-sim-p510-page/data/patch-api/evidence/5.1.0-session-2026-10-08/addon-snapshot/CraftSim/Classes/ProfessionGearSet.lua: Lua error: ...08/addon-snapshot/CraftSim/Classes/ProfessionGearSet.lua:6: attempt to index field 'CraftSimObject' (a nil value)\nstack traceback:\n\t(string):1: in main chunk\n[Interface/AddOns/Blizzard_ScriptErrors/Blizzard_ScriptErrors.lua]:59: in function 'GetErrorData'\n[Interface/AddOns/Blizzard_ScriptErrors/Blizzard_ScriptErrors.lua]:72: in function <[Interface/AddOns/Blizzard_ScriptErrors/Blizzard_ScriptErrors.lua]:71>",
    "count": 1
  },
  {
    "message": "@/home/osso/.worktrees/wow-ui-sim-p510-page/data/patch-api/evidence/5.1.0-session-2026-10-08/addon-snapshot/CraftSim/Classes/ProfessionGear.lua: Lua error: ...10-08/addon-snapshot/CraftSim/Classes/ProfessionGear.lua:8: attempt to index field 'CraftSimObject' (a nil value)\nstack traceback:\n\t(string):1: in main chunk",
    "count": 1
  },
  {
    "message": "Lua Error: @/home/osso/.worktrees/wow-ui-sim-p510-page/data/patch-api/evidence/5.1.0-session-2026-10-08/addon-snapshot/CraftSim/Classes/ProfessionGear.lua: Lua error: ...10-08/addon-snapshot/CraftSim/Classes/ProfessionGear.lua:8: attempt to index field 'CraftSimObject' (a nil value)\nstack traceback:\n\t(string):1: in main chunk\n[Interface/AddOns/Blizzard_ScriptErrors/Blizzard_ScriptErrors.lua]:59: in function 'GetErrorData'\n[Interface/AddOns/Blizzard_ScriptErrors/Blizzard_ScriptErrors.lua]:72: in function <[Interface/AddOns/Blizzard_ScriptErrors/Blizzard_ScriptErrors.lua]:71>",
    "count": 1
  },
  {
    "message": "@/home/osso/.worktrees/wow-ui-sim-p510-page/data/patch-api/evidence/5.1.0-session-2026-10-08/addon-snapshot/CraftSim/Classes/ResultData.lua: Lua error: ...ssion-2026-10-08/addon-snapshot/CraftSim/Debug/Debug.lua:60: attempt to index upvalue 'LibLog' (a nil value)\nstack traceback:\n\t(string):1: in main chunk",
    "count": 1
  },
  {
    "message": "Lua Error: @/home/osso/.worktrees/wow-ui-sim-p510-page/data/patch-api/evidence/5.1.0-session-2026-10-08/addon-snapshot/CraftSim/Classes/ResultData.lua: Lua error: ...ssion-2026-10-08/addon-snapshot/CraftSim/Debug/Debug.lua:60: attempt to index upvalue 'LibLog' (a nil value)\nstack traceback:\n\t(string):1: in main chunk\n[Interface/AddOns/Blizzard_ScriptErrors/Blizzard_ScriptErrors.lua]:59: in function 'GetErrorData'\n[Interface/AddOns/Blizzard_ScriptErrors/Blizzard_ScriptErrors.lua]:72: in function <[Interface/AddOns/Blizzard_ScriptErrors/Blizzard_ScriptErrors.lua]:71>",
    "count": 1
  },
  {
    "message": "@/home/osso/.worktrees/wow-ui-sim-p510-page/data/patch-api/evidence/5.1.0-session-2026-10-08/addon-snapshot/CraftSim/Classes/SalvageReagentSlot.lua: Lua error: ...8/addon-snapshot/CraftSim/Classes/SalvageReagentSlot.lua:8: attempt to index field 'CraftSimObject' (a nil value)\nstack traceback:\n\t(string):1: in main chunk",
    "count": 1
  },
  {
    "message": "Lua Error: @/home/osso/.worktrees/wow-ui-sim-p510-page/data/patch-api/evidence/5.1.0-session-2026-10-08/addon-snapshot/CraftSim/Classes/SalvageReagentSlot.lua: Lua error: ...8/addon-snapshot/CraftSim/Classes/SalvageReagentSlot.lua:8: attempt to index field 'CraftSimObject' (a nil value)\nstack traceback:\n\t(string):1: in main chunk\n[Interface/AddOns/Blizzard_ScriptErrors/Blizzard_ScriptErrors.lua]:59: in function 'GetErrorData'\n[Interface/AddOns/Blizzard_ScriptErrors/Blizzard_ScriptErrors.lua]:72: in function <[Interface/AddOns/Blizzard_ScriptErrors/Blizzard_ScriptErrors.lua]:71>",
    "count": 1
  },
  {
    "message": "@/home/osso/.worktrees/wow-ui-sim-p510-page/data/patch-api/evidence/5.1.0-session-2026-10-08/addon-snapshot/CraftSim/Classes/SpecializationData.lua: Lua error: ...ssion-2026-10-08/addon-snapshot/CraftSim/Debug/Debug.lua:60: attempt to index upvalue 'LibLog' (a nil value)\nstack traceback:\n\t(string):1: in main chunk",
    "count": 1
  },
  {
    "message": "Lua Error: @/home/osso/.worktrees/wow-ui-sim-p510-page/data/patch-api/evidence/5.1.0-session-2026-10-08/addon-snapshot/CraftSim/Classes/SpecializationData.lua: Lua error: ...ssion-2026-10-08/addon-snapshot/CraftSim/Debug/Debug.lua:60: attempt to index upvalue 'LibLog' (a nil value)\nstack traceback:\n\t(string):1: in main chunk\n[Interface/AddOns/Blizzard_ScriptErrors/Blizzard_ScriptErrors.lua]:59: in function 'GetErrorData'\n[Interface/AddOns/Blizzard_ScriptErrors/Blizzard_ScriptErrors.lua]:72: in function <[Interface/AddOns/Blizzard_ScriptErrors/Blizzard_ScriptErrors.lua]:71>",
    "count": 1
  },
  {
    "message": "@/home/osso/.worktrees/wow-ui-sim-p510-page/data/patch-api/evidence/5.1.0-session-2026-10-08/addon-snapshot/CraftSim/Classes/NodeData.lua: Lua error: ...-2026-10-08/addon-snapshot/CraftSim/Classes/NodeData.lua:6: attempt to index local 'GUTIL' (a nil value)\nstack traceback:\n\t(string):1: in main chunk",
    "count": 1
  },
  {
    "message": "Lua Error: @/home/osso/.worktrees/wow-ui-sim-p510-page/data/patch-api/evidence/5.1.0-session-2026-10-08/addon-snapshot/CraftSim/Classes/NodeData.lua: Lua error: ...-2026-10-08/addon-snapshot/CraftSim/Classes/NodeData.lua:6: attempt to index local 'GUTIL' (a nil value)\nstack traceback:\n\t(string):1: in main chunk\n[Interface/AddOns/Blizzard_ScriptErrors/Blizzard_ScriptErrors.lua]:59: in function 'GetErrorData'\n[Interface/AddOns/Blizzard_ScriptErrors/Blizzard_ScriptErrors.lua]:72: in function <[Interface/AddOns/Blizzard_ScriptErrors/Blizzard_ScriptErrors.lua]:71>",
    "count": 1
  },
  {
    "message": "@/home/osso/.worktrees/wow-ui-sim-p510-page/data/patch-api/evidence/5.1.0-session-2026-10-08/addon-snapshot/CraftSim/Classes/PerkData.lua: Lua error: ...ssion-2026-10-08/addon-snapshot/CraftSim/Debug/Debug.lua:60: attempt to index upvalue 'LibLog' (a nil value)\nstack traceback:\n\t(string):1: in main chunk",
    "count": 1
  },
  {
    "message": "Lua Error: @/home/osso/.worktrees/wow-ui-sim-p510-page/data/patch-api/evidence/5.1.0-session-2026-10-08/addon-snapshot/CraftSim/Classes/PerkData.lua: Lua error: ...ssion-2026-10-08/addon-snapshot/CraftSim/Debug/Debug.lua:60: attempt to index upvalue 'LibLog' (a nil value)\nstack traceback:\n\t(string):1: in main chunk\n[Interface/AddOns/Blizzard_ScriptErrors/Blizzard_ScriptErrors.lua]:59: in function 'GetErrorData'\n[Interface/AddOns/Blizzard_ScriptErrors/Blizzard_ScriptErrors.lua]:72: in function <[Interface/AddOns/Blizzard_ScriptErrors/Blizzard_ScriptErrors.lua]:71>",
    "count": 1
  },
  {
    "message": "@/home/osso/.worktrees/wow-ui-sim-p510-page/data/patch-api/evidence/5.1.0-session-2026-10-08/addon-snapshot/CraftSim/Classes/CraftRecipeData.lua: Lua error: ...0-08/addon-snapshot/CraftSim/Classes/CraftRecipeData.lua:65: attempt to index field 'CraftSimObject' (a nil value)\nstack traceback:\n\t(string):1: in main chunk",
    "count": 1
  },
  {
    "message": "Lua Error: @/home/osso/.worktrees/wow-ui-sim-p510-page/data/patch-api/evidence/5.1.0-session-2026-10-08/addon-snapshot/CraftSim/Classes/CraftRecipeData.lua: Lua error: ...0-08/addon-snapshot/CraftSim/Classes/CraftRecipeData.lua:65: attempt to index field 'CraftSimObject' (a nil value)\nstack traceback:\n\t(string):1: in main chunk\n[Interface/AddOns/Blizzard_ScriptErrors/Blizzard_ScriptErrors.lua]:59: in function 'GetErrorData'\n[Interface/AddOns/Blizzard_ScriptErrors/Blizzard_ScriptErrors.lua]:72: in function <[Interface/AddOns/Blizzard_ScriptErrors/Blizzard_ScriptErrors.lua]:71>",
    "count": 1
  },
  {
    "message": "@/home/osso/.worktrees/wow-ui-sim-p510-page/data/patch-api/evidence/5.1.0-session-2026-10-08/addon-snapshot/CraftSim/Classes/JSONBuilder.lua: Lua error: ...26-10-08/addon-snapshot/CraftSim/Classes/JSONBuilder.lua:7: attempt to index field 'CraftSimObject' (a nil value)\nstack traceback:\n\t(string):1: in main chunk",
    "count": 1
  },
  {
    "message": "Lua Error: @/home/osso/.worktrees/wow-ui-sim-p510-page/data/patch-api/evidence/5.1.0-session-2026-10-08/addon-snapshot/CraftSim/Classes/JSONBuilder.lua: Lua error: ...26-10-08/addon-snapshot/CraftSim/Classes/JSONBuilder.lua:7: attempt to index field 'CraftSimObject' (a nil value)\nstack traceback:\n\t(string):1: in main chunk\n[Interface/AddOns/Blizzard_ScriptErrors/Blizzard_ScriptErrors.lua]:59: in function 'GetErrorData'\n[Interface/AddOns/Blizzard_ScriptErrors/Blizzard_ScriptErrors.lua]:72: in function <[Interface/AddOns/Blizzard_ScriptErrors/Blizzard_ScriptErrors.lua]:71>",
    "count": 1
  },
  {
    "message": "@/home/osso/.worktrees/wow-ui-sim-p510-page/data/patch-api/evidence/5.1.0-session-2026-10-08/addon-snapshot/CraftSim/Classes/Buff.lua: Lua error: ...ssion-2026-10-08/addon-snapshot/CraftSim/Debug/Debug.lua:60: attempt to index upvalue 'LibLog' (a nil value)\nstack traceback:\n\t(string):1: in main chunk",
    "count": 1
  },
  {
    "message": "Lua Error: @/home/osso/.worktrees/wow-ui-sim-p510-page/data/patch-api/evidence/5.1.0-session-2026-10-08/addon-snapshot/CraftSim/Classes/Buff.lua: Lua error: ...ssion-2026-10-08/addon-snapshot/CraftSim/Debug/Debug.lua:60: attempt to index upvalue 'LibLog' (a nil value)\nstack traceback:\n\t(string):1: in main chunk\n[Interface/AddOns/Blizzard_ScriptErrors/Blizzard_ScriptErrors.lua]:59: in function 'GetErrorData'\n[Interface/AddOns/Blizzard_ScriptErrors/Blizzard_ScriptErrors.lua]:72: in function <[Interface/AddOns/Blizzard_ScriptErrors/Blizzard_ScriptErrors.lua]:71>",
    "count": 1
  },
  {
    "message": "@/home/osso/.worktrees/wow-ui-sim-p510-page/data/patch-api/evidence/5.1.0-session-2026-10-08/addon-snapshot/CraftSim/Classes/CraftQueue.lua: Lua error: ...026-10-08/addon-snapshot/CraftSim/Classes/CraftQueue.lua:7: attempt to index field 'CraftSimObject' (a nil value)\nstack traceback:\n\t(string):1: in main chunk",
    "count": 1
  },
  {
    "message": "Lua Error: @/home/osso/.worktrees/wow-ui-sim-p510-page/data/patch-api/evidence/5.1.0-session-2026-10-08/addon-snapshot/CraftSim/Classes/CraftQueue.lua: Lua error: ...026-10-08/addon-snapshot/CraftSim/Classes/CraftQueue.lua:7: attempt to index field 'CraftSimObject' (a nil value)\nstack traceback:\n\t(string):1: in main chunk\n[Interface/AddOns/Blizzard_ScriptErrors/Blizzard_ScriptErrors.lua]:59: in function 'GetErrorData'\n[Interface/AddOns/Blizzard_ScriptErrors/Blizzard_ScriptErrors.lua]:72: in function <[Interface/AddOns/Blizzard_ScriptErrors/Blizzard_ScriptErrors.lua]:71>",
    "count": 1
  },
  {
    "message": "@/home/osso/.worktrees/wow-ui-sim-p510-page/data/patch-api/evidence/5.1.0-session-2026-10-08/addon-snapshot/CraftSim/Classes/CraftQueueItem.lua: Lua error: ...10-08/addon-snapshot/CraftSim/Classes/CraftQueueItem.lua:8: attempt to index field 'CraftSimObject' (a nil value)\nstack traceback:\n\t(string):1: in main chunk",
    "count": 1
  },
  {
    "message": "Lua Error: @/home/osso/.worktrees/wow-ui-sim-p510-page/data/patch-api/evidence/5.1.0-session-2026-10-08/addon-snapshot/CraftSim/Classes/CraftQueueItem.lua: Lua error: ...10-08/addon-snapshot/CraftSim/Classes/CraftQueueItem.lua:8: attempt to index field 'CraftSimObject' (a nil value)\nstack traceback:\n\t(string):1: in main chunk\n[Interface/AddOns/Blizzard_ScriptErrors/Blizzard_ScriptErrors.lua]:59: in function 'GetErrorData'\n[Interface/AddOns/Blizzard_ScriptErrors/Blizzard_ScriptErrors.lua]:72: in function <[Interface/AddOns/Blizzard_ScriptErrors/Blizzard_ScriptErrors.lua]:71>",
    "count": 1
  },
  {
    "message": "IO error reading /home/osso/.worktrees/wow-ui-sim-p510-page/data/patch-api/evidence/5.1.0-session-2026-10-08/addon-snapshot/XIV_Databar_Continued/Libs/CallbackHandler-1.0/CallbackHandler-1.0.lua: No such file or directory (os error 2)\nstack traceback:\n\t(string):1: in main chunk",
    "count": 2
  },
  {
    "message": "Lua Error: IO error reading /home/osso/.worktrees/wow-ui-sim-p510-page/data/patch-api/evidence/5.1.0-session-2026-10-08/addon-snapshot/XIV_Databar_Continued/Libs/CallbackHandler-1.0/CallbackHandler-1.0.lua: No such file or directory (os error 2)\nstack traceback:\n\t(string):1: in main chunk\n[Interface/AddOns/Blizzard_ScriptErrors/Blizzard_ScriptErrors.lua]:59: in function 'GetErrorData'\n[Interface/AddOns/Blizzard_ScriptErrors/Blizzard_ScriptErrors.lua]:72: in function <[Interface/AddOns/Blizzard_ScriptErrors/Blizzard_ScriptErrors.lua]:71>",
    "count": 2
  },
  {
    "message": "@/home/osso/.worktrees/wow-ui-sim-p510-page/data/patch-api/evidence/5.1.0-session-2026-10-08/addon-snapshot/XIV_Databar_Continued/locales/enUS.lua: Lua error: ...08/addon-snapshot/XIV_Databar_Continued/locales/enUS.lua:4: Cannot find a library instance of \"AceLocale-3.0\".\nstack traceback:\n\t(string):1: in main chunk",
    "count": 1
  },
  {
    "message": "Lua Error: @/home/osso/.worktrees/wow-ui-sim-p510-page/data/patch-api/evidence/5.1.0-session-2026-10-08/addon-snapshot/XIV_Databar_Continued/locales/enUS.lua: Lua error: ...08/addon-snapshot/XIV_Databar_Continued/locales/enUS.lua:4: Cannot find a library instance of \"AceLocale-3.0\".\nstack traceback:\n\t(string):1: in main chunk\n[Interface/AddOns/Blizzard_ScriptErrors/Blizzard_ScriptErrors.lua]:59: in function 'GetErrorData'\n[Interface/AddOns/Blizzard_ScriptErrors/Blizzard_ScriptErrors.lua]:72: in function <[Interface/AddOns/Blizzard_ScriptErrors/Blizzard_ScriptErrors.lua]:71>",
    "count": 1
  },
  {
    "message": "@/home/osso/.worktrees/wow-ui-sim-p510-page/data/patch-api/evidence/5.1.0-session-2026-10-08/addon-snapshot/XIV_Databar_Continued/core.lua: Lua error: ...2026-10-08/addon-snapshot/XIV_Databar_Continued/core.lua:6: Cannot find a library instance of \"AceAddon-3.0\".\nstack traceback:\n\t(string):1: in main chunk",
    "count": 1
  },
  {
    "message": "Lua Error: @/home/osso/.worktrees/wow-ui-sim-p510-page/data/patch-api/evidence/5.1.0-session-2026-10-08/addon-snapshot/XIV_Databar_Continued/core.lua: Lua error: ...2026-10-08/addon-snapshot/XIV_Databar_Continued/core.lua:6: Cannot find a library instance of \"AceAddon-3.0\".\nstack traceback:\n\t(string):1: in main chunk\n[Interface/AddOns/Blizzard_ScriptErrors/Blizzard_ScriptErrors.lua]:59: in function 'GetErrorData'\n[Interface/AddOns/Blizzard_ScriptErrors/Blizzard_ScriptErrors.lua]:72: in function <[Interface/AddOns/Blizzard_ScriptErrors/Blizzard_ScriptErrors.lua]:71>",
    "count": 1
  },
  {
    "message": "@/home/osso/.worktrees/wow-ui-sim-p510-page/data/patch-api/evidence/5.1.0-session-2026-10-08/addon-snapshot/XIV_Databar_Continued/options.lua: Lua error: ...6-10-08/addon-snapshot/XIV_Databar_Continued/options.lua:5: Cannot find a library instance of \"AceConfig-3.0\".\nstack traceback:\n\t(string):1: in main chunk",
    "count": 1
  },
  {
    "message": "Lua Error: @/home/osso/.worktrees/wow-ui-sim-p510-page/data/patch-api/evidence/5.1.0-session-2026-10-08/addon-snapshot/XIV_Databar_Continued/options.lua: Lua error: ...6-10-08/addon-snapshot/XIV_Databar_Continued/options.lua:5: Cannot find a library instance of \"AceConfig-3.0\".\nstack traceback:\n\t(string):1: in main chunk\n[Interface/AddOns/Blizzard_ScriptErrors/Blizzard_ScriptErrors.lua]:59: in function 'GetErrorData'\n[Interface/AddOns/Blizzard_ScriptErrors/Blizzard_ScriptErrors.lua]:72: in function <[Interface/AddOns/Blizzard_ScriptErrors/Blizzard_ScriptErrors.lua]:71>",
    "count": 1
  },
  {
    "message": "@/home/osso/.worktrees/wow-ui-sim-p510-page/data/patch-api/evidence/5.1.0-session-2026-10-08/addon-snapshot/XIV_Databar_Continued/Core/utils/changelog/Old/v1/1.0.lua: Lua error: ...IV_Databar_Continued/Core/utils/changelog/Old/v1/1.0.lua:3: attempt to index field 'Changelog' (a nil value)\nstack traceback:\n\t(string):1: in main chunk",
    "count": 1
  },
  {
    "message": "Lua Error: @/home/osso/.worktrees/wow-ui-sim-p510-page/data/patch-api/evidence/5.1.0-session-2026-10-08/addon-snapshot/XIV_Databar_Continued/Core/utils/changelog/Old/v1/1.0.lua: Lua error: ...IV_Databar_Continued/Core/utils/changelog/Old/v1/1.0.lua:3: attempt to index field 'Changelog' (a nil value)\nstack traceback:\n\t(string):1: in main chunk\n[Interface/AddOns/Blizzard_ScriptErrors/Blizzard_ScriptErrors.lua]:59: in function 'GetErrorData'\n[Interface/AddOns/Blizzard_ScriptErrors/Blizzard_ScriptErrors.lua]:72: in function <[Interface/AddOns/Blizzard_ScriptErrors/Blizzard_ScriptErrors.lua]:71>",
    "count": 1
  },
  {
    "message": "@/home/osso/.worktrees/wow-ui-sim-p510-page/data/patch-api/evidence/5.1.0-session-2026-10-08/addon-snapshot/XIV_Databar_Continued/Core/utils/mythicteleports/expansions/classic.lua: Lua error: ...tinued/Core/utils/mythicteleports/expansions/classic.lua:6: attempt to index local 'L' (a nil value)\nstack traceback:\n\t(string):1: in main chunk",
    "count": 1
  },
  {
    "message": "Lua Error: @/home/osso/.worktrees/wow-ui-sim-p510-page/data/patch-api/evidence/5.1.0-session-2026-10-08/addon-snapshot/XIV_Databar_Continued/Core/utils/mythicteleports/expansions/classic.lua: Lua error: ...tinued/Core/utils/mythicteleports/expansions/classic.lua:6: attempt to index local 'L' (a nil value)\nstack traceback:\n\t(string):1: in main chunk\n[Interface/AddOns/Blizzard_ScriptErrors/Blizzard_ScriptErrors.lua]:59: in function 'GetErrorData'\n[Interface/AddOns/Blizzard_ScriptErrors/Blizzard_ScriptErrors.lua]:72: in function <[Interface/AddOns/Blizzard_ScriptErrors/Blizzard_ScriptErrors.lua]:71>",
    "count": 1
  },
  {
    "message": "[OnEvent] frame=#48513 addon=DandersFrames source=@/home/osso/.worktrees/wow-ui-sim-p510-page/data/patch-api/evidence/5.1.0-session-2026-10-08/addon-snapshot/DandersFrames/ClickCasting/Events.lua:569: ...-08/addon-snapshot/DandersFrames/ClickCasting/Frames.lua:333: attempt to call method 'CreateHovercastButton' (a nil value)\nstack traceback:\n\t(string):12: in function <(string):12>\n\t[C]: in function 'native_xpcall'\n\t(string):11: in function 'CreateHovercastButton'\n\t...-08/addon-snapshot/DandersFrames/ClickCasting/Frames.lua:333: in function 'InitializeSecureFrames'\n\t...-08/addon-snapshot/DandersFrames/ClickCasting/Frames.lua:49: in function 'Initialize'\n\t...-08/addon-snapshot/DandersFrames/ClickCasting/Events.lua:572: in function <...-08/addon-snapshot/DandersFrames/ClickCasting/Events.lua:569>\n\t(tail call): ?\n\t(tail call): ?\n\t[C]: in function 'native_xpcall'\n\t(string):8: in function <(string):5>\n\t(tail call): ?",
    "count": 1
  },
  {
    "message": "Lua Error: [OnEvent] frame=#48513 addon=DandersFrames source=@/home/osso/.worktrees/wow-ui-sim-p510-page/data/patch-api/evidence/5.1.0-session-2026-10-08/addon-snapshot/DandersFrames/ClickCasting/Events.lua:569: ...-08/addon-snapshot/DandersFrames/ClickCasting/Frames.lua:333: attempt to call method 'CreateHovercastButton' (a nil value)\nstack traceback:\n\t(string):12: in function <(string):12>\n\t[C]: in function 'native_xpcall'\n\t(string):11: in function 'CreateHovercastButton'\n\t...-08/addon-snapshot/DandersFrames/ClickCasting/Frames.lua:333: in function 'InitializeSecureFrames'\n\t...-08/addon-snapshot/DandersFrames/ClickCasting/Frames.lua:49: in function 'Initialize'\n\t...-08/addon-snapshot/DandersFrames/ClickCasting/Events.lua:572: in function <...-08/addon-snapshot/DandersFrames/ClickCasting/Events.lua:569>\n\t(tail call): ?\n\t(tail call): ?\n\t[C]: in function 'native_xpcall'\n\t(string):8: in function <(string):5>\n\t(tail call): ?\n[Interface/AddOns/Blizzard_ScriptErrors/Blizzard_ScriptErrors.lua]:59: in function 'GetErrorData'\n[Interface/AddOns/Blizzard_ScriptErrors/Blizzard_ScriptErrors.lua]:72: in function <[Interface/AddOns/Blizzard_ScriptErrors/Blizzard_ScriptErrors.lua]:71>",
    "count": 1
  },
  {
    "message": "[OnEvent] frame=FalconAddOnFrame addon=Falcon source=@/home/osso/.worktrees/wow-ui-sim-p510-page/data/patch-api/evidence/5.1.0-session-2026-10-08/addon-snapshot/Falcon/Falcon.lua:333: ....1.0-session-2026-10-08/addon-snapshot/Falcon/Falcon.lua:334: attempt to call method 'IsInEditMode' (a nil value)\nstack traceback:\n\t(string):12: in function <(string):12>\n\t[C]: in function 'native_xpcall'\n\t(string):11: in function 'IsInEditMode'\n\t....1.0-session-2026-10-08/addon-snapshot/Falcon/Falcon.lua:334: in function <....1.0-session-2026-10-08/addon-snapshot/Falcon/Falcon.lua:333>\n\t(tail call): ?\n\t(tail call): ?\n\t[C]: in function 'native_xpcall'\n\t(string):8: in function <(string):5>\n\t(tail call): ?",
    "count": 5
  },
  {
    "message": "Lua Error: [OnEvent] frame=FalconAddOnFrame addon=Falcon source=@/home/osso/.worktrees/wow-ui-sim-p510-page/data/patch-api/evidence/5.1.0-session-2026-10-08/addon-snapshot/Falcon/Falcon.lua:333: ....1.0-session-2026-10-08/addon-snapshot/Falcon/Falcon.lua:334: attempt to call method 'IsInEditMode' (a nil value)\nstack traceback:\n\t(string):12: in function <(string):12>\n\t[C]: in function 'native_xpcall'\n\t(string):11: in function 'IsInEditMode'\n\t....1.0-session-2026-10-08/addon-snapshot/Falcon/Falcon.lua:334: in function <....1.0-session-2026-10-08/addon-snapshot/Falcon/Falcon.lua:333>\n\t(tail call): ?\n\t(tail call): ?\n\t[C]: in function 'native_xpcall'\n\t(string):8: in function <(string):5>\n\t(tail call): ?\n[Interface/AddOns/Blizzard_ScriptErrors/Blizzard_ScriptErrors.lua]:59: in function 'GetErrorData'\n[Interface/AddOns/Blizzard_ScriptErrors/Blizzard_ScriptErrors.lua]:72: in function <[Interface/AddOns/Blizzard_ScriptErrors/Blizzard_ScriptErrors.lua]:71>",
    "count": 5
  },
  {
    "message": "...on-snapshot/BetterBlizzFrames/retail/modules/castbar.lua:1688: attempt to perform arithmetic on local 'w' (a nil value)\nstack traceback:\n\t(string):1: in main chunk",
    "count": 2
  },
  {
    "message": "Lua Error: ...on-snapshot/BetterBlizzFrames/retail/modules/castbar.lua:1688: attempt to perform arithmetic on local 'w' (a nil value)\nstack traceback:\n\t(string):1: in main chunk\n[Interface/AddOns/Blizzard_ScriptErrors/Blizzard_ScriptErrors.lua]:59: in function 'GetErrorData'\n[Interface/AddOns/Blizzard_ScriptErrors/Blizzard_ScriptErrors.lua]:72: in function <[Interface/AddOns/Blizzard_ScriptErrors/Blizzard_ScriptErrors.lua]:71>",
    "count": 2
  },
  {
    "message": "...6-10-08/addon-snapshot/DandersFrames/Features/Dispel.lua:2974: attempt to call method 'IterateAllFrames' (a nil value)\nstack traceback:\n\t(string):1: in main chunk",
    "count": 1
  },
  {
    "message": "Lua Error: ...6-10-08/addon-snapshot/DandersFrames/Features/Dispel.lua:2974: attempt to call method 'IterateAllFrames' (a nil value)\nstack traceback:\n\t(string):1: in main chunk\n[Interface/AddOns/Blizzard_ScriptErrors/Blizzard_ScriptErrors.lua]:59: in function 'GetErrorData'\n[Interface/AddOns/Blizzard_ScriptErrors/Blizzard_ScriptErrors.lua]:72: in function <[Interface/AddOns/Blizzard_ScriptErrors/Blizzard_ScriptErrors.lua]:71>",
    "count": 1
  }
]
