
warning: iced-wgpu-patched/Cargo.toml: `lints.clippy.large-enum-variant` is deprecated in favor of `lints.clippy.large_enum_variant` and will not work in a future edition
warning: iced-wgpu-patched/Cargo.toml: `lints.clippy.map-entry` is deprecated in favor of `lints.clippy.map_entry` and will not work in a future edition
warning: iced-wgpu-patched/Cargo.toml: `lints.clippy.match-wildcard-for-single-variants` is deprecated in favor of `lints.clippy.match_wildcard_for_single_variants` and will not work in a future edition
warning: iced-wgpu-patched/Cargo.toml: `lints.clippy.redundant-closure-for-method-calls` is deprecated in favor of `lints.clippy.redundant_closure_for_method_calls` and will not work in a future edition
warning: iced-wgpu-patched/Cargo.toml: `lints.clippy.trivially-copy-pass-by-ref` is deprecated in favor of `lints.clippy.trivially_copy_pass_by_ref` and will not work in a future edition
warning: iced-wgpu-patched/Cargo.toml: `lints.clippy.type-complexity` is deprecated in favor of `lints.clippy.type_complexity` and will not work in a future edition
warning: `iced_wgpu` (manifest) generated 6 warnings
   Compiling wow-ui-sim v0.1.0 (/home/osso/.worktrees/wow-ui-sim-p902-page)
error: failed to run custom build command for `wow-ui-sim v0.1.0 (/home/osso/.worktrees/wow-ui-sim-p902-page)`

Caused by:
  process didn't exit successfully: `/home/osso/.worktrees/wow-ui-sim-p902-page/target/debug/build/wow-ui-sim-cd6039083346922f/build-script-build` (exit status: 101)
  --- stdout
  cargo:rerun-if-changed=/home/osso/.worktrees/wow-ui-sim-p902-page/Cargo.lock
  cargo:rerun-if-changed=build/locked_rilua.rs
  cargo:rustc-env=WOW_SIM_RILUA_COMPILER_REVISION=842e4d3ff8592af45a5a93058eddf93419d29012
  cargo:rerun-if-changed=build/intl_native.rs
  cargo:rerun-if-changed=native/intl/bridge.h
  cargo:rerun-if-changed=native/intl/text.c
  cargo:rerun-if-changed=native/intl/number_format.c
  cargo:rerun-if-changed=native/intl/currency_metadata.c
  cargo:rerun-if-changed=native/intl/date_format.c
  cargo:rerun-if-changed=native/intl/display_transliteration.c
  cargo:rerun-if-changed=native/intl/string_search.c
  cargo:rerun-if-changed=native/intl/duration_units.c
  cargo:rerun-if-env-changed=ICU_I18N_NO_PKG_CONFIG
  cargo:rerun-if-env-changed=PKG_CONFIG_x86_64-unknown-linux-gnu
  cargo:rerun-if-env-changed=PKG_CONFIG_x86_64_unknown_linux_gnu
  cargo:rerun-if-env-changed=HOST_PKG_CONFIG
  cargo:rerun-if-env-changed=PKG_CONFIG
  cargo:rerun-if-env-changed=ICU_I18N_STATIC
  cargo:rerun-if-env-changed=ICU_I18N_DYNAMIC
  cargo:rerun-if-env-changed=PKG_CONFIG_ALL_STATIC
  cargo:rerun-if-env-changed=PKG_CONFIG_ALL_DYNAMIC
  cargo:rerun-if-env-changed=PKG_CONFIG_PATH_x86_64-unknown-linux-gnu
  cargo:rerun-if-env-changed=PKG_CONFIG_PATH_x86_64_unknown_linux_gnu
  cargo:rerun-if-env-changed=HOST_PKG_CONFIG_PATH
  cargo:rerun-if-env-changed=PKG_CONFIG_PATH
  cargo:rerun-if-env-changed=PKG_CONFIG_LIBDIR_x86_64-unknown-linux-gnu
  cargo:rerun-if-env-changed=PKG_CONFIG_LIBDIR_x86_64_unknown_linux_gnu
  cargo:rerun-if-env-changed=HOST_PKG_CONFIG_LIBDIR
  cargo:rerun-if-env-changed=PKG_CONFIG_LIBDIR
  cargo:rerun-if-env-changed=PKG_CONFIG_SYSROOT_DIR_x86_64-unknown-linux-gnu
  cargo:rerun-if-env-changed=PKG_CONFIG_SYSROOT_DIR_x86_64_unknown_linux_gnu
  cargo:rerun-if-env-changed=HOST_PKG_CONFIG_SYSROOT_DIR
  cargo:rerun-if-env-changed=PKG_CONFIG_SYSROOT_DIR
  cargo:rerun-if-env-changed=PKG_CONFIG_SYSROOT_DIR
  cargo:rerun-if-env-changed=SYSROOT
  cargo:rerun-if-env-changed=ICU_I18N_STATIC
  cargo:rerun-if-env-changed=ICU_I18N_DYNAMIC
  cargo:rerun-if-env-changed=PKG_CONFIG_ALL_STATIC
  cargo:rerun-if-env-changed=PKG_CONFIG_ALL_DYNAMIC
  cargo:rerun-if-env-changed=PKG_CONFIG_x86_64-unknown-linux-gnu
  cargo:rerun-if-env-changed=PKG_CONFIG_x86_64_unknown_linux_gnu
  cargo:rerun-if-env-changed=HOST_PKG_CONFIG
  cargo:rerun-if-env-changed=PKG_CONFIG
  cargo:rerun-if-env-changed=ICU_I18N_STATIC
  cargo:rerun-if-env-changed=ICU_I18N_DYNAMIC
  cargo:rerun-if-env-changed=PKG_CONFIG_ALL_STATIC
  cargo:rerun-if-env-changed=PKG_CONFIG_ALL_DYNAMIC
  cargo:rerun-if-env-changed=PKG_CONFIG_PATH_x86_64-unknown-linux-gnu
  cargo:rerun-if-env-changed=PKG_CONFIG_PATH_x86_64_unknown_linux_gnu
  cargo:rerun-if-env-changed=HOST_PKG_CONFIG_PATH
  cargo:rerun-if-env-changed=PKG_CONFIG_PATH
  cargo:rerun-if-env-changed=PKG_CONFIG_LIBDIR_x86_64-unknown-linux-gnu
  cargo:rerun-if-env-changed=PKG_CONFIG_LIBDIR_x86_64_unknown_linux_gnu
  cargo:rerun-if-env-changed=HOST_PKG_CONFIG_LIBDIR
  cargo:rerun-if-env-changed=PKG_CONFIG_LIBDIR
  cargo:rerun-if-env-changed=PKG_CONFIG_SYSROOT_DIR_x86_64-unknown-linux-gnu
  cargo:rerun-if-env-changed=PKG_CONFIG_SYSROOT_DIR_x86_64_unknown_linux_gnu
  cargo:rerun-if-env-changed=HOST_PKG_CONFIG_SYSROOT_DIR
  cargo:rerun-if-env-changed=PKG_CONFIG_SYSROOT_DIR
  cargo:rerun-if-env-changed=ICU_UC_NO_PKG_CONFIG
  cargo:rerun-if-env-changed=PKG_CONFIG_x86_64-unknown-linux-gnu
  cargo:rerun-if-env-changed=PKG_CONFIG_x86_64_unknown_linux_gnu
  cargo:rerun-if-env-changed=HOST_PKG_CONFIG
  cargo:rerun-if-env-changed=PKG_CONFIG
  cargo:rerun-if-env-changed=ICU_UC_STATIC
  cargo:rerun-if-env-changed=ICU_UC_DYNAMIC
  cargo:rerun-if-env-changed=PKG_CONFIG_ALL_STATIC
  cargo:rerun-if-env-changed=PKG_CONFIG_ALL_DYNAMIC
  cargo:rerun-if-env-changed=PKG_CONFIG_PATH_x86_64-unknown-linux-gnu
  cargo:rerun-if-env-changed=PKG_CONFIG_PATH_x86_64_unknown_linux_gnu
  cargo:rerun-if-env-changed=HOST_PKG_CONFIG_PATH
  cargo:rerun-if-env-changed=PKG_CONFIG_PATH
  cargo:rerun-if-env-changed=PKG_CONFIG_LIBDIR_x86_64-unknown-linux-gnu
  cargo:rerun-if-env-changed=PKG_CONFIG_LIBDIR_x86_64_unknown_linux_gnu
  cargo:rerun-if-env-changed=HOST_PKG_CONFIG_LIBDIR
  cargo:rerun-if-env-changed=PKG_CONFIG_LIBDIR
  cargo:rerun-if-env-changed=PKG_CONFIG_SYSROOT_DIR_x86_64-unknown-linux-gnu
  cargo:rerun-if-env-changed=PKG_CONFIG_SYSROOT_DIR_x86_64_unknown_linux_gnu
  cargo:rerun-if-env-changed=HOST_PKG_CONFIG_SYSROOT_DIR
  cargo:rerun-if-env-changed=PKG_CONFIG_SYSROOT_DIR
  cargo:rerun-if-env-changed=PKG_CONFIG_SYSROOT_DIR
  cargo:rerun-if-env-changed=SYSROOT
  cargo:rerun-if-env-changed=ICU_UC_STATIC
  cargo:rerun-if-env-changed=ICU_UC_DYNAMIC
  cargo:rerun-if-env-changed=PKG_CONFIG_ALL_STATIC
  cargo:rerun-if-env-changed=PKG_CONFIG_ALL_DYNAMIC
  cargo:rerun-if-env-changed=PKG_CONFIG_x86_64-unknown-linux-gnu
  cargo:rerun-if-env-changed=PKG_CONFIG_x86_64_unknown_linux_gnu
  cargo:rerun-if-env-changed=HOST_PKG_CONFIG
  cargo:rerun-if-env-changed=PKG_CONFIG
  cargo:rerun-if-env-changed=ICU_UC_STATIC
  cargo:rerun-if-env-changed=ICU_UC_DYNAMIC
  cargo:rerun-if-env-changed=PKG_CONFIG_ALL_STATIC
  cargo:rerun-if-env-changed=PKG_CONFIG_ALL_DYNAMIC
  cargo:rerun-if-env-changed=PKG_CONFIG_PATH_x86_64-unknown-linux-gnu
  cargo:rerun-if-env-changed=PKG_CONFIG_PATH_x86_64_unknown_linux_gnu
  cargo:rerun-if-env-changed=HOST_PKG_CONFIG_PATH
  cargo:rerun-if-env-changed=PKG_CONFIG_PATH
  cargo:rerun-if-env-changed=PKG_CONFIG_LIBDIR_x86_64-unknown-linux-gnu
  cargo:rerun-if-env-changed=PKG_CONFIG_LIBDIR_x86_64_unknown_linux_gnu
  cargo:rerun-if-env-changed=HOST_PKG_CONFIG_LIBDIR
  cargo:rerun-if-env-changed=PKG_CONFIG_LIBDIR
  cargo:rerun-if-env-changed=PKG_CONFIG_SYSROOT_DIR_x86_64-unknown-linux-gnu
  cargo:rerun-if-env-changed=PKG_CONFIG_SYSROOT_DIR_x86_64_unknown_linux_gnu
  cargo:rerun-if-env-changed=HOST_PKG_CONFIG_SYSROOT_DIR
  cargo:rerun-if-env-changed=PKG_CONFIG_SYSROOT_DIR
  OUT_DIR = Some(/home/osso/.worktrees/wow-ui-sim-p902-page/target/debug/build/wow-ui-sim-e18692f32777d2bd/out)
  OPT_LEVEL = Some(1)
  TARGET = Some(x86_64-unknown-linux-gnu)
  CARGO_ENCODED_RUSTFLAGS = Some(-Clink-arg=-Wl,--threads=4-Ctarget-cpu=native-Clink-arg=-fuse-ld=mold-Clink-arg=-Wl,--thread-count=4)
  HOST = Some(x86_64-unknown-linux-gnu)
  cargo:rerun-if-env-changed=CC_x86_64-unknown-linux-gnu
  CC_x86_64-unknown-linux-gnu = None
  cargo:rerun-if-env-changed=CC_x86_64_unknown_linux_gnu
  CC_x86_64_unknown_linux_gnu = None
  cargo:rerun-if-env-changed=HOST_CC
  HOST_CC = None
  cargo:rerun-if-env-changed=CC
  CC = None
  cargo:rerun-if-env-changed=CC_ENABLE_DEBUG_OUTPUT
  RUSTC_WRAPPER = None
  cargo:rerun-if-env-changed=CRATE_CC_NO_DEFAULTS
  CRATE_CC_NO_DEFAULTS = None
  DEBUG = Some(true)
  CARGO_CFG_TARGET_FEATURE = Some(adx,aes,avx,avx2,avx512bf16,avx512bitalg,avx512bw,avx512cd,avx512dq,avx512f,avx512ifma,avx512vbmi,avx512vbmi2,avx512vl,avx512vnni,avx512vp2intersect,avx512vpopcntdq,avxvnni,bmi1,bmi2,clflushopt,cmpxchg16b,f16c,fma,fxsr,gfni,lahfsahf,lzcnt,movbe,pclmulqdq,popcnt,prfchw,rdrand,rdseed,sha,sse,sse2,sse3,sse4.1,sse4.2,sse4a,ssse3,vaes,vpclmulqdq,x87,xsave,xsavec,xsaveopt,xsaves)
  cargo:rerun-if-env-changed=CFLAGS
  CFLAGS = None
  cargo:rerun-if-env-changed=HOST_CFLAGS
  HOST_CFLAGS = None
  cargo:rerun-if-env-changed=CFLAGS_x86_64_unknown_linux_gnu
  CFLAGS_x86_64_unknown_linux_gnu = None
  cargo:rerun-if-env-changed=CFLAGS_x86_64-unknown-linux-gnu
  CFLAGS_x86_64-unknown-linux-gnu = None
  exit status: 0
  exit status: 0
  exit status: 0
  exit status: 0
  exit status: 0
  exit status: 0
  exit status: 0
  cargo:rerun-if-env-changed=AR_x86_64-unknown-linux-gnu
  AR_x86_64-unknown-linux-gnu = None
  cargo:rerun-if-env-changed=AR_x86_64_unknown_linux_gnu
  AR_x86_64_unknown_linux_gnu = None
  cargo:rerun-if-env-changed=HOST_AR
  HOST_AR = None
  cargo:rerun-if-env-changed=AR
  AR = None
  cargo:rerun-if-env-changed=ARFLAGS
  ARFLAGS = None
  cargo:rerun-if-env-changed=HOST_ARFLAGS
  HOST_ARFLAGS = None
  cargo:rerun-if-env-changed=ARFLAGS_x86_64_unknown_linux_gnu
  ARFLAGS_x86_64_unknown_linux_gnu = None
  cargo:rerun-if-env-changed=ARFLAGS_x86_64-unknown-linux-gnu
  ARFLAGS_x86_64-unknown-linux-gnu = None
  cargo:rustc-link-lib=static=wow_intl_native
  cargo:rustc-link-search=native=/home/osso/.worktrees/wow-ui-sim-p902-page/target/debug/build/wow-ui-sim-e18692f32777d2bd/out
  cargo:rerun-if-env-changed=ICU_I18N_NO_PKG_CONFIG
  cargo:rerun-if-env-changed=PKG_CONFIG_x86_64-unknown-linux-gnu
  cargo:rerun-if-env-changed=PKG_CONFIG_x86_64_unknown_linux_gnu
  cargo:rerun-if-env-changed=HOST_PKG_CONFIG
  cargo:rerun-if-env-changed=PKG_CONFIG
  cargo:rerun-if-env-changed=ICU_I18N_STATIC
  cargo:rerun-if-env-changed=ICU_I18N_DYNAMIC
  cargo:rerun-if-env-changed=PKG_CONFIG_ALL_STATIC
  cargo:rerun-if-env-changed=PKG_CONFIG_ALL_DYNAMIC
  cargo:rerun-if-env-changed=PKG_CONFIG_PATH_x86_64-unknown-linux-gnu
  cargo:rerun-if-env-changed=PKG_CONFIG_PATH_x86_64_unknown_linux_gnu
  cargo:rerun-if-env-changed=HOST_PKG_CONFIG_PATH
  cargo:rerun-if-env-changed=PKG_CONFIG_PATH
  cargo:rerun-if-env-changed=PKG_CONFIG_LIBDIR_x86_64-unknown-linux-gnu
  cargo:rerun-if-env-changed=PKG_CONFIG_LIBDIR_x86_64_unknown_linux_gnu
  cargo:rerun-if-env-changed=HOST_PKG_CONFIG_LIBDIR
  cargo:rerun-if-env-changed=PKG_CONFIG_LIBDIR
  cargo:rerun-if-env-changed=PKG_CONFIG_SYSROOT_DIR_x86_64-unknown-linux-gnu
  cargo:rerun-if-env-changed=PKG_CONFIG_SYSROOT_DIR_x86_64_unknown_linux_gnu
  cargo:rerun-if-env-changed=HOST_PKG_CONFIG_SYSROOT_DIR
  cargo:rerun-if-env-changed=PKG_CONFIG_SYSROOT_DIR
  cargo:rerun-if-env-changed=PKG_CONFIG_SYSROOT_DIR
  cargo:rerun-if-env-changed=SYSROOT
  cargo:rerun-if-env-changed=ICU_I18N_STATIC
  cargo:rerun-if-env-changed=ICU_I18N_DYNAMIC
  cargo:rerun-if-env-changed=PKG_CONFIG_ALL_STATIC
  cargo:rerun-if-env-changed=PKG_CONFIG_ALL_DYNAMIC
  cargo:rustc-link-search=native=/usr/lib
  cargo:rustc-link-lib=icui18n
  cargo:rerun-if-env-changed=PKG_CONFIG_x86_64-unknown-linux-gnu
  cargo:rerun-if-env-changed=PKG_CONFIG_x86_64_unknown_linux_gnu
  cargo:rerun-if-env-changed=HOST_PKG_CONFIG
  cargo:rerun-if-env-changed=PKG_CONFIG
  cargo:rerun-if-env-changed=ICU_I18N_STATIC
  cargo:rerun-if-env-changed=ICU_I18N_DYNAMIC
  cargo:rerun-if-env-changed=PKG_CONFIG_ALL_STATIC
  cargo:rerun-if-env-changed=PKG_CONFIG_ALL_DYNAMIC
  cargo:rerun-if-env-changed=PKG_CONFIG_PATH_x86_64-unknown-linux-gnu
  cargo:rerun-if-env-changed=PKG_CONFIG_PATH_x86_64_unknown_linux_gnu
  cargo:rerun-if-env-changed=HOST_PKG_CONFIG_PATH
  cargo:rerun-if-env-changed=PKG_CONFIG_PATH
  cargo:rerun-if-env-changed=PKG_CONFIG_LIBDIR_x86_64-unknown-linux-gnu
  cargo:rerun-if-env-changed=PKG_CONFIG_LIBDIR_x86_64_unknown_linux_gnu
  cargo:rerun-if-env-changed=HOST_PKG_CONFIG_LIBDIR
  cargo:rerun-if-env-changed=PKG_CONFIG_LIBDIR
  cargo:rerun-if-env-changed=PKG_CONFIG_SYSROOT_DIR_x86_64-unknown-linux-gnu
  cargo:rerun-if-env-changed=PKG_CONFIG_SYSROOT_DIR_x86_64_unknown_linux_gnu
  cargo:rerun-if-env-changed=HOST_PKG_CONFIG_SYSROOT_DIR
  cargo:rerun-if-env-changed=PKG_CONFIG_SYSROOT_DIR
  cargo:rerun-if-env-changed=ICU_UC_NO_PKG_CONFIG
  cargo:rerun-if-env-changed=PKG_CONFIG_x86_64-unknown-linux-gnu
  cargo:rerun-if-env-changed=PKG_CONFIG_x86_64_unknown_linux_gnu
  cargo:rerun-if-env-changed=HOST_PKG_CONFIG
  cargo:rerun-if-env-changed=PKG_CONFIG
  cargo:rerun-if-env-changed=ICU_UC_STATIC
  cargo:rerun-if-env-changed=ICU_UC_DYNAMIC
  cargo:rerun-if-env-changed=PKG_CONFIG_ALL_STATIC
  cargo:rerun-if-env-changed=PKG_CONFIG_ALL_DYNAMIC
  cargo:rerun-if-env-changed=PKG_CONFIG_PATH_x86_64-unknown-linux-gnu
  cargo:rerun-if-env-changed=PKG_CONFIG_PATH_x86_64_unknown_linux_gnu
  cargo:rerun-if-env-changed=HOST_PKG_CONFIG_PATH
  cargo:rerun-if-env-changed=PKG_CONFIG_PATH
  cargo:rerun-if-env-changed=PKG_CONFIG_LIBDIR_x86_64-unknown-linux-gnu
  cargo:rerun-if-env-changed=PKG_CONFIG_LIBDIR_x86_64_unknown_linux_gnu
  cargo:rerun-if-env-changed=HOST_PKG_CONFIG_LIBDIR
  cargo:rerun-if-env-changed=PKG_CONFIG_LIBDIR
  cargo:rerun-if-env-changed=PKG_CONFIG_SYSROOT_DIR_x86_64-unknown-linux-gnu
  cargo:rerun-if-env-changed=PKG_CONFIG_SYSROOT_DIR_x86_64_unknown_linux_gnu
  cargo:rerun-if-env-changed=HOST_PKG_CONFIG_SYSROOT_DIR
  cargo:rerun-if-env-changed=PKG_CONFIG_SYSROOT_DIR
  cargo:rerun-if-env-changed=PKG_CONFIG_SYSROOT_DIR
  cargo:rerun-if-env-changed=SYSROOT
  cargo:rerun-if-env-changed=ICU_UC_STATIC
  cargo:rerun-if-env-changed=ICU_UC_DYNAMIC
  cargo:rerun-if-env-changed=PKG_CONFIG_ALL_STATIC
  cargo:rerun-if-env-changed=PKG_CONFIG_ALL_DYNAMIC
  cargo:rustc-link-search=native=/usr/lib
  cargo:rustc-link-lib=icuuc
  cargo:rerun-if-env-changed=PKG_CONFIG_x86_64-unknown-linux-gnu
  cargo:rerun-if-env-changed=PKG_CONFIG_x86_64_unknown_linux_gnu
  cargo:rerun-if-env-changed=HOST_PKG_CONFIG
  cargo:rerun-if-env-changed=PKG_CONFIG
  cargo:rerun-if-env-changed=ICU_UC_STATIC
  cargo:rerun-if-env-changed=ICU_UC_DYNAMIC
  cargo:rerun-if-env-changed=PKG_CONFIG_ALL_STATIC
  cargo:rerun-if-env-changed=PKG_CONFIG_ALL_DYNAMIC
  cargo:rerun-if-env-changed=PKG_CONFIG_PATH_x86_64-unknown-linux-gnu
  cargo:rerun-if-env-changed=PKG_CONFIG_PATH_x86_64_unknown_linux_gnu
  cargo:rerun-if-env-changed=HOST_PKG_CONFIG_PATH
  cargo:rerun-if-env-changed=PKG_CONFIG_PATH
  cargo:rerun-if-env-changed=PKG_CONFIG_LIBDIR_x86_64-unknown-linux-gnu
  cargo:rerun-if-env-changed=PKG_CONFIG_LIBDIR_x86_64_unknown_linux_gnu
  cargo:rerun-if-env-changed=HOST_PKG_CONFIG_LIBDIR
  cargo:rerun-if-env-changed=PKG_CONFIG_LIBDIR
  cargo:rerun-if-env-changed=PKG_CONFIG_SYSROOT_DIR_x86_64-unknown-linux-gnu
  cargo:rerun-if-env-changed=PKG_CONFIG_SYSROOT_DIR_x86_64_unknown_linux_gnu
  cargo:rerun-if-env-changed=HOST_PKG_CONFIG_SYSROOT_DIR
  cargo:rerun-if-env-changed=PKG_CONFIG_SYSROOT_DIR
  cargo:rerun-if-changed=installer/wow-sim.ico
  cargo:rerun-if-changed=build.rs
  cargo:rerun-if-changed=tests
  cargo:rerun-if-changed=/home/osso/.worktrees/wow-ui-sim-p902-page/tests/../build/locked_rilua.rs
  cargo:rerun-if-changed=/home/osso/.worktrees/wow-ui-sim-p902-page/tests/abbreviated_number_formatter.rs
  cargo:rerun-if-changed=/home/osso/.worktrees/wow-ui-sim-p902-page/tests/account_services.rs
  cargo:rerun-if-changed=/home/osso/.worktrees/wow-ui-sim-p902-page/tests/account_store.rs
  cargo:rerun-if-changed=/home/osso/.worktrees/wow-ui-sim-p902-page/tests/ace3.rs
  cargo:rerun-if-changed=/home/osso/.worktrees/wow-ui-sim-p902-page/tests/achievement_display_mixin_set_achievements.rs
  cargo:rerun-if-changed=/home/osso/.worktrees/wow-ui-sim-p902-page/tests/achievement_panel_layout.rs
  cargo:rerun-if-changed=/home/osso/.worktrees/wow-ui-sim-p902-page/tests/achievement_search_bootstrap_boundaries.rs
  cargo:rerun-if-changed=/home/osso/.worktrees/wow-ui-sim-p902-page/tests/achievement_ui_access_bootstrap_boundaries.rs
  cargo:rerun-if-changed=/home/osso/.worktrees/wow-ui-sim-p902-page/tests/achievements_api.rs
  cargo:rerun-if-changed=/home/osso/.worktrees/wow-ui-sim-p902-page/tests/action_bar.rs
  cargo:rerun-if-changed=/home/osso/.worktrees/wow-ui-sim-p902-page/tests/action_bar_drag.rs
  cargo:rerun-if-changed=/home/osso/.worktrees/wow-ui-sim-p902-page/tests/action_bar_membership.rs
  cargo:rerun-if-changed=/home/osso/.worktrees/wow-ui-sim-p902-page/tests/action_bar_tree.rs
  cargo:rerun-if-changed=/home/osso/.worktrees/wow-ui-sim-p902-page/tests/action_button_input_dispatch.rs
  cargo:rerun-if-changed=/home/osso/.worktrees/wow-ui-sim-p902-page/tests/action_button_spell_alerts.rs
  cargo:rerun-if-changed=/home/osso/.worktrees/wow-ui-sim-p902-page/tests/action_cooldown_output_restriction.rs
  cargo:rerun-if-changed=/home/osso/.worktrees/wow-ui-sim-p902-page/tests/action_count_outputs.rs
  cargo:rerun-if-changed=/home/osso/.worktrees/wow-ui-sim-p902-page/tests/action_loss_control_cooldown_info.rs
  cargo:rerun-if-changed=/home/osso/.worktrees/wow-ui-sim-p902-page/tests/action_macro_tooltip.rs
  cargo:rerun-if-changed=/home/osso/.worktrees/wow-ui-sim-p902-page/tests/action_spell_slot_identifiers.rs
  cargo:rerun-if-changed=/home/osso/.worktrees/wow-ui-sim-p902-page/tests/action_text.rs
  cargo:rerun-if-changed=/home/osso/.worktrees/wow-ui-sim-p902-page/tests/actor_set_model_by_creature_display_id.rs
  cargo:rerun-if-changed=/home/osso/.worktrees/wow-ui-sim-p902-page/tests/addon_api/beta_policy.rs
  cargo:rerun-if-changed=/home/osso/.worktrees/wow-ui-sim-p902-page/tests/addon_api/beta_policy.rs
  cargo:rerun-if-changed=/home/osso/.worktrees/wow-ui-sim-p902-page/tests/addon_api/dependencies.rs
  cargo:rerun-if-changed=/home/osso/.worktrees/wow-ui-sim-p902-page/tests/addon_api/dependencies.rs
  cargo:rerun-if-changed=/home/osso/.worktrees/wow-ui-sim-p902-page/tests/addon_api/profiler.rs
  cargo:rerun-if-changed=/home/osso/.worktrees/wow-ui-sim-p902-page/tests/addon_api/profiler.rs
  cargo:rerun-if-changed=/home/osso/.worktrees/wow-ui-sim-p902-page/tests/addon_api.rs
  cargo:rerun-if-changed=/home/osso/.worktrees/wow-ui-sim-p902-page/tests/addon_coverage/panel_open.rs
  cargo:rerun-if-changed=/home/osso/.worktrees/wow-ui-sim-p902-page/tests/addon_coverage.rs
  cargo:rerun-if-changed=/home/osso/.worktrees/wow-ui-sim-p902-page/tests/addon_coverage_lod.rs
  cargo:rerun-if-changed=/home/osso/.worktrees/wow-ui-sim-p902-page/tests/addon_list_scroll.rs
  cargo:rerun-if-changed=/home/osso/.worktrees/wow-ui-sim-p902-page/tests/addon_loading_perf.rs
  cargo:rerun-if-changed=/home/osso/.worktrees/wow-ui-sim-p902-page/tests/addon_messages.rs
  cargo:rerun-if-changed=/home/osso/.worktrees/wow-ui-sim-p902-page/tests/addon_nil_symbol_report.rs
  cargo:rerun-if-changed=/home/osso/.worktrees/wow-ui-sim-p902-page/tests/addon_require.rs
  cargo:rerun-if-changed=/home/osso/.worktrees/wow-ui-sim-p902-page/tests/admin_actionbar_api.rs
  cargo:rerun-if-changed=/home/osso/.worktrees/wow-ui-sim-p902-page/tests/admin_auction_house_api.rs
  cargo:rerun-if-changed=/home/osso/.worktrees/wow-ui-sim-p902-page/tests/admin_buff_api.rs
  cargo:rerun-if-changed=/home/osso/.worktrees/wow-ui-sim-p902-page/tests/admin_combat_api.rs
  cargo:rerun-if-changed=/home/osso/.worktrees/wow-ui-sim-p902-page/tests/admin_economy_api.rs
  cargo:rerun-if-changed=/home/osso/.worktrees/wow-ui-sim-p902-page/tests/admin_encounter_api.rs
  cargo:rerun-if-changed=/home/osso/.worktrees/wow-ui-sim-p902-page/tests/admin_event_api.rs
  cargo:rerun-if-changed=/home/osso/.worktrees/wow-ui-sim-p902-page/tests/admin_health_power_api.rs
  cargo:rerun-if-changed=/home/osso/.worktrees/wow-ui-sim-p902-page/tests/admin_identity_api.rs
  cargo:rerun-if-changed=/home/osso/.worktrees/wow-ui-sim-p902-page/tests/admin_movement_api.rs
  cargo:rerun-if-changed=/home/osso/.worktrees/wow-ui-sim-p902-page/tests/admin_party_api.rs
  cargo:rerun-if-changed=/home/osso/.worktrees/wow-ui-sim-p902-page/tests/admin_pvp_guild_api.rs
  cargo:rerun-if-changed=/home/osso/.worktrees/wow-ui-sim-p902-page/tests/admin_spec_talent_api.rs
  cargo:rerun-if-changed=/home/osso/.worktrees/wow-ui-sim-p902-page/tests/admin_spell_effects_api.rs
  cargo:rerun-if-changed=/home/osso/.worktrees/wow-ui-sim-p902-page/tests/admin_targeting_api.rs
  cargo:rerun-if-changed=/home/osso/.worktrees/wow-ui-sim-p902-page/tests/admin_vault_api.rs
  cargo:rerun-if-changed=/home/osso/.worktrees/wow-ui-sim-p902-page/tests/admin_zone_api.rs
  cargo:rerun-if-changed=/home/osso/.worktrees/wow-ui-sim-p902-page/tests/allied_race_global_strings.rs
  cargo:rerun-if-changed=/home/osso/.worktrees/wow-ui-sim-p902-page/tests/ambiguate_context.rs
  cargo:rerun-if-changed=/home/osso/.worktrees/wow-ui-sim-p902-page/tests/anchor_perf.rs
  cargo:rerun-if-changed=/home/osso/.worktrees/wow-ui-sim-p902-page/tests/anim_target_visibility.rs
  cargo:rerun-if-changed=/home/osso/.worktrees/wow-ui-sim-p902-page/tests/animation_anim.rs
  cargo:rerun-if-changed=/home/osso/.worktrees/wow-ui-sim-p902-page/tests/animation_factory.rs
  cargo:rerun-if-changed=/home/osso/.worktrees/wow-ui-sim-p902-page/tests/animation_factory_templates.rs
  cargo:rerun-if-changed=/home/osso/.worktrees/wow-ui-sim-p902-page/tests/animation_group.rs
  cargo:rerun-if-changed=/home/osso/.worktrees/wow-ui-sim-p902-page/tests/animation_group_state.rs
  cargo:rerun-if-changed=/home/osso/.worktrees/wow-ui-sim-p902-page/tests/animation_on_play.rs
  cargo:rerun-if-changed=/home/osso/.worktrees/wow-ui-sim-p902-page/tests/animation_query_lifecycle.rs
  cargo:rerun-if-changed=/home/osso/.worktrees/wow-ui-sim-p902-page/tests/animation_set_parent.rs
  cargo:rerun-if-changed=/home/osso/.worktrees/wow-ui-sim-p902-page/tests/anniversary_compat_bootstrap.rs
  cargo:rerun-if-changed=/home/osso/.worktrees/wow-ui-sim-p902-page/tests/archaeology_active_artifact.rs
  cargo:rerun-if-changed=/home/osso/.worktrees/wow-ui-sim-p902-page/tests/archaeology_close_research.rs
  cargo:rerun-if-changed=/home/osso/.worktrees/wow-ui-sim-p902-page/tests/archaeology_completion_history.rs
  cargo:rerun-if-changed=/home/osso/.worktrees/wow-ui-sim-p902-page/tests/archaeology_keystones.rs
  cargo:rerun-if-changed=/home/osso/.worktrees/wow-ui-sim-p902-page/tests/archaeology_race_summary.rs
  cargo:rerun-if-changed=/home/osso/.worktrees/wow-ui-sim-p902-page/tests/area_poi_patch_12_0_5.rs
  cargo:rerun-if-changed=/home/osso/.worktrees/wow-ui-sim-p902-page/tests/arrow_callout_manager.rs
  cargo:rerun-if-changed=/home/osso/.worktrees/wow-ui-sim-p902-page/tests/assertsafe.rs
  cargo:rerun-if-changed=/home/osso/.worktrees/wow-ui-sim-p902-page/tests/aura_api.rs
  cargo:rerun-if-changed=/home/osso/.worktrees/wow-ui-sim-p902-page/tests/aura_application_display_count.rs
  cargo:rerun-if-changed=/home/osso/.worktrees/wow-ui-sim-p902-page/tests/aura_container_util.rs
  cargo:rerun-if-changed=/home/osso/.worktrees/wow-ui-sim-p902-page/tests/aura_dispel_color_arguments.rs
  cargo:rerun-if-changed=/home/osso/.worktrees/wow-ui-sim-p902-page/tests/aura_duration_object.rs
  cargo:rerun-if-changed=/home/osso/.worktrees/wow-ui-sim-p902-page/tests/aura_expiration_time.rs
  cargo:rerun-if-changed=/home/osso/.worktrees/wow-ui-sim-p902-page/tests/aura_instance_ids.rs
  cargo:rerun-if-changed=/home/osso/.worktrees/wow-ui-sim-p902-page/tests/aura_refresh_duration.rs
  cargo:rerun-if-changed=/home/osso/.worktrees/wow-ui-sim-p902-page/tests/aura_secret_display.rs
  cargo:rerun-if-changed=/home/osso/.worktrees/wow-ui-sim-p902-page/tests/aura_spell_classification_identifiers.rs
  cargo:rerun-if-changed=/home/osso/.worktrees/wow-ui-sim-p902-page/tests/aura_spell_identifier.rs
  cargo:rerun-if-changed=/home/osso/.worktrees/wow-ui-sim-p902-page/tests/aura_table_shape.rs
  cargo:rerun-if-changed=/home/osso/.worktrees/wow-ui-sim-p902-page/tests/aura_util_surface.rs
  cargo:rerun-if-changed=/home/osso/.worktrees/wow-ui-sim-p902-page/tests/autoroll_compat.rs
  cargo:rerun-if-changed=/home/osso/.worktrees/wow-ui-sim-p902-page/tests/bags.rs
  cargo:rerun-if-changed=/home/osso/.worktrees/wow-ui-sim-p902-page/tests/battle_net_api.rs
  cargo:rerun-if-changed=/home/osso/.worktrees/wow-ui-sim-p902-page/tests/battlefield_lfg_probes.rs
  cargo:rerun-if-changed=/home/osso/.worktrees/wow-ui-sim-p902-page/tests/battlefield_verbs.rs
  cargo:rerun-if-changed=/home/osso/.worktrees/wow-ui-sim-p902-page/tests/blizzard_auction_house_browse_query.rs
  cargo:rerun-if-changed=/home/osso/.worktrees/wow-ui-sim-p902-page/tests/blizzard_auction_house_cancel_auction.rs
  cargo:rerun-if-changed=/home/osso/.worktrees/wow-ui-sim-p902-page/tests/blizzard_auction_house_categories_list.rs
  cargo:rerun-if-changed=/home/osso/.worktrees/wow-ui-sim-p902-page/tests/blizzard_auction_house_commodity_purchase.rs
  cargo:rerun-if-changed=/home/osso/.worktrees/wow-ui-sim-p902-page/tests/blizzard_auction_house_commodity_search.rs
  cargo:rerun-if-changed=/home/osso/.worktrees/wow-ui-sim-p902-page/tests/blizzard_auction_house_dependencies.rs
  cargo:rerun-if-changed=/home/osso/.worktrees/wow-ui-sim-p902-page/tests/blizzard_auction_house_event_registrations.rs
  cargo:rerun-if-changed=/home/osso/.worktrees/wow-ui-sim-p902-page/tests/blizzard_auction_house_globals.rs
  cargo:rerun-if-changed=/home/osso/.worktrees/wow-ui-sim-p902-page/tests/blizzard_auction_house_item_key_roundtrip.rs
  cargo:rerun-if-changed=/home/osso/.worktrees/wow-ui-sim-p902-page/tests/blizzard_auction_house_item_search.rs
  cargo:rerun-if-changed=/home/osso/.worktrees/wow-ui-sim-p902-page/tests/blizzard_auction_house_load.rs
  cargo:rerun-if-changed=/home/osso/.worktrees/wow-ui-sim-p902-page/tests/blizzard_auction_house_mixin_methods.rs
  cargo:rerun-if-changed=/home/osso/.worktrees/wow-ui-sim-p902-page/tests/blizzard_auction_house_place_bid.rs
  cargo:rerun-if-changed=/home/osso/.worktrees/wow-ui-sim-p902-page/tests/blizzard_auction_house_post_item.rs
  cargo:rerun-if-changed=/home/osso/.worktrees/wow-ui-sim-p902-page/tests/blizzard_auction_house_saved_vars.rs
  cargo:rerun-if-changed=/home/osso/.worktrees/wow-ui-sim-p902-page/tests/blizzard_auction_house_search_context.rs
  cargo:rerun-if-changed=/home/osso/.worktrees/wow-ui-sim-p902-page/tests/blizzard_auction_house_show_hide.rs
  cargo:rerun-if-changed=/home/osso/.worktrees/wow-ui-sim-p902-page/tests/blizzard_auction_house_static_popups.rs
  cargo:rerun-if-changed=/home/osso/.worktrees/wow-ui-sim-p902-page/tests/blizzard_auction_house_subframes.rs
  cargo:rerun-if-changed=/home/osso/.worktrees/wow-ui-sim-p902-page/tests/blizzard_auction_house_tab_switch.rs
  cargo:rerun-if-changed=/home/osso/.worktrees/wow-ui-sim-p902-page/tests/blizzard_auction_house_throttle.rs
  cargo:rerun-if-changed=/home/osso/.worktrees/wow-ui-sim-p902-page/tests/blizzard_auction_house_wow_token.rs
  cargo:rerun-if-changed=/home/osso/.worktrees/wow-ui-sim-p902-page/tests/blizzard_auth_challenge_ui_cancel.rs
  cargo:rerun-if-changed=/home/osso/.worktrees/wow-ui-sim-p902-page/tests/blizzard_auth_challenge_ui_frames.rs
  cargo:rerun-if-changed=/home/osso/.worktrees/wow-ui-sim-p902-page/tests/blizzard_auth_challenge_ui_globals.rs
  cargo:rerun-if-changed=/home/osso/.worktrees/wow-ui-sim-p902-page/tests/blizzard_auth_challenge_ui_input_count.rs
  cargo:rerun-if-changed=/home/osso/.worktrees/wow-ui-sim-p902-page/tests/blizzard_auth_challenge_ui_key.rs
  cargo:rerun-if-changed=/home/osso/.worktrees/wow-ui-sim-p902-page/tests/blizzard_auth_challenge_ui_load.rs
  cargo:rerun-if-changed=/home/osso/.worktrees/wow-ui-sim-p902-page/tests/blizzard_auth_challenge_ui_lockdown.rs
  cargo:rerun-if-changed=/home/osso/.worktrees/wow-ui-sim-p902-page/tests/blizzard_auth_challenge_ui_onload.rs
  cargo:rerun-if-changed=/home/osso/.worktrees/wow-ui-sim-p902-page/tests/blizzard_auth_challenge_ui_secure_env.rs
  cargo:rerun-if-changed=/home/osso/.worktrees/wow-ui-sim-p902-page/tests/blizzard_auth_challenge_ui_strings.rs
  cargo:rerun-if-changed=/home/osso/.worktrees/wow-ui-sim-p902-page/tests/blizzard_auth_challenge_ui_submit.rs
  cargo:rerun-if-changed=/home/osso/.worktrees/wow-ui-sim-p902-page/tests/blizzard_auth_challenge_ui_surface.rs
  cargo:rerun-if-changed=/home/osso/.worktrees/wow-ui-sim-p902-page/tests/blizzard_auth_challenge_ui_tab.rs
  cargo:rerun-if-changed=/home/osso/.worktrees/wow-ui-sim-p902-page/tests/blizzard_auth_challenge_ui_templates.rs
  cargo:rerun-if-changed=/home/osso/.worktrees/wow-ui-sim-p902-page/tests/blizzard_auto_complete_arrow.rs
  cargo:rerun-if-changed=/home/osso/.worktrees/wow-ui-sim-p902-page/tests/blizzard_auto_complete_attach_above_below.rs
  cargo:rerun-if-changed=/home/osso/.worktrees/wow-ui-sim-p902-page/tests/blizzard_auto_complete_button_click.rs
  cargo:rerun-if-changed=/home/osso/.worktrees/wow-ui-sim-p902-page/tests/blizzard_auto_complete_button_click_custom.rs
  cargo:rerun-if-changed=/home/osso/.worktrees/wow-ui-sim-p902-page/tests/blizzard_auto_complete_button_height_lockdown.rs
  cargo:rerun-if-changed=/home/osso/.worktrees/wow-ui-sim-p902-page/tests/blizzard_auto_complete_color_keys.rs
  cargo:rerun-if-changed=/home/osso/.worktrees/wow-ui-sim-p902-page/tests/blizzard_auto_complete_colorblind.rs
  cargo:rerun-if-changed=/home/osso/.worktrees/wow-ui-sim-p902-page/tests/blizzard_auto_complete_escape.rs
  cargo:rerun-if-changed=/home/osso/.worktrees/wow-ui-sim-p902-page/tests/blizzard_auto_complete_exact_match_filter.rs
  cargo:rerun-if-changed=/home/osso/.worktrees/wow-ui-sim-p902-page/tests/blizzard_auto_complete_focus_lost.rs
  cargo:rerun-if-changed=/home/osso/.worktrees/wow-ui-sim-p902-page/tests/blizzard_auto_complete_frames.rs
  cargo:rerun-if-changed=/home/osso/.worktrees/wow-ui-sim-p902-page/tests/blizzard_auto_complete_globals.rs
  cargo:rerun-if-changed=/home/osso/.worktrees/wow-ui-sim-p902-page/tests/blizzard_auto_complete_guild_roster.rs
  cargo:rerun-if-changed=/home/osso/.worktrees/wow-ui-sim-p902-page/tests/blizzard_auto_complete_handlers.rs
  cargo:rerun-if-changed=/home/osso/.worktrees/wow-ui-sim-p902-page/tests/blizzard_auto_complete_hide_attached.rs
  cargo:rerun-if-changed=/home/osso/.worktrees/wow-ui-sim-p902-page/tests/blizzard_auto_complete_hide_restores_arrows.rs
  cargo:rerun-if-changed=/home/osso/.worktrees/wow-ui-sim-p902-page/tests/blizzard_auto_complete_increment.rs
  cargo:rerun-if-changed=/home/osso/.worktrees/wow-ui-sim-p902-page/tests/blizzard_auto_complete_keys.rs
  cargo:rerun-if-changed=/home/osso/.worktrees/wow-ui-sim-p902-page/tests/blizzard_auto_complete_lists.rs
  cargo:rerun-if-changed=/home/osso/.worktrees/wow-ui-sim-p902-page/tests/blizzard_auto_complete_load.rs
  cargo:rerun-if-changed=/home/osso/.worktrees/wow-ui-sim-p902-page/tests/blizzard_auto_complete_onload.rs
  cargo:rerun-if-changed=/home/osso/.worktrees/wow-ui-sim-p902-page/tests/blizzard_auto_complete_popup_list_atlas_keys.rs
  cargo:rerun-if-changed=/home/osso/.worktrees/wow-ui-sim-p902-page/tests/blizzard_auto_complete_popup_list_clear.rs
  cargo:rerun-if-changed=/home/osso/.worktrees/wow-ui-sim-p902-page/tests/blizzard_auto_complete_popup_list_cycle.rs
  cargo:rerun-if-changed=/home/osso/.worktrees/wow-ui-sim-p902-page/tests/blizzard_auto_complete_popup_list_display_callback.rs
  cargo:rerun-if-changed=/home/osso/.worktrees/wow-ui-sim-p902-page/tests/blizzard_auto_complete_popup_list_globals.rs
  cargo:rerun-if-changed=/home/osso/.worktrees/wow-ui-sim-p902-page/tests/blizzard_auto_complete_popup_list_highlight.rs
  cargo:rerun-if-changed=/home/osso/.worktrees/wow-ui-sim-p902-page/tests/blizzard_auto_complete_popup_list_independence.rs
  cargo:rerun-if-changed=/home/osso/.worktrees/wow-ui-sim-p902-page/tests/blizzard_auto_complete_popup_list_load.rs
  cargo:rerun-if-changed=/home/osso/.worktrees/wow-ui-sim-p902-page/tests/blizzard_auto_complete_popup_list_max_entries.rs
  cargo:rerun-if-changed=/home/osso/.worktrees/wow-ui-sim-p902-page/tests/blizzard_auto_complete_popup_list_mixin.rs
  cargo:rerun-if-changed=/home/osso/.worktrees/wow-ui-sim-p902-page/tests/blizzard_auto_complete_popup_list_no_callback.rs
  cargo:rerun-if-changed=/home/osso/.worktrees/wow-ui-sim-p902-page/tests/blizzard_auto_complete_popup_list_onload.rs
  cargo:rerun-if-changed=/home/osso/.worktrees/wow-ui-sim-p902-page/tests/blizzard_auto_complete_popup_list_overflow.rs
  cargo:rerun-if-changed=/home/osso/.worktrees/wow-ui-sim-p902-page/tests/blizzard_auto_complete_popup_list_resize.rs
  cargo:rerun-if-changed=/home/osso/.worktrees/wow-ui-sim-p902-page/tests/blizzard_auto_complete_popup_list_result_mixin.rs
  cargo:rerun-if-changed=/home/osso/.worktrees/wow-ui-sim-p902-page/tests/blizzard_auto_complete_popup_list_row_click.rs
  cargo:rerun-if-changed=/home/osso/.worktrees/wow-ui-sim-p902-page/tests/blizzard_auto_complete_popup_list_row_enter.rs
  cargo:rerun-if-changed=/home/osso/.worktrees/wow-ui-sim-p902-page/tests/blizzard_auto_complete_popup_list_row_highlight.rs
  cargo:rerun-if-changed=/home/osso/.worktrees/wow-ui-sim-p902-page/tests/blizzard_auto_complete_popup_list_row_init.rs
  cargo:rerun-if-changed=/home/osso/.worktrees/wow-ui-sim-p902-page/tests/blizzard_auto_complete_popup_list_row_leave.rs
  cargo:rerun-if-changed=/home/osso/.worktrees/wow-ui-sim-p902-page/tests/blizzard_auto_complete_popup_list_row_show.rs
  cargo:rerun-if-changed=/home/osso/.worktrees/wow-ui-sim-p902-page/tests/blizzard_auto_complete_popup_list_select.rs
  cargo:rerun-if-changed=/home/osso/.worktrees/wow-ui-sim-p902-page/tests/blizzard_auto_complete_popup_list_select_direct.rs
  cargo:rerun-if-changed=/home/osso/.worktrees/wow-ui-sim-p902-page/tests/blizzard_auto_complete_popup_list_set_callbacks.rs
  cargo:rerun-if-changed=/home/osso/.worktrees/wow-ui-sim-p902-page/tests/blizzard_auto_complete_popup_list_set_results.rs
  cargo:rerun-if-changed=/home/osso/.worktrees/wow-ui-sim-p902-page/tests/blizzard_auto_complete_popup_list_show_resets_scroll.rs
  cargo:rerun-if-changed=/home/osso/.worktrees/wow-ui-sim-p902-page/tests/blizzard_auto_complete_popup_list_templates.rs
  cargo:rerun-if-changed=/home/osso/.worktrees/wow-ui-sim-p902-page/tests/blizzard_auto_complete_popup_list_update_no_callback.rs
  cargo:rerun-if-changed=/home/osso/.worktrees/wow-ui-sim-p902-page/tests/blizzard_auto_complete_realm_appending.rs
  cargo:rerun-if-changed=/home/osso/.worktrees/wow-ui-sim-p902-page/tests/blizzard_auto_complete_set_source.rs
  cargo:rerun-if-changed=/home/osso/.worktrees/wow-ui-sim-p902-page/tests/blizzard_auto_complete_templates.rs
  cargo:rerun-if-changed=/home/osso/.worktrees/wow-ui-sim-p902-page/tests/blizzard_auto_complete_update_empty_text.rs
  cargo:rerun-if-changed=/home/osso/.worktrees/wow-ui-sim-p902-page/tests/blizzard_auto_complete_update_no_source.rs
  cargo:rerun-if-changed=/home/osso/.worktrees/wow-ui-sim-p902-page/tests/blizzard_auto_complete_update_results.rs
  cargo:rerun-if-changed=/home/osso/.worktrees/wow-ui-sim-p902-page/tests/blizzard_azerite_essence_ui_activate_essence.rs
  cargo:rerun-if-changed=/home/osso/.worktrees/wow-ui-sim-p902-page/tests/blizzard_azerite_essence_ui_callback_lifecycle.rs
  cargo:rerun-if-changed=/home/osso/.worktrees/wow-ui-sim-p902-page/tests/blizzard_azerite_essence_ui_can_activate_in_combat.rs
  cargo:rerun-if-changed=/home/osso/.worktrees/wow-ui-sim-p902-page/tests/blizzard_azerite_essence_ui_dependency_chain.rs
  cargo:rerun-if-changed=/home/osso/.worktrees/wow-ui-sim-p902-page/tests/blizzard_azerite_essence_ui_dependency_lines_drawn.rs
  cargo:rerun-if-changed=/home/osso/.worktrees/wow-ui-sim-p902-page/tests/blizzard_azerite_essence_ui_essence_hyperlink.rs
  cargo:rerun-if-changed=/home/osso/.worktrees/wow-ui-sim-p902-page/tests/blizzard_azerite_essence_ui_essence_list_update.rs
  cargo:rerun-if-changed=/home/osso/.worktrees/wow-ui-sim-p902-page/tests/blizzard_azerite_essence_ui_event_dispatch_table.rs
  cargo:rerun-if-changed=/home/osso/.worktrees/wow-ui-sim-p902-page/tests/blizzard_azerite_essence_ui_events_registered.rs
  cargo:rerun-if-changed=/home/osso/.worktrees/wow-ui-sim-p902-page/tests/blizzard_azerite_essence_ui_forge_lifecycle.rs
  cargo:rerun-if-changed=/home/osso/.worktrees/wow-ui-sim-p902-page/tests/blizzard_azerite_essence_ui_frame_strata.rs
  cargo:rerun-if-changed=/home/osso/.worktrees/wow-ui-sim-p902-page/tests/blizzard_azerite_essence_ui_loads.rs
  cargo:rerun-if-changed=/home/osso/.worktrees/wow-ui-sim-p902-page/tests/blizzard_azerite_essence_ui_locked_minor_slot_atlases.rs
  cargo:rerun-if-changed=/home/osso/.worktrees/wow-ui-sim-p902-page/tests/blizzard_azerite_essence_ui_milestone_locations.rs
  cargo:rerun-if-changed=/home/osso/.worktrees/wow-ui-sim-p902-page/tests/blizzard_azerite_essence_ui_milestone_radial_layout.rs
  cargo:rerun-if-changed=/home/osso/.worktrees/wow-ui-sim-p902-page/tests/blizzard_azerite_essence_ui_mixins_exposed.rs
  cargo:rerun-if-changed=/home/osso/.worktrees/wow-ui-sim-p902-page/tests/blizzard_azerite_essence_ui_modelscene_sub_scene_ids.rs
  cargo:rerun-if-changed=/home/osso/.worktrees/wow-ui-sim-p902-page/tests/blizzard_azerite_essence_ui_no_lua_errors.rs
  cargo:rerun-if-changed=/home/osso/.worktrees/wow-ui-sim-p902-page/tests/blizzard_azerite_essence_ui_on_mouse_up_clears_pending.rs
  cargo:rerun-if-changed=/home/osso/.worktrees/wow-ui-sim-p902-page/tests/blizzard_azerite_essence_ui_pending_activation_event.rs
  cargo:rerun-if-changed=/home/osso/.worktrees/wow-ui-sim-p902-page/tests/blizzard_azerite_essence_ui_refresh_milestones.rs
  cargo:rerun-if-changed=/home/osso/.worktrees/wow-ui-sim-p902-page/tests/blizzard_azerite_essence_ui_refresh_power_level.rs
  cargo:rerun-if-changed=/home/osso/.worktrees/wow-ui-sim-p902-page/tests/blizzard_azerite_essence_ui_reveal_anim.rs
  cargo:rerun-if-changed=/home/osso/.worktrees/wow-ui-sim-p902-page/tests/blizzard_azerite_essence_ui_setup_milestones.rs
  cargo:rerun-if-changed=/home/osso/.worktrees/wow-ui-sim-p902-page/tests/blizzard_azerite_essence_ui_should_open_bags.rs
  cargo:rerun-if-changed=/home/osso/.worktrees/wow-ui-sim-p902-page/tests/blizzard_azerite_essence_ui_starts_animation_frame.rs
  cargo:rerun-if-changed=/home/osso/.worktrees/wow-ui-sim-p902-page/tests/blizzard_azerite_essence_ui_templates_registered.rs
  cargo:rerun-if-changed=/home/osso/.worktrees/wow-ui-sim-p902-page/tests/blizzard_azerite_essence_ui_try_show_gating.rs
  cargo:rerun-if-changed=/home/osso/.worktrees/wow-ui-sim-p902-page/tests/blizzard_azerite_essence_ui_uipanel_registration.rs
  cargo:rerun-if-changed=/home/osso/.worktrees/wow-ui-sim-p902-page/tests/blizzard_azerite_essence_ui_unlock_milestone.rs
  cargo:rerun-if-changed=/home/osso/.worktrees/wow-ui-sim-p902-page/tests/blizzard_azerite_respec_ui_atlases_resolve.rs
  cargo:rerun-if-changed=/home/osso/.worktrees/wow-ui-sim-p902-page/tests/blizzard_azerite_respec_ui_azerite_respec_item_dispatches_popup.rs
  cargo:rerun-if-changed=/home/osso/.worktrees/wow-ui-sim-p902-page/tests/blizzard_azerite_respec_ui_button_disabled_tooltip.rs
  cargo:rerun-if-changed=/home/osso/.worktrees/wow-ui-sim-p902-page/tests/blizzard_azerite_respec_ui_confirm_clears_selection.rs
  cargo:rerun-if-changed=/home/osso/.worktrees/wow-ui-sim-p902-page/tests/blizzard_azerite_respec_ui_events_registered.rs
  cargo:rerun-if-changed=/home/osso/.worktrees/wow-ui-sim-p902-page/tests/blizzard_azerite_respec_ui_frame_template.rs
  cargo:rerun-if-changed=/home/osso/.worktrees/wow-ui-sim-p902-page/tests/blizzard_azerite_respec_ui_global_strings.rs
  cargo:rerun-if-changed=/home/osso/.worktrees/wow-ui-sim-p902-page/tests/blizzard_azerite_respec_ui_help_tip_dismisses_on_drop.rs
  cargo:rerun-if-changed=/home/osso/.worktrees/wow-ui-sim-p902-page/tests/blizzard_azerite_respec_ui_help_tip_shows_first_open.rs
  cargo:rerun-if-changed=/home/osso/.worktrees/wow-ui-sim-p902-page/tests/blizzard_azerite_respec_ui_item_slot_drag_populates.rs
  cargo:rerun-if-changed=/home/osso/.worktrees/wow-ui-sim-p902-page/tests/blizzard_azerite_respec_ui_item_slot_right_click_clears.rs
  cargo:rerun-if-changed=/home/osso/.worktrees/wow-ui-sim-p902-page/tests/blizzard_azerite_respec_ui_item_slot_tooltip_routes.rs
  cargo:rerun-if-changed=/home/osso/.worktrees/wow-ui-sim-p902-page/tests/blizzard_azerite_respec_ui_loads.rs
  cargo:rerun-if-changed=/home/osso/.worktrees/wow-ui-sim-p902-page/tests/blizzard_azerite_respec_ui_mixins_exposed.rs
  cargo:rerun-if-changed=/home/osso/.worktrees/wow-ui-sim-p902-page/tests/blizzard_azerite_respec_ui_no_lua_errors.rs
  cargo:rerun-if-changed=/home/osso/.worktrees/wow-ui-sim-p902-page/tests/blizzard_azerite_respec_ui_on_hide_clears_interaction.rs
  cargo:rerun-if-changed=/home/osso/.worktrees/wow-ui-sim-p902-page/tests/blizzard_azerite_respec_ui_on_show_plays_sound.rs
  cargo:rerun-if-changed=/home/osso/.worktrees/wow-ui-sim-p902-page/tests/blizzard_azerite_respec_ui_selection_event_clears_slot.rs
  cargo:rerun-if-changed=/home/osso/.worktrees/wow-ui-sim-p902-page/tests/blizzard_azerite_respec_ui_set_respec_item_slot_clear.rs
  cargo:rerun-if-changed=/home/osso/.worktrees/wow-ui-sim-p902-page/tests/blizzard_azerite_respec_ui_set_respec_item_validates.rs
  cargo:rerun-if-changed=/home/osso/.worktrees/wow-ui-sim-p902-page/tests/blizzard_azerite_respec_ui_show_failed_func_routes.rs
  cargo:rerun-if-changed=/home/osso/.worktrees/wow-ui-sim-p902-page/tests/blizzard_azerite_respec_ui_uipanel_registration.rs
  cargo:rerun-if-changed=/home/osso/.worktrees/wow-ui-sim-p902-page/tests/blizzard_azerite_respec_ui_update_money_reads_cost.rs
  cargo:rerun-if-changed=/home/osso/.worktrees/wow-ui-sim-p902-page/tests/blizzard_battlefield_map_loads.rs
  cargo:rerun-if-changed=/home/osso/.worktrees/wow-ui-sim-p902-page/tests/blizzard_behavioral_messaging_loads.rs
  cargo:rerun-if-changed=/home/osso/.worktrees/wow-ui-sim-p902-page/tests/blizzard_black_market_ui_loads.rs
  cargo:rerun-if-changed=/home/osso/.worktrees/wow-ui-sim-p902-page/tests/blizzard_bnet_loads.rs
  cargo:rerun-if-changed=/home/osso/.worktrees/wow-ui-sim-p902-page/tests/blizzard_boost_tutorial_loads.rs
  cargo:rerun-if-changed=/home/osso/.worktrees/wow-ui-sim-p902-page/tests/blizzard_buff_frame_loads.rs
  cargo:rerun-if-changed=/home/osso/.worktrees/wow-ui-sim-p902-page/tests/blizzard_calendar_loads.rs
  cargo:rerun-if-changed=/home/osso/.worktrees/wow-ui-sim-p902-page/tests/blizzard_catalog_shop_loads.rs
  cargo:rerun-if-changed=/home/osso/.worktrees/wow-ui-sim-p902-page/tests/blizzard_catalog_shop_refund_flow_loads.rs
  cargo:rerun-if-changed=/home/osso/.worktrees/wow-ui-sim-p902-page/tests/blizzard_catalog_shop_shared_templates_loads.rs
  cargo:rerun-if-changed=/home/osso/.worktrees/wow-ui-sim-p902-page/tests/blizzard_catalog_shop_shared_util_loads.rs
  cargo:rerun-if-changed=/home/osso/.worktrees/wow-ui-sim-p902-page/tests/blizzard_catalog_shop_top_up_flow_loads.rs
  cargo:rerun-if-changed=/home/osso/.worktrees/wow-ui-sim-p902-page/tests/blizzard_challenges_ui_loads.rs
  cargo:rerun-if-changed=/home/osso/.worktrees/wow-ui-sim-p902-page/tests/blizzard_channels_loads.rs
  cargo:rerun-if-changed=/home/osso/.worktrees/wow-ui-sim-p902-page/tests/blizzard_character_create_loads.rs
  cargo:rerun-if-changed=/home/osso/.worktrees/wow-ui-sim-p902-page/tests/blizzard_character_customize_loads.rs
  cargo:rerun-if-changed=/home/osso/.worktrees/wow-ui-sim-p902-page/tests/blizzard_character_select_nav_bar_loads.rs
  cargo:rerun-if-changed=/home/osso/.worktrees/wow-ui-sim-p902-page/tests/blizzard_chat_frame_base_loads.rs
  cargo:rerun-if-changed=/home/osso/.worktrees/wow-ui-sim-p902-page/tests/blizzard_chat_frame_loads.rs
  cargo:rerun-if-changed=/home/osso/.worktrees/wow-ui-sim-p902-page/tests/blizzard_chat_frame_util_loads.rs
  cargo:rerun-if-changed=/home/osso/.worktrees/wow-ui-sim-p902-page/tests/blizzard_chromie_time_ui_loads.rs
  cargo:rerun-if-changed=/home/osso/.worktrees/wow-ui-sim-p902-page/tests/blizzard_class_menu_loads.rs
  cargo:rerun-if-changed=/home/osso/.worktrees/wow-ui-sim-p902-page/tests/blizzard_class_trial_loads.rs
  cargo:rerun-if-changed=/home/osso/.worktrees/wow-ui-sim-p902-page/tests/blizzard_class_trial_secure_loads.rs
  cargo:rerun-if-changed=/home/osso/.worktrees/wow-ui-sim-p902-page/tests/blizzard_click_binding_ui_loads.rs
  cargo:rerun-if-changed=/home/osso/.worktrees/wow-ui-sim-p902-page/tests/blizzard_client_saved_variables_loads.rs
  cargo:rerun-if-changed=/home/osso/.worktrees/wow-ui-sim-p902-page/tests/blizzard_code_of_conduct_loads.rs
  cargo:rerun-if-changed=/home/osso/.worktrees/wow-ui-sim-p902-page/tests/blizzard_collections_loads.rs
  cargo:rerun-if-changed=/home/osso/.worktrees/wow-ui-sim-p902-page/tests/blizzard_colors_loads.rs
  cargo:rerun-if-changed=/home/osso/.worktrees/wow-ui-sim-p902-page/tests/blizzard_combat_audio_alerts_loads.rs
  cargo:rerun-if-changed=/home/osso/.worktrees/wow-ui-sim-p902-page/tests/blizzard_combat_log_base_loads.rs
  cargo:rerun-if-changed=/home/osso/.worktrees/wow-ui-sim-p902-page/tests/blizzard_combat_log_loads.rs
  cargo:rerun-if-changed=/home/osso/.worktrees/wow-ui-sim-p902-page/tests/blizzard_combat_log_processor_loads.rs
  cargo:rerun-if-changed=/home/osso/.worktrees/wow-ui-sim-p902-page/tests/blizzard_combat_text_loads.rs
  cargo:rerun-if-changed=/home/osso/.worktrees/wow-ui-sim-p902-page/tests/blizzard_command_line_util_loads.rs
  cargo:rerun-if-changed=/home/osso/.worktrees/wow-ui-sim-p902-page/tests/blizzard_commentator_loads.rs
  cargo:rerun-if-changed=/home/osso/.worktrees/wow-ui-sim-p902-page/tests/blizzard_communities_loads.rs
  cargo:rerun-if-changed=/home/osso/.worktrees/wow-ui-sim-p902-page/tests/blizzard_communities_secure_loads.rs
  cargo:rerun-if-changed=/home/osso/.worktrees/wow-ui-sim-p902-page/tests/blizzard_compact_raid_frames_loads.rs
  cargo:rerun-if-changed=/home/osso/.worktrees/wow-ui-sim-p902-page/tests/blizzard_console_loads.rs
  cargo:rerun-if-changed=/home/osso/.worktrees/wow-ui-sim-p902-page/tests/blizzard_content_tracking_loads.rs
  cargo:rerun-if-changed=/home/osso/.worktrees/wow-ui-sim-p902-page/tests/blizzard_contribution_loads.rs
  cargo:rerun-if-changed=/home/osso/.worktrees/wow-ui-sim-p902-page/tests/blizzard_cooldown_broadcaster_loads.rs
  cargo:rerun-if-changed=/home/osso/.worktrees/wow-ui-sim-p902-page/tests/blizzard_cooldown_viewer_loads.rs
  cargo:rerun-if-changed=/home/osso/.worktrees/wow-ui-sim-p902-page/tests/blizzard_core_frame_lane.rs
  cargo:rerun-if-changed=/home/osso/.worktrees/wow-ui-sim-p902-page/tests/blizzard_covenant_callings_loads.rs
  cargo:rerun-if-changed=/home/osso/.worktrees/wow-ui-sim-p902-page/tests/blizzard_covenant_preview_ui_loads.rs
  cargo:rerun-if-changed=/home/osso/.worktrees/wow-ui-sim-p902-page/tests/blizzard_covenant_renown_loads.rs
  cargo:rerun-if-changed=/home/osso/.worktrees/wow-ui-sim-p902-page/tests/blizzard_covenant_sanctum_loads.rs
  cargo:rerun-if-changed=/home/osso/.worktrees/wow-ui-sim-p902-page/tests/blizzard_covenant_toasts_loads.rs
  cargo:rerun-if-changed=/home/osso/.worktrees/wow-ui-sim-p902-page/tests/blizzard_cuf_profiles_loads.rs
  cargo:rerun-if-changed=/home/osso/.worktrees/wow-ui-sim-p902-page/tests/blizzard_customization_ui_loads.rs
  cargo:rerun-if-changed=/home/osso/.worktrees/wow-ui-sim-p902-page/tests/blizzard_damage_meter_loads.rs
  cargo:rerun-if-changed=/home/osso/.worktrees/wow-ui-sim-p902-page/tests/blizzard_death_recap_loads.rs
  cargo:rerun-if-changed=/home/osso/.worktrees/wow-ui-sim-p902-page/tests/blizzard_debug_tools_loads.rs
  cargo:rerun-if-changed=/home/osso/.worktrees/wow-ui-sim-p902-page/tests/blizzard_declension_frame_glue_loads.rs
  cargo:rerun-if-changed=/home/osso/.worktrees/wow-ui-sim-p902-page/tests/blizzard_declension_frame_loads.rs
  cargo:rerun-if-changed=/home/osso/.worktrees/wow-ui-sim-p902-page/tests/blizzard_delves_companion_configuration_loads.rs
  cargo:rerun-if-changed=/home/osso/.worktrees/wow-ui-sim-p902-page/tests/blizzard_delves_difficulty_picker_loads.rs
  cargo:rerun-if-changed=/home/osso/.worktrees/wow-ui-sim-p902-page/tests/blizzard_delves_toast_loads.rs
  cargo:rerun-if-changed=/home/osso/.worktrees/wow-ui-sim-p902-page/tests/blizzard_deprecated_action_bar_loads.rs
  cargo:rerun-if-changed=/home/osso/.worktrees/wow-ui-sim-p902-page/tests/blizzard_deprecated_arena_ui_loads.rs
  cargo:rerun-if-changed=/home/osso/.worktrees/wow-ui-sim-p902-page/tests/blizzard_deprecated_auto_complete_loads.rs
  cargo:rerun-if-changed=/home/osso/.worktrees/wow-ui-sim-p902-page/tests/blizzard_deprecated_battle_net_loads.rs
  cargo:rerun-if-changed=/home/osso/.worktrees/wow-ui-sim-p902-page/tests/blizzard_deprecated_chat_info_loads.rs
  cargo:rerun-if-changed=/home/osso/.worktrees/wow-ui-sim-p902-page/tests/blizzard_deprecated_combat_log_loads.rs
  cargo:rerun-if-changed=/home/osso/.worktrees/wow-ui-sim-p902-page/tests/blizzard_deprecated_currency_script_loads.rs
  cargo:rerun-if-changed=/home/osso/.worktrees/wow-ui-sim-p902-page/tests/blizzard_deprecated_glue_loads.rs
  cargo:rerun-if-changed=/home/osso/.worktrees/wow-ui-sim-p902-page/tests/blizzard_deprecated_guild_script_loads.rs
  cargo:rerun-if-changed=/home/osso/.worktrees/wow-ui-sim-p902-page/tests/blizzard_deprecated_housing_catalog_loads.rs
  cargo:rerun-if-changed=/home/osso/.worktrees/wow-ui-sim-p902-page/tests/blizzard_deprecated_instance_encounter_loads.rs
  cargo:rerun-if-changed=/home/osso/.worktrees/wow-ui-sim-p902-page/tests/blizzard_deprecated_item_script_loads.rs
  cargo:rerun-if-changed=/home/osso/.worktrees/wow-ui-sim-p902-page/tests/blizzard_deprecated_item_socket_info_loads.rs
  cargo:rerun-if-changed=/home/osso/.worktrees/wow-ui-sim-p902-page/tests/blizzard_deprecated_lfg_loads.rs
  cargo:rerun-if-changed=/home/osso/.worktrees/wow-ui-sim-p902-page/tests/blizzard_deprecated_loads.rs
  cargo:rerun-if-changed=/home/osso/.worktrees/wow-ui-sim-p902-page/tests/blizzard_deprecated_pet_info_loads.rs
  cargo:rerun-if-changed=/home/osso/.worktrees/wow-ui-sim-p902-page/tests/blizzard_deprecated_pvp_script_loads.rs
  cargo:rerun-if-changed=/home/osso/.worktrees/wow-ui-sim-p902-page/tests/blizzard_deprecated_sound_script_loads.rs
  cargo:rerun-if-changed=/home/osso/.worktrees/wow-ui-sim-p902-page/tests/blizzard_deprecated_specialization_loads.rs
  cargo:rerun-if-changed=/home/osso/.worktrees/wow-ui-sim-p902-page/tests/blizzard_deprecated_spell_book_loads.rs
  cargo:rerun-if-changed=/home/osso/.worktrees/wow-ui-sim-p902-page/tests/blizzard_deprecated_spell_script_loads.rs
  cargo:rerun-if-changed=/home/osso/.worktrees/wow-ui-sim-p902-page/tests/blizzard_deprecated_trade_info_loads.rs
  cargo:rerun-if-changed=/home/osso/.worktrees/wow-ui-sim-p902-page/tests/blizzard_deprecated_unit_script_loads.rs
  cargo:rerun-if-changed=/home/osso/.worktrees/wow-ui-sim-p902-page/tests/blizzard_deprecated_world_elapsed_timer_types_loads.rs
  cargo:rerun-if-changed=/home/osso/.worktrees/wow-ui-sim-p902-page/tests/blizzard_dispatcher_loads.rs
  cargo:rerun-if-changed=/home/osso/.worktrees/wow-ui-sim-p902-page/tests/blizzard_durability_frame_loads.rs
  cargo:rerun-if-changed=/home/osso/.worktrees/wow-ui-sim-p902-page/tests/blizzard_edit_mode_loads.rs
  cargo:rerun-if-changed=/home/osso/.worktrees/wow-ui-sim-p902-page/tests/blizzard_encounter_journal_loads.rs
  cargo:rerun-if-changed=/home/osso/.worktrees/wow-ui-sim-p902-page/tests/blizzard_encounter_timeline_loads.rs
  cargo:rerun-if-changed=/home/osso/.worktrees/wow-ui-sim-p902-page/tests/blizzard_encounter_warnings_loads.rs
  cargo:rerun-if-changed=/home/osso/.worktrees/wow-ui-sim-p902-page/tests/blizzard_end_of_match_ui_loads.rs
  cargo:rerun-if-changed=/home/osso/.worktrees/wow-ui-sim-p902-page/tests/blizzard_environment_cleanup_loads.rs
  cargo:rerun-if-changed=/home/osso/.worktrees/wow-ui-sim-p902-page/tests/blizzard_event_trace_loads.rs
  cargo:rerun-if-changed=/home/osso/.worktrees/wow-ui-sim-p902-page/tests/blizzard_expansion_trial_loads.rs
  cargo:rerun-if-changed=/home/osso/.worktrees/wow-ui-sim-p902-page/tests/blizzard_flight_map_loads.rs
  cargo:rerun-if-changed=/home/osso/.worktrees/wow-ui-sim-p902-page/tests/blizzard_flyout_loads.rs
  cargo:rerun-if-changed=/home/osso/.worktrees/wow-ui-sim-p902-page/tests/blizzard_fonts_shared_loads.rs
  cargo:rerun-if-changed=/home/osso/.worktrees/wow-ui-sim-p902-page/tests/blizzard_foundation_lane.rs
  cargo:rerun-if-changed=/home/osso/.worktrees/wow-ui-sim-p902-page/tests/blizzard_frame_effects_loads.rs
  cargo:rerun-if-changed=/home/osso/.worktrees/wow-ui-sim-p902-page/tests/blizzard_frame_stack_loads.rs
  cargo:rerun-if-changed=/home/osso/.worktrees/wow-ui-sim-p902-page/tests/blizzard_frame_xml_base_loads.rs
  cargo:rerun-if-changed=/home/osso/.worktrees/wow-ui-sim-p902-page/tests/blizzard_frame_xml_loads.rs
  cargo:rerun-if-changed=/home/osso/.worktrees/wow-ui-sim-p902-page/tests/blizzard_frame_xml_util_loads.rs
  cargo:rerun-if-changed=/home/osso/.worktrees/wow-ui-sim-p902-page/tests/blizzard_framerate_frame_loads.rs
  cargo:rerun-if-changed=/home/osso/.worktrees/wow-ui-sim-p902-page/tests/blizzard_friends_frame_loads.rs
  cargo:rerun-if-changed=/home/osso/.worktrees/wow-ui-sim-p902-page/tests/blizzard_game_menu_loads.rs
  cargo:rerun-if-changed=/home/osso/.worktrees/wow-ui-sim-p902-page/tests/blizzard_game_mode_select_loads.rs
  cargo:rerun-if-changed=/home/osso/.worktrees/wow-ui-sim-p902-page/tests/blizzard_game_tooltip_loads.rs
  cargo:rerun-if-changed=/home/osso/.worktrees/wow-ui-sim-p902-page/tests/blizzard_garrison_base_loads.rs
  cargo:rerun-if-changed=/home/osso/.worktrees/wow-ui-sim-p902-page/tests/blizzard_garrison_templates_loads.rs
  cargo:rerun-if-changed=/home/osso/.worktrees/wow-ui-sim-p902-page/tests/blizzard_garrison_ui_loads.rs
  cargo:rerun-if-changed=/home/osso/.worktrees/wow-ui-sim-p902-page/tests/blizzard_generic_shopping_cart_loads.rs
  cargo:rerun-if-changed=/home/osso/.worktrees/wow-ui-sim-p902-page/tests/blizzard_generic_trait_ui_loads.rs
  cargo:rerun-if-changed=/home/osso/.worktrees/wow-ui-sim-p902-page/tests/blizzard_global_fx_model_scenes_loads.rs
  cargo:rerun-if-changed=/home/osso/.worktrees/wow-ui-sim-p902-page/tests/blizzard_glue_collections_loads.rs
  cargo:rerun-if-changed=/home/osso/.worktrees/wow-ui-sim-p902-page/tests/blizzard_glue_menu_frame_loads.rs
  cargo:rerun-if-changed=/home/osso/.worktrees/wow-ui-sim-p902-page/tests/blizzard_glue_parent_loads.rs
  cargo:rerun-if-changed=/home/osso/.worktrees/wow-ui-sim-p902-page/tests/blizzard_glue_saved_variables_loads.rs
  cargo:rerun-if-changed=/home/osso/.worktrees/wow-ui-sim-p902-page/tests/blizzard_glue_stubs_loads.rs
  cargo:rerun-if-changed=/home/osso/.worktrees/wow-ui-sim-p902-page/tests/blizzard_glue_xml_base_loads.rs
  cargo:rerun-if-changed=/home/osso/.worktrees/wow-ui-sim-p902-page/tests/blizzard_glue_xml_loads.rs
  cargo:rerun-if-changed=/home/osso/.worktrees/wow-ui-sim-p902-page/tests/blizzard_gm_chat_ui_loads.rs
  cargo:rerun-if-changed=/home/osso/.worktrees/wow-ui-sim-p902-page/tests/blizzard_group_finder_loads.rs
  cargo:rerun-if-changed=/home/osso/.worktrees/wow-ui-sim-p902-page/tests/blizzard_guild_bank_ui_loads.rs
  cargo:rerun-if-changed=/home/osso/.worktrees/wow-ui-sim-p902-page/tests/blizzard_guild_control_ui_loads.rs
  cargo:rerun-if-changed=/home/osso/.worktrees/wow-ui-sim-p902-page/tests/blizzard_guild_rename_loads.rs
  cargo:rerun-if-changed=/home/osso/.worktrees/wow-ui-sim-p902-page/tests/blizzard_help_frame_loads.rs
  cargo:rerun-if-changed=/home/osso/.worktrees/wow-ui-sim-p902-page/tests/blizzard_help_plate_loads.rs
  cargo:rerun-if-changed=/home/osso/.worktrees/wow-ui-sim-p902-page/tests/blizzard_house_editor_loads.rs
  cargo:rerun-if-changed=/home/osso/.worktrees/wow-ui-sim-p902-page/tests/blizzard_house_list_loads.rs
  cargo:rerun-if-changed=/home/osso/.worktrees/wow-ui-sim-p902-page/tests/blizzard_housing_bulletin_board_loads.rs
  cargo:rerun-if-changed=/home/osso/.worktrees/wow-ui-sim-p902-page/tests/blizzard_housing_charter_loads.rs
  cargo:rerun-if-changed=/home/osso/.worktrees/wow-ui-sim-p902-page/tests/blizzard_housing_controls_loads.rs
  cargo:rerun-if-changed=/home/osso/.worktrees/wow-ui-sim-p902-page/tests/blizzard_housing_cornerstone_loads.rs
  cargo:rerun-if-changed=/home/osso/.worktrees/wow-ui-sim-p902-page/tests/blizzard_housing_create_neighborhood_loads.rs
  cargo:rerun-if-changed=/home/osso/.worktrees/wow-ui-sim-p902-page/tests/blizzard_housing_dashboard_loads.rs
  cargo:rerun-if-changed=/home/osso/.worktrees/wow-ui-sim-p902-page/tests/blizzard_housing_event_handler_loads.rs
  cargo:rerun-if-changed=/home/osso/.worktrees/wow-ui-sim-p902-page/tests/blizzard_housing_house_finder_loads.rs
  cargo:rerun-if-changed=/home/osso/.worktrees/wow-ui-sim-p902-page/tests/blizzard_housing_house_settings_loads.rs
  cargo:rerun-if-changed=/home/osso/.worktrees/wow-ui-sim-p902-page/tests/blizzard_housing_inspect_mode_ui_loads.rs
  cargo:rerun-if-changed=/home/osso/.worktrees/wow-ui-sim-p902-page/tests/blizzard_housing_market_cart_loads.rs
  cargo:rerun-if-changed=/home/osso/.worktrees/wow-ui-sim-p902-page/tests/blizzard_housing_model_preview_loads.rs
  cargo:rerun-if-changed=/home/osso/.worktrees/wow-ui-sim-p902-page/tests/blizzard_housing_templates_loads.rs
  cargo:rerun-if-changed=/home/osso/.worktrees/wow-ui-sim-p902-page/tests/blizzard_housing_tutorials_loads.rs
  cargo:rerun-if-changed=/home/osso/.worktrees/wow-ui-sim-p902-page/tests/blizzard_hud_inventory_templates_loads.rs
  cargo:rerun-if-changed=/home/osso/.worktrees/wow-ui-sim-p902-page/tests/blizzard_hybrid_minimap_loads.rs
  cargo:rerun-if-changed=/home/osso/.worktrees/wow-ui-sim-p902-page/tests/blizzard_ime_loads.rs
  cargo:rerun-if-changed=/home/osso/.worktrees/wow-ui-sim-p902-page/tests/blizzard_inspect_ui_loads.rs
  cargo:rerun-if-changed=/home/osso/.worktrees/wow-ui-sim-p902-page/tests/blizzard_interaction_lane.rs
  cargo:rerun-if-changed=/home/osso/.worktrees/wow-ui-sim-p902-page/tests/blizzard_islands_party_pose_ui_loads.rs
  cargo:rerun-if-changed=/home/osso/.worktrees/wow-ui-sim-p902-page/tests/blizzard_islands_queue_ui_loads.rs
  cargo:rerun-if-changed=/home/osso/.worktrees/wow-ui-sim-p902-page/tests/blizzard_item_belt_frame_loads.rs
  cargo:rerun-if-changed=/home/osso/.worktrees/wow-ui-sim-p902-page/tests/blizzard_item_button_loads.rs
  cargo:rerun-if-changed=/home/osso/.worktrees/wow-ui-sim-p902-page/tests/blizzard_item_interaction_ui_loads.rs
  cargo:rerun-if-changed=/home/osso/.worktrees/wow-ui-sim-p902-page/tests/blizzard_item_socketing_ui_loads.rs
  cargo:rerun-if-changed=/home/osso/.worktrees/wow-ui-sim-p902-page/tests/blizzard_item_upgrade_ui_loads.rs
  cargo:rerun-if-changed=/home/osso/.worktrees/wow-ui-sim-p902-page/tests/blizzard_kiosk_loads.rs
  cargo:rerun-if-changed=/home/osso/.worktrees/wow-ui-sim-p902-page/tests/blizzard_landing_soulbinds_loads.rs
  cargo:rerun-if-changed=/home/osso/.worktrees/wow-ui-sim-p902-page/tests/blizzard_level_up_display_loads.rs
  cargo:rerun-if-changed=/home/osso/.worktrees/wow-ui-sim-p902-page/tests/blizzard_load_locale_loads.rs
  cargo:rerun-if-changed=/home/osso/.worktrees/wow-ui-sim-p902-page/tests/blizzard_login_warning_dialogs_loads.rs
  cargo:rerun-if-changed=/home/osso/.worktrees/wow-ui-sim-p902-page/tests/blizzard_loot_history_loads.rs
  cargo:rerun-if-changed=/home/osso/.worktrees/wow-ui-sim-p902-page/tests/blizzard_macro_ui_loads.rs
  cargo:rerun-if-changed=/home/osso/.worktrees/wow-ui-sim-p902-page/tests/blizzard_mail_frame_loads.rs
  cargo:rerun-if-changed=/home/osso/.worktrees/wow-ui-sim-p902-page/tests/blizzard_main_menu_bar_bag_buttons_loads.rs
  cargo:rerun-if-changed=/home/osso/.worktrees/wow-ui-sim-p902-page/tests/blizzard_major_factions_loads/support.rs
  cargo:rerun-if-changed=/home/osso/.worktrees/wow-ui-sim-p902-page/tests/blizzard_major_factions_loads.rs
  cargo:rerun-if-changed=/home/osso/.worktrees/wow-ui-sim-p902-page/tests/blizzard_map_canvas_loads/support.rs
  cargo:rerun-if-changed=/home/osso/.worktrees/wow-ui-sim-p902-page/tests/blizzard_map_canvas_loads.rs
  cargo:rerun-if-changed=/home/osso/.worktrees/wow-ui-sim-p902-page/tests/blizzard_map_canvas_secure_util_loads.rs
  cargo:rerun-if-changed=/home/osso/.worktrees/wow-ui-sim-p902-page/tests/blizzard_map_lane.rs
  cargo:rerun-if-changed=/home/osso/.worktrees/wow-ui-sim-p902-page/tests/blizzard_match_celebration_party_pose_ui_loads.rs
  cargo:rerun-if-changed=/home/osso/.worktrees/wow-ui-sim-p902-page/tests/blizzard_matchmaking_queue_display_loads.rs
  cargo:rerun-if-changed=/home/osso/.worktrees/wow-ui-sim-p902-page/tests/blizzard_maw_buffs_loads.rs
  cargo:rerun-if-changed=/home/osso/.worktrees/wow-ui-sim-p902-page/tests/blizzard_menu_loads.rs
  cargo:rerun-if-changed=/home/osso/.worktrees/wow-ui-sim-p902-page/tests/blizzard_micro_menu_loads.rs
  cargo:rerun-if-changed=/home/osso/.worktrees/wow-ui-sim-p902-page/tests/blizzard_minimap_loads.rs
  cargo:rerun-if-changed=/home/osso/.worktrees/wow-ui-sim-p902-page/tests/blizzard_mirror_timer_loads.rs
  cargo:rerun-if-changed=/home/osso/.worktrees/wow-ui-sim-p902-page/tests/blizzard_money_frame_loads.rs
  cargo:rerun-if-changed=/home/osso/.worktrees/wow-ui-sim-p902-page/tests/blizzard_money_receipt_loads.rs
  cargo:rerun-if-changed=/home/osso/.worktrees/wow-ui-sim-p902-page/tests/blizzard_move_pad_loads.rs
  cargo:rerun-if-changed=/home/osso/.worktrees/wow-ui-sim-p902-page/tests/blizzard_nameplates_loads.rs
  cargo:rerun-if-changed=/home/osso/.worktrees/wow-ui-sim-p902-page/tests/blizzard_new_player_experience_guide_loads.rs
  cargo:rerun-if-changed=/home/osso/.worktrees/wow-ui-sim-p902-page/tests/blizzard_new_player_experience_loads.rs
  cargo:rerun-if-changed=/home/osso/.worktrees/wow-ui-sim-p902-page/tests/blizzard_notification_loads.rs
  cargo:rerun-if-changed=/home/osso/.worktrees/wow-ui-sim-p902-page/tests/blizzard_object_api_loads.rs
  cargo:rerun-if-changed=/home/osso/.worktrees/wow-ui-sim-p902-page/tests/blizzard_objective_tracker_loads.rs
  cargo:rerun-if-changed=/home/osso/.worktrees/wow-ui-sim-p902-page/tests/blizzard_obliterum_ui_loads.rs
  cargo:rerun-if-changed=/home/osso/.worktrees/wow-ui-sim-p902-page/tests/blizzard_order_hall_ui_loads.rs
  cargo:rerun-if-changed=/home/osso/.worktrees/wow-ui-sim-p902-page/tests/blizzard_override_action_bar_loads.rs
  cargo:rerun-if-changed=/home/osso/.worktrees/wow-ui-sim-p902-page/tests/blizzard_paged_content_loads.rs
  cargo:rerun-if-changed=/home/osso/.worktrees/wow-ui-sim-p902-page/tests/blizzard_party_pose_ui_loads.rs
  cargo:rerun-if-changed=/home/osso/.worktrees/wow-ui-sim-p902-page/tests/blizzard_performance_bar_loads.rs
  cargo:rerun-if-changed=/home/osso/.worktrees/wow-ui-sim-p902-page/tests/blizzard_perks_program_loads.rs
  cargo:rerun-if-changed=/home/osso/.worktrees/wow-ui-sim-p902-page/tests/blizzard_personal_resource_display_loads.rs
  cargo:rerun-if-changed=/home/osso/.worktrees/wow-ui-sim-p902-page/tests/blizzard_pet_battle_ui_loads.rs
  cargo:rerun-if-changed=/home/osso/.worktrees/wow-ui-sim-p902-page/tests/blizzard_photo_sharing_loads.rs
  cargo:rerun-if-changed=/home/osso/.worktrees/wow-ui-sim-p902-page/tests/blizzard_ping_ui_loads.rs
  cargo:rerun-if-changed=/home/osso/.worktrees/wow-ui-sim-p902-page/tests/blizzard_player_choice_loads.rs
  cargo:rerun-if-changed=/home/osso/.worktrees/wow-ui-sim-p902-page/tests/blizzard_player_spells_loads.rs
  cargo:rerun-if-changed=/home/osso/.worktrees/wow-ui-sim-p902-page/tests/blizzard_plunderstorm_basics_loads.rs
  cargo:rerun-if-changed=/home/osso/.worktrees/wow-ui-sim-p902-page/tests/blizzard_plunderstorm_prematch_ui_loads.rs
  cargo:rerun-if-changed=/home/osso/.worktrees/wow-ui-sim-p902-page/tests/blizzard_poi_button_loads.rs
  cargo:rerun-if-changed=/home/osso/.worktrees/wow-ui-sim-p902-page/tests/blizzard_print_handler_loads.rs
  cargo:rerun-if-changed=/home/osso/.worktrees/wow-ui-sim-p902-page/tests/blizzard_private_auras_ui_loads.rs
  cargo:rerun-if-changed=/home/osso/.worktrees/wow-ui-sim-p902-page/tests/blizzard_professions_book_loads.rs
  cargo:rerun-if-changed=/home/osso/.worktrees/wow-ui-sim-p902-page/tests/blizzard_professions_customer_orders_loads.rs
  cargo:rerun-if-changed=/home/osso/.worktrees/wow-ui-sim-p902-page/tests/blizzard_professions_loads.rs
  cargo:rerun-if-changed=/home/osso/.worktrees/wow-ui-sim-p902-page/tests/blizzard_professions_templates_loads.rs
  cargo:rerun-if-changed=/home/osso/.worktrees/wow-ui-sim-p902-page/tests/blizzard_progression_lane.rs
  cargo:rerun-if-changed=/home/osso/.worktrees/wow-ui-sim-p902-page/tests/blizzard_ptr_feedback_glue_loads.rs
  cargo:rerun-if-changed=/home/osso/.worktrees/wow-ui-sim-p902-page/tests/blizzard_ptr_feedback_loads.rs
  cargo:rerun-if-changed=/home/osso/.worktrees/wow-ui-sim-p902-page/tests/blizzard_pvp_match_loads.rs
  cargo:rerun-if-changed=/home/osso/.worktrees/wow-ui-sim-p902-page/tests/blizzard_pvp_ui_loads.rs
  cargo:rerun-if-changed=/home/osso/.worktrees/wow-ui-sim-p902-page/tests/blizzard_quest_navigation_loads.rs
  cargo:rerun-if-changed=/home/osso/.worktrees/wow-ui-sim-p902-page/tests/blizzard_quest_timer_loads.rs
  cargo:rerun-if-changed=/home/osso/.worktrees/wow-ui-sim-p902-page/tests/blizzard_queue_status_frame_loads.rs
  cargo:rerun-if-changed=/home/osso/.worktrees/wow-ui-sim-p902-page/tests/blizzard_quick_join_loads.rs
  cargo:rerun-if-changed=/home/osso/.worktrees/wow-ui-sim-p902-page/tests/blizzard_quick_keybind_loads.rs
  cargo:rerun-if-changed=/home/osso/.worktrees/wow-ui-sim-p902-page/tests/blizzard_raid_frame_loads.rs
  cargo:rerun-if-changed=/home/osso/.worktrees/wow-ui-sim-p902-page/tests/blizzard_raid_ui_loads.rs
  cargo:rerun-if-changed=/home/osso/.worktrees/wow-ui-sim-p902-page/tests/blizzard_recent_allies_loads.rs
  cargo:rerun-if-changed=/home/osso/.worktrees/wow-ui-sim-p902-page/tests/blizzard_recruit_a_friend_loads.rs
  cargo:rerun-if-changed=/home/osso/.worktrees/wow-ui-sim-p902-page/tests/blizzard_reforging_ui_loads.rs
  cargo:rerun-if-changed=/home/osso/.worktrees/wow-ui-sim-p902-page/tests/blizzard_remix_artifact_tutorial_ui_loads.rs
  cargo:rerun-if-changed=/home/osso/.worktrees/wow-ui-sim-p902-page/tests/blizzard_remix_artifact_ui_loads.rs
  cargo:rerun-if-changed=/home/osso/.worktrees/wow-ui-sim-p902-page/tests/blizzard_report_frame_glue_loads.rs
  cargo:rerun-if-changed=/home/osso/.worktrees/wow-ui-sim-p902-page/tests/blizzard_report_frame_loads.rs
  cargo:rerun-if-changed=/home/osso/.worktrees/wow-ui-sim-p902-page/tests/blizzard_report_frame_shared_loads.rs
  cargo:rerun-if-changed=/home/osso/.worktrees/wow-ui-sim-p902-page/tests/blizzard_restricted_addon_environment_loads.rs
  cargo:rerun-if-changed=/home/osso/.worktrees/wow-ui-sim-p902-page/tests/blizzard_rpe_turn_strafe_loads.rs
  cargo:rerun-if-changed=/home/osso/.worktrees/wow-ui-sim-p902-page/tests/blizzard_runeforge_ui_loads.rs
  cargo:rerun-if-changed=/home/osso/.worktrees/wow-ui-sim-p902-page/tests/blizzard_saved_sets_loads.rs
  cargo:rerun-if-changed=/home/osso/.worktrees/wow-ui-sim-p902-page/tests/blizzard_scrapping_machine_ui_loads.rs
  cargo:rerun-if-changed=/home/osso/.worktrees/wow-ui-sim-p902-page/tests/blizzard_script_errors_frame_loads.rs
  cargo:rerun-if-changed=/home/osso/.worktrees/wow-ui-sim-p902-page/tests/blizzard_script_errors_loads.rs
  cargo:rerun-if-changed=/home/osso/.worktrees/wow-ui-sim-p902-page/tests/blizzard_secure_transfer_ui_loads.rs
  cargo:rerun-if-changed=/home/osso/.worktrees/wow-ui-sim-p902-page/tests/blizzard_selector_ui_loads.rs
  cargo:rerun-if-changed=/home/osso/.worktrees/wow-ui-sim-p902-page/tests/blizzard_settings_definitions_frame_loads.rs
  cargo:rerun-if-changed=/home/osso/.worktrees/wow-ui-sim-p902-page/tests/blizzard_settings_definitions_shared_loads.rs
  cargo:rerun-if-changed=/home/osso/.worktrees/wow-ui-sim-p902-page/tests/blizzard_settings_loads.rs
  cargo:rerun-if-changed=/home/osso/.worktrees/wow-ui-sim-p902-page/tests/blizzard_settings_shared_loads.rs
  cargo:rerun-if-changed=/home/osso/.worktrees/wow-ui-sim-p902-page/tests/blizzard_shared.rs
  cargo:rerun-if-changed=/home/osso/.worktrees/wow-ui-sim-p902-page/tests/blizzard_shared_map_data_providers_loads.rs
  cargo:rerun-if-changed=/home/osso/.worktrees/wow-ui-sim-p902-page/tests/blizzard_shared_talent_ui_loads.rs
  cargo:rerun-if-changed=/home/osso/.worktrees/wow-ui-sim-p902-page/tests/blizzard_shared_widget_frames_loads.rs
  cargo:rerun-if-changed=/home/osso/.worktrees/wow-ui-sim-p902-page/tests/blizzard_shared_xml_base_loads.rs
  cargo:rerun-if-changed=/home/osso/.worktrees/wow-ui-sim-p902-page/tests/blizzard_shared_xml_game_loads.rs
  cargo:rerun-if-changed=/home/osso/.worktrees/wow-ui-sim-p902-page/tests/blizzard_shared_xml_loads.rs
  cargo:rerun-if-changed=/home/osso/.worktrees/wow-ui-sim-p902-page/tests/blizzard_simple_checkout_loads.rs
  cargo:rerun-if-changed=/home/osso/.worktrees/wow-ui-sim-p902-page/tests/blizzard_social_toast_loads.rs
  cargo:rerun-if-changed=/home/osso/.worktrees/wow-ui-sim-p902-page/tests/blizzard_soulbinds_loads.rs
  cargo:rerun-if-changed=/home/osso/.worktrees/wow-ui-sim-p902-page/tests/blizzard_spectate_frame_loads.rs
  cargo:rerun-if-changed=/home/osso/.worktrees/wow-ui-sim-p902-page/tests/blizzard_spell_diminish_ui_loads.rs
  cargo:rerun-if-changed=/home/osso/.worktrees/wow-ui-sim-p902-page/tests/blizzard_spell_pick_up_indicator_loads.rs
  cargo:rerun-if-changed=/home/osso/.worktrees/wow-ui-sim-p902-page/tests/blizzard_spell_search_loads.rs
  cargo:rerun-if-changed=/home/osso/.worktrees/wow-ui-sim-p902-page/tests/blizzard_stable_ui_loads.rs
  cargo:rerun-if-changed=/home/osso/.worktrees/wow-ui-sim-p902-page/tests/blizzard_static_popup_game_loads.rs
  cargo:rerun-if-changed=/home/osso/.worktrees/wow-ui-sim-p902-page/tests/blizzard_static_popup_glue_loads.rs
  cargo:rerun-if-changed=/home/osso/.worktrees/wow-ui-sim-p902-page/tests/blizzard_static_popup_loads.rs
  cargo:rerun-if-changed=/home/osso/.worktrees/wow-ui-sim-p902-page/tests/blizzard_status_ui_loads.rs
  cargo:rerun-if-changed=/home/osso/.worktrees/wow-ui-sim-p902-page/tests/blizzard_store_ui_loads.rs
  cargo:rerun-if-changed=/home/osso/.worktrees/wow-ui-sim-p902-page/tests/blizzard_subscription_interstitial_ui_loads.rs
  cargo:rerun-if-changed=/home/osso/.worktrees/wow-ui-sim-p902-page/tests/blizzard_subtitles_loads.rs
  cargo:rerun-if-changed=/home/osso/.worktrees/wow-ui-sim-p902-page/tests/blizzard_talent_ui_loads.rs
  cargo:rerun-if-changed=/home/osso/.worktrees/wow-ui-sim-p902-page/tests/blizzard_text_status_bar_loads.rs
  cargo:rerun-if-changed=/home/osso/.worktrees/wow-ui-sim-p902-page/tests/blizzard_tiered_entrance_traits_loads.rs
  cargo:rerun-if-changed=/home/osso/.worktrees/wow-ui-sim-p902-page/tests/blizzard_time_manager_loads.rs
  cargo:rerun-if-changed=/home/osso/.worktrees/wow-ui-sim-p902-page/tests/blizzard_timerunning_character_create_loads.rs
  cargo:rerun-if-changed=/home/osso/.worktrees/wow-ui-sim-p902-page/tests/blizzard_timerunning_util_loads.rs
  cargo:rerun-if-changed=/home/osso/.worktrees/wow-ui-sim-p902-page/tests/blizzard_token_ui_loads.rs
  cargo:rerun-if-changed=/home/osso/.worktrees/wow-ui-sim-p902-page/tests/blizzard_torghast_level_picker_loads.rs
  cargo:rerun-if-changed=/home/osso/.worktrees/wow-ui-sim-p902-page/tests/blizzard_trainer_ui_loads.rs
  cargo:rerun-if-changed=/home/osso/.worktrees/wow-ui-sim-p902-page/tests/blizzard_transform_manipulator_loads.rs
  cargo:rerun-if-changed=/home/osso/.worktrees/wow-ui-sim-p902-page/tests/blizzard_transform_tree_loads.rs
  cargo:rerun-if-changed=/home/osso/.worktrees/wow-ui-sim-p902-page/tests/blizzard_transmog_loads.rs
  cargo:rerun-if-changed=/home/osso/.worktrees/wow-ui-sim-p902-page/tests/blizzard_transmog_shared_loads.rs
  cargo:rerun-if-changed=/home/osso/.worktrees/wow-ui-sim-p902-page/tests/blizzard_tutorial_manager_loads.rs
  cargo:rerun-if-changed=/home/osso/.worktrees/wow-ui-sim-p902-page/tests/blizzard_tutorials_loads.rs
  cargo:rerun-if-changed=/home/osso/.worktrees/wow-ui-sim-p902-page/tests/blizzard_ui/blizzard_accessibilitytemplates/behavior_text_size_manager.rs
  cargo:rerun-if-changed=/home/osso/.worktrees/wow-ui-sim-p902-page/tests/blizzard_ui/blizzard_accessibilitytemplates/behavior_theme_update.rs
  cargo:rerun-if-changed=/home/osso/.worktrees/wow-ui-sim-p902-page/tests/blizzard_ui/blizzard_accessibilitytemplates/behavior_user_scaled_element.rs
  cargo:rerun-if-changed=/home/osso/.worktrees/wow-ui-sim-p902-page/tests/blizzard_ui/blizzard_accessibilitytemplates/load.rs
  cargo:rerun-if-changed=/home/osso/.worktrees/wow-ui-sim-p902-page/tests/blizzard_ui/blizzard_accessibilitytemplates/surface_frames.rs
  cargo:rerun-if-changed=/home/osso/.worktrees/wow-ui-sim-p902-page/tests/blizzard_ui/blizzard_accessibilitytemplates/surface_globals.rs
  cargo:rerun-if-changed=/home/osso/.worktrees/wow-ui-sim-p902-page/tests/blizzard_ui/blizzard_accessibilitytemplates/surface_mixins.rs
  cargo:rerun-if-changed=/home/osso/.worktrees/wow-ui-sim-p902-page/tests/blizzard_ui/blizzard_accountsaveui/behavior_account_state_disabled.rs
  cargo:rerun-if-changed=/home/osso/.worktrees/wow-ui-sim-p902-page/tests/blizzard_ui/blizzard_accountsaveui/behavior_account_state_locked.rs
  cargo:rerun-if-changed=/home/osso/.worktrees/wow-ui-sim-p902-page/tests/blizzard_ui/blizzard_accountsaveui/behavior_account_state_unlocked.rs
  cargo:rerun-if-changed=/home/osso/.worktrees/wow-ui-sim-p902-page/tests/blizzard_ui/blizzard_accountsaveui/behavior_editbox_keys.rs
  cargo:rerun-if-changed=/home/osso/.worktrees/wow-ui-sim-p902-page/tests/blizzard_ui/blizzard_accountsaveui/behavior_lock_string_match.rs
  cargo:rerun-if-changed=/home/osso/.worktrees/wow-ui-sim-p902-page/tests/blizzard_ui/blizzard_accountsaveui/behavior_on_size_changed.rs
  cargo:rerun-if-changed=/home/osso/.worktrees/wow-ui-sim-p902-page/tests/blizzard_ui/blizzard_accountsaveui/behavior_save_button_click.rs
  cargo:rerun-if-changed=/home/osso/.worktrees/wow-ui-sim-p902-page/tests/blizzard_ui/blizzard_accountsaveui/behavior_save_in_progress.rs
  cargo:rerun-if-changed=/home/osso/.worktrees/wow-ui-sim-p902-page/tests/blizzard_ui/blizzard_accountsaveui/behavior_save_result_errors.rs
  cargo:rerun-if-changed=/home/osso/.worktrees/wow-ui-sim-p902-page/tests/blizzard_ui/blizzard_accountsaveui/behavior_save_result_event.rs
  cargo:rerun-if-changed=/home/osso/.worktrees/wow-ui-sim-p902-page/tests/blizzard_ui/blizzard_accountsaveui/behavior_success_popup_launch_url.rs
  cargo:rerun-if-changed=/home/osso/.worktrees/wow-ui-sim-p902-page/tests/blizzard_ui/blizzard_accountsaveui/behavior_update_sizing.rs
  cargo:rerun-if-changed=/home/osso/.worktrees/wow-ui-sim-p902-page/tests/blizzard_ui/blizzard_accountsaveui/load.rs
  cargo:rerun-if-changed=/home/osso/.worktrees/wow-ui-sim-p902-page/tests/blizzard_ui/blizzard_accountsaveui/surface_events.rs
  cargo:rerun-if-changed=/home/osso/.worktrees/wow-ui-sim-p902-page/tests/blizzard_ui/blizzard_accountsaveui/surface_frames.rs
  cargo:rerun-if-changed=/home/osso/.worktrees/wow-ui-sim-p902-page/tests/blizzard_ui/blizzard_accountsaveui/surface_globals.rs
  cargo:rerun-if-changed=/home/osso/.worktrees/wow-ui-sim-p902-page/tests/blizzard_ui/blizzard_accountsaveui/surface_mixins.rs
  cargo:rerun-if-changed=/home/osso/.worktrees/wow-ui-sim-p902-page/tests/blizzard_ui/blizzard_accountstore/behavior_card_creature_display.rs
  cargo:rerun-if-changed=/home/osso/.worktrees/wow-ui-sim-p902-page/tests/blizzard_ui/blizzard_accountstore/behavior_card_select_purchase.rs
  cargo:rerun-if-changed=/home/osso/.worktrees/wow-ui-sim-p902-page/tests/blizzard_ui/blizzard_accountstore/behavior_card_select_refund.rs
  cargo:rerun-if-changed=/home/osso/.worktrees/wow-ui-sim-p902-page/tests/blizzard_ui/blizzard_accountstore/behavior_category_list_refresh.rs
  cargo:rerun-if-changed=/home/osso/.worktrees/wow-ui-sim-p902-page/tests/blizzard_ui/blizzard_accountstore/behavior_category_selected.rs
  cargo:rerun-if-changed=/home/osso/.worktrees/wow-ui-sim-p902-page/tests/blizzard_ui/blizzard_accountstore/behavior_currency_for_store.rs
  cargo:rerun-if-changed=/home/osso/.worktrees/wow-ui-sim-p902-page/tests/blizzard_ui/blizzard_accountstore/behavior_currency_format.rs
  cargo:rerun-if-changed=/home/osso/.worktrees/wow-ui-sim-p902-page/tests/blizzard_ui/blizzard_accountstore/behavior_currency_warning.rs
  cargo:rerun-if-changed=/home/osso/.worktrees/wow-ui-sim-p902-page/tests/blizzard_ui/blizzard_accountstore/behavior_fullscreen_escape.rs
  cargo:rerun-if-changed=/home/osso/.worktrees/wow-ui-sim-p902-page/tests/blizzard_ui/blizzard_accountstore/behavior_item_info_updated.rs
  cargo:rerun-if-changed=/home/osso/.worktrees/wow-ui-sim-p902-page/tests/blizzard_ui/blizzard_accountstore/behavior_item_rack_paging.rs
  cargo:rerun-if-changed=/home/osso/.worktrees/wow-ui-sim-p902-page/tests/blizzard_ui/blizzard_accountstore/behavior_on_hide_sound.rs
  cargo:rerun-if-changed=/home/osso/.worktrees/wow-ui-sim-p902-page/tests/blizzard_ui/blizzard_accountstore/behavior_on_show_sound.rs
  cargo:rerun-if-changed=/home/osso/.worktrees/wow-ui-sim-p902-page/tests/blizzard_ui/blizzard_accountstore/behavior_refund_timer.rs
  cargo:rerun-if-changed=/home/osso/.worktrees/wow-ui-sim-p902-page/tests/blizzard_ui/blizzard_accountstore/behavior_set_storefront.rs
  cargo:rerun-if-changed=/home/osso/.worktrees/wow-ui-sim-p902-page/tests/blizzard_ui/blizzard_accountstore/behavior_storefront_state_event.rs
  cargo:rerun-if-changed=/home/osso/.worktrees/wow-ui-sim-p902-page/tests/blizzard_ui/blizzard_accountstore/behavior_toggle.rs
  cargo:rerun-if-changed=/home/osso/.worktrees/wow-ui-sim-p902-page/tests/blizzard_ui/blizzard_accountstore/behavior_transaction_error.rs
  cargo:rerun-if-changed=/home/osso/.worktrees/wow-ui-sim-p902-page/tests/blizzard_ui/blizzard_accountstore/load.rs
  cargo:rerun-if-changed=/home/osso/.worktrees/wow-ui-sim-p902-page/tests/blizzard_ui/blizzard_accountstore/surface_events.rs
  cargo:rerun-if-changed=/home/osso/.worktrees/wow-ui-sim-p902-page/tests/blizzard_ui/blizzard_accountstore/surface_frames.rs
  cargo:rerun-if-changed=/home/osso/.worktrees/wow-ui-sim-p902-page/tests/blizzard_ui/blizzard_accountstore/surface_globals.rs
  cargo:rerun-if-changed=/home/osso/.worktrees/wow-ui-sim-p902-page/tests/blizzard_ui/blizzard_accountstore/surface_mixins/mod.rs
  cargo:rerun-if-changed=/home/osso/.worktrees/wow-ui-sim-p902-page/tests/blizzard_ui/blizzard_achievementui/behavior_achievement_earned_event.rs
  cargo:rerun-if-changed=/home/osso/.worktrees/wow-ui-sim-p902-page/tests/blizzard_ui/blizzard_achievementui/behavior_button_click_link.rs
  cargo:rerun-if-changed=/home/osso/.worktrees/wow-ui-sim-p902-page/tests/blizzard_ui/blizzard_achievementui/behavior_button_double_click.rs
  cargo:rerun-if-changed=/home/osso/.worktrees/wow-ui-sim-p902-page/tests/blizzard_ui/blizzard_achievementui/behavior_category_default.rs
  cargo:rerun-if-changed=/home/osso/.worktrees/wow-ui-sim-p902-page/tests/blizzard_ui/blizzard_achievementui/behavior_category_select.rs
  cargo:rerun-if-changed=/home/osso/.worktrees/wow-ui-sim-p902-page/tests/blizzard_ui/blizzard_achievementui/behavior_comparison_clear.rs
  cargo:rerun-if-changed=/home/osso/.worktrees/wow-ui-sim-p902-page/tests/blizzard_ui/blizzard_achievementui/behavior_comparison_friend_completed.rs
  cargo:rerun-if-changed=/home/osso/.worktrees/wow-ui-sim-p902-page/tests/blizzard_ui/blizzard_achievementui/behavior_comparison_portrait.rs
  cargo:rerun-if-changed=/home/osso/.worktrees/wow-ui-sim-p902-page/tests/blizzard_ui/blizzard_achievementui/behavior_comparison_set.rs
  cargo:rerun-if-changed=/home/osso/.worktrees/wow-ui-sim-p902-page/tests/blizzard_ui/blizzard_achievementui/behavior_criteria_update_event.rs
  cargo:rerun-if-changed=/home/osso/.worktrees/wow-ui-sim-p902-page/tests/blizzard_ui/blizzard_achievementui/behavior_expand_collapse.rs
  cargo:rerun-if-changed=/home/osso/.worktrees/wow-ui-sim-p902-page/tests/blizzard_ui/blizzard_achievementui/behavior_filter_dropdown.rs
  cargo:rerun-if-changed=/home/osso/.worktrees/wow-ui-sim-p902-page/tests/blizzard_ui/blizzard_achievementui/behavior_guild_member_tooltip.rs
  cargo:rerun-if-changed=/home/osso/.worktrees/wow-ui-sim-p902-page/tests/blizzard_ui/blizzard_achievementui/behavior_guild_view_toggle.rs
  cargo:rerun-if-changed=/home/osso/.worktrees/wow-ui-sim-p902-page/tests/blizzard_ui/blizzard_achievementui/behavior_objective_rep.rs
  cargo:rerun-if-changed=/home/osso/.worktrees/wow-ui-sim-p902-page/tests/blizzard_ui/blizzard_achievementui/behavior_progress_bar.rs
  cargo:rerun-if-changed=/home/osso/.worktrees/wow-ui-sim-p902-page/tests/blizzard_ui/blizzard_achievementui/behavior_restricted_mode.rs
  cargo:rerun-if-changed=/home/osso/.worktrees/wow-ui-sim-p902-page/tests/blizzard_ui/blizzard_achievementui/behavior_saturate.rs
  cargo:rerun-if-changed=/home/osso/.worktrees/wow-ui-sim-p902-page/tests/blizzard_ui/blizzard_achievementui/behavior_search_filter.rs
  cargo:rerun-if-changed=/home/osso/.worktrees/wow-ui-sim-p902-page/tests/blizzard_ui/blizzard_achievementui/behavior_search_progress.rs
  cargo:rerun-if-changed=/home/osso/.worktrees/wow-ui-sim-p902-page/tests/blizzard_ui/blizzard_achievementui/behavior_statistic_row.rs
  cargo:rerun-if-changed=/home/osso/.worktrees/wow-ui-sim-p902-page/tests/blizzard_ui/blizzard_achievementui/behavior_summary_update.rs
  cargo:rerun-if-changed=/home/osso/.worktrees/wow-ui-sim-p902-page/tests/blizzard_ui/blizzard_achievementui/behavior_toggle.rs
  cargo:rerun-if-changed=/home/osso/.worktrees/wow-ui-sim-p902-page/tests/blizzard_ui/blizzard_achievementui/behavior_track_toggle.rs
  cargo:rerun-if-changed=/home/osso/.worktrees/wow-ui-sim-p902-page/tests/blizzard_ui/blizzard_achievementui/load.rs
  cargo:rerun-if-changed=/home/osso/.worktrees/wow-ui-sim-p902-page/tests/blizzard_ui/blizzard_achievementui/surface_events.rs
  cargo:rerun-if-changed=/home/osso/.worktrees/wow-ui-sim-p902-page/tests/blizzard_ui/blizzard_achievementui/surface_frames.rs
  cargo:rerun-if-changed=/home/osso/.worktrees/wow-ui-sim-p902-page/tests/blizzard_ui/blizzard_achievementui/surface_globals.rs
  cargo:rerun-if-changed=/home/osso/.worktrees/wow-ui-sim-p902-page/tests/blizzard_ui/blizzard_achievementui/surface_mixins.rs
  cargo:rerun-if-changed=/home/osso/.worktrees/wow-ui-sim-p902-page/tests/blizzard_ui/blizzard_actionbar/behavior_action_highlight.rs
  cargo:rerun-if-changed=/home/osso/.worktrees/wow-ui-sim-p902-page/tests/blizzard_ui/blizzard_actionbar/behavior_artifact_bar.rs
  cargo:rerun-if-changed=/home/osso/.worktrees/wow-ui-sim-p902-page/tests/blizzard_ui/blizzard_actionbar/behavior_assisted_combat_highlight.rs
  cargo:rerun-if-changed=/home/osso/.worktrees/wow-ui-sim-p902-page/tests/blizzard_ui/blizzard_actionbar/behavior_attach_detach.rs
  cargo:rerun-if-changed=/home/osso/.worktrees/wow-ui-sim-p902-page/tests/blizzard_ui/blizzard_actionbar/behavior_azerite_bar.rs
  cargo:rerun-if-changed=/home/osso/.worktrees/wow-ui-sim-p902-page/tests/blizzard_ui/blizzard_actionbar/behavior_battlefield_hides_xp_bar.rs
  cargo:rerun-if-changed=/home/osso/.worktrees/wow-ui-sim-p902-page/tests/blizzard_ui/blizzard_actionbar/behavior_button_range_check.rs
  cargo:rerun-if-changed=/home/osso/.worktrees/wow-ui-sim-p902-page/tests/blizzard_ui/blizzard_actionbar/behavior_button_tooltip.rs
  cargo:rerun-if-changed=/home/osso/.worktrees/wow-ui-sim-p902-page/tests/blizzard_ui/blizzard_actionbar/behavior_extra_action_bar.rs
  cargo:rerun-if-changed=/home/osso/.worktrees/wow-ui-sim-p902-page/tests/blizzard_ui/blizzard_actionbar/behavior_honor_bar_update.rs
  cargo:rerun-if-changed=/home/osso/.worktrees/wow-ui-sim-p902-page/tests/blizzard_ui/blizzard_actionbar/behavior_house_favor_bar.rs
  cargo:rerun-if-changed=/home/osso/.worktrees/wow-ui-sim-p902-page/tests/blizzard_ui/blizzard_actionbar/behavior_keybind_dispatch.rs
  cargo:rerun-if-changed=/home/osso/.worktrees/wow-ui-sim-p902-page/tests/blizzard_ui/blizzard_actionbar/behavior_locked_action.rs
  cargo:rerun-if-changed=/home/osso/.worktrees/wow-ui-sim-p902-page/tests/blizzard_ui/blizzard_actionbar/behavior_main_bar_buttons.rs
  cargo:rerun-if-changed=/home/osso/.worktrees/wow-ui-sim-p902-page/tests/blizzard_ui/blizzard_actionbar/behavior_main_bar_dividers.rs
  cargo:rerun-if-changed=/home/osso/.worktrees/wow-ui-sim-p902-page/tests/blizzard_ui/blizzard_actionbar/behavior_main_bar_endcaps.rs
  cargo:rerun-if-changed=/home/osso/.worktrees/wow-ui-sim-p902-page/tests/blizzard_ui/blizzard_actionbar/behavior_outfit_locked.rs
  cargo:rerun-if-changed=/home/osso/.worktrees/wow-ui-sim-p902-page/tests/blizzard_ui/blizzard_actionbar/behavior_page_change.rs
  cargo:rerun-if-changed=/home/osso/.worktrees/wow-ui-sim-p902-page/tests/blizzard_ui/blizzard_actionbar/behavior_paragon_tooltip.rs
  cargo:rerun-if-changed=/home/osso/.worktrees/wow-ui-sim-p902-page/tests/blizzard_ui/blizzard_actionbar/behavior_pet_bar_update.rs
  cargo:rerun-if-changed=/home/osso/.worktrees/wow-ui-sim-p902-page/tests/blizzard_ui/blizzard_actionbar/behavior_possess_bar_show.rs
  cargo:rerun-if-changed=/home/osso/.worktrees/wow-ui-sim-p902-page/tests/blizzard_ui/blizzard_actionbar/behavior_quick_keybind_mode.rs
  cargo:rerun-if-changed=/home/osso/.worktrees/wow-ui-sim-p902-page/tests/blizzard_ui/blizzard_actionbar/behavior_reputation_bar_update.rs
  cargo:rerun-if-changed=/home/osso/.worktrees/wow-ui-sim-p902-page/tests/blizzard_ui/blizzard_actionbar/behavior_resting_indicator.rs
  cargo:rerun-if-changed=/home/osso/.worktrees/wow-ui-sim-p902-page/tests/blizzard_ui/blizzard_actionbar/behavior_show_grid.rs
  cargo:rerun-if-changed=/home/osso/.worktrees/wow-ui-sim-p902-page/tests/blizzard_ui/blizzard_actionbar/behavior_spell_alert_animation.rs
  cargo:rerun-if-changed=/home/osso/.worktrees/wow-ui-sim-p902-page/tests/blizzard_ui/blizzard_actionbar/behavior_spell_flyout.rs
  cargo:rerun-if-changed=/home/osso/.worktrees/wow-ui-sim-p902-page/tests/blizzard_ui/blizzard_actionbar/behavior_spell_flyout_glyph.rs
  cargo:rerun-if-changed=/home/osso/.worktrees/wow-ui-sim-p902-page/tests/blizzard_ui/blizzard_actionbar/behavior_stance_select.rs
  cargo:rerun-if-changed=/home/osso/.worktrees/wow-ui-sim-p902-page/tests/blizzard_ui/blizzard_actionbar/behavior_status_bar_swap.rs
  cargo:rerun-if-changed=/home/osso/.worktrees/wow-ui-sim-p902-page/tests/blizzard_ui/blizzard_actionbar/behavior_vehicle_leave_button.rs
  cargo:rerun-if-changed=/home/osso/.worktrees/wow-ui-sim-p902-page/tests/blizzard_ui/blizzard_actionbar/behavior_xp_bar_update.rs
  cargo:rerun-if-changed=/home/osso/.worktrees/wow-ui-sim-p902-page/tests/blizzard_ui/blizzard_actionbar/load.rs
  cargo:rerun-if-changed=/home/osso/.worktrees/wow-ui-sim-p902-page/tests/blizzard_ui/blizzard_actionbar/surface_events.rs
  cargo:rerun-if-changed=/home/osso/.worktrees/wow-ui-sim-p902-page/tests/blizzard_ui/blizzard_actionbar/surface_frames.rs
  cargo:rerun-if-changed=/home/osso/.worktrees/wow-ui-sim-p902-page/tests/blizzard_ui/blizzard_actionbar/surface_globals.rs
  cargo:rerun-if-changed=/home/osso/.worktrees/wow-ui-sim-p902-page/tests/blizzard_ui/blizzard_actionbar/surface_mixins.rs
  cargo:rerun-if-changed=/home/osso/.worktrees/wow-ui-sim-p902-page/tests/blizzard_ui/blizzard_actionbarcontroller/behavior_action_bar_busy_during_slide.rs
  cargo:rerun-if-changed=/home/osso/.worktrees/wow-ui-sim-p902-page/tests/blizzard_ui/blizzard_actionbarcontroller/behavior_extra_actionbar_event.rs
  cargo:rerun-if-changed=/home/osso/.worktrees/wow-ui-sim-p902-page/tests/blizzard_ui/blizzard_actionbarcontroller/behavior_initial_state.rs
  cargo:rerun-if-changed=/home/osso/.worktrees/wow-ui-sim-p902-page/tests/blizzard_ui/blizzard_actionbarcontroller/behavior_main_menu_micro_button_init.rs
  cargo:rerun-if-changed=/home/osso/.worktrees/wow-ui-sim-p902-page/tests/blizzard_ui/blizzard_actionbarcontroller/behavior_page_changed_routes_to_update_all.rs
  cargo:rerun-if-changed=/home/osso/.worktrees/wow-ui-sim-p902-page/tests/blizzard_ui/blizzard_actionbarcontroller/behavior_pet_battle_close_validates_transition.rs
  cargo:rerun-if-changed=/home/osso/.worktrees/wow-ui-sim-p902-page/tests/blizzard_ui/blizzard_actionbarcontroller/behavior_pet_battle_open_hides_override.rs
  cargo:rerun-if-changed=/home/osso/.worktrees/wow-ui-sim-p902-page/tests/blizzard_ui/blizzard_actionbarcontroller/behavior_player_entering_world_runs_update_all.rs
  cargo:rerun-if-changed=/home/osso/.worktrees/wow-ui-sim-p902-page/tests/blizzard_ui/blizzard_actionbarcontroller/behavior_possess_event_updates_possess_and_stance.rs
  cargo:rerun-if-changed=/home/osso/.worktrees/wow-ui-sim-p902-page/tests/blizzard_ui/blizzard_actionbarcontroller/behavior_reset_to_default.rs
  cargo:rerun-if-changed=/home/osso/.worktrees/wow-ui-sim-p902-page/tests/blizzard_ui/blizzard_actionbarcontroller/behavior_settings_loaded_registers_callbacks.rs
  cargo:rerun-if-changed=/home/osso/.worktrees/wow-ui-sim-p902-page/tests/blizzard_ui/blizzard_actionbarcontroller/behavior_shapeshift_events_update_stance_bar.rs
  cargo:rerun-if-changed=/home/osso/.worktrees/wow-ui-sim-p902-page/tests/blizzard_ui/blizzard_actionbarcontroller/behavior_show_bottomleft_after_settings_loaded.rs
  cargo:rerun-if-changed=/home/osso/.worktrees/wow-ui-sim-p902-page/tests/blizzard_ui/blizzard_actionbarcontroller/behavior_status_tracking_bar_animation_hook.rs
  cargo:rerun-if-changed=/home/osso/.worktrees/wow-ui-sim-p902-page/tests/blizzard_ui/blizzard_actionbarcontroller/behavior_unit_displaypower_updates_vehicle_mana.rs
  cargo:rerun-if-changed=/home/osso/.worktrees/wow-ui-sim-p902-page/tests/blizzard_ui/blizzard_actionbarcontroller/behavior_update_all_iterates_button_events_frame.rs
  cargo:rerun-if-changed=/home/osso/.worktrees/wow-ui-sim-p902-page/tests/blizzard_ui/blizzard_actionbarcontroller/behavior_update_all_spell_highlights.rs
  cargo:rerun-if-changed=/home/osso/.worktrees/wow-ui-sim-p902-page/tests/blizzard_ui/blizzard_actionbarcontroller/behavior_update_bonus_resets_icon_intro_tracker.rs
  cargo:rerun-if-changed=/home/osso/.worktrees/wow-ui-sim-p902-page/tests/blizzard_ui/blizzard_actionbarcontroller/behavior_update_bonus_uses_bonus_index_when_page_one.rs
  cargo:rerun-if-changed=/home/osso/.worktrees/wow-ui-sim-p902-page/tests/blizzard_ui/blizzard_actionbarcontroller/behavior_update_override_skinned.rs
  cargo:rerun-if-changed=/home/osso/.worktrees/wow-ui-sim-p902-page/tests/blizzard_ui/blizzard_actionbarcontroller/behavior_update_override_unskinned_uses_main.rs
  cargo:rerun-if-changed=/home/osso/.worktrees/wow-ui-sim-p902-page/tests/blizzard_ui/blizzard_actionbarcontroller/behavior_update_pet_battle_uses_action_bar_page.rs
  cargo:rerun-if-changed=/home/osso/.worktrees/wow-ui-sim-p902-page/tests/blizzard_ui/blizzard_actionbarcontroller/behavior_update_temp_shapeshift_uses_temp_index.rs
  cargo:rerun-if-changed=/home/osso/.worktrees/wow-ui-sim-p902-page/tests/blizzard_ui/blizzard_actionbarcontroller/behavior_update_vehicle_skinned.rs
  cargo:rerun-if-changed=/home/osso/.worktrees/wow-ui-sim-p902-page/tests/blizzard_ui/blizzard_actionbarcontroller/behavior_update_vehicle_unskinned_uses_vehicle_index.rs
  cargo:rerun-if-changed=/home/osso/.worktrees/wow-ui-sim-p902-page/tests/blizzard_ui/blizzard_actionbarcontroller/behavior_validate_transition_relayouts_uiparent.rs
  cargo:rerun-if-changed=/home/osso/.worktrees/wow-ui-sim-p902-page/tests/blizzard_ui/blizzard_actionbarcontroller/behavior_validate_transition_resets_micro_menu.rs
  cargo:rerun-if-changed=/home/osso/.worktrees/wow-ui-sim-p902-page/tests/blizzard_ui/blizzard_actionbarcontroller/behavior_validate_transition_state_main.rs
  cargo:rerun-if-changed=/home/osso/.worktrees/wow-ui-sim-p902-page/tests/blizzard_ui/blizzard_actionbarcontroller/behavior_validate_transition_state_override.rs
  cargo:rerun-if-changed=/home/osso/.worktrees/wow-ui-sim-p902-page/tests/blizzard_ui/blizzard_actionbarcontroller/load.rs
  cargo:rerun-if-changed=/home/osso/.worktrees/wow-ui-sim-p902-page/tests/blizzard_ui/blizzard_actionbarcontroller/surface_events.rs
  cargo:rerun-if-changed=/home/osso/.worktrees/wow-ui-sim-p902-page/tests/blizzard_ui/blizzard_actionbarcontroller/surface_frames.rs
  cargo:rerun-if-changed=/home/osso/.worktrees/wow-ui-sim-p902-page/tests/blizzard_ui/blizzard_actionbarcontroller/surface_globals.rs
  cargo:rerun-if-changed=/home/osso/.worktrees/wow-ui-sim-p902-page/tests/blizzard_ui/blizzard_actionstatus/behavior_alternate_parent_frame.rs
  cargo:rerun-if-changed=/home/osso/.worktrees/wow-ui-sim-p902-page/tests/blizzard_ui/blizzard_actionstatus/behavior_alternate_top_level_parent_event.rs
  cargo:rerun-if-changed=/home/osso/.worktrees/wow-ui-sim-p902-page/tests/blizzard_ui/blizzard_actionstatus/behavior_clear_all_points_before_anchor.rs
  cargo:rerun-if-changed=/home/osso/.worktrees/wow-ui-sim-p902-page/tests/blizzard_ui/blizzard_actionstatus/behavior_display_message_direct_call.rs
  cargo:rerun-if-changed=/home/osso/.worktrees/wow-ui-sim-p902-page/tests/blizzard_ui/blizzard_actionstatus/behavior_get_best_parent_no_parent_returns_nil.rs
  cargo:rerun-if-changed=/home/osso/.worktrees/wow-ui-sim-p902-page/tests/blizzard_ui/blizzard_actionstatus/behavior_glue_branch_registers_glue_events.rs
  cargo:rerun-if-changed=/home/osso/.worktrees/wow-ui-sim-p902-page/tests/blizzard_ui/blizzard_actionstatus/behavior_on_update_after_fadetime_hides.rs
  cargo:rerun-if-changed=/home/osso/.worktrees/wow-ui-sim-p902-page/tests/blizzard_ui/blizzard_actionstatus/behavior_on_update_fades_alpha.rs
  cargo:rerun-if-changed=/home/osso/.worktrees/wow-ui-sim-p902-page/tests/blizzard_ui/blizzard_actionstatus/behavior_screenshot_failed_shows_failure_text.rs
  cargo:rerun-if-changed=/home/osso/.worktrees/wow-ui-sim-p902-page/tests/blizzard_ui/blizzard_actionstatus/behavior_screenshot_started_hides_frame.rs
  cargo:rerun-if-changed=/home/osso/.worktrees/wow-ui-sim-p902-page/tests/blizzard_ui/blizzard_actionstatus/behavior_screenshot_succeeded_shows_success_text.rs
  cargo:rerun-if-changed=/home/osso/.worktrees/wow-ui-sim-p902-page/tests/blizzard_ui/blizzard_actionstatus/behavior_update_parent_resets_strata_to_tooltip.rs
  cargo:rerun-if-changed=/home/osso/.worktrees/wow-ui-sim-p902-page/tests/blizzard_ui/blizzard_actionstatus/behavior_update_parent_uses_world_frame_when_top_level_hidden.rs
  cargo:rerun-if-changed=/home/osso/.worktrees/wow-ui-sim-p902-page/tests/blizzard_ui/blizzard_actionstatus/load.rs
  cargo:rerun-if-changed=/home/osso/.worktrees/wow-ui-sim-p902-page/tests/blizzard_ui/blizzard_actionstatus/surface_events.rs
  cargo:rerun-if-changed=/home/osso/.worktrees/wow-ui-sim-p902-page/tests/blizzard_ui/blizzard_actionstatus/surface_frames.rs
  cargo:rerun-if-changed=/home/osso/.worktrees/wow-ui-sim-p902-page/tests/blizzard_ui/blizzard_actionstatus/surface_globals.rs
  cargo:rerun-if-changed=/home/osso/.worktrees/wow-ui-sim-p902-page/tests/blizzard_ui/blizzard_addonlist/behavior_addon_actions_blocked_appends_alert_icon.rs
  cargo:rerun-if-changed=/home/osso/.worktrees/wow-ui-sim-p902-page/tests/blizzard_ui/blizzard_addonlist/behavior_addon_list_clear_character_dropdown.rs
  cargo:rerun-if-changed=/home/osso/.worktrees/wow-ui-sim-p902-page/tests/blizzard_ui/blizzard_addonlist/behavior_addon_tooltip_banned_short_circuit.rs
  cargo:rerun-if-changed=/home/osso/.worktrees/wow-ui-sim-p902-page/tests/blizzard_ui/blizzard_addonlist/behavior_addon_tooltip_update_builds_deps_line.rs
  cargo:rerun-if-changed=/home/osso/.worktrees/wow-ui-sim-p902-page/tests/blizzard_ui/blizzard_addonlist/behavior_cancel_button_resets_changes.rs
  cargo:rerun-if-changed=/home/osso/.worktrees/wow-ui-sim-p902-page/tests/blizzard_ui/blizzard_addonlist/behavior_category_collapse_persists_to_saved_var.rs
  cargo:rerun-if-changed=/home/osso/.worktrees/wow-ui-sim-p902-page/tests/blizzard_ui/blizzard_addonlist/behavior_dropdown_setup_radio_options.rs
  cargo:rerun-if-changed=/home/osso/.worktrees/wow-ui-sim-p902-page/tests/blizzard_ui/blizzard_addonlist/behavior_enable_all_disables_disable_all.rs
  cargo:rerun-if-changed=/home/osso/.worktrees/wow-ui-sim-p902-page/tests/blizzard_ui/blizzard_addonlist/behavior_force_load_toggles_version_check.rs
  cargo:rerun-if-changed=/home/osso/.worktrees/wow-ui-sim-p902-page/tests/blizzard_ui/blizzard_addonlist/behavior_get_addon_metric_percent_warning_color.rs
  cargo:rerun-if-changed=/home/osso/.worktrees/wow-ui-sim-p902-page/tests/blizzard_ui/blizzard_addonlist/behavior_glue_dialog_addons_out_of_date.rs
  cargo:rerun-if-changed=/home/osso/.worktrees/wow-ui-sim-p902-page/tests/blizzard_ui/blizzard_addonlist/behavior_glue_dialog_confirm_disable_disables_outdated.rs
  cargo:rerun-if-changed=/home/osso/.worktrees/wow-ui-sim-p902-page/tests/blizzard_ui/blizzard_addonlist/behavior_init_addon_grays_out_disabled.rs
  cargo:rerun-if-changed=/home/osso/.worktrees/wow-ui-sim-p902-page/tests/blizzard_ui/blizzard_addonlist/behavior_init_addon_uses_question_mark_icon.rs
  cargo:rerun-if-changed=/home/osso/.worktrees/wow-ui-sim-p902-page/tests/blizzard_ui/blizzard_addonlist/behavior_initial_show_populates_scroll.rs
  cargo:rerun-if-changed=/home/osso/.worktrees/wow-ui-sim-p902-page/tests/blizzard_ui/blizzard_addonlist/behavior_is_addon_load_on_demand_walks_deps.rs
  cargo:rerun-if-changed=/home/osso/.worktrees/wow-ui-sim-p902-page/tests/blizzard_ui/blizzard_addonlist/behavior_load_lod_addon_calls_load.rs
  cargo:rerun-if-changed=/home/osso/.worktrees/wow-ui-sim-p902-page/tests/blizzard_ui/blizzard_addonlist/behavior_memory_usage_throttled_to_15s.rs
  cargo:rerun-if-changed=/home/osso/.worktrees/wow-ui-sim-p902-page/tests/blizzard_ui/blizzard_addonlist/behavior_node_right_click_opens_context_menu.rs
  cargo:rerun-if-changed=/home/osso/.worktrees/wow-ui-sim-p902-page/tests/blizzard_ui/blizzard_addonlist/behavior_okay_button_saves_when_pending_changes.rs
  cargo:rerun-if-changed=/home/osso/.worktrees/wow-ui-sim-p902-page/tests/blizzard_ui/blizzard_addonlist/behavior_pending_children_attach_when_parent_loaded.rs
  cargo:rerun-if-changed=/home/osso/.worktrees/wow-ui-sim-p902-page/tests/blizzard_ui/blizzard_addonlist/behavior_reset_to_default_uses_default_enabled.rs
  cargo:rerun-if-changed=/home/osso/.worktrees/wow-ui-sim-p902-page/tests/blizzard_ui/blizzard_addonlist/behavior_search_box_filters_rows.rs
  cargo:rerun-if-changed=/home/osso/.worktrees/wow-ui-sim-p902-page/tests/blizzard_ui/blizzard_addonlist/behavior_search_with_invalid_group_falls_back_to_root.rs
  cargo:rerun-if-changed=/home/osso/.worktrees/wow-ui-sim-p902-page/tests/blizzard_ui/blizzard_addonlist/behavior_security_icon_uses_subregion_texcoords.rs
  cargo:rerun-if-changed=/home/osso/.worktrees/wow-ui-sim-p902-page/tests/blizzard_ui/blizzard_addonlist/behavior_set_enabled_dependencies_walks_chain.rs
  cargo:rerun-if-changed=/home/osso/.worktrees/wow-ui-sim-p902-page/tests/blizzard_ui/blizzard_addonlist/behavior_tristate_checkbox_visual_states.rs
  cargo:rerun-if-changed=/home/osso/.worktrees/wow-ui-sim-p902-page/tests/blizzard_ui/blizzard_addonlist/behavior_update_performance_skips_in_glue.rs
  cargo:rerun-if-changed=/home/osso/.worktrees/wow-ui-sim-p902-page/tests/blizzard_ui/blizzard_addonlist/behavior_update_performance_writes_metric_text.rs
  cargo:rerun-if-changed=/home/osso/.worktrees/wow-ui-sim-p902-page/tests/blizzard_ui/blizzard_addonlist/load.rs
  cargo:rerun-if-changed=/home/osso/.worktrees/wow-ui-sim-p902-page/tests/blizzard_ui/blizzard_addonlist/surface_events.rs
  cargo:rerun-if-changed=/home/osso/.worktrees/wow-ui-sim-p902-page/tests/blizzard_ui/blizzard_addonlist/surface_frames.rs
  cargo:rerun-if-changed=/home/osso/.worktrees/wow-ui-sim-p902-page/tests/blizzard_ui/blizzard_addonlist/surface_globals.rs
  cargo:rerun-if-changed=/home/osso/.worktrees/wow-ui-sim-p902-page/tests/blizzard_ui/blizzard_addonlist/surface_mixins.rs
  cargo:rerun-if-changed=/home/osso/.worktrees/wow-ui-sim-p902-page/tests/blizzard_ui/blizzard_addonperformance/behavior_addon_warning_predicate_returns_nil_when_unflagged.rs
  cargo:rerun-if-changed=/home/osso/.worktrees/wow-ui-sim-p902-page/tests/blizzard_ui/blizzard_addonperformance/behavior_check_dedupes_repeat_message_type.rs
  cargo:rerun-if-changed=/home/osso/.worktrees/wow-ui-sim-p902-page/tests/blizzard_ui/blizzard_addonperformance/behavior_check_marks_message_type_seen.rs
  cargo:rerun-if-changed=/home/osso/.worktrees/wow-ui-sim-p902-page/tests/blizzard_ui/blizzard_addonperformance/behavior_check_records_per_addon_warning.rs
  cargo:rerun-if-changed=/home/osso/.worktrees/wow-ui-sim-p902-page/tests/blizzard_ui/blizzard_addonperformance/behavior_check_refreshes_visible_addon_list.rs
  cargo:rerun-if-changed=/home/osso/.worktrees/wow-ui-sim-p902-page/tests/blizzard_ui/blizzard_addonperformance/behavior_check_skips_addon_list_refresh_after_first_warning.rs
  cargo:rerun-if-changed=/home/osso/.worktrees/wow-ui-sim-p902-page/tests/blizzard_ui/blizzard_addonperformance/behavior_check_skips_when_no_message.rs
  cargo:rerun-if-changed=/home/osso/.worktrees/wow-ui-sim-p902-page/tests/blizzard_ui/blizzard_addonperformance/behavior_combat_lockdown_short_circuits_check.rs
  cargo:rerun-if-changed=/home/osso/.worktrees/wow-ui-sim-p902-page/tests/blizzard_ui/blizzard_addonperformance/behavior_display_overall_error_dialog.rs
  cargo:rerun-if-changed=/home/osso/.worktrees/wow-ui-sim-p902-page/tests/blizzard_ui/blizzard_addonperformance/behavior_display_specific_chat_warning.rs
  cargo:rerun-if-changed=/home/osso/.worktrees/wow-ui-sim-p902-page/tests/blizzard_ui/blizzard_addonperformance/behavior_display_specific_error_dialog.rs
  cargo:rerun-if-changed=/home/osso/.worktrees/wow-ui-sim-p902-page/tests/blizzard_ui/blizzard_addonperformance/behavior_display_unknown_type_assertsafe.rs
  cargo:rerun-if-changed=/home/osso/.worktrees/wow-ui-sim-p902-page/tests/blizzard_ui/blizzard_addonperformance/behavior_init_arms_ten_second_ticker.rs
  cargo:rerun-if-changed=/home/osso/.worktrees/wow-ui-sim-p902-page/tests/blizzard_ui/blizzard_addonperformance/behavior_overall_error_popup_opens_addon_list.rs
  cargo:rerun-if-changed=/home/osso/.worktrees/wow-ui-sim-p902-page/tests/blizzard_ui/blizzard_addonperformance/behavior_specific_error_popup_disable_path.rs
  cargo:rerun-if-changed=/home/osso/.worktrees/wow-ui-sim-p902-page/tests/blizzard_ui/blizzard_addonperformance/behavior_specific_message_without_addon_name_is_invalid.rs
  cargo:rerun-if-changed=/home/osso/.worktrees/wow-ui-sim-p902-page/tests/blizzard_ui/blizzard_adventuremap/behavior_dialog_show_with_quest_swap_declines_previous.rs
  cargo:rerun-if-changed=/home/osso/.worktrees/wow-ui-sim-p902-page/tests/blizzard_ui/blizzard_adventuremap/behavior_inset_canvas_scale_change_collapses_when_zooming_out.rs
  cargo:rerun-if-changed=/home/osso/.worktrees/wow-ui-sim-p902-page/tests/blizzard_ui/blizzard_adventuremap/behavior_inset_collapse_releases_area_trigger.rs
  cargo:rerun-if-changed=/home/osso/.worktrees/wow-ui-sim-p902-page/tests/blizzard_ui/blizzard_adventuremap/behavior_inset_expand_acquires_trigger_and_pans.rs
  cargo:rerun-if-changed=/home/osso/.worktrees/wow-ui-sim-p902-page/tests/blizzard_ui/blizzard_adventuremap/behavior_inset_initialize_sizes_and_positions.rs
  cargo:rerun-if-changed=/home/osso/.worktrees/wow-ui-sim-p902-page/tests/blizzard_ui/blizzard_adventuremap/behavior_onhide_calls_dialog_parent_hide_and_close.rs
  cargo:rerun-if-changed=/home/osso/.worktrees/wow-ui-sim-p902-page/tests/blizzard_ui/blizzard_adventuremap/behavior_onload_adds_three_data_providers.rs
  cargo:rerun-if-changed=/home/osso/.worktrees/wow-ui-sim-p902-page/tests/blizzard_ui/blizzard_adventuremap/behavior_onload_registers_inset_update_event.rs
  cargo:rerun-if-changed=/home/osso/.worktrees/wow-ui-sim-p902-page/tests/blizzard_ui/blizzard_adventuremap/behavior_onshow_clears_area_ids_and_sets_map_id.rs
  cargo:rerun-if-changed=/home/osso/.worktrees/wow-ui-sim-p902-page/tests/blizzard_ui/blizzard_adventuremap/behavior_quest_choice_deselect_zooms_out.rs
  cargo:rerun-if-changed=/home/osso/.worktrees/wow-ui-sim-p902-page/tests/blizzard_ui/blizzard_adventuremap/behavior_quest_choice_provider_event_registration.rs
  cargo:rerun-if-changed=/home/osso/.worktrees/wow-ui-sim-p902-page/tests/blizzard_ui/blizzard_adventuremap/behavior_quest_choice_provider_quest_accepted_event_removes_pin.rs
  cargo:rerun-if-changed=/home/osso/.worktrees/wow-ui-sim-p902-page/tests/blizzard_ui/blizzard_adventuremap/behavior_quest_choice_refresh_acquires_pin_per_valid_choice.rs
  cargo:rerun-if-changed=/home/osso/.worktrees/wow-ui-sim-p902-page/tests/blizzard_ui/blizzard_adventuremap/behavior_quest_choice_select_quest_id_shows_dialog.rs
  cargo:rerun-if-changed=/home/osso/.worktrees/wow-ui-sim-p902-page/tests/blizzard_ui/blizzard_adventuremap/behavior_quest_dialog_accept_records_result_and_starts_quest.rs
  cargo:rerun-if-changed=/home/osso/.worktrees/wow-ui-sim-p902-page/tests/blizzard_ui/blizzard_adventuremap/behavior_quest_dialog_decline_path_distinguishes_abstain_vs_decline.rs
  cargo:rerun-if-changed=/home/osso/.worktrees/wow-ui-sim-p902-page/tests/blizzard_ui/blizzard_adventuremap/behavior_quest_dialog_refresh_details_branches_on_widgets_and_rewards.rs
  cargo:rerun-if-changed=/home/osso/.worktrees/wow-ui-sim-p902-page/tests/blizzard_ui/blizzard_adventuremap/behavior_quest_offer_pin_click_anchors_dialog_and_trigger.rs
  cargo:rerun-if-changed=/home/osso/.worktrees/wow-ui-sim-p902-page/tests/blizzard_ui/blizzard_adventuremap/behavior_refresh_insets_filters_by_area_table_id.rs
  cargo:rerun-if-changed=/home/osso/.worktrees/wow-ui-sim-p902-page/tests/blizzard_ui/blizzard_adventuremap/behavior_refresh_insets_skips_when_no_count.rs
  cargo:rerun-if-changed=/home/osso/.worktrees/wow-ui-sim-p902-page/tests/blizzard_ui/blizzard_adventuremap/behavior_uipanel_window_entry_registered_at_load.rs
  cargo:rerun-if-changed=/home/osso/.worktrees/wow-ui-sim-p902-page/tests/blizzard_ui/blizzard_adventuremap/behavior_zone_summary_provider_groups_quests_by_zone_and_inset.rs
  cargo:rerun-if-changed=/home/osso/.worktrees/wow-ui-sim-p902-page/tests/blizzard_ui/blizzard_adventuremap/load.rs
  cargo:rerun-if-changed=/home/osso/.worktrees/wow-ui-sim-p902-page/tests/blizzard_ui/blizzard_adventuremap/surface_events.rs
  cargo:rerun-if-changed=/home/osso/.worktrees/wow-ui-sim-p902-page/tests/blizzard_ui/blizzard_adventuremap/surface_frames.rs
  cargo:rerun-if-changed=/home/osso/.worktrees/wow-ui-sim-p902-page/tests/blizzard_ui/blizzard_adventuremap/surface_globals.rs
  cargo:rerun-if-changed=/home/osso/.worktrees/wow-ui-sim-p902-page/tests/blizzard_ui/blizzard_adventuremap/surface_mixins.rs
  cargo:rerun-if-changed=/home/osso/.worktrees/wow-ui-sim-p902-page/tests/blizzard_ui/blizzard_animadiversionui/behavior_can_reinforce_gates_on_progress.rs
  cargo:rerun-if-changed=/home/osso/.worktrees/wow-ui-sim-p902-page/tests/blizzard_ui/blizzard_animadiversionui/behavior_confirm_channel_popup_plays_covenant_sound.rs
  cargo:rerun-if-changed=/home/osso/.worktrees/wow-ui-sim-p902-page/tests/blizzard_ui/blizzard_animadiversionui/behavior_confirm_reinforce_popup_calls_select_anima_node_permanent.rs
  cargo:rerun-if-changed=/home/osso/.worktrees/wow-ui-sim-p902-page/tests/blizzard_ui/blizzard_animadiversionui/behavior_connection_setup_anchors_origin_and_rotates.rs
  cargo:rerun-if-changed=/home/osso/.worktrees/wow-ui-sim-p902-page/tests/blizzard_ui/blizzard_animadiversionui/behavior_data_provider_clear_effect_on_all_pins_skips_exempt.rs
  cargo:rerun-if-changed=/home/osso/.worktrees/wow-ui-sim-p902-page/tests/blizzard_ui/blizzard_animadiversionui/behavior_data_provider_connects_active_pins_to_origin.rs
  cargo:rerun-if-changed=/home/osso/.worktrees/wow-ui-sim-p902-page/tests/blizzard_ui/blizzard_animadiversionui/behavior_data_provider_refresh_skips_when_origin_or_nodes_missing.rs
  cargo:rerun-if-changed=/home/osso/.worktrees/wow-ui-sim-p902-page/tests/blizzard_ui/blizzard_animadiversionui/behavior_has_available_node_walks_node_list.rs
  cargo:rerun-if-changed=/home/osso/.worktrees/wow-ui-sim-p902-page/tests/blizzard_ui/blizzard_animadiversionui/behavior_onevent_anima_close_hides_panel.rs
  cargo:rerun-if-changed=/home/osso/.worktrees/wow-ui-sim-p902-page/tests/blizzard_ui/blizzard_animadiversionui/behavior_onevent_currency_update_refreshes.rs
  cargo:rerun-if-changed=/home/osso/.worktrees/wow-ui-sim-p902-page/tests/blizzard_ui/blizzard_animadiversionui/behavior_onhide_unregisters_events_and_plays_close_sound.rs
  cargo:rerun-if-changed=/home/osso/.worktrees/wow-ui-sim-p902-page/tests/blizzard_ui/blizzard_animadiversionui/behavior_onload_seeds_data_providers_and_pin_levels.rs
  cargo:rerun-if-changed=/home/osso/.worktrees/wow-ui-sim-p902-page/tests/blizzard_ui/blizzard_animadiversionui/behavior_onload_styles_close_button.rs
  cargo:rerun-if-changed=/home/osso/.worktrees/wow-ui-sim-p902-page/tests/blizzard_ui/blizzard_animadiversionui/behavior_onshow_registers_events_and_plays_open_sound.rs
  cargo:rerun-if-changed=/home/osso/.worktrees/wow-ui-sim-p902-page/tests/blizzard_ui/blizzard_animadiversionui/behavior_pin_click_routes_by_reinforce_state.rs
  cargo:rerun-if-changed=/home/osso/.worktrees/wow-ui-sim-p902-page/tests/blizzard_ui/blizzard_animadiversionui/behavior_pin_have_enough_anima_compares_currency.rs
  cargo:rerun-if-changed=/home/osso/.worktrees/wow-ui-sim-p902-page/tests/blizzard_ui/blizzard_animadiversionui/behavior_pin_refresh_tooltip_branches_on_state_and_currency.rs
  cargo:rerun-if-changed=/home/osso/.worktrees/wow-ui-sim-p902-page/tests/blizzard_ui/blizzard_animadiversionui/behavior_pin_set_visual_state_dims_unavailable_only.rs
  cargo:rerun-if-changed=/home/osso/.worktrees/wow-ui-sim-p902-page/tests/blizzard_ui/blizzard_animadiversionui/behavior_pin_setup_node_marks_reinforce_state.rs
  cargo:rerun-if-changed=/home/osso/.worktrees/wow-ui-sim-p902-page/tests/blizzard_ui/blizzard_animadiversionui/behavior_reinforce_button_click_shows_static_popup.rs
  cargo:rerun-if-changed=/home/osso/.worktrees/wow-ui-sim-p902-page/tests/blizzard_ui/blizzard_animadiversionui/behavior_reinforce_info_select_node_updates_title_and_button.rs
  cargo:rerun-if-changed=/home/osso/.worktrees/wow-ui-sim-p902-page/tests/blizzard_ui/blizzard_animadiversionui/behavior_set_exclusive_selection_node_dims_other_pins.rs
  cargo:rerun-if-changed=/home/osso/.worktrees/wow-ui-sim-p902-page/tests/blizzard_ui/blizzard_animadiversionui/behavior_setup_bolster_progress_caps_at_max_and_records_new_gems.rs
  cargo:rerun-if-changed=/home/osso/.worktrees/wow-ui-sim-p902-page/tests/blizzard_ui/blizzard_animadiversionui/behavior_setup_bolster_progress_releases_pool_and_inits_info_frame.rs
  cargo:rerun-if-changed=/home/osso/.worktrees/wow-ui-sim-p902-page/tests/blizzard_ui/blizzard_animadiversionui/behavior_setup_currency_frame_formats_quantity_with_icon.rs
  cargo:rerun-if-changed=/home/osso/.worktrees/wow-ui-sim-p902-page/tests/blizzard_ui/blizzard_animadiversionui/behavior_try_show_seeds_state_and_opens_panel.rs
  cargo:rerun-if-changed=/home/osso/.worktrees/wow-ui-sim-p902-page/tests/blizzard_ui/blizzard_animadiversionui/behavior_update_tutorial_tips_branches_on_reinforce_state.rs
  cargo:rerun-if-changed=/home/osso/.worktrees/wow-ui-sim-p902-page/tests/blizzard_ui/blizzard_animadiversionui/behavior_world_quest_data_provider_returns_subclassed_pin_template.rs
  cargo:rerun-if-changed=/home/osso/.worktrees/wow-ui-sim-p902-page/tests/blizzard_ui/blizzard_animadiversionui/load.rs
  cargo:rerun-if-changed=/home/osso/.worktrees/wow-ui-sim-p902-page/tests/blizzard_ui/blizzard_animadiversionui/surface_events.rs
  cargo:rerun-if-changed=/home/osso/.worktrees/wow-ui-sim-p902-page/tests/blizzard_ui/blizzard_animadiversionui/surface_frames.rs
  cargo:rerun-if-changed=/home/osso/.worktrees/wow-ui-sim-p902-page/tests/blizzard_ui/blizzard_animadiversionui/surface_globals.rs
  cargo:rerun-if-changed=/home/osso/.worktrees/wow-ui-sim-p902-page/tests/blizzard_ui/blizzard_animadiversionui/surface_mixins.rs
  cargo:rerun-if-changed=/home/osso/.worktrees/wow-ui-sim-p902-page/tests/blizzard_ui/blizzard_apidocumentation/behavior_add_documentation_table_routes_payload_kinds.rs
  cargo:rerun-if-changed=/home/osso/.worktrees/wow-ui-sim-p902-page/tests/blizzard_ui/blizzard_apidocumentation/behavior_find_all_api_matches_returns_nil_when_empty.rs
  cargo:rerun-if-changed=/home/osso/.worktrees/wow-ui-sim-p902-page/tests/blizzard_ui/blizzard_apidocumentation/behavior_find_api_by_name_returns_first_match_across_kinds.rs
  cargo:rerun-if-changed=/home/osso/.worktrees/wow-ui-sim-p902-page/tests/blizzard_ui/blizzard_apidocumentation/behavior_get_api_table_by_type_name_routes_kind.rs
  cargo:rerun-if-changed=/home/osso/.worktrees/wow-ui-sim-p902-page/tests/blizzard_ui/blizzard_apidocumentation/behavior_get_indent_string_returns_two_space_blocks.rs
  cargo:rerun-if-changed=/home/osso/.worktrees/wow-ui-sim-p902-page/tests/blizzard_ui/blizzard_apidocumentation/behavior_handle_api_link_copyapi_records_clipboard.rs
  cargo:rerun-if-changed=/home/osso/.worktrees/wow-ui-sim-p902-page/tests/blizzard_ui/blizzard_apidocumentation/behavior_handle_api_link_default_writes_detailed_output.rs
  cargo:rerun-if-changed=/home/osso/.worktrees/wow-ui-sim-p902-page/tests/blizzard_ui/blizzard_apidocumentation/behavior_handle_api_link_opendump_seeds_chat_edit.rs
  cargo:rerun-if-changed=/home/osso/.worktrees/wow-ui-sim-p902-page/tests/blizzard_ui/blizzard_apidocumentation/behavior_handle_slash_command_help_writes_usage.rs
  cargo:rerun-if-changed=/home/osso/.worktrees/wow-ui-sim-p902-page/tests/blizzard_ui/blizzard_apidocumentation/behavior_handle_slash_command_search_writes_matches.rs
  cargo:rerun-if-changed=/home/osso/.worktrees/wow-ui-sim-p902-page/tests/blizzard_ui/blizzard_apidocumentation/behavior_handle_slash_command_stats_writes_counts.rs
  cargo:rerun-if-changed=/home/osso/.worktrees/wow-ui-sim-p902-page/tests/blizzard_ui/blizzard_apidocumentation/behavior_handle_slash_command_system_list_writes_all_systems.rs
  cargo:rerun-if-changed=/home/osso/.worktrees/wow-ui-sim-p902-page/tests/blizzard_ui/blizzard_apidocumentation/behavior_handle_slash_command_system_search_dispatches_to_system.rs
  cargo:rerun-if-changed=/home/osso/.worktrees/wow-ui-sim-p902-page/tests/blizzard_ui/blizzard_apidocumentation/behavior_write_line_uses_system_chat_color.rs
  cargo:rerun-if-changed=/home/osso/.worktrees/wow-ui-sim-p902-page/tests/blizzard_ui/blizzard_apidocumentation/load.rs
  cargo:rerun-if-changed=/home/osso/.worktrees/wow-ui-sim-p902-page/tests/blizzard_ui/blizzard_apidocumentation/surface_globals.rs
  cargo:rerun-if-changed=/home/osso/.worktrees/wow-ui-sim-p902-page/tests/blizzard_ui/blizzard_apidocumentation/surface_mixins.rs
  cargo:rerun-if-changed=/home/osso/.worktrees/wow-ui-sim-p902-page/tests/blizzard_ui/blizzard_apidocumentation_generated/behavior_data_files_self_register_idempotently.rs
  cargo:rerun-if-changed=/home/osso/.worktrees/wow-ui-sim-p902-page/tests/blizzard_ui/blizzard_apidocumentation_generated/behavior_dependency_loads_first.rs
  cargo:rerun-if-changed=/home/osso/.worktrees/wow-ui-sim-p902-page/tests/blizzard_ui/blizzard_apidocumentation_generated/behavior_find_all_api_matches_returns_corpus_results.rs
  cargo:rerun-if-changed=/home/osso/.worktrees/wow-ui-sim-p902-page/tests/blizzard_ui/blizzard_apidocumentation_generated/behavior_handle_api_link_copyapi_records_real_clipboard.rs
  cargo:rerun-if-changed=/home/osso/.worktrees/wow-ui-sim-p902-page/tests/blizzard_ui/blizzard_apidocumentation_generated/behavior_handle_api_link_default_writes_real_detailed_output.rs
  cargo:rerun-if-changed=/home/osso/.worktrees/wow-ui-sim-p902-page/tests/blizzard_ui/blizzard_apidocumentation_generated/behavior_handle_api_link_opendump_seeds_real_chat_edit.rs
  cargo:rerun-if-changed=/home/osso/.worktrees/wow-ui-sim-p902-page/tests/blizzard_ui/blizzard_apidocumentation_generated/behavior_handle_slash_command_stats_writes_real_counts.rs
  cargo:rerun-if-changed=/home/osso/.worktrees/wow-ui-sim-p902-page/tests/blizzard_ui/blizzard_apidocumentation_generated/behavior_handle_slash_command_system_list_lists_corpus_systems.rs
  cargo:rerun-if-changed=/home/osso/.worktrees/wow-ui-sim-p902-page/tests/blizzard_ui/blizzard_apidocumentation_generated/behavior_handle_slash_command_system_search_dispatches_to_corpus_system.rs
  cargo:rerun-if-changed=/home/osso/.worktrees/wow-ui-sim-p902-page/tests/blizzard_ui/blizzard_apidocumentation_generated/load.rs
  cargo:rerun-if-changed=/home/osso/.worktrees/wow-ui-sim-p902-page/tests/blizzard_ui/blizzard_apidocumentation_generated/surface_globals.rs
  cargo:rerun-if-changed=/home/osso/.worktrees/wow-ui-sim-p902-page/tests/blizzard_ui/blizzard_archaeology_ui/behavior_artifact_page_renders_selected.rs
  cargo:rerun-if-changed=/home/osso/.worktrees/wow-ui-sim-p902-page/tests/blizzard_ui/blizzard_archaeology_ui/behavior_bag_update_delayed_refreshes_keystones.rs
  cargo:rerun-if-changed=/home/osso/.worktrees/wow-ui-sim-p902-page/tests/blizzard_ui/blizzard_archaeology_ui/behavior_completed_page_paginates.rs
  cargo:rerun-if-changed=/home/osso/.worktrees/wow-ui-sim-p902-page/tests/blizzard_ui/blizzard_archaeology_ui/behavior_faction_icon_uses_alliance_or_horde_texcoords.rs
  cargo:rerun-if-changed=/home/osso/.worktrees/wow-ui-sim-p902-page/tests/blizzard_ui/blizzard_archaeology_ui/behavior_keystone_click_toggles_socket.rs
  cargo:rerun-if-changed=/home/osso/.worktrees/wow-ui-sim-p902-page/tests/blizzard_ui/blizzard_archaeology_ui/behavior_onload_seeds_title_and_pages.rs
  cargo:rerun-if-changed=/home/osso/.worktrees/wow-ui-sim-p902-page/tests/blizzard_ui/blizzard_archaeology_ui/behavior_race_filter_dropdown_filters_listing.rs
  cargo:rerun-if-changed=/home/osso/.worktrees/wow-ui-sim-p902-page/tests/blizzard_ui/blizzard_archaeology_ui/behavior_research_artifact_complete_event_refreshes_pages.rs
  cargo:rerun-if-changed=/home/osso/.worktrees/wow-ui-sim-p902-page/tests/blizzard_ui/blizzard_archaeology_ui/behavior_show_failed_calls_close_research.rs
  cargo:rerun-if-changed=/home/osso/.worktrees/wow-ui-sim-p902-page/tests/blizzard_ui/blizzard_archaeology_ui/behavior_show_opens_the_panel.rs
  cargo:rerun-if-changed=/home/osso/.worktrees/wow-ui-sim-p902-page/tests/blizzard_ui/blizzard_archaeology_ui/behavior_solve_button_clicks_solve.rs
  cargo:rerun-if-changed=/home/osso/.worktrees/wow-ui-sim-p902-page/tests/blizzard_ui/blizzard_archaeology_ui/behavior_summary_page_lists_races.rs
  cargo:rerun-if-changed=/home/osso/.worktrees/wow-ui-sim-p902-page/tests/blizzard_ui/blizzard_archaeology_ui/behavior_summary_page_mouse_wheel_paginates.rs
  cargo:rerun-if-changed=/home/osso/.worktrees/wow-ui-sim-p902-page/tests/blizzard_ui/blizzard_archaeology_ui/behavior_tab_switches_swap_currentframe.rs
  cargo:rerun-if-changed=/home/osso/.worktrees/wow-ui-sim-p902-page/tests/blizzard_ui/blizzard_archaeology_ui/load.rs
  cargo:rerun-if-changed=/home/osso/.worktrees/wow-ui-sim-p902-page/tests/blizzard_ui/blizzard_archaeology_ui/surface_events.rs
  cargo:rerun-if-changed=/home/osso/.worktrees/wow-ui-sim-p902-page/tests/blizzard_ui/blizzard_archaeology_ui/surface_frames.rs
  cargo:rerun-if-changed=/home/osso/.worktrees/wow-ui-sim-p902-page/tests/blizzard_ui/blizzard_archaeology_ui/surface_globals.rs
  cargo:rerun-if-changed=/home/osso/.worktrees/wow-ui-sim-p902-page/tests/blizzard_ui/blizzard_ardenweald_gardening/behavior_create_attaches_panel.rs
  cargo:rerun-if-changed=/home/osso/.worktrees/wow-ui-sim-p902-page/tests/blizzard_ui/blizzard_ardenweald_gardening/behavior_is_garden_accessible_gates_landing_page.rs
  cargo:rerun-if-changed=/home/osso/.worktrees/wow-ui-sim-p902-page/tests/blizzard_ui/blizzard_ardenweald_gardening/behavior_onenter_active_and_ready_branch.rs
  cargo:rerun-if-changed=/home/osso/.worktrees/wow-ui-sim-p902-page/tests/blizzard_ui/blizzard_ardenweald_gardening/behavior_onenter_active_branch.rs
  cargo:rerun-if-changed=/home/osso/.worktrees/wow-ui-sim-p902-page/tests/blizzard_ui/blizzard_ardenweald_gardening/behavior_onenter_dormant_branch.rs
  cargo:rerun-if-changed=/home/osso/.worktrees/wow-ui-sim-p902-page/tests/blizzard_ui/blizzard_ardenweald_gardening/behavior_onenter_ready_branch.rs
  cargo:rerun-if-changed=/home/osso/.worktrees/wow-ui-sim-p902-page/tests/blizzard_ui/blizzard_ardenweald_gardening/behavior_onleave_hides_tooltip.rs
  cargo:rerun-if-changed=/home/osso/.worktrees/wow-ui-sim-p902-page/tests/blizzard_ui/blizzard_ardenweald_gardening/behavior_remaining_seconds_zero_when_no_active.rs
  cargo:rerun-if-changed=/home/osso/.worktrees/wow-ui-sim-p902-page/tests/blizzard_ui/blizzard_ardenweald_gardening/behavior_seconds_formatter_format.rs
  cargo:rerun-if-changed=/home/osso/.worktrees/wow-ui-sim-p902-page/tests/blizzard_ui/blizzard_ardenweald_gardening/load.rs
  cargo:rerun-if-changed=/home/osso/.worktrees/wow-ui-sim-p902-page/tests/blizzard_ui/blizzard_ardenweald_gardening/surface_frames.rs
  cargo:rerun-if-changed=/home/osso/.worktrees/wow-ui-sim-p902-page/tests/blizzard_ui/blizzard_ardenweald_gardening/surface_globals.rs
  cargo:rerun-if-changed=/home/osso/.worktrees/wow-ui-sim-p902-page/tests/blizzard_ui/blizzard_arrow_callout_frame/behavior_acknowledged_callouts_persist_across_load.rs
  cargo:rerun-if-changed=/home/osso/.worktrees/wow-ui-sim-p902-page/tests/blizzard_ui/blizzard_arrow_callout_frame/behavior_anchor_callout_clears_previous_points.rs
  cargo:rerun-if-changed=/home/osso/.worktrees/wow-ui-sim-p902-page/tests/blizzard_ui/blizzard_arrow_callout_frame/behavior_anchor_directions_use_documented_offsets.rs
  cargo:rerun-if-changed=/home/osso/.worktrees/wow-ui-sim-p902-page/tests/blizzard_ui/blizzard_arrow_callout_frame/behavior_arrow_anim_reschedules_on_finished.rs
  cargo:rerun-if-changed=/home/osso/.worktrees/wow-ui-sim-p902-page/tests/blizzard_ui/blizzard_arrow_callout_frame/behavior_close_button_acknowledges_and_hides.rs
  cargo:rerun-if-changed=/home/osso/.worktrees/wow-ui-sim-p902-page/tests/blizzard_ui/blizzard_arrow_callout_frame/behavior_hide_callout_nil_id_is_noop.rs
  cargo:rerun-if-changed=/home/osso/.worktrees/wow-ui-sim-p902-page/tests/blizzard_ui/blizzard_arrow_callout_frame/behavior_hide_callout_releases_to_pool.rs
  cargo:rerun-if-changed=/home/osso/.worktrees/wow-ui-sim-p902-page/tests/blizzard_ui/blizzard_arrow_callout_frame/behavior_player_soft_interact_changed_is_registered_unused.rs
  cargo:rerun-if-changed=/home/osso/.worktrees/wow-ui-sim-p902-page/tests/blizzard_ui/blizzard_arrow_callout_frame/behavior_show_callout_anchors_to_global_frame.rs
  cargo:rerun-if-changed=/home/osso/.worktrees/wow-ui-sim-p902-page/tests/blizzard_ui/blizzard_arrow_callout_frame/behavior_show_callout_duplicate_id_is_idempotent.rs
  cargo:rerun-if-changed=/home/osso/.worktrees/wow-ui-sim-p902-page/tests/blizzard_ui/blizzard_arrow_callout_frame/behavior_show_callout_picks_pool_by_type.rs
  cargo:rerun-if-changed=/home/osso/.worktrees/wow-ui-sim-p902-page/tests/blizzard_ui/blizzard_arrow_callout_frame/behavior_show_callout_unknown_anchor_returns_silently.rs
  cargo:rerun-if-changed=/home/osso/.worktrees/wow-ui-sim-p902-page/tests/blizzard_ui/blizzard_arrow_callout_frame/behavior_text_width_clamps_to_226.rs
  cargo:rerun-if-changed=/home/osso/.worktrees/wow-ui-sim-p902-page/tests/blizzard_ui/blizzard_arrow_callout_frame/behavior_widget_container_registers_widget_set.rs
  cargo:rerun-if-changed=/home/osso/.worktrees/wow-ui-sim-p902-page/tests/blizzard_ui/blizzard_arrow_callout_frame/load.rs
  cargo:rerun-if-changed=/home/osso/.worktrees/wow-ui-sim-p902-page/tests/blizzard_ui/blizzard_arrow_callout_frame/surface_events.rs
  cargo:rerun-if-changed=/home/osso/.worktrees/wow-ui-sim-p902-page/tests/blizzard_ui/blizzard_arrow_callout_frame/surface_frames.rs
  cargo:rerun-if-changed=/home/osso/.worktrees/wow-ui-sim-p902-page/tests/blizzard_ui/blizzard_arrow_callout_frame/surface_globals.rs
  cargo:rerun-if-changed=/home/osso/.worktrees/wow-ui-sim-p902-page/tests/blizzard_ui/blizzard_arrow_callout_frame/surface_templates.rs
  cargo:rerun-if-changed=/home/osso/.worktrees/wow-ui-sim-p902-page/tests/blizzard_ui/blizzard_artifact_ui/behavior_appearance_tutorial_helptip.rs
  cargo:rerun-if-changed=/home/osso/.worktrees/wow-ui-sim-p902-page/tests/blizzard_ui/blizzard_artifact_ui/behavior_artifact_close_event_hides_panel.rs
  cargo:rerun-if-changed=/home/osso/.worktrees/wow-ui-sim-p902-page/tests/blizzard_ui/blizzard_artifact_ui/behavior_artifact_update_when_hidden_shows_panel.rs
  cargo:rerun-if-changed=/home/osso/.worktrees/wow-ui-sim-p902-page/tests/blizzard_ui/blizzard_artifact_ui/behavior_artifact_update_with_new_item_swaps_data.rs
  cargo:rerun-if-changed=/home/osso/.worktrees/wow-ui-sim-p902-page/tests/blizzard_ui/blizzard_artifact_ui/behavior_can_view_predicate.rs
  cargo:rerun-if-changed=/home/osso/.worktrees/wow-ui-sim-p902-page/tests/blizzard_ui/blizzard_artifact_ui/behavior_confirm_respec_popup_watchdog.rs
  cargo:rerun-if-changed=/home/osso/.worktrees/wow-ui-sim-p902-page/tests/blizzard_ui/blizzard_artifact_ui/behavior_inventory_hover_highlights_relic_slot.rs
  cargo:rerun-if-changed=/home/osso/.worktrees/wow-ui-sim-p902-page/tests/blizzard_ui/blizzard_artifact_ui/behavior_knowledge_tooltip_clears_on_leave.rs
  cargo:rerun-if-changed=/home/osso/.worktrees/wow-ui-sim-p902-page/tests/blizzard_ui/blizzard_artifact_ui/behavior_knowledge_tooltip_meta_powers.rs
  cargo:rerun-if-changed=/home/osso/.worktrees/wow-ui-sim-p902-page/tests/blizzard_ui/blizzard_artifact_ui/behavior_set_tab_resizes_panel.rs
  cargo:rerun-if-changed=/home/osso/.worktrees/wow-ui-sim-p902-page/tests/blizzard_ui/blizzard_artifact_ui/behavior_show_panel_with_no_artifact_redirects.rs
  cargo:rerun-if-changed=/home/osso/.worktrees/wow-ui-sim-p902-page/tests/blizzard_ui/blizzard_artifact_ui/behavior_show_panel_with_purchased_ranks.rs
  cargo:rerun-if-changed=/home/osso/.worktrees/wow-ui-sim-p902-page/tests/blizzard_ui/blizzard_artifact_ui/behavior_underlay_rotation_drag.rs
  cargo:rerun-if-changed=/home/osso/.worktrees/wow-ui-sim-p902-page/tests/blizzard_ui/blizzard_artifact_ui/load.rs
  cargo:rerun-if-changed=/home/osso/.worktrees/wow-ui-sim-p902-page/tests/blizzard_ui/blizzard_artifact_ui/surface_events.rs
  cargo:rerun-if-changed=/home/osso/.worktrees/wow-ui-sim-p902-page/tests/blizzard_ui/blizzard_artifact_ui/surface_frames.rs
  cargo:rerun-if-changed=/home/osso/.worktrees/wow-ui-sim-p902-page/tests/blizzard_ui/blizzard_artifact_ui/surface_globals.rs
  cargo:rerun-if-changed=/home/osso/.worktrees/wow-ui-sim-p902-page/tests/blizzard_ui/blizzard_async_request/behavior_create_requires_callbacks.rs
  cargo:rerun-if-changed=/home/osso/.worktrees/wow-ui-sim-p902-page/tests/blizzard_ui/blizzard_async_request/behavior_create_timeout_pair_required.rs
  cargo:rerun-if-changed=/home/osso/.worktrees/wow-ui-sim-p902-page/tests/blizzard_ui/blizzard_async_request/behavior_no_timeout_path_skips_timer.rs
  cargo:rerun-if-changed=/home/osso/.worktrees/wow-ui-sim-p902-page/tests/blizzard_ui/blizzard_async_request/behavior_response_before_timeout_cancels_timer.rs
  cargo:rerun-if-changed=/home/osso/.worktrees/wow-ui-sim-p902-page/tests/blizzard_ui/blizzard_async_request/behavior_response_callback_can_restart.rs
  cargo:rerun-if-changed=/home/osso/.worktrees/wow-ui-sim-p902-page/tests/blizzard_ui/blizzard_async_request/behavior_response_event_fires_callback.rs
  cargo:rerun-if-changed=/home/osso/.worktrees/wow-ui-sim-p902-page/tests/blizzard_ui/blizzard_async_request/behavior_response_event_other_name_ignored.rs
  cargo:rerun-if-changed=/home/osso/.worktrees/wow-ui-sim-p902-page/tests/blizzard_ui/blizzard_async_request/behavior_start_calls_request_function.rs
  cargo:rerun-if-changed=/home/osso/.worktrees/wow-ui-sim-p902-page/tests/blizzard_ui/blizzard_async_request/behavior_start_is_idempotent_when_running.rs
  cargo:rerun-if-changed=/home/osso/.worktrees/wow-ui-sim-p902-page/tests/blizzard_ui/blizzard_async_request/behavior_start_registers_response_event.rs
  cargo:rerun-if-changed=/home/osso/.worktrees/wow-ui-sim-p902-page/tests/blizzard_ui/blizzard_async_request/behavior_stop_without_start_is_safe.rs
  cargo:rerun-if-changed=/home/osso/.worktrees/wow-ui-sim-p902-page/tests/blizzard_ui/blizzard_async_request/behavior_timeout_fires_callback.rs
  cargo:rerun-if-changed=/home/osso/.worktrees/wow-ui-sim-p902-page/tests/blizzard_ui/blizzard_async_request/behavior_two_concurrent_requests_isolated.rs
  cargo:rerun-if-changed=/home/osso/.worktrees/wow-ui-sim-p902-page/tests/blizzard_ui/blizzard_async_request/load.rs
  cargo:rerun-if-changed=/home/osso/.worktrees/wow-ui-sim-p902-page/tests/blizzard_ui/blizzard_async_request/surface_frames.rs
  cargo:rerun-if-changed=/home/osso/.worktrees/wow-ui-sim-p902-page/tests/blizzard_ui/blizzard_async_request/surface_globals.rs
  cargo:rerun-if-changed=/home/osso/.worktrees/wow-ui-sim-p902-page/tests/blizzard_ui_blizzard_accessibilitytemplates.rs
  cargo:rerun-if-changed=/home/osso/.worktrees/wow-ui-sim-p902-page/tests/blizzard_ui_blizzard_accountsaveui.rs
  cargo:rerun-if-changed=/home/osso/.worktrees/wow-ui-sim-p902-page/tests/blizzard_ui_blizzard_accountstore.rs
  cargo:rerun-if-changed=/home/osso/.worktrees/wow-ui-sim-p902-page/tests/blizzard_ui_blizzard_achievementui.rs
  cargo:rerun-if-changed=/home/osso/.worktrees/wow-ui-sim-p902-page/tests/blizzard_ui_blizzard_actionbar.rs
  cargo:rerun-if-changed=/home/osso/.worktrees/wow-ui-sim-p902-page/tests/blizzard_ui_blizzard_actionbarcontroller.rs
  cargo:rerun-if-changed=/home/osso/.worktrees/wow-ui-sim-p902-page/tests/blizzard_ui_blizzard_actionstatus.rs
  cargo:rerun-if-changed=/home/osso/.worktrees/wow-ui-sim-p902-page/tests/blizzard_ui_blizzard_addonlist.rs
  cargo:rerun-if-changed=/home/osso/.worktrees/wow-ui-sim-p902-page/tests/blizzard_ui_blizzard_addonperformance.rs
  cargo:rerun-if-changed=/home/osso/.worktrees/wow-ui-sim-p902-page/tests/blizzard_ui_blizzard_adventuremap.rs
  cargo:rerun-if-changed=/home/osso/.worktrees/wow-ui-sim-p902-page/tests/blizzard_ui_blizzard_animadiversionui.rs
  cargo:rerun-if-changed=/home/osso/.worktrees/wow-ui-sim-p902-page/tests/blizzard_ui_blizzard_apidocumentation.rs
  cargo:rerun-if-changed=/home/osso/.worktrees/wow-ui-sim-p902-page/tests/blizzard_ui_blizzard_apidocumentation_generated.rs
  cargo:rerun-if-changed=/home/osso/.worktrees/wow-ui-sim-p902-page/tests/blizzard_ui_blizzard_archaeology_ui.rs
  cargo:rerun-if-changed=/home/osso/.worktrees/wow-ui-sim-p902-page/tests/blizzard_ui_blizzard_ardenweald_gardening.rs
  cargo:rerun-if-changed=/home/osso/.worktrees/wow-ui-sim-p902-page/tests/blizzard_ui_blizzard_arrow_callout_frame.rs
  cargo:rerun-if-changed=/home/osso/.worktrees/wow-ui-sim-p902-page/tests/blizzard_ui_blizzard_artifact_ui.rs
  cargo:rerun-if-changed=/home/osso/.worktrees/wow-ui-sim-p902-page/tests/blizzard_ui_blizzard_async_request.rs
  cargo:rerun-if-changed=/home/osso/.worktrees/wow-ui-sim-p902-page/tests/blizzard_ui_frame_manager_loads.rs
  cargo:rerun-if-changed=/home/osso/.worktrees/wow-ui-sim-p902-page/tests/blizzard_ui_panel_templates_loads.rs
  cargo:rerun-if-changed=/home/osso/.worktrees/wow-ui-sim-p902-page/tests/blizzard_ui_panels_game_loads.rs
  cargo:rerun-if-changed=/home/osso/.worktrees/wow-ui-sim-p902-page/tests/blizzard_ui_parent_loads.rs
  cargo:rerun-if-changed=/home/osso/.worktrees/wow-ui-sim-p902-page/tests/blizzard_ui_parent_panel_manager_loads.rs
  cargo:rerun-if-changed=/home/osso/.worktrees/wow-ui-sim-p902-page/tests/blizzard_ui_unit.rs
  cargo:rerun-if-changed=/home/osso/.worktrees/wow-ui-sim-p902-page/tests/blizzard_ui_widgets_loads.rs
  cargo:rerun-if-changed=/home/osso/.worktrees/wow-ui-sim-p902-page/tests/blizzard_unit_frame_loads.rs
  cargo:rerun-if-changed=/home/osso/.worktrees/wow-ui-sim-p902-page/tests/blizzard_unit_popup_loads.rs
  cargo:rerun-if-changed=/home/osso/.worktrees/wow-ui-sim-p902-page/tests/blizzard_unit_popup_shared_loads.rs
  cargo:rerun-if-changed=/home/osso/.worktrees/wow-ui-sim-p902-page/tests/blizzard_voice_toggle_button_loads.rs
  cargo:rerun-if-changed=/home/osso/.worktrees/wow-ui-sim-p902-page/tests/blizzard_warfronts_party_pose_ui_loads.rs
  cargo:rerun-if-changed=/home/osso/.worktrees/wow-ui-sim-p902-page/tests/blizzard_weekly_rewards_loads.rs
  cargo:rerun-if-changed=/home/osso/.worktrees/wow-ui-sim-p902-page/tests/blizzard_weekly_rewards_util_loads.rs
  cargo:rerun-if-changed=/home/osso/.worktrees/wow-ui-sim-p902-page/tests/blizzard_world_loot_object_list_loads.rs
  cargo:rerun-if-changed=/home/osso/.worktrees/wow-ui-sim-p902-page/tests/blizzard_world_map_loads.rs
  cargo:rerun-if-changed=/home/osso/.worktrees/wow-ui-sim-p902-page/tests/blizzard_wow_survey_ui_loads.rs
  cargo:rerun-if-changed=/home/osso/.worktrees/wow-ui-sim-p902-page/tests/blizzard_wow_token_ui_loads.rs
  cargo:rerun-if-changed=/home/osso/.worktrees/wow-ui-sim-p902-page/tests/blizzard_zone_ability_loads.rs
  cargo:rerun-if-changed=/home/osso/.worktrees/wow-ui-sim-p902-page/tests/break_up_large_numbers.rs
  cargo:rerun-if-changed=/home/osso/.worktrees/wow-ui-sim-p902-page/tests/buff_aura_onupdate_perf.rs
  cargo:rerun-if-changed=/home/osso/.worktrees/wow-ui-sim-p902-page/tests/button_state_textures.rs
  cargo:rerun-if-changed=/home/osso/.worktrees/wow-ui-sim-p902-page/tests/button_xml_atlas.rs
  cargo:rerun-if-changed=/home/osso/.worktrees/wow-ui-sim-p902-page/tests/c_achievement_info_probes/comparison.rs
  cargo:rerun-if-changed=/home/osso/.worktrees/wow-ui-sim-p902-page/tests/c_achievement_info_probes/search.rs
  cargo:rerun-if-changed=/home/osso/.worktrees/wow-ui-sim-p902-page/tests/c_achievement_info_probes.rs
  cargo:rerun-if-changed=/home/osso/.worktrees/wow-ui-sim-p902-page/tests/c_action_bar_input_probes.rs
  cargo:rerun-if-changed=/home/osso/.worktrees/wow-ui-sim-p902-page/tests/c_action_bar_slot_mutation.rs
  cargo:rerun-if-changed=/home/osso/.worktrees/wow-ui-sim-p902-page/tests/c_action_bar_state_globals.rs
  cargo:rerun-if-changed=/home/osso/.worktrees/wow-ui-sim-p902-page/tests/c_action_highlight_globals.rs
  cargo:rerun-if-changed=/home/osso/.worktrees/wow-ui-sim-p902-page/tests/c_adventure_map/quests.rs
  cargo:rerun-if-changed=/home/osso/.worktrees/wow-ui-sim-p902-page/tests/c_adventure_map.rs
  cargo:rerun-if-changed=/home/osso/.worktrees/wow-ui-sim-p902-page/tests/c_allied_races_globals.rs
  cargo:rerun-if-changed=/home/osso/.worktrees/wow-ui-sim-p902-page/tests/c_anima_diversion.rs
  cargo:rerun-if-changed=/home/osso/.worktrees/wow-ui-sim-p902-page/tests/c_api_surface.rs
  cargo:rerun-if-changed=/home/osso/.worktrees/wow-ui-sim-p902-page/tests/c_ardenweald_gardening.rs
  cargo:rerun-if-changed=/home/osso/.worktrees/wow-ui-sim-p902-page/tests/c_area_poi_probes.rs
  cargo:rerun-if-changed=/home/osso/.worktrees/wow-ui-sim-p902-page/tests/c_arrow_callout_manager.rs
  cargo:rerun-if-changed=/home/osso/.worktrees/wow-ui-sim-p902-page/tests/c_artifact_relic_forge_ui.rs
  cargo:rerun-if-changed=/home/osso/.worktrees/wow-ui-sim-p902-page/tests/c_artifact_ui_globals.rs
  cargo:rerun-if-changed=/home/osso/.worktrees/wow-ui-sim-p902-page/tests/c_artifact_ui_panel/relics_and_mutators.rs
  cargo:rerun-if-changed=/home/osso/.worktrees/wow-ui-sim-p902-page/tests/c_artifact_ui_panel.rs
  cargo:rerun-if-changed=/home/osso/.worktrees/wow-ui-sim-p902-page/tests/c_auction_house_bid_purchase.rs
  cargo:rerun-if-changed=/home/osso/.worktrees/wow-ui-sim-p902-page/tests/c_auction_house_browse_query.rs
  cargo:rerun-if-changed=/home/osso/.worktrees/wow-ui-sim-p902-page/tests/c_auction_house_commodity_search.rs
  cargo:rerun-if-changed=/home/osso/.worktrees/wow-ui-sim-p902-page/tests/c_auction_house_item_search.rs
  cargo:rerun-if-changed=/home/osso/.worktrees/wow-ui-sim-p902-page/tests/c_auction_house_probes.rs
  cargo:rerun-if-changed=/home/osso/.worktrees/wow-ui-sim-p902-page/tests/c_auction_house_sell_cancel.rs
  cargo:rerun-if-changed=/home/osso/.worktrees/wow-ui-sim-p902-page/tests/c_auto_complete_probes.rs
  cargo:rerun-if-changed=/home/osso/.worktrees/wow-ui-sim-p902-page/tests/c_autocomplete.rs
  cargo:rerun-if-changed=/home/osso/.worktrees/wow-ui-sim-p902-page/tests/c_azerite_empowered_item.rs
  cargo:rerun-if-changed=/home/osso/.worktrees/wow-ui-sim-p902-page/tests/c_azerite_essence.rs
  cargo:rerun-if-changed=/home/osso/.worktrees/wow-ui-sim-p902-page/tests/c_azerite_item_globals.rs
  cargo:rerun-if-changed=/home/osso/.worktrees/wow-ui-sim-p902-page/tests/c_barber_shop.rs
  cargo:rerun-if-changed=/home/osso/.worktrees/wow-ui-sim-p902-page/tests/c_battle_net_probes.rs
  cargo:rerun-if-changed=/home/osso/.worktrees/wow-ui-sim-p902-page/tests/c_calendar_defaults_probes.rs
  cargo:rerun-if-changed=/home/osso/.worktrees/wow-ui-sim-p902-page/tests/c_campaign_covenant_defaults_probes.rs
  cargo:rerun-if-changed=/home/osso/.worktrees/wow-ui-sim-p902-page/tests/c_character_services_probes.rs
  cargo:rerun-if-changed=/home/osso/.worktrees/wow-ui-sim-p902-page/tests/c_chat_bubbles_probes.rs
  cargo:rerun-if-changed=/home/osso/.worktrees/wow-ui-sim-p902-page/tests/c_chat_info_probes.rs
  cargo:rerun-if-changed=/home/osso/.worktrees/wow-ui-sim-p902-page/tests/c_club_probes.rs
  cargo:rerun-if-changed=/home/osso/.worktrees/wow-ui-sim-p902-page/tests/c_collection_api.rs
  cargo:rerun-if-changed=/home/osso/.worktrees/wow-ui-sim-p902-page/tests/c_collections_filter_defaults_probes.rs
  cargo:rerun-if-changed=/home/osso/.worktrees/wow-ui-sim-p902-page/tests/c_color_pvp_defaults_probes.rs
  cargo:rerun-if-changed=/home/osso/.worktrees/wow-ui-sim-p902-page/tests/c_cooldown_viewer_probes.rs
  cargo:rerun-if-changed=/home/osso/.worktrees/wow-ui-sim-p902-page/tests/c_crafting_orders_probes.rs
  cargo:rerun-if-changed=/home/osso/.worktrees/wow-ui-sim-p902-page/tests/c_cursor.rs
  cargo:rerun-if-changed=/home/osso/.worktrees/wow-ui-sim-p902-page/tests/c_death_recap_probes.rs
  cargo:rerun-if-changed=/home/osso/.worktrees/wow-ui-sim-p902-page/tests/c_encounter_journal_probes.rs
  cargo:rerun-if-changed=/home/osso/.worktrees/wow-ui-sim-p902-page/tests/c_function_diff_coverage.rs
  cargo:rerun-if-changed=/home/osso/.worktrees/wow-ui-sim-p902-page/tests/c_garrison_talents.rs
  cargo:rerun-if-changed=/home/osso/.worktrees/wow-ui-sim-p902-page/tests/c_glyph_globals.rs
  cargo:rerun-if-changed=/home/osso/.worktrees/wow-ui-sim-p902-page/tests/c_gossip_info_probes.rs
  cargo:rerun-if-changed=/home/osso/.worktrees/wow-ui-sim-p902-page/tests/c_housing_favor_bar.rs
  cargo:rerun-if-changed=/home/osso/.worktrees/wow-ui-sim-p902-page/tests/c_item_api/c_container.rs
  cargo:rerun-if-changed=/home/osso/.worktrees/wow-ui-sim-p902-page/tests/c_item_api/c_item.rs
  cargo:rerun-if-changed=/home/osso/.worktrees/wow-ui-sim-p902-page/tests/c_item_api/globals_and_inventory.rs
  cargo:rerun-if-changed=/home/osso/.worktrees/wow-ui-sim-p902-page/tests/c_item_api/support.rs
  cargo:rerun-if-changed=/home/osso/.worktrees/wow-ui-sim-p902-page/tests/c_item_api.rs
  cargo:rerun-if-changed=/home/osso/.worktrees/wow-ui-sim-p902-page/tests/c_item_probes.rs
  cargo:rerun-if-changed=/home/osso/.worktrees/wow-ui-sim-p902-page/tests/c_item_socket_info_is_artifact_relic_item.rs
  cargo:rerun-if-changed=/home/osso/.worktrees/wow-ui-sim-p902-page/tests/c_journal_defaults_probes.rs
  cargo:rerun-if-changed=/home/osso/.worktrees/wow-ui-sim-p902-page/tests/c_lfg_info_probes.rs
  cargo:rerun-if-changed=/home/osso/.worktrees/wow-ui-sim-p902-page/tests/c_major_faction_display_defaults_probes.rs
  cargo:rerun-if-changed=/home/osso/.worktrees/wow-ui-sim-p902-page/tests/c_major_factions_globals.rs
  cargo:rerun-if-changed=/home/osso/.worktrees/wow-ui-sim-p902-page/tests/c_map_api/texture.rs
  cargo:rerun-if-changed=/home/osso/.worktrees/wow-ui-sim-p902-page/tests/c_map_api.rs
  cargo:rerun-if-changed=/home/osso/.worktrees/wow-ui-sim-p902-page/tests/c_map_battleground_compat.rs
  cargo:rerun-if-changed=/home/osso/.worktrees/wow-ui-sim-p902-page/tests/c_map_exploration_info.rs
  cargo:rerun-if-changed=/home/osso/.worktrees/wow-ui-sim-p902-page/tests/c_map_groups.rs
  cargo:rerun-if-changed=/home/osso/.worktrees/wow-ui-sim-p902-page/tests/c_map_probes.rs
  cargo:rerun-if-changed=/home/osso/.worktrees/wow-ui-sim-p902-page/tests/c_mythic_plus_probes.rs
  cargo:rerun-if-changed=/home/osso/.worktrees/wow-ui-sim-p902-page/tests/c_nameplate_probes.rs
  cargo:rerun-if-changed=/home/osso/.worktrees/wow-ui-sim-p902-page/tests/c_namespace_diff_coverage.rs
  cargo:rerun-if-changed=/home/osso/.worktrees/wow-ui-sim-p902-page/tests/c_namespace_noop_replacements.rs
  cargo:rerun-if-changed=/home/osso/.worktrees/wow-ui-sim-p902-page/tests/c_navigation_probes.rs
  cargo:rerun-if-changed=/home/osso/.worktrees/wow-ui-sim-p902-page/tests/c_paper_doll_info.rs
  cargo:rerun-if-changed=/home/osso/.worktrees/wow-ui-sim-p902-page/tests/c_party_info_probes.rs
  cargo:rerun-if-changed=/home/osso/.worktrees/wow-ui-sim-p902-page/tests/c_pet_bar_globals.rs
  cargo:rerun-if-changed=/home/osso/.worktrees/wow-ui-sim-p902-page/tests/c_pet_battles_probes.rs
  cargo:rerun-if-changed=/home/osso/.worktrees/wow-ui-sim-p902-page/tests/c_player_info_probes.rs
  cargo:rerun-if-changed=/home/osso/.worktrees/wow-ui-sim-p902-page/tests/c_player_interaction_manager_globals.rs
  cargo:rerun-if-changed=/home/osso/.worktrees/wow-ui-sim-p902-page/tests/c_pvp_is_active_battlefield.rs
  cargo:rerun-if-changed=/home/osso/.worktrees/wow-ui-sim-p902-page/tests/c_quest_log_defaults_probes.rs
  cargo:rerun-if-changed=/home/osso/.worktrees/wow-ui-sim-p902-page/tests/c_quest_log_probes.rs
  cargo:rerun-if-changed=/home/osso/.worktrees/wow-ui-sim-p902-page/tests/c_quest_log_rewards.rs
  cargo:rerun-if-changed=/home/osso/.worktrees/wow-ui-sim-p902-page/tests/c_reincarnation_probes.rs
  cargo:rerun-if-changed=/home/osso/.worktrees/wow-ui-sim-p902-page/tests/c_reputation_paragon.rs
  cargo:rerun-if-changed=/home/osso/.worktrees/wow-ui-sim-p902-page/tests/c_restricted_actions_probes.rs
  cargo:rerun-if-changed=/home/osso/.worktrees/wow-ui-sim-p902-page/tests/c_scenario_info_probes.rs
  cargo:rerun-if-changed=/home/osso/.worktrees/wow-ui-sim-p902-page/tests/c_scenario_probes.rs
  cargo:rerun-if-changed=/home/osso/.worktrees/wow-ui-sim-p902-page/tests/c_scripted_animations_probes.rs
  cargo:rerun-if-changed=/home/osso/.worktrees/wow-ui-sim-p902-page/tests/c_shapeshift_globals.rs
  cargo:rerun-if-changed=/home/osso/.worktrees/wow-ui-sim-p902-page/tests/c_small_namespaces_probes.rs
  cargo:rerun-if-changed=/home/osso/.worktrees/wow-ui-sim-p902-page/tests/c_small_probes.rs
  cargo:rerun-if-changed=/home/osso/.worktrees/wow-ui-sim-p902-page/tests/c_social_probes.rs
  cargo:rerun-if-changed=/home/osso/.worktrees/wow-ui-sim-p902-page/tests/c_spell_flyout_probes.rs
  cargo:rerun-if-changed=/home/osso/.worktrees/wow-ui-sim-p902-page/tests/c_spell_probes.rs
  cargo:rerun-if-changed=/home/osso/.worktrees/wow-ui-sim-p902-page/tests/c_spell_static_fallbacks.rs
  cargo:rerun-if-changed=/home/osso/.worktrees/wow-ui-sim-p902-page/tests/c_summon_info_probes.rs
  cargo:rerun-if-changed=/home/osso/.worktrees/wow-ui-sim-p902-page/tests/c_super_track_probes.rs
  cargo:rerun-if-changed=/home/osso/.worktrees/wow-ui-sim-p902-page/tests/c_system_api.rs
  cargo:rerun-if-changed=/home/osso/.worktrees/wow-ui-sim-p902-page/tests/c_tracking_defaults_probes.rs
  cargo:rerun-if-changed=/home/osso/.worktrees/wow-ui-sim-p902-page/tests/c_transmog_heirloom_api/heirloom.rs
  cargo:rerun-if-changed=/home/osso/.worktrees/wow-ui-sim-p902-page/tests/c_transmog_heirloom_api.rs
  cargo:rerun-if-changed=/home/osso/.worktrees/wow-ui-sim-p902-page/tests/c_transmog_outfit_info_locks.rs
  cargo:rerun-if-changed=/home/osso/.worktrees/wow-ui-sim-p902-page/tests/c_ui.rs
  cargo:rerun-if-changed=/home/osso/.worktrees/wow-ui-sim-p902-page/tests/c_unit_auras_admin.rs
  cargo:rerun-if-changed=/home/osso/.worktrees/wow-ui-sim-p902-page/tests/c_vehicle_possession_globals.rs
  cargo:rerun-if-changed=/home/osso/.worktrees/wow-ui-sim-p902-page/tests/c_voice_chat_probes.rs
  cargo:rerun-if-changed=/home/osso/.worktrees/wow-ui-sim-p902-page/tests/c_warband_scene_api.rs
  cargo:rerun-if-changed=/home/osso/.worktrees/wow-ui-sim-p902-page/tests/c_wow_token_public.rs
  cargo:rerun-if-changed=/home/osso/.worktrees/wow-ui-sim-p902-page/tests/c_xp_honor_rest_globals.rs
  cargo:rerun-if-changed=/home/osso/.worktrees/wow-ui-sim-p902-page/tests/campaign_info.rs
  cargo:rerun-if-changed=/home/osso/.worktrees/wow-ui-sim-p902-page/tests/casc_asset_fallback.rs
  cargo:rerun-if-changed=/home/osso/.worktrees/wow-ui-sim-p902-page/tests/casc_loading.rs
  cargo:rerun-if-changed=/home/osso/.worktrees/wow-ui-sim-p902-page/tests/cast_bar_id.rs
  cargo:rerun-if-changed=/home/osso/.worktrees/wow-ui-sim-p902-page/tests/cast_events_identity.rs
  cargo:rerun-if-changed=/home/osso/.worktrees/wow-ui-sim-p902-page/tests/catalog_shop.rs
  cargo:rerun-if-changed=/home/osso/.worktrees/wow-ui-sim-p902-page/tests/catalog_shop_product_structures.rs
  cargo:rerun-if-changed=/home/osso/.worktrees/wow-ui-sim-p902-page/tests/channel_blizzard.rs
  cargo:rerun-if-changed=/home/osso/.worktrees/wow-ui-sim-p902-page/tests/channel_lifecycle.rs
  cargo:rerun-if-changed=/home/osso/.worktrees/wow-ui-sim-p902-page/tests/channel_reentrancy.rs
  cargo:rerun-if-changed=/home/osso/.worktrees/wow-ui-sim-p902-page/tests/channel_verbs.rs
  cargo:rerun-if-changed=/home/osso/.worktrees/wow-ui-sim-p902-page/tests/character_create_bootstrap_boundaries.rs
  cargo:rerun-if-changed=/home/osso/.worktrees/wow-ui-sim-p902-page/tests/character_stats/explicit_inputs.rs
  cargo:rerun-if-changed=/home/osso/.worktrees/wow-ui-sim-p902-page/tests/character_stats/missing_apis.rs
  cargo:rerun-if-changed=/home/osso/.worktrees/wow-ui-sim-p902-page/tests/character_stats/stat_restriction.rs
  cargo:rerun-if-changed=/home/osso/.worktrees/wow-ui-sim-p902-page/tests/character_stats.rs
  cargo:rerun-if-changed=/home/osso/.worktrees/wow-ui-sim-p902-page/tests/chat_frame/layout_lock.rs
  cargo:rerun-if-changed=/home/osso/.worktrees/wow-ui-sim-p902-page/tests/chat_frame/scrollbar.rs
  cargo:rerun-if-changed=/home/osso/.worktrees/wow-ui-sim-p902-page/tests/chat_frame.rs
  cargo:rerun-if-changed=/home/osso/.worktrees/wow-ui-sim-p902-page/tests/chat_frame_startup.rs
  cargo:rerun-if-changed=/home/osso/.worktrees/wow-ui-sim-p902-page/tests/chat_frame_util.rs
  cargo:rerun-if-changed=/home/osso/.worktrees/wow-ui-sim-p902-page/tests/chat_frame_util_open_chat.rs
  cargo:rerun-if-changed=/home/osso/.worktrees/wow-ui-sim-p902-page/tests/chat_init.rs
  cargo:rerun-if-changed=/home/osso/.worktrees/wow-ui-sim-p902-page/tests/chat_lockdown_ready_checks.rs
  cargo:rerun-if-changed=/home/osso/.worktrees/wow-ui-sim-p902-page/tests/chat_messaging_lockdown.rs
  cargo:rerun-if-changed=/home/osso/.worktrees/wow-ui-sim-p902-page/tests/chat_window_verbs.rs
  cargo:rerun-if-changed=/home/osso/.worktrees/wow-ui-sim-p902-page/tests/checkbox.rs
  cargo:rerun-if-changed=/home/osso/.worktrees/wow-ui-sim-p902-page/tests/checkbutton_render_order.rs
  cargo:rerun-if-changed=/home/osso/.worktrees/wow-ui-sim-p902-page/tests/cinematic_globals.rs
  cargo:rerun-if-changed=/home/osso/.worktrees/wow-ui-sim-p902-page/tests/class_icon_atlas_render.rs
  cargo:rerun-if-changed=/home/osso/.worktrees/wow-ui-sim-p902-page/tests/class_talents_config.rs
  cargo:rerun-if-changed=/home/osso/.worktrees/wow-ui-sim-p902-page/tests/class_talents_flags.rs
  cargo:rerun-if-changed=/home/osso/.worktrees/wow-ui-sim-p902-page/tests/classic_expansion_at_most.rs
  cargo:rerun-if-changed=/home/osso/.worktrees/wow-ui-sim-p902-page/tests/classic_guild_roster_selection.rs
  cargo:rerun-if-changed=/home/osso/.worktrees/wow-ui-sim-p902-page/tests/classic_secret_policy.rs
  cargo:rerun-if-changed=/home/osso/.worktrees/wow-ui-sim-p902-page/tests/click_all_frames.rs
  cargo:rerun-if-changed=/home/osso/.worktrees/wow-ui-sim-p902-page/tests/click_binding_spell_identifier.rs
  cargo:rerun-if-changed=/home/osso/.worktrees/wow-ui-sim-p902-page/tests/click_targeting/forever_regressions.rs
  cargo:rerun-if-changed=/home/osso/.worktrees/wow-ui-sim-p902-page/tests/click_targeting/forever_regressions.rs
  cargo:rerun-if-changed=/home/osso/.worktrees/wow-ui-sim-p902-page/tests/click_targeting/full_ui.rs
  cargo:rerun-if-changed=/home/osso/.worktrees/wow-ui-sim-p902-page/tests/click_targeting/full_ui.rs
  cargo:rerun-if-changed=/home/osso/.worktrees/wow-ui-sim-p902-page/tests/click_targeting.rs
  cargo:rerun-if-changed=/home/osso/.worktrees/wow-ui-sim-p902-page/tests/close_frames.rs
  cargo:rerun-if-changed=/home/osso/.worktrees/wow-ui-sim-p902-page/tests/club_membership.rs
  cargo:rerun-if-changed=/home/osso/.worktrees/wow-ui-sim-p902-page/tests/cmd_option_selected_unit.rs
  cargo:rerun-if-changed=/home/osso/.worktrees/wow-ui-sim-p902-page/tests/collections_escape.rs
  cargo:rerun-if-changed=/home/osso/.worktrees/wow-ui-sim-p902-page/tests/color_globals.rs
  cargo:rerun-if-changed=/home/osso/.worktrees/wow-ui-sim-p902-page/tests/combat_probes.rs
  cargo:rerun-if-changed=/home/osso/.worktrees/wow-ui-sim-p902-page/tests/combat_verbs.rs
  cargo:rerun-if-changed=/home/osso/.worktrees/wow-ui-sim-p902-page/tests/combo_points.rs
  cargo:rerun-if-changed=/home/osso/.worktrees/wow-ui-sim-p902-page/tests/commentator_api.rs
  cargo:rerun-if-changed=/home/osso/.worktrees/wow-ui-sim-p902-page/tests/common/blizzard_addon_harness.rs
  cargo:rerun-if-changed=/home/osso/.worktrees/wow-ui-sim-p902-page/tests/common/blizzard_addon_harness.rs
  cargo:rerun-if-changed=/home/osso/.worktrees/wow-ui-sim-p902-page/tests/common/blizzard_addon_harness.rs
  cargo:rerun-if-changed=/home/osso/.worktrees/wow-ui-sim-p902-page/tests/common/blizzard_addon_manifest.rs
  cargo:rerun-if-changed=/home/osso/.worktrees/wow-ui-sim-p902-page/tests/common/blizzard_addon_manifest.rs
  cargo:rerun-if-changed=/home/osso/.worktrees/wow-ui-sim-p902-page/tests/common/blizzard_addon_manifest.rs
  cargo:rerun-if-changed=/home/osso/.worktrees/wow-ui-sim-p902-page/tests/common/blizzard_addon_manifest.rs
  cargo:rerun-if-changed=/home/osso/.worktrees/wow-ui-sim-p902-page/tests/common/event_helpers.rs
  cargo:rerun-if-changed=/home/osso/.worktrees/wow-ui-sim-p902-page/tests/common/event_helpers.rs
  cargo:rerun-if-changed=/home/osso/.worktrees/wow-ui-sim-p902-page/tests/common/event_helpers.rs
  cargo:rerun-if-changed=/home/osso/.worktrees/wow-ui-sim-p902-page/tests/common/event_helpers.rs
  cargo:rerun-if-changed=/home/osso/.worktrees/wow-ui-sim-p902-page/tests/common/event_helpers.rs
  cargo:rerun-if-changed=/home/osso/.worktrees/wow-ui-sim-p902-page/tests/common/event_helpers.rs
  cargo:rerun-if-changed=/home/osso/.worktrees/wow-ui-sim-p902-page/tests/common/keybinding_panel_fixtures.rs
  cargo:rerun-if-changed=/home/osso/.worktrees/wow-ui-sim-p902-page/tests/common/keybindings_panels_detail.rs
  cargo:rerun-if-changed=/home/osso/.worktrees/wow-ui-sim-p902-page/tests/common/keybindings_panels_detail.rs
  cargo:rerun-if-changed=/home/osso/.worktrees/wow-ui-sim-p902-page/tests/common/keybindings_panels_detail.rs
  cargo:rerun-if-changed=/home/osso/.worktrees/wow-ui-sim-p902-page/tests/common/mists_panel_artifact_checks.rs
  cargo:rerun-if-changed=/home/osso/.worktrees/wow-ui-sim-p902-page/tests/common/mists_panel_artifact_checks.rs
  cargo:rerun-if-changed=/home/osso/.worktrees/wow-ui-sim-p902-page/tests/common/mists_panel_interaction_checks.rs
  cargo:rerun-if-changed=/home/osso/.worktrees/wow-ui-sim-p902-page/tests/common/mists_panel_interaction_checks.rs
  cargo:rerun-if-changed=/home/osso/.worktrees/wow-ui-sim-p902-page/tests/common/mists_panel_interaction_checks.rs
  cargo:rerun-if-changed=/home/osso/.worktrees/wow-ui-sim-p902-page/tests/common/mists_panel_interaction_checks.rs
  cargo:rerun-if-changed=/home/osso/.worktrees/wow-ui-sim-p902-page/tests/common/panel_fixtures.rs
  cargo:rerun-if-changed=/home/osso/.worktrees/wow-ui-sim-p902-page/tests/common/panel_fixtures.rs
  cargo:rerun-if-changed=/home/osso/.worktrees/wow-ui-sim-p902-page/tests/common/panel_fixtures.rs
  cargo:rerun-if-changed=/home/osso/.worktrees/wow-ui-sim-p902-page/tests/common/prefork_full_ui_preload.rs
  cargo:rerun-if-changed=/home/osso/.worktrees/wow-ui-sim-p902-page/tests/common/prefork_full_ui_preload.rs
  cargo:rerun-if-changed=/home/osso/.worktrees/wow-ui-sim-p902-page/tests/common/prefork_full_ui_preload.rs
  cargo:rerun-if-changed=/home/osso/.worktrees/wow-ui-sim-p902-page/tests/common/prefork_full_ui_preload.rs
  cargo:rerun-if-changed=/home/osso/.worktrees/wow-ui-sim-p902-page/tests/common/prefork_full_ui_preload.rs
  cargo:rerun-if-changed=/home/osso/.worktrees/wow-ui-sim-p902-page/tests/common/prefork_full_ui_preload.rs
  cargo:rerun-if-changed=/home/osso/.worktrees/wow-ui-sim-p902-page/tests/common/publication_sweep.rs
  cargo:rerun-if-changed=/home/osso/.worktrees/wow-ui-sim-p902-page/tests/common/publication_sweep.rs
  cargo:rerun-if-changed=/home/osso/.worktrees/wow-ui-sim-p902-page/tests/common/publication_sweep.rs
  cargo:rerun-if-changed=/home/osso/.worktrees/wow-ui-sim-p902-page/tests/common/publication_sweep.rs
  cargo:rerun-if-changed=/home/osso/.worktrees/wow-ui-sim-p902-page/tests/common/publication_sweep.rs
  cargo:rerun-if-changed=/home/osso/.worktrees/wow-ui-sim-p902-page/tests/common/publication_sweep.rs
  cargo:rerun-if-changed=/home/osso/.worktrees/wow-ui-sim-p902-page/tests/common/publication_sweep.rs
  cargo:rerun-if-changed=/home/osso/.worktrees/wow-ui-sim-p902-page/tests/common/publication_sweep.rs
  cargo:rerun-if-changed=/home/osso/.worktrees/wow-ui-sim-p902-page/tests/common/publication_sweep.rs
  cargo:rerun-if-changed=/home/osso/.worktrees/wow-ui-sim-p902-page/tests/common/publication_sweep.rs
  cargo:rerun-if-changed=/home/osso/.worktrees/wow-ui-sim-p902-page/tests/common/publication_sweep.rs
  cargo:rerun-if-changed=/home/osso/.worktrees/wow-ui-sim-p902-page/tests/common/publication_sweep.rs
  cargo:rerun-if-changed=/home/osso/.worktrees/wow-ui-sim-p902-page/tests/common/publication_sweep.rs
  cargo:rerun-if-changed=/home/osso/.worktrees/wow-ui-sim-p902-page/tests/common/publication_sweep.rs
  cargo:rerun-if-changed=/home/osso/.worktrees/wow-ui-sim-p902-page/tests/common/publication_sweep.rs
  cargo:rerun-if-changed=/home/osso/.worktrees/wow-ui-sim-p902-page/tests/common/publication_sweep.rs
  cargo:rerun-if-changed=/home/osso/.worktrees/wow-ui-sim-p902-page/tests/common/publication_sweep.rs
  cargo:rerun-if-changed=/home/osso/.worktrees/wow-ui-sim-p902-page/tests/common/publication_sweep.rs
  cargo:rerun-if-changed=/home/osso/.worktrees/wow-ui-sim-p902-page/tests/common/publication_sweep.rs
  cargo:rerun-if-changed=/home/osso/.worktrees/wow-ui-sim-p902-page/tests/common/publication_sweep.rs
  cargo:rerun-if-changed=/home/osso/.worktrees/wow-ui-sim-p902-page/tests/common/publication_sweep.rs
  cargo:rerun-if-changed=/home/osso/.worktrees/wow-ui-sim-p902-page/tests/common/publication_sweep.rs
  cargo:rerun-if-changed=/home/osso/.worktrees/wow-ui-sim-p902-page/tests/common/publication_sweep.rs
  cargo:rerun-if-changed=/home/osso/.worktrees/wow-ui-sim-p902-page/tests/common/publication_sweep.rs
  cargo:rerun-if-changed=/home/osso/.worktrees/wow-ui-sim-p902-page/tests/common/publication_sweep.rs
  cargo:rerun-if-changed=/home/osso/.worktrees/wow-ui-sim-p902-page/tests/common/publication_sweep.rs
  cargo:rerun-if-changed=/home/osso/.worktrees/wow-ui-sim-p902-page/tests/common/publication_sweep.rs
  cargo:rerun-if-changed=/home/osso/.worktrees/wow-ui-sim-p902-page/tests/common/publication_sweep.rs
  cargo:rerun-if-changed=/home/osso/.worktrees/wow-ui-sim-p902-page/tests/common/publication_sweep.rs
  cargo:rerun-if-changed=/home/osso/.worktrees/wow-ui-sim-p902-page/tests/common/publication_sweep.rs
  cargo:rerun-if-changed=/home/osso/.worktrees/wow-ui-sim-p902-page/tests/common/publication_sweep.rs
  cargo:rerun-if-changed=/home/osso/.worktrees/wow-ui-sim-p902-page/tests/common/publication_sweep.rs
  cargo:rerun-if-changed=/home/osso/.worktrees/wow-ui-sim-p902-page/tests/common/publication_sweep.rs
  cargo:rerun-if-changed=/home/osso/.worktrees/wow-ui-sim-p902-page/tests/common/publication_sweep.rs
  cargo:rerun-if-changed=/home/osso/.worktrees/wow-ui-sim-p902-page/tests/common/publication_sweep.rs
  cargo:rerun-if-changed=/home/osso/.worktrees/wow-ui-sim-p902-page/tests/common/publication_sweep.rs
  cargo:rerun-if-changed=/home/osso/.worktrees/wow-ui-sim-p902-page/tests/common/token_ui_fixtures.rs
  cargo:rerun-if-changed=/home/osso/.worktrees/wow-ui-sim-p902-page/tests/common/token_ui_fixtures.rs
  cargo:rerun-if-changed=/home/osso/.worktrees/wow-ui-sim-p902-page/tests/common/token_ui_fixtures.rs
  cargo:rerun-if-changed=/home/osso/.worktrees/wow-ui-sim-p902-page/tests/common/token_ui_fixtures.rs
  cargo:rerun-if-changed=/home/osso/.worktrees/wow-ui-sim-p902-page/tests/common/token_ui_fixtures.rs
  cargo:rerun-if-changed=/home/osso/.worktrees/wow-ui-sim-p902-page/tests/common/token_ui_fixtures.rs
  cargo:rerun-if-changed=/home/osso/.worktrees/wow-ui-sim-p902-page/tests/compact_raid_manager_quads.rs
  cargo:rerun-if-changed=/home/osso/.worktrees/wow-ui-sim-p902-page/tests/compact_raid_manager_visibility.rs
  cargo:rerun-if-changed=/home/osso/.worktrees/wow-ui-sim-p902-page/tests/compat_overrides.rs
  cargo:rerun-if-changed=/home/osso/.worktrees/wow-ui-sim-p902-page/tests/console_commands.rs
  cargo:rerun-if-changed=/home/osso/.worktrees/wow-ui-sim-p902-page/tests/constants_diff_coverage.rs
  cargo:rerun-if-changed=/home/osso/.worktrees/wow-ui-sim-p902-page/tests/container_legacy_boundary.rs
  cargo:rerun-if-changed=/home/osso/.worktrees/wow-ui-sim-p902-page/tests/cooldown_aura_spell_identifiers.rs
  cargo:rerun-if-changed=/home/osso/.worktrees/wow-ui-sim-p902-page/tests/cooldown_countdown_formatter.rs
  cargo:rerun-if-changed=/home/osso/.worktrees/wow-ui-sim-p902-page/tests/cooldown_probes/charge_duration.rs
  cargo:rerun-if-changed=/home/osso/.worktrees/wow-ui-sim-p902-page/tests/cooldown_probes/ignore_gcd.rs
  cargo:rerun-if-changed=/home/osso/.worktrees/wow-ui-sim-p902-page/tests/cooldown_probes.rs
  cargo:rerun-if-changed=/home/osso/.worktrees/wow-ui-sim-p902-page/tests/cooldown_restriction.rs
  cargo:rerun-if-changed=/home/osso/.worktrees/wow-ui-sim-p902-page/tests/cooldown_widget.rs
  cargo:rerun-if-changed=/home/osso/.worktrees/wow-ui-sim-p902-page/tests/copy_to_clipboard.rs
  cargo:rerun-if-changed=/home/osso/.worktrees/wow-ui-sim-p902-page/tests/covenant_sanctum_ui.rs
  cargo:rerun-if-changed=/home/osso/.worktrees/wow-ui-sim-p902-page/tests/create_frame_perf.rs
  cargo:rerun-if-changed=/home/osso/.worktrees/wow-ui-sim-p902-page/tests/currency_info_probes.rs
  cargo:rerun-if-changed=/home/osso/.worktrees/wow-ui-sim-p902-page/tests/cvar_bitfields.rs
  cargo:rerun-if-changed=/home/osso/.worktrees/wow-ui-sim-p902-page/tests/datamine_xml_lifecycle.rs
  cargo:rerun-if-changed=/home/osso/.worktrees/wow-ui-sim-p902-page/tests/debug_api.rs
  cargo:rerun-if-changed=/home/osso/.worktrees/wow-ui-sim-p902-page/tests/delve_instance_state.rs
  cargo:rerun-if-changed=/home/osso/.worktrees/wow-ui-sim-p902-page/tests/delves_api_inputs.rs
  cargo:rerun-if-changed=/home/osso/.worktrees/wow-ui-sim-p902-page/tests/delves_ui.rs
  cargo:rerun-if-changed=/home/osso/.worktrees/wow-ui-sim-p902-page/tests/dispatcher.rs
  cargo:rerun-if-changed=/home/osso/.worktrees/wow-ui-sim-p902-page/tests/dropdown_api.rs
  cargo:rerun-if-changed=/home/osso/.worktrees/wow-ui-sim-p902-page/tests/dropdown_bootstrap_boundaries.rs
  cargo:rerun-if-changed=/home/osso/.worktrees/wow-ui-sim-p902-page/tests/dropdown_mixin_bootstrap_boundaries.rs
  cargo:rerun-if-changed=/home/osso/.worktrees/wow-ui-sim-p902-page/tests/dump_tree.rs
  cargo:rerun-if-changed=/home/osso/.worktrees/wow-ui-sim-p902-page/tests/duration_core.rs
  cargo:rerun-if-changed=/home/osso/.worktrees/wow-ui-sim-p902-page/tests/duration_numeric_formatters.rs
  cargo:rerun-if-changed=/home/osso/.worktrees/wow-ui-sim-p902-page/tests/duration_text_binding_copy.rs
  cargo:rerun-if-changed=/home/osso/.worktrees/wow-ui-sim-p902-page/tests/duration_text_binding_tick.rs
  cargo:rerun-if-changed=/home/osso/.worktrees/wow-ui-sim-p902-page/tests/edit_mode_api/cache.rs
  cargo:rerun-if-changed=/home/osso/.worktrees/wow-ui-sim-p902-page/tests/edit_mode_api/enums.rs
  cargo:rerun-if-changed=/home/osso/.worktrees/wow-ui-sim-p902-page/tests/edit_mode_api.rs
  cargo:rerun-if-changed=/home/osso/.worktrees/wow-ui-sim-p902-page/tests/edit_mode_bootstrap_boundaries.rs
  cargo:rerun-if-changed=/home/osso/.worktrees/wow-ui-sim-p902-page/tests/edit_mode_cli.rs
  cargo:rerun-if-changed=/home/osso/.worktrees/wow-ui-sim-p902-page/tests/editbox_input_render_text.rs
  cargo:rerun-if-changed=/home/osso/.worktrees/wow-ui-sim-p902-page/tests/editbox_stub_family/max_letters.rs
  cargo:rerun-if-changed=/home/osso/.worktrees/wow-ui-sim-p902-page/tests/editbox_stub_family.rs
  cargo:rerun-if-changed=/home/osso/.worktrees/wow-ui-sim-p902-page/tests/editmode_initial_anchors.rs
  cargo:rerun-if-changed=/home/osso/.worktrees/wow-ui-sim-p902-page/tests/encounter_event_sound_no_error.rs
  cargo:rerun-if-changed=/home/osso/.worktrees/wow-ui-sim-p902-page/tests/encounter_events.rs
  cargo:rerun-if-changed=/home/osso/.worktrees/wow-ui-sim-p902-page/tests/encounter_journal_creature_icons.rs
  cargo:rerun-if-changed=/home/osso/.worktrees/wow-ui-sim-p902-page/tests/encounter_journal_regressions.rs
  cargo:rerun-if-changed=/home/osso/.worktrees/wow-ui-sim-p902-page/tests/encounter_timeline_script.rs
  cargo:rerun-if-changed=/home/osso/.worktrees/wow-ui-sim-p902-page/tests/encounter_timeline_tracks.rs
  cargo:rerun-if-changed=/home/osso/.worktrees/wow-ui-sim-p902-page/tests/encounter_timeline_view.rs
  cargo:rerun-if-changed=/home/osso/.worktrees/wow-ui-sim-p902-page/tests/encounter_warning_preview.rs
  cargo:rerun-if-changed=/home/osso/.worktrees/wow-ui-sim-p902-page/tests/enum_diff_coverage.rs
  cargo:rerun-if-changed=/home/osso/.worktrees/wow-ui-sim-p902-page/tests/equipment_api.rs
  cargo:rerun-if-changed=/home/osso/.worktrees/wow-ui-sim-p902-page/tests/equipment_set_command.rs
  cargo:rerun-if-changed=/home/osso/.worktrees/wow-ui-sim-p902-page/tests/era_compat_bootstrap.rs
  cargo:rerun-if-changed=/home/osso/.worktrees/wow-ui-sim-p902-page/tests/era_compat_bootstrap.rs
  cargo:rerun-if-changed=/home/osso/.worktrees/wow-ui-sim-p902-page/tests/error_handler.rs
  cargo:rerun-if-changed=/home/osso/.worktrees/wow-ui-sim-p902-page/tests/event_dispatch_perf.rs
  cargo:rerun-if-changed=/home/osso/.worktrees/wow-ui-sim-p902-page/tests/event_gc_rooting.rs
  cargo:rerun-if-changed=/home/osso/.worktrees/wow-ui-sim-p902-page/tests/event_scheduler.rs
  cargo:rerun-if-changed=/home/osso/.worktrees/wow-ui-sim-p902-page/tests/faction_probes.rs
  cargo:rerun-if-changed=/home/osso/.worktrees/wow-ui-sim-p902-page/tests/follower_nameplate_display.rs
  cargo:rerun-if-changed=/home/osso/.worktrees/wow-ui-sim-p902-page/tests/font_api.rs
  cargo:rerun-if-changed=/home/osso/.worktrees/wow-ui-sim-p902-page/tests/fontstring_anchor_pinned_width.rs
  cargo:rerun-if-changed=/home/osso/.worktrees/wow-ui-sim-p902-page/tests/fontstring_smooth_scaling.rs
  cargo:rerun-if-changed=/home/osso/.worktrees/wow-ui-sim-p902-page/tests/forbidden_aspect_creation.rs
  cargo:rerun-if-changed=/home/osso/.worktrees/wow-ui-sim-p902-page/tests/forbidden_aspect_enforcement.rs
  cargo:rerun-if-changed=/home/osso/.worktrees/wow-ui-sim-p902-page/tests/forbidden_frames.rs
  cargo:rerun-if-changed=/home/osso/.worktrees/wow-ui-sim-p902-page/tests/forever_auto_roll.rs
  cargo:rerun-if-changed=/home/osso/.worktrees/wow-ui-sim-p902-page/tests/forever_bug_capture.rs
  cargo:rerun-if-changed=/home/osso/.worktrees/wow-ui-sim-p902-page/tests/forever_character_remaining_stats.rs
  cargo:rerun-if-changed=/home/osso/.worktrees/wow-ui-sim-p902-page/tests/forever_character_stat_contributions.rs
  cargo:rerun-if-changed=/home/osso/.worktrees/wow-ui-sim-p902-page/tests/forever_forbidden_consumers.rs
  cargo:rerun-if-changed=/home/osso/.worktrees/wow-ui-sim-p902-page/tests/forever_restricted_execution.rs
  cargo:rerun-if-changed=/home/osso/.worktrees/wow-ui-sim-p902-page/tests/frame_creation/named_duplicates.rs
  cargo:rerun-if-changed=/home/osso/.worktrees/wow-ui-sim-p902-page/tests/frame_creation/set_point_overrides.rs
  cargo:rerun-if-changed=/home/osso/.worktrees/wow-ui-sim-p902-page/tests/frame_creation/visibility_scripts.rs
  cargo:rerun-if-changed=/home/osso/.worktrees/wow-ui-sim-p902-page/tests/frame_creation.rs
  cargo:rerun-if-changed=/home/osso/.worktrees/wow-ui-sim-p902-page/tests/frame_creation_checkbutton.rs
  cargo:rerun-if-changed=/home/osso/.worktrees/wow-ui-sim-p902-page/tests/frame_edit_mode_methods.rs
  cargo:rerun-if-changed=/home/osso/.worktrees/wow-ui-sim-p902-page/tests/frame_field_environment.rs
  cargo:rerun-if-changed=/home/osso/.worktrees/wow-ui-sim-p902-page/tests/frame_helper_bootstrap_boundaries.rs
  cargo:rerun-if-changed=/home/osso/.worktrees/wow-ui-sim-p902-page/tests/frame_level.rs
  cargo:rerun-if-changed=/home/osso/.worktrees/wow-ui-sim-p902-page/tests/frame_level_helpers.rs
  cargo:rerun-if-changed=/home/osso/.worktrees/wow-ui-sim-p902-page/tests/frame_position_probe.rs
  cargo:rerun-if-changed=/home/osso/.worktrees/wow-ui-sim-p902-page/tests/frame_position_replay.rs
  cargo:rerun-if-changed=/home/osso/.worktrees/wow-ui-sim-p902-page/tests/frame_table_iteration.rs
  cargo:rerun-if-changed=/home/osso/.worktrees/wow-ui-sim-p902-page/tests/friend_list_who.rs
  cargo:rerun-if-changed=/home/osso/.worktrees/wow-ui-sim-p902-page/tests/friends_panel.rs
  cargo:rerun-if-changed=/home/osso/.worktrees/wow-ui-sim-p902-page/tests/full_ui_preload_bootstrap.rs
  cargo:rerun-if-changed=/home/osso/.worktrees/wow-ui-sim-p902-page/tests/game_boot.rs
  cargo:rerun-if-changed=/home/osso/.worktrees/wow-ui-sim-p902-page/tests/game_menu.rs
  cargo:rerun-if-changed=/home/osso/.worktrees/wow-ui-sim-p902-page/tests/game_rules.rs
  cargo:rerun-if-changed=/home/osso/.worktrees/wow-ui-sim-p902-page/tests/game_time_frame_perf.rs
  cargo:rerun-if-changed=/home/osso/.worktrees/wow-ui-sim-p902-page/tests/gamepad_mapped_state.rs
  cargo:rerun-if-changed=/home/osso/.worktrees/wow-ui-sim-p902-page/tests/gamepad_stick.rs
  cargo:rerun-if-changed=/home/osso/.worktrees/wow-ui-sim-p902-page/tests/generated_data_refresh_coverage.rs
  cargo:rerun-if-changed=/home/osso/.worktrees/wow-ui-sim-p902-page/tests/get_color_for_currency_reward.rs
  cargo:rerun-if-changed=/home/osso/.worktrees/wow-ui-sim-p902-page/tests/get_money_string.rs
  cargo:rerun-if-changed=/home/osso/.worktrees/wow-ui-sim-p902-page/tests/global_event_callbacks.rs
  cargo:rerun-if-changed=/home/osso/.worktrees/wow-ui-sim-p902-page/tests/global_frames.rs
  cargo:rerun-if-changed=/home/osso/.worktrees/wow-ui-sim-p902-page/tests/global_function_diff_coverage.rs
  cargo:rerun-if-changed=/home/osso/.worktrees/wow-ui-sim-p902-page/tests/global_slot_semantics.rs
  cargo:rerun-if-changed=/home/osso/.worktrees/wow-ui-sim-p902-page/tests/globals_legacy.rs
  cargo:rerun-if-changed=/home/osso/.worktrees/wow-ui-sim-p902-page/tests/globals_legacy_quest_blobs.rs
  cargo:rerun-if-changed=/home/osso/.worktrees/wow-ui-sim-p902-page/tests/glue_character_select.rs
  cargo:rerun-if-changed=/home/osso/.worktrees/wow-ui-sim-p902-page/tests/glue_character_select_bootstrap_boundaries.rs
  cargo:rerun-if-changed=/home/osso/.worktrees/wow-ui-sim-p902-page/tests/glue_login.rs
  cargo:rerun-if-changed=/home/osso/.worktrees/wow-ui-sim-p902-page/tests/gossip_probes.rs
  cargo:rerun-if-changed=/home/osso/.worktrees/wow-ui-sim-p902-page/tests/group_verbs.rs
  cargo:rerun-if-changed=/home/osso/.worktrees/wow-ui-sim-p902-page/tests/groupfinder_parent_keys.rs
  cargo:rerun-if-changed=/home/osso/.worktrees/wow-ui-sim-p902-page/tests/guild_control.rs
  cargo:rerun-if-changed=/home/osso/.worktrees/wow-ui-sim-p902-page/tests/guild_info.rs
  cargo:rerun-if-changed=/home/osso/.worktrees/wow-ui-sim-p902-page/tests/guild_info_probes.rs
  cargo:rerun-if-changed=/home/osso/.worktrees/wow-ui-sim-p902-page/tests/guild_invite_preference.rs
  cargo:rerun-if-changed=/home/osso/.worktrees/wow-ui-sim-p902-page/tests/guild_logo.rs
  cargo:rerun-if-changed=/home/osso/.worktrees/wow-ui-sim-p902-page/tests/guild_member_list_dropdown.rs
  cargo:rerun-if-changed=/home/osso/.worktrees/wow-ui-sim-p902-page/tests/guild_probes.rs
  cargo:rerun-if-changed=/home/osso/.worktrees/wow-ui-sim-p902-page/tests/guild_verbs.rs
  cargo:rerun-if-changed=/home/osso/.worktrees/wow-ui-sim-p902-page/tests/handle_aware_parity.rs
  cargo:rerun-if-changed=/home/osso/.worktrees/wow-ui-sim-p902-page/tests/heirloom_probes.rs
  cargo:rerun-if-changed=/home/osso/.worktrees/wow-ui-sim-p902-page/tests/hero_talents/rendering.rs
  cargo:rerun-if-changed=/home/osso/.worktrees/wow-ui-sim-p902-page/tests/hero_talents/rendering.rs
  cargo:rerun-if-changed=/home/osso/.worktrees/wow-ui-sim-p902-page/tests/hero_talents.rs
  cargo:rerun-if-changed=/home/osso/.worktrees/wow-ui-sim-p902-page/tests/hero_talents_render.rs
  cargo:rerun-if-changed=/home/osso/.worktrees/wow-ui-sim-p902-page/tests/hero_talents_render_visual.rs
  cargo:rerun-if-changed=/home/osso/.worktrees/wow-ui-sim-p902-page/tests/hero_talents_selection_nodes.rs
  cargo:rerun-if-changed=/home/osso/.worktrees/wow-ui-sim-p902-page/tests/hit_test_targeting.rs
  cargo:rerun-if-changed=/home/osso/.worktrees/wow-ui-sim-p902-page/tests/hook_script.rs
  cargo:rerun-if-changed=/home/osso/.worktrees/wow-ui-sim-p902-page/tests/house_exterior.rs
  cargo:rerun-if-changed=/home/osso/.worktrees/wow-ui-sim-p902-page/tests/house_exterior_attached_decor.rs
  cargo:rerun-if-changed=/home/osso/.worktrees/wow-ui-sim-p902-page/tests/house_exterior_core_fixture.rs
  cargo:rerun-if-changed=/home/osso/.worktrees/wow-ui-sim-p902-page/tests/housing.rs
  cargo:rerun-if-changed=/home/osso/.worktrees/wow-ui-sim-p902-page/tests/housing_bundle_structures.rs
  cargo:rerun-if-changed=/home/osso/.worktrees/wow-ui-sim-p902-page/tests/housing_catalog.rs
  cargo:rerun-if-changed=/home/osso/.worktrees/wow-ui-sim-p902-page/tests/housing_catalog_aggregates.rs
  cargo:rerun-if-changed=/home/osso/.worktrees/wow-ui-sim-p902-page/tests/housing_catalog_base_lookups.rs
  cargo:rerun-if-changed=/home/osso/.worktrees/wow-ui-sim-p902-page/tests/housing_catalog_categories.rs
  cargo:rerun-if-changed=/home/osso/.worktrees/wow-ui-sim-p902-page/tests/housing_catalog_variants.rs
  cargo:rerun-if-changed=/home/osso/.worktrees/wow-ui-sim-p902-page/tests/housing_category_search.rs
  cargo:rerun-if-changed=/home/osso/.worktrees/wow-ui-sim-p902-page/tests/housing_customize_mode.rs
  cargo:rerun-if-changed=/home/osso/.worktrees/wow-ui-sim-p902-page/tests/housing_dashboard.rs
  cargo:rerun-if-changed=/home/osso/.worktrees/wow-ui-sim-p902-page/tests/housing_decor.rs
  cargo:rerun-if-changed=/home/osso/.worktrees/wow-ui-sim-p902-page/tests/housing_destroy_entry.rs
  cargo:rerun-if-changed=/home/osso/.worktrees/wow-ui-sim-p902-page/tests/housing_neighborhood.rs
  cargo:rerun-if-changed=/home/osso/.worktrees/wow-ui-sim-p902-page/tests/housing_pending_decor.rs
  cargo:rerun-if-changed=/home/osso/.worktrees/wow-ui-sim-p902-page/tests/housing_storage_entry_updated.rs
  cargo:rerun-if-changed=/home/osso/.worktrees/wow-ui-sim-p902-page/tests/illusion_category_queries.rs
  cargo:rerun-if-changed=/home/osso/.worktrees/wow-ui-sim-p902-page/tests/insecure_propagator_templates.rs
  cargo:rerun-if-changed=/home/osso/.worktrees/wow-ui-sim-p902-page/tests/instance_info.rs
  cargo:rerun-if-changed=/home/osso/.worktrees/wow-ui-sim-p902-page/tests/instanced_identity.rs
  cargo:rerun-if-changed=/home/osso/.worktrees/wow-ui-sim-p902-page/tests/intl_currency_metadata.rs
  cargo:rerun-if-changed=/home/osso/.worktrees/wow-ui-sim-p902-page/tests/intl_date_formatting.rs
  cargo:rerun-if-changed=/home/osso/.worktrees/wow-ui-sim-p902-page/tests/intl_display_transliteration.rs
  cargo:rerun-if-changed=/home/osso/.worktrees/wow-ui-sim-p902-page/tests/intl_number_formatting.rs
  cargo:rerun-if-changed=/home/osso/.worktrees/wow-ui-sim-p902-page/tests/intl_string_matches.rs
  cargo:rerun-if-changed=/home/osso/.worktrees/wow-ui-sim-p902-page/tests/intrinsic_types.rs
  cargo:rerun-if-changed=/home/osso/.worktrees/wow-ui-sim-p902-page/tests/inventory_counts.rs
  cargo:rerun-if-changed=/home/osso/.worktrees/wow-ui-sim-p902-page/tests/inventory_probes.rs
  cargo:rerun-if-changed=/home/osso/.worktrees/wow-ui-sim-p902-page/tests/inventory_slot_info.rs
  cargo:rerun-if-changed=/home/osso/.worktrees/wow-ui-sim-p902-page/tests/inventory_verbs.rs
  cargo:rerun-if-changed=/home/osso/.worktrees/wow-ui-sim-p902-page/tests/item_button_bootstrap_boundaries.rs
  cargo:rerun-if-changed=/home/osso/.worktrees/wow-ui-sim-p902-page/tests/item_legacy_boundary.rs
  cargo:rerun-if-changed=/home/osso/.worktrees/wow-ui-sim-p902-page/tests/item_socket_info.rs
  cargo:rerun-if-changed=/home/osso/.worktrees/wow-ui-sim-p902-page/tests/key_dispatch.rs
  cargo:rerun-if-changed=/home/osso/.worktrees/wow-ui-sim-p902-page/tests/keybindings.rs
  cargo:rerun-if-changed=/home/osso/.worktrees/wow-ui-sim-p902-page/tests/keyboard.rs
  cargo:rerun-if-changed=/home/osso/.worktrees/wow-ui-sim-p902-page/tests/layout_cycle.rs
  cargo:rerun-if-changed=/home/osso/.worktrees/wow-ui-sim-p902-page/tests/layout_perf.rs
  cargo:rerun-if-changed=/home/osso/.worktrees/wow-ui-sim-p902-page/tests/layout_resolve.rs
  cargo:rerun-if-changed=/home/osso/.worktrees/wow-ui-sim-p902-page/tests/layout_size_changed.rs
  cargo:rerun-if-changed=/home/osso/.worktrees/wow-ui-sim-p902-page/tests/legacy_macro_spell_globals.rs
  cargo:rerun-if-changed=/home/osso/.worktrees/wow-ui-sim-p902-page/tests/level_link.rs
  cargo:rerun-if-changed=/home/osso/.worktrees/wow-ui-sim-p902-page/tests/lfd_globals.rs
  cargo:rerun-if-changed=/home/osso/.worktrees/wow-ui-sim-p902-page/tests/lfd_random_globals.rs
  cargo:rerun-if-changed=/home/osso/.worktrees/wow-ui-sim-p902-page/tests/lfg_categories.rs
  cargo:rerun-if-changed=/home/osso/.worktrees/wow-ui-sim-p902-page/tests/lfg_info_premade.rs
  cargo:rerun-if-changed=/home/osso/.worktrees/wow-ui-sim-p902-page/tests/lfg_list_counts.rs
  cargo:rerun-if-changed=/home/osso/.worktrees/wow-ui-sim-p902-page/tests/lfg_panel_perf.rs
  cargo:rerun-if-changed=/home/osso/.worktrees/wow-ui-sim-p902-page/tests/libstub.rs
  cargo:rerun-if-changed=/home/osso/.worktrees/wow-ui-sim-p902-page/tests/limited_listfile.rs
  cargo:rerun-if-changed=/home/osso/.worktrees/wow-ui-sim-p902-page/tests/load_autoroll.rs
  cargo:rerun-if-changed=/home/osso/.worktrees/wow-ui-sim-p902-page/tests/load_order.rs
  cargo:rerun-if-changed=/home/osso/.worktrees/wow-ui-sim-p902-page/tests/locale_info.rs
  cargo:rerun-if-changed=/home/osso/.worktrees/wow-ui-sim-p902-page/tests/locked_rilua_identity.rs
  cargo:rerun-if-changed=/home/osso/.worktrees/wow-ui-sim-p902-page/tests/loot_method.rs
  cargo:rerun-if-changed=/home/osso/.worktrees/wow-ui-sim-p902-page/tests/lua_api_boundary.rs
  cargo:rerun-if-changed=/home/osso/.worktrees/wow-ui-sim-p902-page/tests/lua_error_cli.rs
  cargo:rerun-if-changed=/home/osso/.worktrees/wow-ui-sim-p902-page/tests/lua_error_messages.rs
  cargo:rerun-if-changed=/home/osso/.worktrees/wow-ui-sim-p902-page/tests/lua_memory_perf.rs
  cargo:rerun-if-changed=/home/osso/.worktrees/wow-ui-sim-p902-page/tests/lua_vararg_regression.rs
  cargo:rerun-if-changed=/home/osso/.worktrees/wow-ui-sim-p902-page/tests/mail_verbs.rs
  cargo:rerun-if-changed=/home/osso/.worktrees/wow-ui-sim-p902-page/tests/major_faction_renown_rewards.rs
  cargo:rerun-if-changed=/home/osso/.worktrees/wow-ui-sim-p902-page/tests/managed_frame_mixin_patch.rs
  cargo:rerun-if-changed=/home/osso/.worktrees/wow-ui-sim-p902-page/tests/map_canvas_pins.rs
  cargo:rerun-if-changed=/home/osso/.worktrees/wow-ui-sim-p902-page/tests/menu_helper_bootstrap_boundaries.rs
  cargo:rerun-if-changed=/home/osso/.worktrees/wow-ui-sim-p902-page/tests/merchant_buyback_reads.rs
  cargo:rerun-if-changed=/home/osso/.worktrees/wow-ui-sim-p902-page/tests/merchant_junk_count.rs
  cargo:rerun-if-changed=/home/osso/.worktrees/wow-ui-sim-p902-page/tests/merchant_repair_capability.rs
  cargo:rerun-if-changed=/home/osso/.worktrees/wow-ui-sim-p902-page/tests/message_frame.rs
  cargo:rerun-if-changed=/home/osso/.worktrees/wow-ui-sim-p902-page/tests/message_frame_port.rs
  cargo:rerun-if-changed=/home/osso/.worktrees/wow-ui-sim-p902-page/tests/message_verbs.rs
  cargo:rerun-if-changed=/home/osso/.worktrees/wow-ui-sim-p902-page/tests/method_diff_coverage.rs
  cargo:rerun-if-changed=/home/osso/.worktrees/wow-ui-sim-p902-page/tests/methods_anchor.rs
  cargo:rerun-if-changed=/home/osso/.worktrees/wow-ui-sim-p902-page/tests/methods_button/click_callbacks.rs
  cargo:rerun-if-changed=/home/osso/.worktrees/wow-ui-sim-p902-page/tests/methods_button/enabled_bindings.rs
  cargo:rerun-if-changed=/home/osso/.worktrees/wow-ui-sim-p902-page/tests/methods_button.rs
  cargo:rerun-if-changed=/home/osso/.worktrees/wow-ui-sim-p902-page/tests/methods_button_textures.rs
  cargo:rerun-if-changed=/home/osso/.worktrees/wow-ui-sim-p902-page/tests/methods_hierarchy.rs
  cargo:rerun-if-changed=/home/osso/.worktrees/wow-ui-sim-p902-page/tests/methods_set_to_defaults.rs
  cargo:rerun-if-changed=/home/osso/.worktrees/wow-ui-sim-p902-page/tests/methods_texture/masks_and_misc.rs
  cargo:rerun-if-changed=/home/osso/.worktrees/wow-ui-sim-p902-page/tests/methods_texture/nine_slice.rs
  cargo:rerun-if-changed=/home/osso/.worktrees/wow-ui-sim-p902-page/tests/methods_texture.rs
  cargo:rerun-if-changed=/home/osso/.worktrees/wow-ui-sim-p902-page/tests/micro_menu.rs
  cargo:rerun-if-changed=/home/osso/.worktrees/wow-ui-sim-p902-page/tests/misc_global_frame_bootstrap_boundaries.rs
  cargo:rerun-if-changed=/home/osso/.worktrees/wow-ui-sim-p902-page/tests/missing_apis.rs
  cargo:rerun-if-changed=/home/osso/.worktrees/wow-ui-sim-p902-page/tests/missing_surface_boundaries.rs
  cargo:rerun-if-changed=/home/osso/.worktrees/wow-ui-sim-p902-page/tests/mists_achievements_calendar_panel.rs
  cargo:rerun-if-changed=/home/osso/.worktrees/wow-ui-sim-p902-page/tests/mists_action_bars_panel.rs
  cargo:rerun-if-changed=/home/osso/.worktrees/wow-ui-sim-p902-page/tests/mists_action_micro_bag_status.rs
  cargo:rerun-if-changed=/home/osso/.worktrees/wow-ui-sim-p902-page/tests/mists_auction_house_panel.rs
  cargo:rerun-if-changed=/home/osso/.worktrees/wow-ui-sim-p902-page/tests/mists_bank_storage_panel.rs
  cargo:rerun-if-changed=/home/osso/.worktrees/wow-ui-sim-p902-page/tests/mists_battlefield_map_panel.rs
  cargo:rerun-if-changed=/home/osso/.worktrees/wow-ui-sim-p902-page/tests/mists_character_panel.rs
  cargo:rerun-if-changed=/home/osso/.worktrees/wow-ui-sim-p902-page/tests/mists_character_reputation_panels.rs
  cargo:rerun-if-changed=/home/osso/.worktrees/wow-ui-sim-p902-page/tests/mists_class_colors.rs
  cargo:rerun-if-changed=/home/osso/.worktrees/wow-ui-sim-p902-page/tests/mists_collections_panel.rs
  cargo:rerun-if-changed=/home/osso/.worktrees/wow-ui-sim-p902-page/tests/mists_compat_bootstrap.rs
  cargo:rerun-if-changed=/home/osso/.worktrees/wow-ui-sim-p902-page/tests/mists_craft_ui_panel.rs
  cargo:rerun-if-changed=/home/osso/.worktrees/wow-ui-sim-p902-page/tests/mists_currency_list.rs
  cargo:rerun-if-changed=/home/osso/.worktrees/wow-ui-sim-p902-page/tests/mists_currency_token_ui_panel.rs
  cargo:rerun-if-changed=/home/osso/.worktrees/wow-ui-sim-p902-page/tests/mists_dialog_helpers.rs
  cargo:rerun-if-changed=/home/osso/.worktrees/wow-ui-sim-p902-page/tests/mists_encounter_journal_panel.rs
  cargo:rerun-if-changed=/home/osso/.worktrees/wow-ui-sim-p902-page/tests/mists_font_loading.rs
  cargo:rerun-if-changed=/home/osso/.worktrees/wow-ui-sim-p902-page/tests/mists_forbidden_frames.rs
  cargo:rerun-if-changed=/home/osso/.worktrees/wow-ui-sim-p902-page/tests/mists_hud_layout_regression.rs
  cargo:rerun-if-changed=/home/osso/.worktrees/wow-ui-sim-p902-page/tests/mists_inspect_guild_control_interactions.rs
  cargo:rerun-if-changed=/home/osso/.worktrees/wow-ui-sim-p902-page/tests/mists_interactive_legacy_apis.rs
  cargo:rerun-if-changed=/home/osso/.worktrees/wow-ui-sim-p902-page/tests/mists_interface_options_panel.rs
  cargo:rerun-if-changed=/home/osso/.worktrees/wow-ui-sim-p902-page/tests/mists_lazy_load_panels.rs
  cargo:rerun-if-changed=/home/osso/.worktrees/wow-ui-sim-p902-page/tests/mists_legacy_service_panel_interactions.rs
  cargo:rerun-if-changed=/home/osso/.worktrees/wow-ui-sim-p902-page/tests/mists_lfg_eye.rs
  cargo:rerun-if-changed=/home/osso/.worktrees/wow-ui-sim-p902-page/tests/mists_lfg_lfr_panel.rs
  cargo:rerun-if-changed=/home/osso/.worktrees/wow-ui-sim-p902-page/tests/mists_loot_panel.rs
  cargo:rerun-if-changed=/home/osso/.worktrees/wow-ui-sim-p902-page/tests/mists_macro_keybindings_panel.rs
  cargo:rerun-if-changed=/home/osso/.worktrees/wow-ui-sim-p902-page/tests/mists_mail_panel.rs
  cargo:rerun-if-changed=/home/osso/.worktrees/wow-ui-sim-p902-page/tests/mists_micro_menu_icons.rs
  cargo:rerun-if-changed=/home/osso/.worktrees/wow-ui-sim-p902-page/tests/mists_nameplate_scale.rs
  cargo:rerun-if-changed=/home/osso/.worktrees/wow-ui-sim-p902-page/tests/mists_nameplates_panel.rs
  cargo:rerun-if-changed=/home/osso/.worktrees/wow-ui-sim-p902-page/tests/mists_panel_artifact_logs.rs
  cargo:rerun-if-changed=/home/osso/.worktrees/wow-ui-sim-p902-page/tests/mists_panel_interaction_audit.rs
  cargo:rerun-if-changed=/home/osso/.worktrees/wow-ui-sim-p902-page/tests/mists_panel_parity_runner.rs
  cargo:rerun-if-changed=/home/osso/.worktrees/wow-ui-sim-p902-page/tests/mists_panel_script_guards.rs
  cargo:rerun-if-changed=/home/osso/.worktrees/wow-ui-sim-p902-page/tests/mists_pet_battle_ui.rs
  cargo:rerun-if-changed=/home/osso/.worktrees/wow-ui-sim-p902-page/tests/mists_product_choice_compat.rs
  cargo:rerun-if-changed=/home/osso/.worktrees/wow-ui-sim-p902-page/tests/mists_pvp_ui_panel.rs
  cargo:rerun-if-changed=/home/osso/.worktrees/wow-ui-sim-p902-page/tests/mists_quest_panel.rs
  cargo:rerun-if-changed=/home/osso/.worktrees/wow-ui-sim-p902-page/tests/mists_raid_arena_unit_frames.rs
  cargo:rerun-if-changed=/home/osso/.worktrees/wow-ui-sim-p902-page/tests/mists_release_proof_docs.rs
  cargo:rerun-if-changed=/home/osso/.worktrees/wow-ui-sim-p902-page/tests/mists_social_panels.rs
  cargo:rerun-if-changed=/home/osso/.worktrees/wow-ui-sim-p902-page/tests/mists_spellbook_panel.rs
  cargo:rerun-if-changed=/home/osso/.worktrees/wow-ui-sim-p902-page/tests/mists_store_commercial_panel.rs
  cargo:rerun-if-changed=/home/osso/.worktrees/wow-ui-sim-p902-page/tests/mists_talents_glyphs_panel.rs
  cargo:rerun-if-changed=/home/osso/.worktrees/wow-ui-sim-p902-page/tests/mists_trade_panel.rs
  cargo:rerun-if-changed=/home/osso/.worktrees/wow-ui-sim-p902-page/tests/mists_trade_skill_api.rs
  cargo:rerun-if-changed=/home/osso/.worktrees/wow-ui-sim-p902-page/tests/mists_trainer_api.rs
  cargo:rerun-if-changed=/home/osso/.worktrees/wow-ui-sim-p902-page/tests/mists_utility_dialog_interactions.rs
  cargo:rerun-if-changed=/home/osso/.worktrees/wow-ui-sim-p902-page/tests/mists_world_map_opacity.rs
  cargo:rerun-if-changed=/home/osso/.worktrees/wow-ui-sim-p902-page/tests/mists_world_map_panel.rs
  cargo:rerun-if-changed=/home/osso/.worktrees/wow-ui-sim-p902-page/tests/model_scene_clear_scene.rs
  cargo:rerun-if-changed=/home/osso/.worktrees/wow-ui-sim-p902-page/tests/model_scene_get_actor_by_tag.rs
  cargo:rerun-if-changed=/home/osso/.worktrees/wow-ui-sim-p902-page/tests/model_scene_set_reset_callback.rs
  cargo:rerun-if-changed=/home/osso/.worktrees/wow-ui-sim-p902-page/tests/model_scene_transition_to_model_scene_id.rs
  cargo:rerun-if-changed=/home/osso/.worktrees/wow-ui-sim-p902-page/tests/model_scene_view_insets.rs
  cargo:rerun-if-changed=/home/osso/.worktrees/wow-ui-sim-p902-page/tests/model_set_unit_identity_followups.rs
  cargo:rerun-if-changed=/home/osso/.worktrees/wow-ui-sim-p902-page/tests/modifier_keys.rs
  cargo:rerun-if-changed=/home/osso/.worktrees/wow-ui-sim-p902-page/tests/mount_spell_identifier.rs
  cargo:rerun-if-changed=/home/osso/.worktrees/wow-ui-sim-p902-page/tests/mouse_probes.rs
  cargo:rerun-if-changed=/home/osso/.worktrees/wow-ui-sim-p902-page/tests/mouse_tm_commands.rs
  cargo:rerun-if-changed=/home/osso/.worktrees/wow-ui-sim-p902-page/tests/movement_verbs.rs
  cargo:rerun-if-changed=/home/osso/.worktrees/wow-ui-sim-p902-page/tests/movie_subtitles.rs
  cargo:rerun-if-changed=/home/osso/.worktrees/wow-ui-sim-p902-page/tests/nameplate_hit_test_insets.rs
  cargo:rerun-if-changed=/home/osso/.worktrees/wow-ui-sim-p902-page/tests/namespace_stubs_patched.rs
  cargo:rerun-if-changed=/home/osso/.worktrees/wow-ui-sim-p902-page/tests/neighborhood_initiative.rs
  cargo:rerun-if-changed=/home/osso/.worktrees/wow-ui-sim-p902-page/tests/neighborhood_invite_preference.rs
  cargo:rerun-if-changed=/home/osso/.worktrees/wow-ui-sim-p902-page/tests/net_stats.rs
  cargo:rerun-if-changed=/home/osso/.worktrees/wow-ui-sim-p902-page/tests/next125aura.rs
  cargo:rerun-if-changed=/home/osso/.worktrees/wow-ui-sim-p902-page/tests/nil_symbol_access.rs
  cargo:rerun-if-changed=/home/osso/.worktrees/wow-ui-sim-p902-page/tests/nine_slice.rs
  cargo:rerun-if-changed=/home/osso/.worktrees/wow-ui-sim-p902-page/tests/noop_hot_setters.rs
  cargo:rerun-if-changed=/home/osso/.worktrees/wow-ui-sim-p902-page/tests/numeric_rule_formatter.rs
  cargo:rerun-if-changed=/home/osso/.worktrees/wow-ui-sim-p902-page/tests/objective_tracker_bootstrap_boundaries.rs
  cargo:rerun-if-changed=/home/osso/.worktrees/wow-ui-sim-p902-page/tests/objective_tracker_titles.rs
  cargo:rerun-if-changed=/home/osso/.worktrees/wow-ui-sim-p902-page/tests/objective_tracker_tree.rs
  cargo:rerun-if-changed=/home/osso/.worktrees/wow-ui-sim-p902-page/tests/offer_verbs.rs
  cargo:rerun-if-changed=/home/osso/.worktrees/wow-ui-sim-p902-page/tests/on_update_modes.rs
  cargo:rerun-if-changed=/home/osso/.worktrees/wow-ui-sim-p902-page/tests/onupdate_error_reporting.rs
  cargo:rerun-if-changed=/home/osso/.worktrees/wow-ui-sim-p902-page/tests/onupdate_handler_audit.rs
  cargo:rerun-if-changed=/home/osso/.worktrees/wow-ui-sim-p902-page/tests/outfit_action_command.rs
  cargo:rerun-if-changed=/home/osso/.worktrees/wow-ui-sim-p902-page/tests/p1127_binding_contexts.rs
  cargo:rerun-if-changed=/home/osso/.worktrees/wow-ui-sim-p902-page/tests/p1127_dye_colors.rs
  cargo:rerun-if-changed=/home/osso/.worktrees/wow-ui-sim-p902-page/tests/p1127_house_editor.rs
  cargo:rerun-if-changed=/home/osso/.worktrees/wow-ui-sim-p902-page/tests/p1127_housing_queries.rs
  cargo:rerun-if-changed=/home/osso/.worktrees/wow-ui-sim-p902-page/tests/p1127_invite_preference.rs
  cargo:rerun-if-changed=/home/osso/.worktrees/wow-ui-sim-p902-page/tests/p1127_model_collision.rs
  cargo:rerun-if-changed=/home/osso/.worktrees/wow-ui-sim-p902-page/tests/p1200_global_security.rs
  cargo:rerun-if-changed=/home/osso/.worktrees/wow-ui-sim-p902-page/tests/p1200_mixed.rs
  cargo:rerun-if-changed=/home/osso/.worktrees/wow-ui-sim-p902-page/tests/p1200_plain_globals.rs
  cargo:rerun-if-changed=/home/osso/.worktrees/wow-ui-sim-p902-page/tests/p1200_rest.rs
  cargo:rerun-if-changed=/home/osso/.worktrees/wow-ui-sim-p902-page/tests/p1200_rest_action_weekly.rs
  cargo:rerun-if-changed=/home/osso/.worktrees/wow-ui-sim-p902-page/tests/p1200_rest_catalogs.rs
  cargo:rerun-if-changed=/home/osso/.worktrees/wow-ui-sim-p902-page/tests/p1200_rest_encounter.rs
  cargo:rerun-if-changed=/home/osso/.worktrees/wow-ui-sim-p902-page/tests/p1200_rest_item_binding.rs
  cargo:rerun-if-changed=/home/osso/.worktrees/wow-ui-sim-p902-page/tests/p1200_rest_outfit_tooltip.rs
  cargo:rerun-if-changed=/home/osso/.worktrees/wow-ui-sim-p902-page/tests/p1200_rest_policy.rs
  cargo:rerun-if-changed=/home/osso/.worktrees/wow-ui-sim-p902-page/tests/p1200_rest_spell_plate.rs
  cargo:rerun-if-changed=/home/osso/.worktrees/wow-ui-sim-p902-page/tests/p1200_unit_identity.rs
  cargo:rerun-if-changed=/home/osso/.worktrees/wow-ui-sim-p902-page/tests/p1207_b14_tooltip.rs
  cargo:rerun-if-changed=/home/osso/.worktrees/wow-ui-sim-p902-page/tests/p1207_b15_encounter_end.rs
  cargo:rerun-if-changed=/home/osso/.worktrees/wow-ui-sim-p902-page/tests/p1207_b16_colors.rs
  cargo:rerun-if-changed=/home/osso/.worktrees/wow-ui-sim-p902-page/tests/p1207_dragonriding_races.rs
  cargo:rerun-if-changed=/home/osso/.worktrees/wow-ui-sim-p902-page/tests/p1207_gap_closures.rs
  cargo:rerun-if-changed=/home/osso/.worktrees/wow-ui-sim-p902-page/tests/p1207_housing_door.rs
  cargo:rerun-if-changed=/home/osso/.worktrees/wow-ui-sim-p902-page/tests/p1207_housing_floor.rs
  cargo:rerun-if-changed=/home/osso/.worktrees/wow-ui-sim-p902-page/tests/p1207_housing_names.rs
  cargo:rerun-if-changed=/home/osso/.worktrees/wow-ui-sim-p902-page/tests/p1207_merchant_currencies.rs
  cargo:rerun-if-changed=/home/osso/.worktrees/wow-ui-sim-p902-page/tests/p1207_mythic_calendar.rs
  cargo:rerun-if-changed=/home/osso/.worktrees/wow-ui-sim-p902-page/tests/p1207_pending_callbacks.rs
  cargo:rerun-if-changed=/home/osso/.worktrees/wow-ui-sim-p902-page/tests/p1207_ready_check_auth.rs
  cargo:rerun-if-changed=/home/osso/.worktrees/wow-ui-sim-p902-page/tests/p1207_remaining_model_unit_guid.rs
  cargo:rerun-if-changed=/home/osso/.worktrees/wow-ui-sim-p902-page/tests/p1207_remaining_timeline_color_event.rs
  cargo:rerun-if-changed=/home/osso/.worktrees/wow-ui-sim-p902-page/tests/p1207_world_tier.rs
  cargo:rerun-if-changed=/home/osso/.worktrees/wow-ui-sim-p902-page/tests/pandaria_installed_addons.rs
  cargo:rerun-if-changed=/home/osso/.worktrees/wow-ui-sim-p902-page/tests/panel_harness_runtime.rs
  cargo:rerun-if-changed=/home/osso/.worktrees/wow-ui-sim-p902-page/tests/panel_runtime_methods.rs
  cargo:rerun-if-changed=/home/osso/.worktrees/wow-ui-sim-p902-page/tests/panel_toggle_verbs.rs
  cargo:rerun-if-changed=/home/osso/.worktrees/wow-ui-sim-p902-page/tests/parent_sub.rs
  cargo:rerun-if-changed=/home/osso/.worktrees/wow-ui-sim-p902-page/tests/party_1207_audit.rs
  cargo:rerun-if-changed=/home/osso/.worktrees/wow-ui-sim-p902-page/tests/party_buff_distribution.rs
  cargo:rerun-if-changed=/home/osso/.worktrees/wow-ui-sim-p902-page/tests/party_connection.rs
  cargo:rerun-if-changed=/home/osso/.worktrees/wow-ui-sim-p902-page/tests/party_countdown.rs
  cargo:rerun-if-changed=/home/osso/.worktrees/wow-ui-sim-p902-page/tests/party_frame_tree.rs
  cargo:rerun-if-changed=/home/osso/.worktrees/wow-ui-sim-p902-page/tests/party_info_loot.rs
  cargo:rerun-if-changed=/home/osso/.worktrees/wow-ui-sim-p902-page/tests/party_loot_method.rs
  cargo:rerun-if-changed=/home/osso/.worktrees/wow-ui-sim-p902-page/tests/party_ping_restrictions.rs
  cargo:rerun-if-changed=/home/osso/.worktrees/wow-ui-sim-p902-page/tests/party_raid_probes.rs
  cargo:rerun-if-changed=/home/osso/.worktrees/wow-ui-sim-p902-page/tests/patch_10_0_0_publication_sweep.rs
  cargo:rerun-if-changed=/home/osso/.worktrees/wow-ui-sim-p902-page/tests/patch_10_0_2_cached_surfaces.rs
  cargo:rerun-if-changed=/home/osso/.worktrees/wow-ui-sim-p902-page/tests/patch_10_0_2_classic_surfaces.rs
  cargo:rerun-if-changed=/home/osso/.worktrees/wow-ui-sim-p902-page/tests/patch_10_0_2_publication_fixes.rs
  cargo:rerun-if-changed=/home/osso/.worktrees/wow-ui-sim-p902-page/tests/patch_10_0_2_publication_sweep.rs
  cargo:rerun-if-changed=/home/osso/.worktrees/wow-ui-sim-p902-page/tests/patch_10_0_5_cached_surfaces.rs
  cargo:rerun-if-changed=/home/osso/.worktrees/wow-ui-sim-p902-page/tests/patch_10_0_5_classic_surfaces.rs
  cargo:rerun-if-changed=/home/osso/.worktrees/wow-ui-sim-p902-page/tests/patch_10_0_5_publication_fixes.rs
  cargo:rerun-if-changed=/home/osso/.worktrees/wow-ui-sim-p902-page/tests/patch_10_0_5_publication_sweep.rs
  cargo:rerun-if-changed=/home/osso/.worktrees/wow-ui-sim-p902-page/tests/patch_10_0_7_cached_surfaces.rs
  cargo:rerun-if-changed=/home/osso/.worktrees/wow-ui-sim-p902-page/tests/patch_10_0_7_classic_surfaces.rs
  cargo:rerun-if-changed=/home/osso/.worktrees/wow-ui-sim-p902-page/tests/patch_10_0_7_publication_fixes.rs
  cargo:rerun-if-changed=/home/osso/.worktrees/wow-ui-sim-p902-page/tests/patch_10_0_7_publication_sweep.rs
  cargo:rerun-if-changed=/home/osso/.worktrees/wow-ui-sim-p902-page/tests/patch_10_1_0_cached_surfaces.rs
  cargo:rerun-if-changed=/home/osso/.worktrees/wow-ui-sim-p902-page/tests/patch_10_1_0_publication_fixes.rs
  cargo:rerun-if-changed=/home/osso/.worktrees/wow-ui-sim-p902-page/tests/patch_10_1_0_publication_sweep.rs
  cargo:rerun-if-changed=/home/osso/.worktrees/wow-ui-sim-p902-page/tests/patch_10_1_5_cached_surfaces.rs
  cargo:rerun-if-changed=/home/osso/.worktrees/wow-ui-sim-p902-page/tests/patch_10_1_5_publication_fixes.rs
  cargo:rerun-if-changed=/home/osso/.worktrees/wow-ui-sim-p902-page/tests/patch_10_1_5_publication_sweep.rs
  cargo:rerun-if-changed=/home/osso/.worktrees/wow-ui-sim-p902-page/tests/patch_10_1_7_cached_surfaces.rs
  cargo:rerun-if-changed=/home/osso/.worktrees/wow-ui-sim-p902-page/tests/patch_10_1_7_publication_sweep.rs
  cargo:rerun-if-changed=/home/osso/.worktrees/wow-ui-sim-p902-page/tests/patch_10_1_7_template_attributes.rs
  cargo:rerun-if-changed=/home/osso/.worktrees/wow-ui-sim-p902-page/tests/patch_10_2_0_cached_surfaces.rs
  cargo:rerun-if-changed=/home/osso/.worktrees/wow-ui-sim-p902-page/tests/patch_10_2_0_publication_fixes.rs
  cargo:rerun-if-changed=/home/osso/.worktrees/wow-ui-sim-p902-page/tests/patch_10_2_0_publication_sweep.rs
  cargo:rerun-if-changed=/home/osso/.worktrees/wow-ui-sim-p902-page/tests/patch_10_2_5_cached_surfaces.rs
  cargo:rerun-if-changed=/home/osso/.worktrees/wow-ui-sim-p902-page/tests/patch_10_2_5_probe_factory.rs
  cargo:rerun-if-changed=/home/osso/.worktrees/wow-ui-sim-p902-page/tests/patch_10_2_5_publication_sweep.rs
  cargo:rerun-if-changed=/home/osso/.worktrees/wow-ui-sim-p902-page/tests/patch_10_2_6_cached_surfaces.rs
  cargo:rerun-if-changed=/home/osso/.worktrees/wow-ui-sim-p902-page/tests/patch_10_2_6_publication_fixes.rs
  cargo:rerun-if-changed=/home/osso/.worktrees/wow-ui-sim-p902-page/tests/patch_10_2_6_publication_sweep.rs
  cargo:rerun-if-changed=/home/osso/.worktrees/wow-ui-sim-p902-page/tests/patch_10_2_7_cached_surfaces.rs
  cargo:rerun-if-changed=/home/osso/.worktrees/wow-ui-sim-p902-page/tests/patch_10_2_7_publication_fixes.rs
  cargo:rerun-if-changed=/home/osso/.worktrees/wow-ui-sim-p902-page/tests/patch_10_2_7_publication_sweep.rs
  cargo:rerun-if-changed=/home/osso/.worktrees/wow-ui-sim-p902-page/tests/patch_11_0_0_cached_surfaces.rs
  cargo:rerun-if-changed=/home/osso/.worktrees/wow-ui-sim-p902-page/tests/patch_11_0_0_publication_fixes.rs
  cargo:rerun-if-changed=/home/osso/.worktrees/wow-ui-sim-p902-page/tests/patch_11_0_0_publication_sweep.rs
  cargo:rerun-if-changed=/home/osso/.worktrees/wow-ui-sim-p902-page/tests/patch_11_0_2_cached_surfaces.rs
  cargo:rerun-if-changed=/home/osso/.worktrees/wow-ui-sim-p902-page/tests/patch_11_0_2_publication_fixes.rs
  cargo:rerun-if-changed=/home/osso/.worktrees/wow-ui-sim-p902-page/tests/patch_11_0_2_publication_sweep.rs
  cargo:rerun-if-changed=/home/osso/.worktrees/wow-ui-sim-p902-page/tests/patch_11_0_5_cached_surfaces.rs
  cargo:rerun-if-changed=/home/osso/.worktrees/wow-ui-sim-p902-page/tests/patch_11_0_5_publication_fixes.rs
  cargo:rerun-if-changed=/home/osso/.worktrees/wow-ui-sim-p902-page/tests/patch_11_0_5_publication_sweep.rs
  cargo:rerun-if-changed=/home/osso/.worktrees/wow-ui-sim-p902-page/tests/patch_11_0_7_cached_raid_targets.rs
  cargo:rerun-if-changed=/home/osso/.worktrees/wow-ui-sim-p902-page/tests/patch_11_0_7_publication_fixes.rs
  cargo:rerun-if-changed=/home/osso/.worktrees/wow-ui-sim-p902-page/tests/patch_11_0_7_publication_sweep.rs
  cargo:rerun-if-changed=/home/osso/.worktrees/wow-ui-sim-p902-page/tests/patch_11_1_0_publication_fixes.rs
  cargo:rerun-if-changed=/home/osso/.worktrees/wow-ui-sim-p902-page/tests/patch_11_1_0_publication_sweep.rs
  cargo:rerun-if-changed=/home/osso/.worktrees/wow-ui-sim-p902-page/tests/patch_11_1_5_publication_fixes.rs
  cargo:rerun-if-changed=/home/osso/.worktrees/wow-ui-sim-p902-page/tests/patch_11_1_5_publication_sweep.rs
  cargo:rerun-if-changed=/home/osso/.worktrees/wow-ui-sim-p902-page/tests/patch_11_1_7_publication_fixes.rs
  cargo:rerun-if-changed=/home/osso/.worktrees/wow-ui-sim-p902-page/tests/patch_11_1_7_publication_sweep.rs
  cargo:rerun-if-changed=/home/osso/.worktrees/wow-ui-sim-p902-page/tests/patch_11_2_0_publication_fixes.rs
  cargo:rerun-if-changed=/home/osso/.worktrees/wow-ui-sim-p902-page/tests/patch_11_2_0_publication_sweep.rs
  cargo:rerun-if-changed=/home/osso/.worktrees/wow-ui-sim-p902-page/tests/patch_11_2_5_publication_sweep.rs
  cargo:rerun-if-changed=/home/osso/.worktrees/wow-ui-sim-p902-page/tests/patch_11_2_7_publication_sweep.rs
  cargo:rerun-if-changed=/home/osso/.worktrees/wow-ui-sim-p902-page/tests/patch_11_2_7_retirement.rs
  cargo:rerun-if-changed=/home/osso/.worktrees/wow-ui-sim-p902-page/tests/patch_1207_b39_b44.rs
  cargo:rerun-if-changed=/home/osso/.worktrees/wow-ui-sim-p902-page/tests/patch_12_0_0_cooldown_transitions.rs
  cargo:rerun-if-changed=/home/osso/.worktrees/wow-ui-sim-p902-page/tests/patch_12_0_0_crafting_shapes.rs
  cargo:rerun-if-changed=/home/osso/.worktrees/wow-ui-sim-p902-page/tests/patch_12_0_0_deprecated.rs
  cargo:rerun-if-changed=/home/osso/.worktrees/wow-ui-sim-p902-page/tests/patch_12_0_0_enums.rs
  cargo:rerun-if-changed=/home/osso/.worktrees/wow-ui-sim-p902-page/tests/patch_12_0_0_lfg_playstyle.rs
  cargo:rerun-if-changed=/home/osso/.worktrees/wow-ui-sim-p902-page/tests/patch_12_0_0_prose.rs
  cargo:rerun-if-changed=/home/osso/.worktrees/wow-ui-sim-p902-page/tests/patch_12_0_0_publication_sweep.rs
  cargo:rerun-if-changed=/home/osso/.worktrees/wow-ui-sim-p902-page/tests/patch_12_0_0_state_dtos.rs
  cargo:rerun-if-changed=/home/osso/.worktrees/wow-ui-sim-p902-page/tests/patch_12_0_0_struct_shapes.rs
  cargo:rerun-if-changed=/home/osso/.worktrees/wow-ui-sim-p902-page/tests/patch_12_0_1_cooldown.rs
  cargo:rerun-if-changed=/home/osso/.worktrees/wow-ui-sim-p902-page/tests/patch_12_0_1_enums.rs
  cargo:rerun-if-changed=/home/osso/.worktrees/wow-ui-sim-p902-page/tests/patch_12_0_1_extract2.rs
  cargo:rerun-if-changed=/home/osso/.worktrees/wow-ui-sim-p902-page/tests/patch_12_0_1_globals.rs
  cargo:rerun-if-changed=/home/osso/.worktrees/wow-ui-sim-p902-page/tests/patch_12_0_1_heal_prediction.rs
  cargo:rerun-if-changed=/home/osso/.worktrees/wow-ui-sim-p902-page/tests/patch_12_0_1_models.rs
  cargo:rerun-if-changed=/home/osso/.worktrees/wow-ui-sim-p902-page/tests/patch_12_0_1_policy.rs
  cargo:rerun-if-changed=/home/osso/.worktrees/wow-ui-sim-p902-page/tests/patch_12_0_1_publication_sweep.rs
  cargo:rerun-if-changed=/home/osso/.worktrees/wow-ui-sim-p902-page/tests/patch_12_0_1_retirement.rs
  cargo:rerun-if-changed=/home/osso/.worktrees/wow-ui-sim-p902-page/tests/patch_12_0_1_secure_delegate.rs
  cargo:rerun-if-changed=/home/osso/.worktrees/wow-ui-sim-p902-page/tests/patch_12_0_1_social.rs
  cargo:rerun-if-changed=/home/osso/.worktrees/wow-ui-sim-p902-page/tests/patch_12_0_1_transmog.rs
  cargo:rerun-if-changed=/home/osso/.worktrees/wow-ui-sim-p902-page/tests/patch_12_0_1_utilities.rs
  cargo:rerun-if-changed=/home/osso/.worktrees/wow-ui-sim-p902-page/tests/patch_12_0_5_enum_additions.rs
  cargo:rerun-if-changed=/home/osso/.worktrees/wow-ui-sim-p902-page/tests/patch_12_0_5_navigation_aura_entry.rs
  cargo:rerun-if-changed=/home/osso/.worktrees/wow-ui-sim-p902-page/tests/patch_12_0_5_outfit_catalog.rs
  cargo:rerun-if-changed=/home/osso/.worktrees/wow-ui-sim-p902-page/tests/patch_12_0_5_pending_mouse.rs
  cargo:rerun-if-changed=/home/osso/.worktrees/wow-ui-sim-p902-page/tests/patch_12_0_5_pending_party.rs
  cargo:rerun-if-changed=/home/osso/.worktrees/wow-ui-sim-p902-page/tests/patch_12_0_5_publication_sweep.rs
  cargo:rerun-if-changed=/home/osso/.worktrees/wow-ui-sim-p902-page/tests/patch_12_0_5_structure_inputs.rs
  cargo:rerun-if-changed=/home/osso/.worktrees/wow-ui-sim-p902-page/tests/patch_12_0_5_sweep_globals.rs
  cargo:rerun-if-changed=/home/osso/.worktrees/wow-ui-sim-p902-page/tests/patch_12_0_7_b01_b04.rs
  cargo:rerun-if-changed=/home/osso/.worktrees/wow-ui-sim-p902-page/tests/patch_12_0_7_b23_b28.rs
  cargo:rerun-if-changed=/home/osso/.worktrees/wow-ui-sim-p902-page/tests/patch_12_0_7_cvars.rs
  cargo:rerun-if-changed=/home/osso/.worktrees/wow-ui-sim-p902-page/tests/patch_12_0_7_duration_clocks.rs
  cargo:rerun-if-changed=/home/osso/.worktrees/wow-ui-sim-p902-page/tests/patch_12_0_7_duration_text_binding.rs
  cargo:rerun-if-changed=/home/osso/.worktrees/wow-ui-sim-p902-page/tests/patch_12_0_7_publication_sweep.rs
  cargo:rerun-if-changed=/home/osso/.worktrees/wow-ui-sim-p902-page/tests/patch_12_0_7_removed_native_surface.rs
  cargo:rerun-if-changed=/home/osso/.worktrees/wow-ui-sim-p902-page/tests/patch_12_0_7_widget_secret_aspects.rs
  cargo:rerun-if-changed=/home/osso/.worktrees/wow-ui-sim-p902-page/tests/patch_12_1_0_added_globals.rs
  cargo:rerun-if-changed=/home/osso/.worktrees/wow-ui-sim-p902-page/tests/patch_12_1_0_aura_access_restrictions.rs
  cargo:rerun-if-changed=/home/osso/.worktrees/wow-ui-sim-p902-page/tests/patch_12_1_0_aura_creation.rs
  cargo:rerun-if-changed=/home/osso/.worktrees/wow-ui-sim-p902-page/tests/patch_12_1_0_aura_filters.rs
  cargo:rerun-if-changed=/home/osso/.worktrees/wow-ui-sim-p902-page/tests/patch_12_1_0_aura_group_options.rs
  cargo:rerun-if-changed=/home/osso/.worktrees/wow-ui-sim-p902-page/tests/patch_12_1_0_aura_groups.rs
  cargo:rerun-if-changed=/home/osso/.worktrees/wow-ui-sim-p902-page/tests/patch_12_1_0_aura_secret_context.rs
  cargo:rerun-if-changed=/home/osso/.worktrees/wow-ui-sim-p902-page/tests/patch_12_1_0_aura_size_changed.rs
  cargo:rerun-if-changed=/home/osso/.worktrees/wow-ui-sim-p902-page/tests/patch_12_1_0_aura_sounds.rs
  cargo:rerun-if-changed=/home/osso/.worktrees/wow-ui-sim-p902-page/tests/patch_12_1_0_deprecated_wrappers.rs
  cargo:rerun-if-changed=/home/osso/.worktrees/wow-ui-sim-p902-page/tests/patch_12_1_0_enums.rs
  cargo:rerun-if-changed=/home/osso/.worktrees/wow-ui-sim-p902-page/tests/patch_12_1_0_framexml_migrations.rs
  cargo:rerun-if-changed=/home/osso/.worktrees/wow-ui-sim-p902-page/tests/patch_12_1_0_managed_aura_buttons.rs
  cargo:rerun-if-changed=/home/osso/.worktrees/wow-ui-sim-p902-page/tests/patch_12_1_0_managed_aura_enchants.rs
  cargo:rerun-if-changed=/home/osso/.worktrees/wow-ui-sim-p902-page/tests/patch_12_1_0_managed_aura_groups.rs
  cargo:rerun-if-changed=/home/osso/.worktrees/wow-ui-sim-p902-page/tests/patch_12_1_0_managed_aura_layout.rs
  cargo:rerun-if-changed=/home/osso/.worktrees/wow-ui-sim-p902-page/tests/patch_12_1_0_managed_aura_tooltips.rs
  cargo:rerun-if-changed=/home/osso/.worktrees/wow-ui-sim-p902-page/tests/patch_12_1_0_publication_sweep.rs
  cargo:rerun-if-changed=/home/osso/.worktrees/wow-ui-sim-p902-page/tests/patch_12_1_0_resize_to_bounds.rs
  cargo:rerun-if-changed=/home/osso/.worktrees/wow-ui-sim-p902-page/tests/patch_12_1_0_rolesets.rs
  cargo:rerun-if-changed=/home/osso/.worktrees/wow-ui-sim-p902-page/tests/patch_12_1_0_singles.rs
  cargo:rerun-if-changed=/home/osso/.worktrees/wow-ui-sim-p902-page/tests/patch_12_1_0_struct_shapes.rs
  cargo:rerun-if-changed=/home/osso/.worktrees/wow-ui-sim-p902-page/tests/patch_12_1_0_surface_closures.rs
  cargo:rerun-if-changed=/home/osso/.worktrees/wow-ui-sim-p902-page/tests/patch_12_1_0_unit_secrecy.rs
  cargo:rerun-if-changed=/home/osso/.worktrees/wow-ui-sim-p902-page/tests/patch_12_1_0_xml.rs
  cargo:rerun-if-changed=/home/osso/.worktrees/wow-ui-sim-p902-page/tests/patch_9_0_2_classic.rs
  cargo:rerun-if-changed=/home/osso/.worktrees/wow-ui-sim-p902-page/tests/patch_9_0_2_publication_sweep.rs
  cargo:rerun-if-changed=/home/osso/.worktrees/wow-ui-sim-p902-page/tests/patch_9_0_2_retirements.rs

  --- stderr

  thread 'main' (814491) panicked at build.rs:457:5:
  malformed prefork_full_ui_case! marker in /home/osso/.worktrees/wow-ui-sim-p902-page/tests/patch_9_0_2_retirements.rs: function parameter must be exactly `env: &WowLuaEnv`
  note: run with `RUST_BACKTRACE=1` environment variable to display a backtrace
